SEQN,Age,Menopause_Status,Total_Cholesterol,LDL_Cholesterol,CVD
31131.0,44.0,Pre-menopausal,105.0,49.0,Yes
31133.0,16.0,Pre-menopausal,147.0,81.0,No
31148.0,16.0,Pre-menopausal,126.0,60.0,No
31151.0,59.0,Post-menopausal,205.0,104.0,Yes
31153.0,44.0,Pre-menopausal,198.0,97.0,No
31162.0,71.0,Post-menopausal,224.0,142.0,Yes
31183.0,33.0,Pre-menopausal,167.0,86.0,No
31186.0,46.0,Pre-menopausal,189.0,113.0,No
31187.0,22.0,Pre-menopausal,181.0,112.0,Yes
31191.0,22.0,Pre-menopausal,212.0,126.0,No
31199.0,25.0,Pre-menopausal,152.0,85.0,No
31203.0,33.0,Pre-menopausal,209.0,80.0,No
31205.0,43.0,Pre-menopausal,163.0,95.0,No
31206.0,17.0,Pre-menopausal,180.0,88.0,No
31207.0,20.0,Pre-menopausal,163.0,82.0,No
31211.0,17.0,Pre-menopausal,178.0,110.0,No
31212.0,23.0,Pre-menopausal,135.0,67.0,No
31221.0,54.0,Post-menopausal,229.0,157.0,No
31226.0,17.0,Pre-menopausal,192.0,111.0,No
31259.0,35.0,Pre-menopausal,154.0,56.0,No
31261.0,49.0,Post-menopausal,211.0,133.0,No
31263.0,78.0,Post-menopausal,159.0,90.0,No
31267.0,14.0,Pre-menopausal,157.0,99.0,No
31268.0,40.0,Pre-menopausal,162.0,94.0,No
31275.0,13.0,Pre-menopausal,122.0,72.0,No
31280.0,60.0,Post-menopausal,218.0,148.0,No
31294.0,73.0,Post-menopausal,266.0,168.0,No
31298.0,33.0,Pre-menopausal,244.0,156.0,No
31324.0,47.0,Post-menopausal,196.0,135.0,No
31334.0,55.0,Post-menopausal,252.0,135.0,No
31339.0,85.0,Post-menopausal,166.0,74.0,No
31344.0,55.0,Post-menopausal,211.0,139.0,No
31349.0,13.0,Pre-menopausal,157.0,103.0,No
31352.0,15.0,Pre-menopausal,131.0,81.0,No
31358.0,62.0,Post-menopausal,180.0,62.0,No
31360.0,13.0,Pre-menopausal,188.0,125.0,No
31361.0,30.0,Pre-menopausal,269.0,154.0,No
31370.0,19.0,Pre-menopausal,180.0,105.0,No
31378.0,19.0,Pre-menopausal,187.0,123.0,No
31396.0,55.0,Post-menopausal,219.0,134.0,No
31403.0,21.0,Pre-menopausal,155.0,95.0,No
31415.0,23.0,Pre-menopausal,138.0,65.0,No
31417.0,12.0,Pre-menopausal,122.0,63.0,No
31426.0,16.0,Pre-menopausal,178.0,102.0,No
31430.0,19.0,Pre-menopausal,176.0,89.0,No
31432.0,45.0,Pre-menopausal,193.0,95.0,No
31437.0,59.0,Post-menopausal,215.0,127.0,Yes
31439.0,31.0,Pre-menopausal,274.0,169.0,No
31452.0,54.0,Post-menopausal,212.0,126.0,No
31453.0,15.0,Pre-menopausal,125.0,72.0,No
31457.0,61.0,Post-menopausal,202.0,130.0,No
31471.0,49.0,Post-menopausal,243.0,130.0,No
31480.0,17.0,Pre-menopausal,150.0,91.0,No
31487.0,37.0,Pre-menopausal,147.0,85.0,No
31491.0,46.0,Pre-menopausal,207.0,138.0,No
31494.0,15.0,Pre-menopausal,177.0,101.0,No
31496.0,51.0,Post-menopausal,281.0,197.0,No
31499.0,12.0,Pre-menopausal,172.0,93.0,No
31514.0,17.0,Pre-menopausal,133.0,64.0,No
31519.0,57.0,Post-menopausal,176.0,75.0,No
31521.0,13.0,Pre-menopausal,227.0,127.0,No
31525.0,33.0,Pre-menopausal,164.0,84.0,No
31530.0,28.0,Pre-menopausal,184.0,116.0,No
31544.0,19.0,Pre-menopausal,193.0,135.0,No
31545.0,33.0,Pre-menopausal,139.0,74.0,No
31556.0,18.0,Pre-menopausal,137.0,54.0,No
31559.0,66.0,Post-menopausal,199.0,88.0,No
31563.0,61.0,Post-menopausal,160.0,74.0,No
31571.0,19.0,Pre-menopausal,194.0,113.0,No
31577.0,52.0,Pre-menopausal,187.0,116.0,No
31585.0,40.0,Pre-menopausal,204.0,130.0,No
31589.0,16.0,Pre-menopausal,386.0,245.0,No
31592.0,62.0,Post-menopausal,155.0,87.0,No
31593.0,58.0,Post-menopausal,183.0,93.0,No
31601.0,82.0,Post-menopausal,218.0,108.0,No
31606.0,78.0,Post-menopausal,157.0,74.0,No
31619.0,31.0,Pre-menopausal,227.0,132.0,No
31633.0,85.0,Post-menopausal,295.0,193.0,Yes
31635.0,27.0,Pre-menopausal,288.0,175.0,No
31636.0,72.0,Post-menopausal,147.0,45.0,No
31640.0,44.0,Pre-menopausal,193.0,86.0,No
31650.0,16.0,Pre-menopausal,142.0,70.0,No
31652.0,23.0,Pre-menopausal,271.0,147.0,No
31658.0,46.0,Post-menopausal,124.0,55.0,No
31668.0,85.0,Post-menopausal,162.0,79.0,No
31680.0,24.0,Pre-menopausal,247.0,156.0,No
31690.0,38.0,Pre-menopausal,154.0,87.0,No
31706.0,45.0,Pre-menopausal,162.0,87.0,No
31720.0,73.0,Post-menopausal,176.0,107.0,No
31723.0,18.0,Pre-menopausal,147.0,60.0,No
31731.0,12.0,Pre-menopausal,153.0,91.0,No
31742.0,25.0,Pre-menopausal,237.0,122.0,No
31744.0,65.0,Post-menopausal,168.0,99.0,No
31746.0,77.0,Post-menopausal,174.0,82.0,Yes
31762.0,70.0,Post-menopausal,191.0,83.0,No
31767.0,45.0,Pre-menopausal,307.0,211.0,No
31772.0,14.0,Pre-menopausal,193.0,123.0,No
31781.0,58.0,Post-menopausal,186.0,113.0,No
31795.0,60.0,Post-menopausal,205.0,125.0,No
31800.0,60.0,Post-menopausal,249.0,162.0,No
31802.0,60.0,Post-menopausal,303.0,198.0,No
31807.0,57.0,Post-menopausal,225.0,130.0,No
31816.0,26.0,Pre-menopausal,272.0,140.0,No
31821.0,25.0,Pre-menopausal,276.0,154.0,No
31827.0,46.0,Pre-menopausal,149.0,68.0,No
31830.0,62.0,Post-menopausal,208.0,139.0,No
31839.0,23.0,Pre-menopausal,210.0,113.0,No
31847.0,35.0,Pre-menopausal,178.0,103.0,No
31855.0,12.0,Pre-menopausal,175.0,110.0,No
31862.0,12.0,Pre-menopausal,99.0,56.0,No
31867.0,12.0,Pre-menopausal,179.0,107.0,No
31874.0,29.0,Pre-menopausal,155.0,87.0,No
31880.0,16.0,Pre-menopausal,167.0,105.0,No
31893.0,81.0,Post-menopausal,243.0,128.0,No
31894.0,61.0,Post-menopausal,152.0,68.0,No
31903.0,73.0,Post-menopausal,262.0,157.0,No
31905.0,16.0,Pre-menopausal,164.0,101.0,No
31907.0,15.0,Pre-menopausal,150.0,89.0,No
31912.0,13.0,Pre-menopausal,164.0,97.0,No
31920.0,17.0,Pre-menopausal,231.0,156.0,No
31931.0,16.0,Pre-menopausal,143.0,72.0,No
31934.0,13.0,Pre-menopausal,181.0,99.0,No
31944.0,66.0,Post-menopausal,163.0,61.0,No
31948.0,37.0,Pre-menopausal,214.0,132.0,No
31957.0,16.0,Pre-menopausal,159.0,96.0,No
31962.0,54.0,Post-menopausal,239.0,119.0,No
31967.0,63.0,Post-menopausal,289.0,181.0,No
31970.0,19.0,Pre-menopausal,188.0,122.0,No
31974.0,18.0,Pre-menopausal,158.0,94.0,No
31976.0,44.0,Pre-menopausal,209.0,135.0,No
31978.0,46.0,Pre-menopausal,226.0,150.0,No
31980.0,24.0,Pre-menopausal,169.0,98.0,No
31981.0,15.0,Pre-menopausal,159.0,85.0,No
31982.0,15.0,Pre-menopausal,176.0,93.0,No
31985.0,31.0,Pre-menopausal,277.0,171.0,No
31991.0,33.0,Pre-menopausal,172.0,97.0,No
31996.0,28.0,Pre-menopausal,233.0,143.0,No
32004.0,13.0,Pre-menopausal,157.0,87.0,No
32012.0,30.0,Pre-menopausal,175.0,101.0,No
32013.0,58.0,Post-menopausal,185.0,107.0,No
32014.0,59.0,Post-menopausal,164.0,98.0,No
32015.0,60.0,Post-menopausal,280.0,203.0,No
32019.0,16.0,Pre-menopausal,115.0,71.0,No
32026.0,16.0,Pre-menopausal,133.0,46.0,No
32031.0,19.0,Pre-menopausal,173.0,116.0,No
32046.0,33.0,Pre-menopausal,186.0,101.0,No
32051.0,13.0,Pre-menopausal,152.0,89.0,No
32061.0,79.0,Post-menopausal,243.0,157.0,No
32067.0,22.0,Pre-menopausal,232.0,128.0,No
32076.0,17.0,Pre-menopausal,169.0,97.0,No
32078.0,17.0,Pre-menopausal,186.0,82.0,No
32098.0,21.0,Pre-menopausal,149.0,88.0,No
32111.0,19.0,Pre-menopausal,127.0,74.0,No
32113.0,62.0,Post-menopausal,271.0,175.0,No
32115.0,26.0,Pre-menopausal,301.0,161.0,No
32120.0,72.0,Pre-menopausal,204.0,100.0,No
32130.0,20.0,Pre-menopausal,143.0,75.0,No
32135.0,38.0,Pre-menopausal,233.0,147.0,No
32138.0,47.0,Pre-menopausal,225.0,154.0,No
32140.0,69.0,Post-menopausal,257.0,182.0,No
32150.0,30.0,Pre-menopausal,249.0,180.0,No
32152.0,19.0,Pre-menopausal,165.0,90.0,No
32161.0,38.0,Pre-menopausal,149.0,61.0,No
32162.0,26.0,Pre-menopausal,153.0,79.0,No
32163.0,47.0,Pre-menopausal,210.0,126.0,Yes
32178.0,15.0,Pre-menopausal,150.0,78.0,No
32180.0,31.0,Pre-menopausal,274.0,157.0,No
32183.0,23.0,Pre-menopausal,113.0,42.0,No
32195.0,14.0,Pre-menopausal,171.0,85.0,No
32198.0,21.0,Pre-menopausal,185.0,62.0,No
32199.0,27.0,Pre-menopausal,187.0,106.0,No
32200.0,60.0,Post-menopausal,203.0,119.0,Yes
32205.0,35.0,Pre-menopausal,195.0,109.0,No
32208.0,36.0,Pre-menopausal,194.0,88.0,No
32214.0,45.0,Pre-menopausal,211.0,130.0,No
32217.0,17.0,Pre-menopausal,146.0,85.0,No
32218.0,13.0,Pre-menopausal,182.0,110.0,No
32223.0,23.0,Pre-menopausal,145.0,71.0,No
32234.0,12.0,Pre-menopausal,168.0,84.0,No
32239.0,60.0,Post-menopausal,251.0,150.0,No
32242.0,19.0,Pre-menopausal,133.0,77.0,No
32243.0,15.0,Pre-menopausal,141.0,83.0,No
32250.0,29.0,Pre-menopausal,197.0,104.0,No
32262.0,16.0,Pre-menopausal,125.0,55.0,No
32269.0,14.0,Pre-menopausal,126.0,50.0,No
32272.0,83.0,Post-menopausal,144.0,50.0,Yes
32292.0,24.0,Pre-menopausal,179.0,86.0,No
32294.0,77.0,Post-menopausal,145.0,59.0,No
32342.0,58.0,Pre-menopausal,326.0,231.0,No
32343.0,61.0,Post-menopausal,179.0,98.0,No
32349.0,32.0,Pre-menopausal,166.0,105.0,No
32360.0,55.0,Post-menopausal,258.0,175.0,No
32363.0,32.0,Pre-menopausal,173.0,108.0,No
32364.0,12.0,Pre-menopausal,164.0,82.0,No
32375.0,16.0,Pre-menopausal,164.0,96.0,No
32381.0,32.0,Pre-menopausal,210.0,131.0,No
32382.0,38.0,Pre-menopausal,175.0,84.0,No
32383.0,83.0,Post-menopausal,155.0,74.0,No
32401.0,40.0,Post-menopausal,145.0,73.0,No
32414.0,78.0,Post-menopausal,163.0,90.0,Yes
32428.0,63.0,Post-menopausal,223.0,125.0,No
32434.0,12.0,Pre-menopausal,152.0,78.0,No
32441.0,38.0,Pre-menopausal,266.0,183.0,No
32443.0,69.0,Post-menopausal,166.0,62.0,No
32448.0,13.0,Pre-menopausal,185.0,100.0,No
32467.0,48.0,Post-menopausal,240.0,134.0,No
32479.0,15.0,Pre-menopausal,181.0,99.0,No
32497.0,74.0,Post-menopausal,181.0,109.0,No
32498.0,19.0,Pre-menopausal,187.0,85.0,No
32530.0,72.0,Pre-menopausal,271.0,157.0,No
32538.0,12.0,Pre-menopausal,214.0,147.0,No
32549.0,17.0,Pre-menopausal,159.0,98.0,No
32552.0,26.0,Pre-menopausal,190.0,120.0,No
32553.0,13.0,Pre-menopausal,205.0,125.0,No
32556.0,41.0,Pre-menopausal,176.0,95.0,No
32572.0,25.0,Pre-menopausal,325.0,210.0,No
32576.0,17.0,Pre-menopausal,155.0,97.0,No
32585.0,16.0,Pre-menopausal,194.0,99.0,No
32596.0,29.0,Pre-menopausal,222.0,142.0,No
32599.0,45.0,Pre-menopausal,185.0,100.0,No
32601.0,58.0,Post-menopausal,175.0,94.0,No
32606.0,19.0,Pre-menopausal,172.0,91.0,No
32649.0,26.0,Pre-menopausal,216.0,102.0,No
32655.0,31.0,Pre-menopausal,198.0,122.0,No
32663.0,40.0,Pre-menopausal,161.0,85.0,No
32668.0,34.0,Pre-menopausal,232.0,145.0,No
32671.0,29.0,Pre-menopausal,95.0,35.0,Yes
32687.0,74.0,Post-menopausal,213.0,121.0,No
32688.0,63.0,Pre-menopausal,214.0,123.0,No
32693.0,21.0,Pre-menopausal,115.0,55.0,No
32704.0,33.0,Pre-menopausal,327.0,225.0,No
32708.0,53.0,Pre-menopausal,234.0,147.0,No
32709.0,47.0,Pre-menopausal,203.0,124.0,Yes
32711.0,60.0,Post-menopausal,216.0,132.0,No
32712.0,27.0,Pre-menopausal,296.0,222.0,No
32714.0,26.0,Pre-menopausal,133.0,46.0,No
32716.0,66.0,Post-menopausal,138.0,56.0,No
32717.0,42.0,Pre-menopausal,204.0,132.0,No
32729.0,85.0,Pre-menopausal,259.0,158.0,Yes
32735.0,16.0,Pre-menopausal,167.0,94.0,No
32737.0,12.0,Pre-menopausal,131.0,63.0,No
32739.0,19.0,Pre-menopausal,146.0,76.0,No
32741.0,12.0,Pre-menopausal,190.0,122.0,No
32744.0,18.0,Pre-menopausal,212.0,87.0,No
32745.0,43.0,Pre-menopausal,184.0,118.0,No
32760.0,18.0,Pre-menopausal,179.0,84.0,No
32786.0,15.0,Pre-menopausal,179.0,105.0,No
32789.0,27.0,Pre-menopausal,299.0,130.0,No
32791.0,28.0,Pre-menopausal,301.0,140.0,No
32794.0,26.0,Pre-menopausal,279.0,194.0,No
32796.0,18.0,Pre-menopausal,163.0,91.0,No
32812.0,49.0,Pre-menopausal,190.0,83.0,No
32827.0,19.0,Pre-menopausal,184.0,110.0,No
32833.0,30.0,Pre-menopausal,140.0,69.0,No
32842.0,53.0,Pre-menopausal,188.0,112.0,No
32845.0,18.0,Pre-menopausal,231.0,164.0,No
32849.0,28.0,Pre-menopausal,215.0,131.0,No
32850.0,18.0,Pre-menopausal,158.0,94.0,No
32868.0,41.0,Pre-menopausal,249.0,152.0,No
32870.0,25.0,Pre-menopausal,317.0,203.0,No
32880.0,62.0,Post-menopausal,155.0,82.0,No
32881.0,23.0,Pre-menopausal,245.0,83.0,No
32882.0,17.0,Pre-menopausal,126.0,67.0,No
32884.0,16.0,Pre-menopausal,106.0,40.0,No
32885.0,48.0,Pre-menopausal,147.0,69.0,No
32893.0,16.0,Pre-menopausal,168.0,87.0,No
32906.0,19.0,Pre-menopausal,225.0,126.0,No
32908.0,62.0,Post-menopausal,215.0,145.0,No
32916.0,29.0,Pre-menopausal,218.0,106.0,No
32918.0,64.0,Post-menopausal,172.0,91.0,Yes
32954.0,73.0,Post-menopausal,225.0,124.0,No
32956.0,28.0,Pre-menopausal,182.0,115.0,No
32958.0,45.0,Pre-menopausal,162.0,76.0,No
32964.0,30.0,Post-menopausal,186.0,96.0,No
32975.0,12.0,Pre-menopausal,169.0,89.0,No
32985.0,12.0,Pre-menopausal,192.0,107.0,No
32991.0,64.0,Post-menopausal,281.0,169.0,No
33011.0,27.0,Pre-menopausal,190.0,110.0,No
33013.0,12.0,Pre-menopausal,186.0,120.0,No
33014.0,35.0,Pre-menopausal,232.0,132.0,No
33017.0,19.0,Pre-menopausal,274.0,152.0,No
33022.0,30.0,Pre-menopausal,232.0,106.0,No
33034.0,18.0,Pre-menopausal,194.0,94.0,No
33046.0,30.0,Pre-menopausal,169.0,97.0,No
33061.0,50.0,Post-menopausal,184.0,93.0,No
33072.0,33.0,Pre-menopausal,219.0,117.0,No
33073.0,41.0,Pre-menopausal,286.0,157.0,Yes
33088.0,46.0,Pre-menopausal,204.0,117.0,No
33099.0,51.0,Post-menopausal,140.0,85.0,No
33107.0,57.0,Post-menopausal,239.0,167.0,No
33116.0,27.0,Pre-menopausal,283.0,163.0,No
33124.0,17.0,Pre-menopausal,225.0,148.0,No
33127.0,18.0,Pre-menopausal,192.0,116.0,No
33135.0,16.0,Pre-menopausal,173.0,75.0,No
33139.0,34.0,Pre-menopausal,176.0,104.0,No
33146.0,28.0,Pre-menopausal,201.0,125.0,No
33163.0,21.0,Pre-menopausal,174.0,94.0,No
33169.0,20.0,Pre-menopausal,124.0,71.0,No
33189.0,17.0,Pre-menopausal,134.0,70.0,No
33192.0,47.0,Pre-menopausal,190.0,77.0,No
33193.0,18.0,Pre-menopausal,167.0,101.0,No
33196.0,28.0,Pre-menopausal,236.0,136.0,No
33197.0,85.0,Post-menopausal,153.0,70.0,No
33198.0,34.0,Pre-menopausal,195.0,79.0,No
33200.0,50.0,Pre-menopausal,196.0,123.0,No
33201.0,51.0,Pre-menopausal,188.0,109.0,Yes
33206.0,32.0,Pre-menopausal,161.0,73.0,No
33213.0,50.0,Post-menopausal,219.0,138.0,No
33225.0,23.0,Pre-menopausal,173.0,91.0,No
33232.0,31.0,Pre-menopausal,182.0,104.0,No
33236.0,68.0,Post-menopausal,191.0,115.0,Yes
33237.0,14.0,Pre-menopausal,214.0,141.0,No
33238.0,18.0,Pre-menopausal,175.0,101.0,No
33243.0,15.0,Pre-menopausal,183.0,115.0,No
33244.0,28.0,Pre-menopausal,237.0,139.0,No
33247.0,55.0,Post-menopausal,171.0,84.0,No
33277.0,77.0,Post-menopausal,136.0,60.0,Yes
33280.0,35.0,Pre-menopausal,201.0,115.0,No
33287.0,44.0,Pre-menopausal,205.0,141.0,Yes
33300.0,48.0,Pre-menopausal,127.0,49.0,No
33309.0,28.0,Pre-menopausal,194.0,90.0,No
33317.0,28.0,Pre-menopausal,197.0,104.0,No
33323.0,27.0,Pre-menopausal,174.0,93.0,No
33330.0,35.0,Pre-menopausal,146.0,87.0,No
33332.0,14.0,Pre-menopausal,148.0,80.0,No
33337.0,68.0,Post-menopausal,208.0,114.0,Yes
33338.0,85.0,Post-menopausal,233.0,140.0,No
33351.0,16.0,Pre-menopausal,171.0,87.0,No
33357.0,45.0,Post-menopausal,152.0,69.0,No
33362.0,56.0,Pre-menopausal,241.0,138.0,No
33366.0,17.0,Pre-menopausal,174.0,103.0,No
33372.0,21.0,Pre-menopausal,187.0,70.0,No
33375.0,31.0,Pre-menopausal,144.0,81.0,No
33380.0,12.0,Pre-menopausal,188.0,117.0,No
33385.0,64.0,Post-menopausal,276.0,188.0,No
33404.0,17.0,Pre-menopausal,192.0,122.0,No
33410.0,43.0,Pre-menopausal,138.0,74.0,No
33413.0,34.0,Pre-menopausal,248.0,172.0,No
33415.0,14.0,Pre-menopausal,112.0,66.0,No
33419.0,70.0,Pre-menopausal,219.0,139.0,No
33423.0,17.0,Pre-menopausal,187.0,100.0,No
33429.0,16.0,Pre-menopausal,171.0,98.0,No
33430.0,42.0,Pre-menopausal,154.0,91.0,No
33432.0,15.0,Pre-menopausal,174.0,94.0,No
33441.0,26.0,Pre-menopausal,165.0,77.0,No
33445.0,27.0,Pre-menopausal,181.0,101.0,No
33474.0,62.0,Pre-menopausal,177.0,108.0,No
33478.0,70.0,Post-menopausal,256.0,169.0,No
33483.0,60.0,Post-menopausal,259.0,179.0,No
33484.0,16.0,Pre-menopausal,123.0,69.0,No
33485.0,44.0,Pre-menopausal,208.0,111.0,No
33489.0,32.0,Pre-menopausal,199.0,89.0,No
33503.0,16.0,Pre-menopausal,163.0,103.0,No
33508.0,16.0,Pre-menopausal,136.0,68.0,No
33512.0,17.0,Pre-menopausal,158.0,93.0,No
33529.0,30.0,Pre-menopausal,174.0,82.0,No
33530.0,56.0,Post-menopausal,206.0,123.0,No
33546.0,29.0,Pre-menopausal,166.0,96.0,No
33556.0,14.0,Pre-menopausal,154.0,96.0,No
33559.0,24.0,Pre-menopausal,191.0,125.0,No
33562.0,48.0,Pre-menopausal,287.0,169.0,No
33576.0,68.0,Post-menopausal,226.0,136.0,No
33582.0,21.0,Pre-menopausal,196.0,97.0,No
33583.0,16.0,Pre-menopausal,122.0,50.0,No
33587.0,45.0,Pre-menopausal,184.0,121.0,No
33588.0,18.0,Pre-menopausal,133.0,82.0,No
33591.0,65.0,Post-menopausal,175.0,109.0,No
33596.0,32.0,Pre-menopausal,295.0,180.0,No
33605.0,68.0,Post-menopausal,142.0,80.0,No
33606.0,31.0,Pre-menopausal,149.0,76.0,No
33607.0,27.0,Pre-menopausal,220.0,109.0,No
33620.0,49.0,Pre-menopausal,221.0,106.0,No
33625.0,81.0,Post-menopausal,209.0,113.0,No
33630.0,36.0,Pre-menopausal,92.0,28.0,No
33642.0,77.0,Post-menopausal,216.0,72.0,No
33648.0,17.0,Pre-menopausal,196.0,124.0,No
33659.0,35.0,Pre-menopausal,144.0,65.0,No
33662.0,45.0,Pre-menopausal,216.0,111.0,No
33668.0,48.0,Post-menopausal,203.0,128.0,No
33691.0,58.0,Post-menopausal,299.0,191.0,No
33730.0,46.0,Post-menopausal,215.0,49.0,No
33753.0,18.0,Pre-menopausal,153.0,92.0,No
33756.0,43.0,Post-menopausal,197.0,127.0,No
33768.0,65.0,Post-menopausal,185.0,83.0,No
33780.0,32.0,Pre-menopausal,166.0,92.0,No
33787.0,14.0,Pre-menopausal,114.0,46.0,No
33796.0,81.0,Post-menopausal,249.0,138.0,No
33800.0,18.0,Post-menopausal,165.0,83.0,No
33809.0,14.0,Pre-menopausal,139.0,78.0,No
33815.0,14.0,Pre-menopausal,128.0,43.0,No
33816.0,15.0,Pre-menopausal,119.0,59.0,No
33825.0,61.0,Post-menopausal,234.0,153.0,No
33827.0,43.0,Pre-menopausal,191.0,111.0,No
33838.0,57.0,Post-menopausal,244.0,129.0,No
33840.0,35.0,Pre-menopausal,149.0,60.0,No
33842.0,19.0,Pre-menopausal,143.0,79.0,No
33847.0,45.0,Pre-menopausal,220.0,126.0,No
33854.0,63.0,Pre-menopausal,220.0,110.0,No
33856.0,21.0,Pre-menopausal,152.0,85.0,No
33857.0,17.0,Pre-menopausal,118.0,69.0,No
33864.0,61.0,Post-menopausal,136.0,39.0,No
33871.0,62.0,Post-menopausal,225.0,149.0,No
33872.0,15.0,Pre-menopausal,116.0,71.0,No
33880.0,29.0,Pre-menopausal,175.0,117.0,No
33885.0,40.0,Pre-menopausal,231.0,123.0,No
33888.0,12.0,Pre-menopausal,147.0,86.0,No
33890.0,16.0,Post-menopausal,155.0,83.0,No
33892.0,70.0,Post-menopausal,232.0,159.0,No
33894.0,63.0,Post-menopausal,207.0,129.0,No
33895.0,64.0,Post-menopausal,207.0,126.0,No
33907.0,26.0,Pre-menopausal,187.0,129.0,No
33918.0,31.0,Pre-menopausal,187.0,105.0,No
33919.0,12.0,Pre-menopausal,225.0,130.0,No
33922.0,83.0,Post-menopausal,148.0,62.0,No
33924.0,24.0,Pre-menopausal,158.0,94.0,No
33925.0,71.0,Post-menopausal,219.0,110.0,No
33954.0,30.0,Pre-menopausal,199.0,94.0,No
33957.0,13.0,Pre-menopausal,147.0,76.0,No
33959.0,81.0,Post-menopausal,112.0,26.0,Yes
33971.0,64.0,Post-menopausal,203.0,129.0,Yes
33974.0,25.0,Post-menopausal,269.0,148.0,No
33983.0,30.0,Pre-menopausal,161.0,45.0,No
33985.0,17.0,Pre-menopausal,172.0,101.0,No
33987.0,15.0,Pre-menopausal,123.0,62.0,No
33988.0,23.0,Pre-menopausal,295.0,183.0,No
33994.0,13.0,Pre-menopausal,154.0,91.0,No
33995.0,13.0,Pre-menopausal,155.0,60.0,No
34000.0,23.0,Pre-menopausal,136.0,85.0,No
34012.0,82.0,Post-menopausal,226.0,134.0,No
34016.0,85.0,Post-menopausal,177.0,95.0,No
34021.0,23.0,Pre-menopausal,290.0,191.0,No
34027.0,16.0,Pre-menopausal,161.0,105.0,No
34032.0,15.0,Pre-menopausal,217.0,108.0,No
34040.0,84.0,Post-menopausal,212.0,134.0,Yes
34042.0,54.0,Post-menopausal,301.0,179.0,No
34043.0,20.0,Pre-menopausal,255.0,180.0,No
34045.0,19.0,Pre-menopausal,141.0,67.0,No
34050.0,74.0,Post-menopausal,171.0,89.0,Yes
34060.0,70.0,Post-menopausal,108.0,40.0,Yes
34063.0,12.0,Pre-menopausal,146.0,83.0,No
34082.0,14.0,Pre-menopausal,167.0,95.0,No
34102.0,16.0,Pre-menopausal,158.0,85.0,No
34129.0,33.0,Pre-menopausal,186.0,56.0,No
34131.0,27.0,Pre-menopausal,154.0,86.0,No
34132.0,27.0,Pre-menopausal,246.0,157.0,No
34140.0,16.0,Pre-menopausal,114.0,65.0,No
34158.0,15.0,Pre-menopausal,167.0,76.0,No
34161.0,31.0,Pre-menopausal,147.0,50.0,No
34165.0,52.0,Post-menopausal,200.0,124.0,No
34175.0,19.0,Pre-menopausal,178.0,93.0,No
34176.0,45.0,Pre-menopausal,221.0,140.0,No
34198.0,12.0,Pre-menopausal,138.0,58.0,No
34206.0,32.0,Pre-menopausal,207.0,128.0,No
34217.0,15.0,Pre-menopausal,175.0,101.0,No
34226.0,24.0,Pre-menopausal,212.0,132.0,No
34227.0,27.0,Pre-menopausal,189.0,77.0,No
34240.0,33.0,Pre-menopausal,173.0,34.0,No
34248.0,83.0,Post-menopausal,222.0,116.0,No
34249.0,81.0,Post-menopausal,187.0,89.0,No
34263.0,14.0,Pre-menopausal,244.0,144.0,No
34268.0,25.0,Pre-menopausal,238.0,135.0,No
34275.0,13.0,Pre-menopausal,157.0,95.0,No
34283.0,44.0,Post-menopausal,191.0,93.0,No
34292.0,49.0,Pre-menopausal,154.0,68.0,No
34305.0,36.0,Post-menopausal,152.0,82.0,No
34310.0,40.0,Pre-menopausal,186.0,123.0,No
34312.0,42.0,Post-menopausal,213.0,108.0,No
34329.0,80.0,Post-menopausal,145.0,68.0,Yes
34361.0,85.0,Post-menopausal,202.0,100.0,No
34368.0,12.0,Pre-menopausal,168.0,93.0,No
34374.0,34.0,Pre-menopausal,251.0,139.0,No
34381.0,13.0,Pre-menopausal,158.0,83.0,No
34383.0,34.0,Pre-menopausal,269.0,143.0,No
34388.0,18.0,Pre-menopausal,186.0,104.0,No
34396.0,69.0,Post-menopausal,232.0,142.0,No
34397.0,19.0,Pre-menopausal,140.0,71.0,No
34402.0,28.0,Pre-menopausal,264.0,117.0,No
34423.0,58.0,Post-menopausal,138.0,71.0,Yes
34424.0,27.0,Pre-menopausal,190.0,107.0,No
34427.0,74.0,Post-menopausal,216.0,113.0,No
34433.0,17.0,Pre-menopausal,141.0,77.0,No
34437.0,37.0,Pre-menopausal,271.0,180.0,No
34461.0,65.0,Post-menopausal,263.0,182.0,No
34464.0,12.0,Pre-menopausal,123.0,61.0,No
34465.0,47.0,Pre-menopausal,134.0,90.0,No
34467.0,42.0,Pre-menopausal,206.0,127.0,No
34469.0,22.0,Pre-menopausal,301.0,197.0,No
34477.0,70.0,Post-menopausal,207.0,112.0,No
34479.0,32.0,Pre-menopausal,236.0,138.0,No
34481.0,18.0,Pre-menopausal,154.0,80.0,No
34484.0,12.0,Pre-menopausal,130.0,72.0,No
34487.0,18.0,Pre-menopausal,143.0,95.0,No
34490.0,33.0,Pre-menopausal,157.0,91.0,No
34501.0,44.0,Pre-menopausal,143.0,77.0,No
34542.0,31.0,Post-menopausal,218.0,76.0,No
34564.0,38.0,Pre-menopausal,186.0,87.0,No
34574.0,57.0,Post-menopausal,188.0,107.0,No
34583.0,15.0,Pre-menopausal,137.0,75.0,No
34592.0,16.0,Pre-menopausal,137.0,70.0,No
34596.0,79.0,Pre-menopausal,237.0,146.0,Yes
34602.0,18.0,Pre-menopausal,160.0,80.0,No
34606.0,31.0,Pre-menopausal,170.0,106.0,No
34608.0,45.0,Post-menopausal,172.0,95.0,No
34614.0,23.0,Pre-menopausal,333.0,204.0,No
34615.0,54.0,Post-menopausal,158.0,82.0,No
34624.0,15.0,Pre-menopausal,189.0,131.0,No
34625.0,74.0,Post-menopausal,195.0,122.0,No
34647.0,70.0,Post-menopausal,226.0,127.0,No
34650.0,21.0,Pre-menopausal,197.0,121.0,No
34663.0,69.0,Post-menopausal,219.0,142.0,Yes
34674.0,80.0,Post-menopausal,210.0,119.0,Yes
34675.0,78.0,Post-menopausal,187.0,128.0,Yes
34681.0,39.0,Post-menopausal,201.0,131.0,No
34684.0,13.0,Pre-menopausal,153.0,73.0,No
34687.0,34.0,Pre-menopausal,194.0,135.0,No
34697.0,46.0,Pre-menopausal,164.0,97.0,No
34705.0,22.0,Pre-menopausal,190.0,121.0,No
34710.0,50.0,Pre-menopausal,200.0,90.0,No
34712.0,20.0,Pre-menopausal,190.0,95.0,No
34715.0,76.0,Post-menopausal,225.0,130.0,No
34719.0,24.0,Pre-menopausal,281.0,206.0,No
34724.0,39.0,Pre-menopausal,177.0,103.0,No
34726.0,67.0,Post-menopausal,239.0,156.0,No
34733.0,27.0,Pre-menopausal,191.0,107.0,No
34735.0,26.0,Pre-menopausal,145.0,53.0,No
34740.0,42.0,Post-menopausal,178.0,114.0,No
34743.0,53.0,Post-menopausal,213.0,133.0,No
34761.0,52.0,Post-menopausal,145.0,74.0,No
34769.0,70.0,Post-menopausal,154.0,76.0,No
34779.0,67.0,Pre-menopausal,183.0,85.0,Yes
34781.0,48.0,Post-menopausal,200.0,110.0,Yes
34782.0,85.0,Post-menopausal,216.0,99.0,No
34794.0,15.0,Pre-menopausal,175.0,116.0,No
34799.0,28.0,Pre-menopausal,232.0,100.0,No
34807.0,59.0,Post-menopausal,220.0,135.0,No
34808.0,56.0,Post-menopausal,221.0,137.0,No
34813.0,62.0,Post-menopausal,263.0,166.0,No
34821.0,18.0,Pre-menopausal,142.0,63.0,No
34827.0,54.0,Post-menopausal,118.0,41.0,Yes
34830.0,14.0,Pre-menopausal,145.0,73.0,No
34832.0,19.0,Pre-menopausal,168.0,105.0,No
34834.0,13.0,Pre-menopausal,152.0,76.0,No
34841.0,15.0,Pre-menopausal,164.0,102.0,No
34846.0,14.0,Pre-menopausal,163.0,85.0,No
34849.0,71.0,Post-menopausal,247.0,45.0,No
34854.0,15.0,Pre-menopausal,135.0,67.0,No
34858.0,37.0,Pre-menopausal,195.0,116.0,No
34868.0,13.0,Pre-menopausal,141.0,67.0,No
34869.0,29.0,Pre-menopausal,141.0,67.0,No
34882.0,28.0,Pre-menopausal,202.0,127.0,No
34899.0,84.0,Post-menopausal,222.0,116.0,No
34912.0,14.0,Pre-menopausal,144.0,82.0,No
34913.0,81.0,Post-menopausal,211.0,95.0,No
34914.0,28.0,Pre-menopausal,243.0,155.0,No
34919.0,28.0,Pre-menopausal,142.0,35.0,No
34927.0,14.0,Pre-menopausal,166.0,96.0,No
34939.0,35.0,Post-menopausal,211.0,134.0,No
34949.0,17.0,Pre-menopausal,153.0,82.0,No
34951.0,14.0,Pre-menopausal,130.0,70.0,No
34953.0,17.0,Pre-menopausal,163.0,112.0,No
34955.0,34.0,Pre-menopausal,270.0,193.0,No
34961.0,16.0,Pre-menopausal,156.0,94.0,No
34965.0,59.0,Post-menopausal,228.0,153.0,No
34977.0,23.0,Pre-menopausal,172.0,83.0,No
34991.0,18.0,Pre-menopausal,187.0,88.0,No
34995.0,60.0,Post-menopausal,245.0,137.0,No
35003.0,14.0,Pre-menopausal,151.0,76.0,No
35010.0,38.0,Pre-menopausal,218.0,130.0,No
35015.0,28.0,Pre-menopausal,198.0,93.0,No
35018.0,66.0,Post-menopausal,212.0,111.0,No
35034.0,18.0,Pre-menopausal,226.0,111.0,No
35041.0,76.0,Post-menopausal,243.0,138.0,No
35042.0,23.0,Pre-menopausal,186.0,75.0,No
35047.0,36.0,Pre-menopausal,146.0,83.0,No
35048.0,31.0,Pre-menopausal,174.0,62.0,No
35051.0,25.0,Pre-menopausal,192.0,91.0,No
35056.0,35.0,Pre-menopausal,182.0,107.0,No
35058.0,32.0,Pre-menopausal,154.0,91.0,No
35071.0,64.0,Post-menopausal,213.0,112.0,No
35077.0,50.0,Post-menopausal,221.0,124.0,Yes
35078.0,47.0,Pre-menopausal,156.0,107.0,No
35079.0,84.0,Pre-menopausal,157.0,82.0,Yes
35084.0,32.0,Pre-menopausal,270.0,177.0,No
35090.0,12.0,Pre-menopausal,228.0,158.0,No
35091.0,36.0,Pre-menopausal,166.0,83.0,No
35092.0,72.0,Post-menopausal,200.0,115.0,No
35095.0,18.0,Pre-menopausal,161.0,88.0,No
35110.0,18.0,Pre-menopausal,130.0,69.0,No
35112.0,20.0,Pre-menopausal,139.0,51.0,No
35113.0,21.0,Pre-menopausal,178.0,96.0,No
35116.0,85.0,Pre-menopausal,206.0,128.0,No
35136.0,12.0,Pre-menopausal,148.0,75.0,No
35137.0,19.0,Pre-menopausal,143.0,62.0,No
35153.0,16.0,Pre-menopausal,167.0,84.0,No
35154.0,23.0,Post-menopausal,162.0,108.0,No
35162.0,25.0,Pre-menopausal,157.0,86.0,No
35167.0,19.0,Pre-menopausal,197.0,105.0,No
35172.0,35.0,Pre-menopausal,154.0,38.0,No
35177.0,14.0,Pre-menopausal,168.0,87.0,No
35181.0,66.0,Pre-menopausal,160.0,77.0,No
35183.0,28.0,Pre-menopausal,167.0,101.0,No
35184.0,21.0,Pre-menopausal,304.0,143.0,No
35198.0,61.0,Post-menopausal,191.0,106.0,No
35202.0,48.0,Post-menopausal,260.0,166.0,No
35207.0,18.0,Pre-menopausal,133.0,72.0,No
35217.0,16.0,Pre-menopausal,183.0,71.0,No
35221.0,61.0,Post-menopausal,259.0,151.0,No
35224.0,20.0,Pre-menopausal,138.0,80.0,No
35232.0,67.0,Post-menopausal,229.0,127.0,No
35252.0,14.0,Pre-menopausal,159.0,91.0,No
35257.0,21.0,Pre-menopausal,215.0,112.0,No
35263.0,27.0,Pre-menopausal,206.0,113.0,No
35265.0,33.0,Pre-menopausal,237.0,131.0,No
35278.0,29.0,Pre-menopausal,251.0,152.0,No
35285.0,16.0,Pre-menopausal,163.0,93.0,No
35287.0,45.0,Post-menopausal,174.0,94.0,No
35300.0,15.0,Pre-menopausal,185.0,118.0,No
35301.0,80.0,Post-menopausal,212.0,90.0,No
35304.0,85.0,Pre-menopausal,167.0,74.0,No
35319.0,18.0,Post-menopausal,171.0,99.0,No
35321.0,29.0,Pre-menopausal,218.0,129.0,No
35336.0,22.0,Pre-menopausal,156.0,68.0,No
35339.0,41.0,Pre-menopausal,144.0,82.0,No
35343.0,36.0,Pre-menopausal,210.0,120.0,No
35350.0,18.0,Pre-menopausal,160.0,89.0,No
35369.0,25.0,Pre-menopausal,146.0,91.0,No
35375.0,65.0,Post-menopausal,313.0,183.0,No
35385.0,66.0,Post-menopausal,193.0,123.0,No
35393.0,12.0,Pre-menopausal,155.0,95.0,No
35394.0,14.0,Pre-menopausal,161.0,92.0,No
35396.0,83.0,Post-menopausal,179.0,96.0,No
35397.0,49.0,Pre-menopausal,225.0,142.0,No
35402.0,36.0,Post-menopausal,252.0,124.0,No
35403.0,35.0,Pre-menopausal,160.0,83.0,No
35409.0,14.0,Pre-menopausal,151.0,91.0,No
35414.0,42.0,Pre-menopausal,185.0,109.0,No
35439.0,78.0,Post-menopausal,165.0,103.0,No
35445.0,25.0,Pre-menopausal,166.0,84.0,No
35453.0,35.0,Pre-menopausal,258.0,146.0,No
35454.0,26.0,Pre-menopausal,243.0,163.0,No
35455.0,53.0,Post-menopausal,177.0,110.0,No
35456.0,30.0,Pre-menopausal,124.0,55.0,No
35466.0,25.0,Pre-menopausal,195.0,79.0,No
35470.0,14.0,Pre-menopausal,187.0,126.0,No
35477.0,15.0,Pre-menopausal,234.0,146.0,No
35487.0,19.0,Pre-menopausal,136.0,70.0,No
35492.0,19.0,Pre-menopausal,223.0,129.0,No
35495.0,76.0,Pre-menopausal,219.0,140.0,No
35498.0,15.0,Pre-menopausal,142.0,80.0,No
35502.0,82.0,Pre-menopausal,192.0,114.0,Yes
35504.0,22.0,Pre-menopausal,206.0,112.0,No
35510.0,37.0,Pre-menopausal,126.0,61.0,No
35524.0,18.0,Pre-menopausal,128.0,62.0,No
35530.0,44.0,Pre-menopausal,217.0,141.0,No
35535.0,85.0,Post-menopausal,227.0,132.0,No
35539.0,27.0,Pre-menopausal,191.0,120.0,No
35541.0,25.0,Pre-menopausal,203.0,129.0,No
35543.0,54.0,Post-menopausal,184.0,90.0,No
35549.0,70.0,Post-menopausal,230.0,153.0,No
35552.0,23.0,Pre-menopausal,99.0,51.0,No
35553.0,13.0,Pre-menopausal,153.0,94.0,No
35559.0,62.0,Post-menopausal,214.0,126.0,No
35564.0,66.0,Post-menopausal,296.0,222.0,No
35571.0,22.0,Pre-menopausal,198.0,119.0,No
35573.0,63.0,Post-menopausal,161.0,99.0,No
35575.0,33.0,Pre-menopausal,188.0,102.0,No
35577.0,38.0,Pre-menopausal,180.0,104.0,No
35586.0,67.0,Post-menopausal,182.0,95.0,No
35604.0,25.0,Pre-menopausal,228.0,161.0,No
35609.0,64.0,Post-menopausal,283.0,195.0,No
35616.0,51.0,Pre-menopausal,229.0,150.0,No
35617.0,81.0,Post-menopausal,209.0,113.0,No
35620.0,83.0,Post-menopausal,205.0,103.0,No
35624.0,62.0,Post-menopausal,213.0,84.0,No
35626.0,85.0,Post-menopausal,223.0,142.0,Yes
35628.0,28.0,Pre-menopausal,284.0,168.0,No
35638.0,37.0,Pre-menopausal,165.0,86.0,No
35639.0,38.0,Pre-menopausal,174.0,95.0,No
35654.0,56.0,Post-menopausal,297.0,183.0,No
35667.0,73.0,Post-menopausal,164.0,65.0,Yes
35668.0,81.0,Post-menopausal,167.0,104.0,No
35675.0,70.0,Post-menopausal,193.0,100.0,No
35680.0,12.0,Pre-menopausal,113.0,42.0,No
35684.0,42.0,Post-menopausal,177.0,102.0,No
35686.0,54.0,Post-menopausal,337.0,224.0,Yes
35687.0,70.0,Post-menopausal,114.0,53.0,Yes
35689.0,71.0,Post-menopausal,268.0,175.0,No
35690.0,35.0,Pre-menopausal,161.0,98.0,No
35695.0,30.0,Pre-menopausal,213.0,126.0,No
35696.0,51.0,Post-menopausal,208.0,107.0,No
35698.0,18.0,Pre-menopausal,132.0,64.0,No
35722.0,40.0,Pre-menopausal,193.0,112.0,Yes
35724.0,70.0,Post-menopausal,166.0,83.0,No
35727.0,16.0,Pre-menopausal,159.0,91.0,No
35737.0,77.0,Post-menopausal,244.0,151.0,No
35738.0,22.0,Pre-menopausal,299.0,174.0,No
35746.0,15.0,Pre-menopausal,202.0,130.0,No
35756.0,80.0,Post-menopausal,141.0,67.0,Yes
35765.0,23.0,Pre-menopausal,151.0,83.0,No
35770.0,43.0,Pre-menopausal,169.0,102.0,No
35775.0,42.0,Pre-menopausal,218.0,120.0,No
35781.0,50.0,Post-menopausal,217.0,133.0,No
35784.0,78.0,Post-menopausal,198.0,114.0,No
35791.0,12.0,Pre-menopausal,165.0,81.0,No
35803.0,13.0,Pre-menopausal,180.0,123.0,No
35808.0,50.0,Pre-menopausal,193.0,120.0,No
35821.0,22.0,Pre-menopausal,205.0,115.0,No
35823.0,47.0,Pre-menopausal,254.0,169.0,No
35836.0,17.0,Pre-menopausal,143.0,80.0,No
35842.0,12.0,Pre-menopausal,129.0,72.0,No
35849.0,16.0,Pre-menopausal,170.0,101.0,No
35881.0,24.0,Post-menopausal,132.0,69.0,No
35885.0,13.0,Pre-menopausal,101.0,54.0,No
35890.0,23.0,Pre-menopausal,173.0,63.0,No
35893.0,14.0,Pre-menopausal,129.0,57.0,No
35896.0,34.0,Pre-menopausal,213.0,139.0,No
35902.0,50.0,Pre-menopausal,177.0,105.0,No
35913.0,12.0,Pre-menopausal,170.0,90.0,No
35920.0,16.0,Pre-menopausal,117.0,58.0,No
35923.0,18.0,Pre-menopausal,183.0,108.0,No
35927.0,50.0,Post-menopausal,167.0,101.0,No
35938.0,19.0,Pre-menopausal,224.0,146.0,No
35941.0,51.0,Post-menopausal,197.0,119.0,No
35956.0,37.0,Pre-menopausal,159.0,101.0,No
35976.0,59.0,Post-menopausal,303.0,210.0,No
35979.0,15.0,Pre-menopausal,140.0,77.0,No
35991.0,28.0,Pre-menopausal,238.0,140.0,No
35999.0,69.0,Post-menopausal,132.0,48.0,No
36006.0,25.0,Pre-menopausal,184.0,96.0,No
36007.0,45.0,Pre-menopausal,249.0,137.0,No
36011.0,43.0,Pre-menopausal,165.0,85.0,No
36017.0,32.0,Pre-menopausal,250.0,124.0,No
36020.0,82.0,Post-menopausal,233.0,122.0,No
36031.0,27.0,Pre-menopausal,187.0,95.0,No
36035.0,17.0,Pre-menopausal,131.0,67.0,No
36036.0,55.0,Post-menopausal,229.0,144.0,No
36045.0,20.0,Pre-menopausal,197.0,122.0,No
36069.0,40.0,Pre-menopausal,162.0,54.0,No
36076.0,37.0,Pre-menopausal,162.0,76.0,No
36090.0,30.0,Post-menopausal,211.0,139.0,No
36095.0,24.0,Pre-menopausal,252.0,162.0,No
36099.0,30.0,Pre-menopausal,243.0,102.0,No
36103.0,12.0,Pre-menopausal,119.0,59.0,No
36104.0,22.0,Pre-menopausal,174.0,101.0,No
36111.0,17.0,Pre-menopausal,120.0,58.0,No
36112.0,74.0,Post-menopausal,211.0,101.0,No
36125.0,30.0,Pre-menopausal,303.0,183.0,No
36129.0,68.0,Post-menopausal,244.0,157.0,No
36133.0,43.0,Pre-menopausal,219.0,129.0,No
36138.0,30.0,Pre-menopausal,188.0,105.0,No
36143.0,32.0,Pre-menopausal,167.0,79.0,No
36155.0,53.0,Post-menopausal,237.0,151.0,No
36161.0,25.0,Pre-menopausal,170.0,118.0,No
36171.0,45.0,Pre-menopausal,186.0,102.0,No
36176.0,41.0,Pre-menopausal,181.0,88.0,Yes
36177.0,20.0,Pre-menopausal,130.0,70.0,No
36184.0,59.0,Post-menopausal,222.0,129.0,No
36194.0,46.0,Pre-menopausal,206.0,131.0,No
36202.0,19.0,Pre-menopausal,179.0,109.0,No
36218.0,54.0,Post-menopausal,201.0,126.0,No
36225.0,12.0,Pre-menopausal,198.0,123.0,No
36230.0,14.0,Pre-menopausal,230.0,142.0,No
36235.0,28.0,Pre-menopausal,163.0,69.0,No
36241.0,24.0,Pre-menopausal,147.0,70.0,No
36245.0,12.0,Pre-menopausal,127.0,68.0,No
36258.0,14.0,Pre-menopausal,150.0,76.0,No
36263.0,18.0,Pre-menopausal,166.0,84.0,No
36266.0,85.0,Post-menopausal,172.0,84.0,Yes
36267.0,20.0,Pre-menopausal,143.0,69.0,No
36281.0,66.0,Post-menopausal,310.0,228.0,No
36283.0,85.0,Post-menopausal,201.0,95.0,No
36290.0,31.0,Pre-menopausal,311.0,204.0,No
36296.0,51.0,Post-menopausal,161.0,88.0,No
36301.0,22.0,Pre-menopausal,184.0,121.0,No
36302.0,26.0,Pre-menopausal,186.0,97.0,No
36304.0,16.0,Pre-menopausal,160.0,75.0,No
36307.0,40.0,Post-menopausal,222.0,137.0,No
36309.0,47.0,Pre-menopausal,205.0,93.0,No
36321.0,22.0,Pre-menopausal,170.0,98.0,No
36323.0,50.0,Post-menopausal,288.0,183.0,No
36332.0,33.0,Pre-menopausal,143.0,72.0,No
36333.0,79.0,Post-menopausal,249.0,156.0,No
36335.0,46.0,Post-menopausal,196.0,107.0,No
36362.0,49.0,Pre-menopausal,129.0,56.0,No
36370.0,24.0,Pre-menopausal,221.0,120.0,No
36379.0,58.0,Post-menopausal,185.0,70.0,No
36387.0,17.0,Pre-menopausal,116.0,49.0,No
36391.0,24.0,Pre-menopausal,209.0,127.0,No
36394.0,54.0,Post-menopausal,207.0,121.0,No
36424.0,24.0,Pre-menopausal,256.0,179.0,No
36427.0,53.0,Post-menopausal,225.0,150.0,No
36432.0,84.0,Post-menopausal,144.0,68.0,Yes
36436.0,49.0,Post-menopausal,160.0,88.0,No
36437.0,50.0,Post-menopausal,291.0,179.0,No
36438.0,35.0,Pre-menopausal,321.0,162.0,No
36441.0,12.0,Pre-menopausal,143.0,73.0,No
36444.0,22.0,Pre-menopausal,175.0,98.0,No
36454.0,24.0,Pre-menopausal,189.0,81.0,No
36462.0,60.0,Post-menopausal,241.0,146.0,No
36466.0,21.0,Pre-menopausal,238.0,148.0,No
36474.0,24.0,Pre-menopausal,155.0,87.0,No
36483.0,50.0,Pre-menopausal,173.0,93.0,No
36486.0,34.0,Pre-menopausal,212.0,129.0,No
36496.0,31.0,Pre-menopausal,137.0,72.0,No
36503.0,52.0,Post-menopausal,173.0,103.0,No
36504.0,18.0,Pre-menopausal,158.0,88.0,No
36507.0,14.0,Pre-menopausal,263.0,179.0,No
36514.0,17.0,Pre-menopausal,140.0,70.0,No
36517.0,26.0,Pre-menopausal,129.0,64.0,No
36519.0,67.0,Post-menopausal,184.0,89.0,No
36523.0,45.0,Pre-menopausal,172.0,93.0,No
36530.0,26.0,Pre-menopausal,219.0,132.0,No
36532.0,26.0,Pre-menopausal,171.0,111.0,No
36534.0,45.0,Pre-menopausal,156.0,86.0,No
36536.0,19.0,Pre-menopausal,162.0,103.0,No
36538.0,43.0,Pre-menopausal,220.0,111.0,No
36550.0,25.0,Pre-menopausal,198.0,137.0,No
36555.0,78.0,Post-menopausal,153.0,44.0,No
36560.0,18.0,Pre-menopausal,181.0,103.0,No
36569.0,82.0,Post-menopausal,243.0,143.0,Yes
36581.0,16.0,Pre-menopausal,134.0,72.0,No
36582.0,61.0,Post-menopausal,359.0,245.0,Yes
36585.0,13.0,Pre-menopausal,161.0,97.0,No
36598.0,33.0,Pre-menopausal,248.0,181.0,No
36600.0,33.0,Pre-menopausal,199.0,105.0,No
36601.0,46.0,Post-menopausal,274.0,181.0,No
36604.0,19.0,Pre-menopausal,196.0,106.0,No
36621.0,17.0,Pre-menopausal,139.0,69.0,No
36625.0,36.0,Pre-menopausal,178.0,86.0,No
36627.0,29.0,Pre-menopausal,152.0,66.0,No
36634.0,61.0,Post-menopausal,242.0,148.0,No
36637.0,13.0,Pre-menopausal,136.0,77.0,No
36638.0,64.0,Post-menopausal,148.0,72.0,No
36645.0,58.0,Post-menopausal,237.0,112.0,No
36649.0,69.0,Post-menopausal,177.0,92.0,No
36653.0,49.0,Pre-menopausal,204.0,122.0,No
36655.0,48.0,Pre-menopausal,175.0,89.0,Yes
36656.0,13.0,Pre-menopausal,173.0,109.0,No
36662.0,15.0,Pre-menopausal,186.0,94.0,No
36666.0,20.0,Pre-menopausal,174.0,88.0,No
36670.0,52.0,Post-menopausal,258.0,165.0,No
36690.0,85.0,Post-menopausal,269.0,162.0,Yes
36694.0,32.0,Pre-menopausal,185.0,104.0,No
36706.0,13.0,Pre-menopausal,121.0,51.0,No
36711.0,16.0,Pre-menopausal,146.0,70.0,No
36713.0,70.0,Post-menopausal,240.0,146.0,No
36725.0,69.0,Post-menopausal,209.0,120.0,No
36728.0,69.0,Post-menopausal,195.0,106.0,No
36730.0,18.0,Pre-menopausal,136.0,59.0,No
36745.0,17.0,Pre-menopausal,208.0,130.0,No
36746.0,59.0,Post-menopausal,212.0,137.0,No
36749.0,50.0,Pre-menopausal,175.0,118.0,No
36752.0,32.0,Pre-menopausal,195.0,91.0,No
36760.0,54.0,Post-menopausal,249.0,161.0,No
36762.0,37.0,Pre-menopausal,274.0,199.0,No
36764.0,17.0,Pre-menopausal,175.0,107.0,No
36765.0,72.0,Post-menopausal,206.0,124.0,No
36772.0,34.0,Pre-menopausal,185.0,110.0,No
36784.0,25.0,Pre-menopausal,250.0,136.0,No
36795.0,69.0,Post-menopausal,165.0,104.0,No
36800.0,46.0,Post-menopausal,193.0,114.0,No
36823.0,56.0,Post-menopausal,280.0,196.0,No
36826.0,16.0,Pre-menopausal,198.0,114.0,No
36827.0,83.0,Post-menopausal,215.0,102.0,Yes
36828.0,17.0,Pre-menopausal,150.0,96.0,No
36835.0,16.0,Pre-menopausal,112.0,42.0,No
36845.0,51.0,Post-menopausal,205.0,140.0,Yes
36850.0,35.0,Pre-menopausal,226.0,148.0,No
36861.0,33.0,Pre-menopausal,314.0,137.0,No
36862.0,13.0,Pre-menopausal,142.0,85.0,No
36875.0,74.0,Post-menopausal,175.0,91.0,Yes
36888.0,25.0,Pre-menopausal,161.0,75.0,No
36896.0,60.0,Post-menopausal,224.0,132.0,No
36899.0,36.0,Pre-menopausal,266.0,172.0,No
36909.0,40.0,Pre-menopausal,191.0,109.0,No
36911.0,21.0,Pre-menopausal,145.0,79.0,No
36925.0,25.0,Pre-menopausal,182.0,114.0,No
36926.0,37.0,Pre-menopausal,213.0,104.0,No
36935.0,34.0,Pre-menopausal,243.0,163.0,No
36939.0,12.0,Pre-menopausal,168.0,93.0,No
36941.0,66.0,Post-menopausal,192.0,121.0,No
36947.0,85.0,Post-menopausal,253.0,158.0,Yes
36957.0,72.0,Pre-menopausal,222.0,94.0,No
36961.0,19.0,Pre-menopausal,130.0,61.0,No
36966.0,13.0,Pre-menopausal,187.0,110.0,No
36971.0,60.0,Post-menopausal,215.0,135.0,No
36973.0,12.0,Pre-menopausal,183.0,95.0,No
36978.0,67.0,Post-menopausal,242.0,151.0,No
36992.0,49.0,Pre-menopausal,111.0,45.0,No
36998.0,55.0,Post-menopausal,266.0,147.0,No
37001.0,32.0,Pre-menopausal,223.0,164.0,No
37012.0,60.0,Post-menopausal,221.0,136.0,No
37031.0,53.0,Post-menopausal,213.0,113.0,Yes
37037.0,29.0,Pre-menopausal,245.0,148.0,No
37040.0,51.0,Pre-menopausal,238.0,155.0,No
37049.0,70.0,Post-menopausal,235.0,136.0,No
37052.0,13.0,Pre-menopausal,158.0,87.0,No
37067.0,16.0,Pre-menopausal,208.0,132.0,No
37075.0,61.0,Post-menopausal,198.0,103.0,No
37078.0,45.0,Pre-menopausal,231.0,156.0,Yes
37084.0,29.0,Pre-menopausal,228.0,141.0,No
37089.0,28.0,Pre-menopausal,247.0,136.0,No
37097.0,18.0,Pre-menopausal,268.0,165.0,No
37099.0,35.0,Pre-menopausal,169.0,94.0,No
37105.0,56.0,Post-menopausal,189.0,133.0,No
37111.0,29.0,Pre-menopausal,135.0,71.0,No
37126.0,23.0,Pre-menopausal,263.0,136.0,No
37132.0,48.0,Pre-menopausal,261.0,166.0,No
37134.0,75.0,Post-menopausal,221.0,127.0,Yes
37140.0,45.0,Pre-menopausal,148.0,88.0,No
37151.0,55.0,Post-menopausal,140.0,70.0,No
37152.0,19.0,Pre-menopausal,196.0,115.0,No
37154.0,83.0,Post-menopausal,143.0,66.0,Yes
37170.0,17.0,Pre-menopausal,172.0,79.0,No
37196.0,50.0,Pre-menopausal,228.0,162.0,No
37218.0,80.0,Post-menopausal,181.0,72.0,No
37224.0,16.0,Pre-menopausal,147.0,79.0,No
37229.0,15.0,Pre-menopausal,181.0,99.0,No
37233.0,27.0,Post-menopausal,197.0,120.0,No
37234.0,19.0,Pre-menopausal,222.0,147.0,No
37236.0,78.0,Post-menopausal,165.0,80.0,No
37240.0,34.0,Pre-menopausal,139.0,71.0,No
37244.0,22.0,Pre-menopausal,160.0,77.0,No
37250.0,33.0,Pre-menopausal,249.0,165.0,No
37261.0,38.0,Pre-menopausal,162.0,94.0,No
37279.0,43.0,Post-menopausal,219.0,120.0,Yes
37280.0,14.0,Pre-menopausal,130.0,59.0,No
37292.0,17.0,Pre-menopausal,196.0,118.0,No
37300.0,13.0,Pre-menopausal,204.0,129.0,No
37302.0,22.0,Pre-menopausal,281.0,163.0,No
37309.0,14.0,Pre-menopausal,106.0,53.0,No
37315.0,17.0,Pre-menopausal,140.0,61.0,No
37319.0,23.0,Pre-menopausal,288.0,189.0,No
37324.0,79.0,Pre-menopausal,171.0,95.0,Yes
37329.0,69.0,Post-menopausal,190.0,89.0,No
37336.0,34.0,Pre-menopausal,146.0,85.0,No
37342.0,24.0,Pre-menopausal,141.0,67.0,No
37351.0,18.0,Pre-menopausal,223.0,112.0,No
37352.0,51.0,Pre-menopausal,209.0,144.0,No
37360.0,23.0,Pre-menopausal,233.0,126.0,No
37368.0,35.0,Pre-menopausal,227.0,139.0,No
37372.0,13.0,Pre-menopausal,217.0,129.0,No
37373.0,77.0,Post-menopausal,153.0,40.0,Yes
37377.0,43.0,Pre-menopausal,150.0,78.0,No
37402.0,62.0,Post-menopausal,176.0,99.0,No
37405.0,18.0,Pre-menopausal,155.0,93.0,No
37409.0,14.0,Pre-menopausal,108.0,47.0,No
37416.0,12.0,Pre-menopausal,190.0,108.0,No
37421.0,19.0,Pre-menopausal,166.0,102.0,No
37429.0,57.0,Post-menopausal,238.0,134.0,No
37445.0,23.0,Pre-menopausal,296.0,180.0,No
37456.0,52.0,Post-menopausal,247.0,138.0,No
37457.0,72.0,Post-menopausal,242.0,130.0,No
37458.0,63.0,Post-menopausal,231.0,135.0,No
37460.0,79.0,Post-menopausal,203.0,113.0,No
37462.0,29.0,Pre-menopausal,197.0,72.0,Yes
37467.0,46.0,Pre-menopausal,335.0,234.0,No
37468.0,17.0,Pre-menopausal,154.0,89.0,No
37486.0,17.0,Pre-menopausal,173.0,81.0,No
37495.0,13.0,Pre-menopausal,146.0,81.0,No
37501.0,16.0,Pre-menopausal,116.0,69.0,No
37507.0,22.0,Pre-menopausal,238.0,143.0,No
37513.0,49.0,Post-menopausal,173.0,101.0,No
37518.0,63.0,Post-menopausal,152.0,75.0,No
37522.0,66.0,Post-menopausal,250.0,148.0,No
37525.0,25.0,Pre-menopausal,137.0,65.0,No
37540.0,70.0,Post-menopausal,216.0,150.0,No
37555.0,19.0,Pre-menopausal,119.0,63.0,No
37561.0,34.0,Pre-menopausal,183.0,98.0,No
37564.0,13.0,Pre-menopausal,170.0,100.0,No
37576.0,35.0,Pre-menopausal,172.0,82.0,No
37580.0,70.0,Post-menopausal,279.0,182.0,No
37598.0,19.0,Pre-menopausal,148.0,75.0,No
37599.0,48.0,Post-menopausal,184.0,111.0,No
37604.0,73.0,Post-menopausal,236.0,144.0,No
37614.0,15.0,Pre-menopausal,189.0,123.0,No
37617.0,60.0,Post-menopausal,130.0,68.0,Yes
37625.0,28.0,Pre-menopausal,353.0,186.0,No
37635.0,13.0,Pre-menopausal,126.0,67.0,No
37639.0,26.0,Pre-menopausal,186.0,122.0,No
37645.0,31.0,Pre-menopausal,127.0,68.0,No
37653.0,82.0,Post-menopausal,235.0,144.0,No
37666.0,13.0,Pre-menopausal,168.0,96.0,No
37671.0,46.0,Post-menopausal,244.0,140.0,No
37686.0,29.0,Pre-menopausal,132.0,68.0,No
37690.0,58.0,Post-menopausal,215.0,120.0,No
37705.0,35.0,Pre-menopausal,287.0,148.0,No
37710.0,43.0,Pre-menopausal,201.0,67.0,No
37714.0,52.0,Pre-menopausal,148.0,60.0,No
37722.0,84.0,Pre-menopausal,212.0,96.0,Yes
37731.0,12.0,Pre-menopausal,153.0,89.0,No
37741.0,54.0,Post-menopausal,183.0,104.0,Yes
37747.0,26.0,Pre-menopausal,152.0,68.0,No
37749.0,84.0,Post-menopausal,224.0,143.0,No
37755.0,57.0,Post-menopausal,229.0,130.0,No
37763.0,37.0,Pre-menopausal,184.0,110.0,No
37769.0,64.0,Post-menopausal,164.0,70.0,No
37780.0,61.0,Post-menopausal,165.0,99.0,No
37783.0,12.0,Pre-menopausal,150.0,88.0,No
37810.0,75.0,Post-menopausal,163.0,67.0,No
37820.0,30.0,Pre-menopausal,190.0,119.0,No
37821.0,21.0,Pre-menopausal,189.0,114.0,No
37822.0,33.0,Pre-menopausal,200.0,131.0,No
37828.0,16.0,Pre-menopausal,167.0,85.0,No
37837.0,36.0,Pre-menopausal,255.0,179.0,No
37848.0,57.0,Post-menopausal,239.0,142.0,No
37862.0,19.0,Pre-menopausal,146.0,80.0,No
37875.0,41.0,Pre-menopausal,161.0,68.0,No
37887.0,67.0,Post-menopausal,258.0,168.0,Yes
37894.0,33.0,Pre-menopausal,263.0,155.0,No
37902.0,85.0,Post-menopausal,215.0,128.0,Yes
37908.0,16.0,Pre-menopausal,178.0,99.0,No
37910.0,60.0,Post-menopausal,141.0,69.0,No
37921.0,18.0,Pre-menopausal,195.0,131.0,No
37922.0,85.0,Post-menopausal,232.0,135.0,No
37942.0,27.0,Pre-menopausal,216.0,108.0,No
37956.0,13.0,Pre-menopausal,158.0,94.0,No
37958.0,16.0,Pre-menopausal,142.0,75.0,No
37971.0,30.0,Pre-menopausal,198.0,131.0,No
37973.0,30.0,Pre-menopausal,184.0,84.0,No
37988.0,22.0,Pre-menopausal,176.0,100.0,No
37996.0,45.0,Post-menopausal,143.0,59.0,No
38006.0,14.0,Pre-menopausal,125.0,63.0,No
38010.0,81.0,Post-menopausal,223.0,120.0,No
38019.0,22.0,Pre-menopausal,168.0,92.0,No
38033.0,28.0,Pre-menopausal,303.0,176.0,No
38050.0,85.0,Post-menopausal,235.0,146.0,No
38054.0,25.0,Pre-menopausal,173.0,84.0,No
38057.0,29.0,Pre-menopausal,214.0,105.0,No
38058.0,12.0,Pre-menopausal,160.0,99.0,No
38060.0,69.0,Post-menopausal,201.0,127.0,No
38073.0,75.0,Post-menopausal,189.0,101.0,Yes
38079.0,40.0,Post-menopausal,223.0,120.0,No
38081.0,44.0,Pre-menopausal,241.0,146.0,No
38083.0,12.0,Pre-menopausal,182.0,135.0,No
38089.0,36.0,Pre-menopausal,187.0,93.0,No
38090.0,16.0,Pre-menopausal,153.0,75.0,No
38095.0,35.0,Pre-menopausal,232.0,145.0,No
38098.0,67.0,Post-menopausal,206.0,96.0,No
38102.0,17.0,Pre-menopausal,234.0,119.0,No
38107.0,14.0,Pre-menopausal,134.0,72.0,No
38119.0,81.0,Post-menopausal,198.0,118.0,No
38121.0,13.0,Pre-menopausal,189.0,131.0,No
38126.0,23.0,Pre-menopausal,211.0,118.0,No
38143.0,60.0,Post-menopausal,227.0,138.0,No
38145.0,52.0,Pre-menopausal,172.0,88.0,No
38148.0,54.0,Post-menopausal,226.0,155.0,No
38153.0,18.0,Pre-menopausal,169.0,104.0,No
38156.0,55.0,Post-menopausal,220.0,135.0,No
38168.0,21.0,Pre-menopausal,221.0,134.0,No
38173.0,16.0,Pre-menopausal,146.0,63.0,No
38175.0,74.0,Post-menopausal,268.0,164.0,No
38188.0,24.0,Pre-menopausal,213.0,134.0,No
38196.0,14.0,Pre-menopausal,126.0,64.0,No
38197.0,55.0,Pre-menopausal,265.0,191.0,No
38198.0,17.0,Pre-menopausal,164.0,93.0,No
38225.0,85.0,Post-menopausal,251.0,133.0,No
38245.0,21.0,Pre-menopausal,167.0,85.0,No
38246.0,44.0,Pre-menopausal,170.0,78.0,No
38247.0,48.0,Pre-menopausal,167.0,92.0,No
38249.0,21.0,Pre-menopausal,147.0,36.0,No
38250.0,85.0,Post-menopausal,150.0,64.0,Yes
38261.0,32.0,Pre-menopausal,132.0,57.0,No
38270.0,54.0,Post-menopausal,219.0,144.0,No
38271.0,31.0,Pre-menopausal,174.0,83.0,No
38274.0,28.0,Pre-menopausal,176.0,89.0,No
38275.0,26.0,Pre-menopausal,162.0,94.0,No
38278.0,16.0,Pre-menopausal,176.0,93.0,No
38307.0,15.0,Pre-menopausal,159.0,97.0,No
38313.0,14.0,Pre-menopausal,196.0,123.0,No
38315.0,68.0,Post-menopausal,244.0,167.0,No
38322.0,56.0,Post-menopausal,206.0,112.0,Yes
38330.0,15.0,Pre-menopausal,140.0,69.0,No
38334.0,85.0,Pre-menopausal,264.0,152.0,No
38364.0,63.0,Post-menopausal,144.0,52.0,No
38377.0,43.0,Pre-menopausal,227.0,133.0,No
38388.0,64.0,Post-menopausal,283.0,197.0,No
38395.0,13.0,Pre-menopausal,138.0,64.0,No
38399.0,13.0,Pre-menopausal,167.0,100.0,No
38410.0,63.0,Post-menopausal,216.0,131.0,No
38417.0,36.0,Pre-menopausal,196.0,109.0,No
38432.0,69.0,Post-menopausal,250.0,168.0,No
38433.0,72.0,Post-menopausal,169.0,91.0,Yes
38435.0,13.0,Pre-menopausal,133.0,57.0,No
38437.0,19.0,Pre-menopausal,111.0,43.0,No
38442.0,25.0,Pre-menopausal,220.0,121.0,No
38443.0,40.0,Post-menopausal,170.0,107.0,No
38444.0,59.0,Post-menopausal,217.0,134.0,Yes
38446.0,55.0,Post-menopausal,128.0,73.0,Yes
38448.0,15.0,Pre-menopausal,143.0,86.0,No
38450.0,85.0,Pre-menopausal,233.0,124.0,Yes
38452.0,47.0,Post-menopausal,186.0,104.0,No
38460.0,15.0,Pre-menopausal,115.0,60.0,No
38461.0,30.0,Pre-menopausal,235.0,146.0,No
38464.0,37.0,Pre-menopausal,128.0,57.0,No
38477.0,31.0,Pre-menopausal,200.0,121.0,No
38490.0,39.0,Pre-menopausal,241.0,156.0,No
38491.0,85.0,Post-menopausal,265.0,138.0,No
38495.0,16.0,Pre-menopausal,171.0,106.0,No
38496.0,47.0,Pre-menopausal,232.0,145.0,No
38499.0,15.0,Pre-menopausal,204.0,130.0,No
38502.0,19.0,Pre-menopausal,174.0,97.0,No
38522.0,21.0,Pre-menopausal,136.0,75.0,No
38535.0,20.0,Pre-menopausal,87.0,22.0,No
38539.0,70.0,Post-menopausal,273.0,177.0,No
38544.0,33.0,Pre-menopausal,206.0,128.0,No
38561.0,19.0,Pre-menopausal,172.0,69.0,No
38564.0,19.0,Pre-menopausal,149.0,84.0,No
38568.0,67.0,Post-menopausal,171.0,84.0,No
38572.0,61.0,Post-menopausal,234.0,128.0,No
38576.0,15.0,Pre-menopausal,174.0,106.0,No
38578.0,46.0,Pre-menopausal,204.0,113.0,No
38581.0,12.0,Pre-menopausal,162.0,86.0,No
38585.0,33.0,Pre-menopausal,244.0,157.0,No
38588.0,61.0,Pre-menopausal,198.0,118.0,No
38598.0,63.0,Post-menopausal,186.0,90.0,No
38615.0,46.0,Pre-menopausal,105.0,40.0,No
38625.0,18.0,Pre-menopausal,180.0,92.0,No
38626.0,20.0,Pre-menopausal,165.0,85.0,No
38633.0,85.0,Post-menopausal,184.0,112.0,No
38638.0,37.0,Pre-menopausal,251.0,134.0,No
38640.0,61.0,Post-menopausal,188.0,95.0,No
38656.0,16.0,Pre-menopausal,153.0,74.0,No
38660.0,84.0,Post-menopausal,220.0,107.0,No
38670.0,14.0,Pre-menopausal,180.0,106.0,No
38675.0,73.0,Post-menopausal,129.0,51.0,No
38682.0,15.0,Pre-menopausal,143.0,62.0,No
38694.0,28.0,Pre-menopausal,216.0,106.0,No
38699.0,29.0,Pre-menopausal,290.0,159.0,No
38706.0,17.0,Pre-menopausal,179.0,96.0,No
38709.0,19.0,Pre-menopausal,207.0,134.0,No
38719.0,19.0,Pre-menopausal,175.0,86.0,No
38721.0,85.0,Post-menopausal,230.0,129.0,No
38724.0,13.0,Pre-menopausal,161.0,88.0,No
38732.0,64.0,Post-menopausal,219.0,129.0,No
38739.0,55.0,Post-menopausal,217.0,137.0,No
38753.0,19.0,Pre-menopausal,147.0,75.0,No
38761.0,17.0,Pre-menopausal,176.0,109.0,No
38792.0,33.0,Pre-menopausal,201.0,126.0,No
38793.0,17.0,Pre-menopausal,168.0,66.0,No
38798.0,59.0,Post-menopausal,234.0,151.0,No
38807.0,13.0,Pre-menopausal,180.0,106.0,No
38815.0,19.0,Pre-menopausal,143.0,81.0,No
38819.0,52.0,Pre-menopausal,249.0,118.0,No
38841.0,19.0,Pre-menopausal,140.0,81.0,No
38846.0,18.0,Pre-menopausal,180.0,109.0,No
38850.0,61.0,Post-menopausal,177.0,96.0,No
38852.0,28.0,Pre-menopausal,189.0,106.0,No
38855.0,13.0,Pre-menopausal,122.0,52.0,No
38857.0,24.0,Pre-menopausal,200.0,118.0,No
38860.0,54.0,Pre-menopausal,222.0,145.0,No
38867.0,38.0,Pre-menopausal,340.0,226.0,No
38871.0,30.0,Pre-menopausal,94.0,40.0,No
38873.0,13.0,Pre-menopausal,173.0,99.0,No
38877.0,42.0,Post-menopausal,212.0,132.0,No
38883.0,32.0,Pre-menopausal,214.0,131.0,No
38886.0,77.0,Post-menopausal,188.0,97.0,No
38905.0,38.0,Pre-menopausal,218.0,119.0,No
38907.0,19.0,Pre-menopausal,204.0,108.0,No
38914.0,41.0,Pre-menopausal,128.0,71.0,No
38918.0,45.0,Pre-menopausal,215.0,116.0,No
38920.0,40.0,Pre-menopausal,129.0,66.0,No
38922.0,12.0,Pre-menopausal,163.0,89.0,No
38931.0,25.0,Pre-menopausal,321.0,215.0,No
38940.0,14.0,Pre-menopausal,135.0,66.0,No
38944.0,60.0,Post-menopausal,191.0,106.0,No
38946.0,15.0,Pre-menopausal,113.0,57.0,No
38958.0,69.0,Post-menopausal,115.0,34.0,No
38963.0,29.0,Pre-menopausal,189.0,69.0,No
38972.0,24.0,Post-menopausal,174.0,50.0,No
38976.0,18.0,Pre-menopausal,142.0,83.0,No
38977.0,28.0,Pre-menopausal,194.0,114.0,No
38978.0,76.0,Post-menopausal,167.0,92.0,No
38991.0,59.0,Post-menopausal,190.0,119.0,No
38995.0,49.0,Post-menopausal,235.0,99.0,No
38997.0,17.0,Pre-menopausal,149.0,92.0,No
39000.0,54.0,Post-menopausal,217.0,136.0,No
39010.0,35.0,Pre-menopausal,171.0,107.0,No
39032.0,39.0,Pre-menopausal,142.0,38.0,No
39036.0,13.0,Pre-menopausal,122.0,41.0,No
39037.0,38.0,Pre-menopausal,239.0,154.0,No
39039.0,73.0,Post-menopausal,168.0,75.0,No
39043.0,18.0,Pre-menopausal,162.0,96.0,No
39044.0,43.0,Pre-menopausal,233.0,132.0,No
39045.0,38.0,Pre-menopausal,247.0,129.0,No
39051.0,77.0,Post-menopausal,198.0,120.0,Yes
39054.0,50.0,Post-menopausal,284.0,197.0,No
39056.0,17.0,Pre-menopausal,150.0,79.0,No
39061.0,45.0,Pre-menopausal,163.0,90.0,Yes
39068.0,58.0,Post-menopausal,190.0,110.0,No
39070.0,13.0,Pre-menopausal,129.0,56.0,No
39072.0,19.0,Pre-menopausal,224.0,138.0,No
39075.0,14.0,Pre-menopausal,194.0,113.0,No
39080.0,70.0,Post-menopausal,178.0,98.0,No
39081.0,23.0,Pre-menopausal,274.0,164.0,No
39088.0,21.0,Pre-menopausal,147.0,74.0,No
39094.0,19.0,Pre-menopausal,173.0,78.0,No
39095.0,19.0,Post-menopausal,171.0,90.0,No
39104.0,14.0,Pre-menopausal,130.0,82.0,No
39110.0,52.0,Post-menopausal,185.0,77.0,No
39112.0,32.0,Pre-menopausal,138.0,81.0,No
39114.0,12.0,Pre-menopausal,171.0,85.0,No
39120.0,12.0,Pre-menopausal,180.0,109.0,No
39124.0,58.0,Post-menopausal,223.0,140.0,No
39129.0,15.0,Pre-menopausal,125.0,66.0,No
39132.0,22.0,Pre-menopausal,194.0,93.0,No
39150.0,30.0,Pre-menopausal,164.0,105.0,No
39154.0,50.0,Post-menopausal,190.0,93.0,Yes
39157.0,18.0,Pre-menopausal,212.0,127.0,No
39162.0,16.0,Pre-menopausal,149.0,79.0,No
39164.0,35.0,Pre-menopausal,195.0,113.0,No
39168.0,15.0,Pre-menopausal,169.0,101.0,No
39169.0,19.0,Pre-menopausal,185.0,132.0,No
39172.0,17.0,Pre-menopausal,165.0,94.0,No
39177.0,61.0,Post-menopausal,243.0,168.0,No
39179.0,26.0,Pre-menopausal,216.0,138.0,No
39184.0,21.0,Pre-menopausal,146.0,76.0,No
39204.0,42.0,Post-menopausal,275.0,184.0,No
39214.0,17.0,Pre-menopausal,177.0,119.0,No
39215.0,64.0,Post-menopausal,193.0,105.0,Yes
39225.0,32.0,Pre-menopausal,253.0,171.0,No
39230.0,47.0,Pre-menopausal,216.0,139.0,No
39244.0,60.0,Post-menopausal,287.0,208.0,No
39251.0,67.0,Post-menopausal,243.0,144.0,No
39252.0,15.0,Pre-menopausal,134.0,55.0,No
39274.0,12.0,Pre-menopausal,161.0,91.0,No
39275.0,16.0,Pre-menopausal,140.0,73.0,No
39281.0,50.0,Pre-menopausal,156.0,90.0,No
39291.0,24.0,Pre-menopausal,207.0,132.0,No
39301.0,19.0,Pre-menopausal,143.0,77.0,No
39302.0,40.0,Post-menopausal,145.0,76.0,No
39321.0,14.0,Pre-menopausal,139.0,77.0,No
39338.0,25.0,Pre-menopausal,249.0,179.0,No
39339.0,45.0,Pre-menopausal,174.0,98.0,No
39343.0,60.0,Post-menopausal,165.0,88.0,No
39345.0,18.0,Pre-menopausal,195.0,129.0,No
39353.0,42.0,Pre-menopausal,178.0,75.0,No
39355.0,16.0,Pre-menopausal,163.0,72.0,No
39360.0,16.0,Pre-menopausal,181.0,109.0,No
39363.0,50.0,Pre-menopausal,133.0,60.0,No
39378.0,43.0,Post-menopausal,227.0,153.0,No
39382.0,76.0,Post-menopausal,214.0,131.0,Yes
39392.0,46.0,Post-menopausal,219.0,110.0,No
39399.0,51.0,Pre-menopausal,227.0,131.0,No
39405.0,69.0,Post-menopausal,192.0,87.0,No
39408.0,15.0,Pre-menopausal,175.0,107.0,No
39410.0,27.0,Pre-menopausal,277.0,160.0,No
39411.0,44.0,Pre-menopausal,200.0,128.0,No
39413.0,53.0,Pre-menopausal,288.0,186.0,No
39414.0,18.0,Pre-menopausal,169.0,90.0,No
39415.0,51.0,Pre-menopausal,249.0,168.0,No
39417.0,25.0,Pre-menopausal,148.0,76.0,No
39420.0,74.0,Post-menopausal,221.0,123.0,No
39421.0,19.0,Pre-menopausal,260.0,140.0,No
39425.0,12.0,Pre-menopausal,220.0,131.0,No
39426.0,40.0,Pre-menopausal,156.0,90.0,Yes
39433.0,80.0,Post-menopausal,169.0,99.0,No
39435.0,27.0,Pre-menopausal,158.0,91.0,No
39438.0,47.0,Pre-menopausal,187.0,114.0,No
39439.0,34.0,Pre-menopausal,175.0,114.0,No
39448.0,60.0,Pre-menopausal,247.0,172.0,No
39458.0,15.0,Pre-menopausal,160.0,86.0,No
39463.0,50.0,Post-menopausal,156.0,69.0,No
39472.0,18.0,Pre-menopausal,149.0,97.0,No
39482.0,75.0,Post-menopausal,184.0,60.0,No
39503.0,19.0,Pre-menopausal,173.0,102.0,No
39505.0,74.0,Post-menopausal,185.0,78.0,No
39511.0,65.0,Post-menopausal,198.0,136.0,Yes
39521.0,24.0,Pre-menopausal,270.0,168.0,No
39525.0,20.0,Pre-menopausal,165.0,116.0,No
39530.0,12.0,Pre-menopausal,152.0,66.0,No
39531.0,23.0,Pre-menopausal,231.0,111.0,No
39538.0,60.0,Post-menopausal,147.0,72.0,No
39541.0,34.0,Pre-menopausal,183.0,77.0,No
39546.0,38.0,Pre-menopausal,199.0,125.0,No
39552.0,12.0,Pre-menopausal,166.0,89.0,No
39559.0,12.0,Pre-menopausal,138.0,62.0,No
39560.0,25.0,Pre-menopausal,169.0,103.0,No
39568.0,34.0,Pre-menopausal,344.0,164.0,No
39569.0,39.0,Pre-menopausal,155.0,91.0,No
39580.0,34.0,Pre-menopausal,210.0,146.0,No
39584.0,72.0,Post-menopausal,184.0,121.0,Yes
39599.0,37.0,Pre-menopausal,161.0,91.0,No
39602.0,30.0,Pre-menopausal,282.0,176.0,No
39616.0,49.0,Post-menopausal,172.0,90.0,No
39628.0,13.0,Pre-menopausal,178.0,109.0,No
39638.0,70.0,Post-menopausal,431.0,328.0,Yes
39657.0,45.0,Pre-menopausal,175.0,101.0,No
39659.0,84.0,Post-menopausal,173.0,59.0,Yes
39665.0,31.0,Pre-menopausal,167.0,92.0,No
39675.0,14.0,Pre-menopausal,130.0,63.0,No
39676.0,67.0,Post-menopausal,256.0,154.0,No
39678.0,17.0,Pre-menopausal,193.0,102.0,No
39691.0,16.0,Pre-menopausal,143.0,84.0,No
39696.0,41.0,Pre-menopausal,198.0,97.0,No
39710.0,19.0,Pre-menopausal,183.0,71.0,No
39715.0,40.0,Pre-menopausal,152.0,85.0,No
39718.0,15.0,Pre-menopausal,169.0,90.0,No
39730.0,16.0,Pre-menopausal,152.0,79.0,No
39731.0,12.0,Pre-menopausal,181.0,85.0,No
39735.0,31.0,Pre-menopausal,145.0,59.0,No
39765.0,34.0,Pre-menopausal,143.0,69.0,No
39785.0,71.0,Post-menopausal,202.0,109.0,No
39786.0,35.0,Post-menopausal,262.0,200.0,No
39787.0,38.0,Pre-menopausal,144.0,74.0,No
39802.0,45.0,Pre-menopausal,183.0,120.0,No
39806.0,23.0,Pre-menopausal,178.0,77.0,No
39808.0,33.0,Pre-menopausal,290.0,181.0,No
39812.0,18.0,Pre-menopausal,163.0,106.0,No
39820.0,27.0,Pre-menopausal,163.0,119.0,No
39824.0,13.0,Pre-menopausal,115.0,35.0,No
39828.0,26.0,Pre-menopausal,254.0,134.0,No
39833.0,37.0,Post-menopausal,182.0,104.0,No
39835.0,40.0,Pre-menopausal,182.0,110.0,No
39840.0,35.0,Pre-menopausal,196.0,127.0,No
39844.0,15.0,Pre-menopausal,167.0,109.0,No
39845.0,24.0,Pre-menopausal,182.0,110.0,No
39846.0,31.0,Pre-menopausal,236.0,136.0,No
39858.0,34.0,Pre-menopausal,199.0,126.0,No
39866.0,48.0,Pre-menopausal,167.0,58.0,No
39869.0,48.0,Post-menopausal,265.0,178.0,No
39878.0,43.0,Pre-menopausal,261.0,175.0,No
39883.0,29.0,Pre-menopausal,212.0,134.0,No
39884.0,47.0,Pre-menopausal,232.0,119.0,No
39886.0,48.0,Pre-menopausal,165.0,84.0,Yes
39911.0,15.0,Pre-menopausal,215.0,67.0,No
39914.0,47.0,Post-menopausal,180.0,79.0,No
39918.0,15.0,Pre-menopausal,114.0,45.0,No
39934.0,17.0,Pre-menopausal,174.0,108.0,No
39946.0,55.0,Pre-menopausal,267.0,191.0,No
39956.0,35.0,Pre-menopausal,166.0,90.0,No
39958.0,78.0,Post-menopausal,248.0,148.0,No
39960.0,26.0,Pre-menopausal,156.0,80.0,No
39963.0,41.0,Pre-menopausal,190.0,120.0,Yes
39987.0,18.0,Pre-menopausal,179.0,119.0,No
39989.0,44.0,Pre-menopausal,164.0,91.0,No
39996.0,21.0,Pre-menopausal,158.0,87.0,No
40001.0,38.0,Pre-menopausal,227.0,152.0,No
40002.0,75.0,Post-menopausal,218.0,130.0,No
40004.0,51.0,Post-menopausal,180.0,93.0,Yes
40017.0,39.0,Pre-menopausal,203.0,148.0,No
40018.0,23.0,Pre-menopausal,167.0,85.0,No
40035.0,18.0,Pre-menopausal,135.0,68.0,No
40036.0,27.0,Pre-menopausal,185.0,94.0,No
40041.0,34.0,Pre-menopausal,176.0,110.0,No
40065.0,63.0,Post-menopausal,227.0,144.0,Yes
40068.0,38.0,Pre-menopausal,191.0,123.0,No
40070.0,18.0,Pre-menopausal,117.0,60.0,No
40077.0,32.0,Pre-menopausal,237.0,150.0,No
40081.0,19.0,Pre-menopausal,195.0,125.0,No
40088.0,69.0,Post-menopausal,226.0,139.0,No
40089.0,16.0,Pre-menopausal,147.0,72.0,No
40098.0,23.0,Pre-menopausal,202.0,121.0,No
40110.0,65.0,Post-menopausal,139.0,76.0,Yes
40113.0,12.0,Pre-menopausal,148.0,67.0,No
40133.0,21.0,Pre-menopausal,126.0,60.0,No
40138.0,24.0,Pre-menopausal,158.0,60.0,No
40144.0,24.0,Pre-menopausal,178.0,97.0,No
40155.0,40.0,Pre-menopausal,164.0,79.0,No
40158.0,26.0,Pre-menopausal,214.0,136.0,No
40161.0,83.0,Post-menopausal,241.0,144.0,No
40176.0,54.0,Post-menopausal,236.0,133.0,No
40195.0,13.0,Pre-menopausal,130.0,69.0,No
40200.0,44.0,Pre-menopausal,224.0,151.0,No
40220.0,45.0,Pre-menopausal,231.0,110.0,No
40227.0,17.0,Pre-menopausal,150.0,74.0,No
40254.0,29.0,Pre-menopausal,174.0,117.0,No
40255.0,18.0,Pre-menopausal,140.0,63.0,No
40258.0,68.0,Post-menopausal,342.0,252.0,No
40265.0,52.0,Post-menopausal,173.0,86.0,No
40273.0,17.0,Pre-menopausal,168.0,84.0,No
40282.0,67.0,Post-menopausal,193.0,119.0,No
40292.0,18.0,Pre-menopausal,281.0,188.0,No
40339.0,50.0,Pre-menopausal,183.0,90.0,No
40358.0,63.0,Post-menopausal,210.0,113.0,No
40363.0,62.0,Post-menopausal,195.0,106.0,No
40368.0,16.0,Pre-menopausal,129.0,72.0,No
40383.0,63.0,Post-menopausal,210.0,142.0,No
40384.0,34.0,Pre-menopausal,136.0,43.0,No
40390.0,16.0,Pre-menopausal,154.0,87.0,No
40404.0,40.0,Post-menopausal,158.0,62.0,No
40409.0,40.0,Pre-menopausal,153.0,94.0,No
40414.0,18.0,Pre-menopausal,166.0,106.0,No
40420.0,25.0,Pre-menopausal,256.0,144.0,No
40430.0,13.0,Pre-menopausal,146.0,93.0,No
40444.0,24.0,Pre-menopausal,256.0,135.0,No
40460.0,45.0,Post-menopausal,165.0,87.0,No
40461.0,82.0,Post-menopausal,167.0,79.0,No
40467.0,25.0,Post-menopausal,142.0,81.0,No
40475.0,51.0,Post-menopausal,137.0,55.0,No
40489.0,21.0,Pre-menopausal,158.0,79.0,No
40497.0,15.0,Pre-menopausal,121.0,53.0,No
40501.0,20.0,Pre-menopausal,192.0,107.0,No
40507.0,18.0,Pre-menopausal,173.0,95.0,No
40509.0,14.0,Pre-menopausal,107.0,44.0,No
40510.0,23.0,Pre-menopausal,229.0,110.0,No
40513.0,27.0,Pre-menopausal,138.0,82.0,No
40517.0,30.0,Pre-menopausal,243.0,108.0,No
40518.0,62.0,Post-menopausal,252.0,148.0,Yes
40520.0,85.0,Post-menopausal,155.0,77.0,No
40533.0,31.0,Pre-menopausal,168.0,100.0,No
40545.0,78.0,Post-menopausal,194.0,103.0,No
40546.0,13.0,Pre-menopausal,155.0,86.0,No
40550.0,14.0,Pre-menopausal,138.0,87.0,No
40571.0,13.0,Pre-menopausal,143.0,75.0,No
40592.0,40.0,Pre-menopausal,194.0,126.0,No
40594.0,17.0,Pre-menopausal,143.0,74.0,No
40598.0,69.0,Post-menopausal,193.0,112.0,No
40599.0,71.0,Post-menopausal,123.0,54.0,Yes
40602.0,27.0,Pre-menopausal,210.0,95.0,No
40607.0,40.0,Pre-menopausal,180.0,108.0,No
40615.0,18.0,Pre-menopausal,262.0,136.0,No
40634.0,15.0,Pre-menopausal,148.0,75.0,No
40658.0,69.0,Post-menopausal,248.0,143.0,No
40678.0,19.0,Pre-menopausal,208.0,123.0,No
40694.0,26.0,Pre-menopausal,163.0,92.0,No
40696.0,15.0,Pre-menopausal,153.0,87.0,No
40700.0,51.0,Post-menopausal,271.0,175.0,Yes
40701.0,31.0,Pre-menopausal,210.0,118.0,No
40706.0,23.0,Pre-menopausal,150.0,86.0,No
40713.0,15.0,Pre-menopausal,171.0,97.0,No
40716.0,18.0,Pre-menopausal,149.0,82.0,No
40740.0,17.0,Pre-menopausal,150.0,78.0,No
40743.0,29.0,Pre-menopausal,143.0,63.0,No
40765.0,59.0,Post-menopausal,217.0,109.0,No
40767.0,61.0,Post-menopausal,231.0,128.0,No
40770.0,12.0,Pre-menopausal,217.0,116.0,No
40782.0,18.0,Pre-menopausal,129.0,70.0,No
40804.0,54.0,Post-menopausal,222.0,127.0,No
40806.0,14.0,Pre-menopausal,165.0,94.0,No
40811.0,16.0,Pre-menopausal,188.0,105.0,No
40815.0,70.0,Post-menopausal,184.0,113.0,No
40829.0,56.0,Post-menopausal,171.0,70.0,No
40831.0,63.0,Post-menopausal,182.0,96.0,No
40834.0,17.0,Pre-menopausal,196.0,117.0,No
40838.0,73.0,Post-menopausal,235.0,144.0,No
40839.0,39.0,Pre-menopausal,138.0,66.0,No
40841.0,29.0,Pre-menopausal,250.0,165.0,No
40855.0,51.0,Pre-menopausal,198.0,128.0,No
40861.0,46.0,Pre-menopausal,182.0,106.0,No
40867.0,17.0,Pre-menopausal,195.0,129.0,No
40869.0,85.0,Post-menopausal,178.0,82.0,No
40871.0,79.0,Post-menopausal,188.0,104.0,No
40878.0,21.0,Pre-menopausal,329.0,188.0,No
40880.0,12.0,Pre-menopausal,154.0,68.0,No
40893.0,12.0,Pre-menopausal,174.0,90.0,No
40907.0,17.0,Pre-menopausal,190.0,119.0,No
40909.0,29.0,Post-menopausal,171.0,88.0,No
40917.0,17.0,Pre-menopausal,191.0,109.0,No
40925.0,44.0,Pre-menopausal,194.0,78.0,No
40930.0,67.0,Post-menopausal,220.0,118.0,No
40931.0,27.0,Pre-menopausal,183.0,97.0,No
40936.0,58.0,Post-menopausal,209.0,135.0,No
40938.0,36.0,Pre-menopausal,179.0,84.0,No
40949.0,26.0,Pre-menopausal,239.0,110.0,No
40950.0,34.0,Pre-menopausal,152.0,94.0,No
40955.0,20.0,Pre-menopausal,238.0,128.0,No
40961.0,53.0,Post-menopausal,160.0,92.0,No
40970.0,28.0,Pre-menopausal,255.0,130.0,No
40972.0,17.0,Pre-menopausal,165.0,105.0,No
40978.0,14.0,Pre-menopausal,155.0,81.0,No
40980.0,40.0,Pre-menopausal,189.0,98.0,No
40982.0,12.0,Pre-menopausal,166.0,103.0,No
40983.0,37.0,Pre-menopausal,177.0,80.0,No
40985.0,44.0,Pre-menopausal,171.0,98.0,No
41013.0,64.0,Post-menopausal,151.0,67.0,No
41027.0,43.0,Post-menopausal,155.0,91.0,No
41028.0,51.0,Pre-menopausal,205.0,97.0,No
41033.0,20.0,Pre-menopausal,155.0,81.0,No
41039.0,30.0,Pre-menopausal,195.0,74.0,No
41044.0,43.0,Pre-menopausal,155.0,92.0,No
41046.0,46.0,Pre-menopausal,224.0,131.0,No
41048.0,40.0,Pre-menopausal,101.0,40.0,No
41049.0,52.0,Pre-menopausal,201.0,109.0,No
41051.0,16.0,Pre-menopausal,207.0,129.0,No
41080.0,16.0,Pre-menopausal,146.0,65.0,No
41089.0,47.0,Post-menopausal,203.0,114.0,No
41092.0,63.0,Post-menopausal,204.0,111.0,No
41095.0,18.0,Pre-menopausal,164.0,76.0,No
41097.0,22.0,Pre-menopausal,175.0,102.0,No
41103.0,84.0,Post-menopausal,272.0,174.0,No
41107.0,43.0,Pre-menopausal,251.0,152.0,No
41110.0,14.0,Pre-menopausal,155.0,73.0,No
41112.0,73.0,Post-menopausal,177.0,92.0,No
41113.0,20.0,Pre-menopausal,170.0,72.0,No
41118.0,14.0,Pre-menopausal,157.0,89.0,No
41123.0,32.0,Pre-menopausal,222.0,101.0,No
41124.0,68.0,Post-menopausal,199.0,120.0,No
41127.0,70.0,Post-menopausal,224.0,121.0,Yes
41137.0,16.0,Pre-menopausal,125.0,62.0,No
41139.0,14.0,Pre-menopausal,179.0,102.0,No
41157.0,54.0,Post-menopausal,227.0,143.0,No
41158.0,71.0,Post-menopausal,253.0,174.0,No
41160.0,23.0,Post-menopausal,205.0,132.0,No
41198.0,19.0,Pre-menopausal,185.0,117.0,No
41201.0,39.0,Pre-menopausal,237.0,155.0,No
41203.0,41.0,Pre-menopausal,178.0,98.0,No
41205.0,14.0,Pre-menopausal,171.0,85.0,No
41209.0,38.0,Pre-menopausal,218.0,64.0,No
41215.0,17.0,Pre-menopausal,128.0,64.0,No
41223.0,42.0,Pre-menopausal,208.0,130.0,No
41240.0,26.0,Pre-menopausal,146.0,82.0,No
41244.0,51.0,Pre-menopausal,203.0,125.0,No
41246.0,78.0,Post-menopausal,230.0,138.0,No
41253.0,36.0,Pre-menopausal,185.0,100.0,No
41259.0,22.0,Pre-menopausal,245.0,103.0,No
41265.0,44.0,Pre-menopausal,167.0,106.0,No
41269.0,64.0,Post-menopausal,233.0,139.0,No
41279.0,54.0,Post-menopausal,187.0,112.0,No
41294.0,17.0,Pre-menopausal,159.0,99.0,No
41312.0,71.0,Post-menopausal,217.0,128.0,No
41314.0,69.0,Post-menopausal,193.0,96.0,Yes
41315.0,12.0,Pre-menopausal,135.0,77.0,No
41320.0,65.0,Post-menopausal,185.0,109.0,No
41321.0,73.0,Post-menopausal,159.0,87.0,No
41324.0,85.0,Post-menopausal,196.0,129.0,No
41327.0,15.0,Pre-menopausal,140.0,63.0,No
41329.0,18.0,Pre-menopausal,183.0,109.0,No
41336.0,30.0,Pre-menopausal,196.0,120.0,No
41340.0,37.0,Pre-menopausal,152.0,77.0,No
41344.0,12.0,Pre-menopausal,163.0,68.0,No
41351.0,20.0,Pre-menopausal,199.0,110.0,No
41354.0,14.0,Pre-menopausal,252.0,153.0,No
41356.0,83.0,Post-menopausal,184.0,82.0,No
41361.0,23.0,Pre-menopausal,143.0,84.0,No
41366.0,14.0,Pre-menopausal,187.0,112.0,No
41375.0,66.0,Post-menopausal,194.0,89.0,No
41377.0,17.0,Pre-menopausal,194.0,124.0,No
41382.0,59.0,Post-menopausal,161.0,92.0,No
41386.0,27.0,Pre-menopausal,207.0,106.0,No
41388.0,33.0,Pre-menopausal,215.0,146.0,No
41405.0,85.0,Pre-menopausal,201.0,113.0,No
41407.0,16.0,Pre-menopausal,180.0,103.0,No
41414.0,22.0,Pre-menopausal,163.0,90.0,No
41428.0,34.0,Pre-menopausal,222.0,135.0,No
41435.0,12.0,Pre-menopausal,172.0,85.0,No
41438.0,25.0,Pre-menopausal,205.0,83.0,No
41449.0,21.0,Pre-menopausal,177.0,103.0,No
41459.0,26.0,Pre-menopausal,205.0,80.0,No
41464.0,60.0,Post-menopausal,186.0,110.0,No
41465.0,18.0,Pre-menopausal,152.0,96.0,No
41467.0,12.0,Pre-menopausal,147.0,80.0,No
41474.0,16.0,Post-menopausal,101.0,35.0,No
41485.0,30.0,Pre-menopausal,188.0,119.0,No
41486.0,61.0,Post-menopausal,194.0,110.0,No
41489.0,40.0,Pre-menopausal,188.0,106.0,No
41512.0,80.0,Pre-menopausal,249.0,139.0,No
41513.0,80.0,Pre-menopausal,215.0,121.0,No
41524.0,80.0,Post-menopausal,205.0,118.0,No
41534.0,37.0,Pre-menopausal,168.0,111.0,No
41536.0,44.0,Pre-menopausal,230.0,161.0,No
41537.0,16.0,Pre-menopausal,123.0,75.0,No
41541.0,43.0,Pre-menopausal,182.0,118.0,No
41542.0,60.0,Post-menopausal,185.0,95.0,No
41549.0,61.0,Post-menopausal,191.0,113.0,No
41553.0,15.0,Pre-menopausal,128.0,64.0,No
41563.0,46.0,Pre-menopausal,273.0,148.0,No
41579.0,71.0,Post-menopausal,268.0,155.0,No
41584.0,16.0,Pre-menopausal,189.0,130.0,No
41587.0,44.0,Post-menopausal,223.0,122.0,No
41607.0,46.0,Pre-menopausal,249.0,111.0,No
41612.0,80.0,Post-menopausal,341.0,253.0,Yes
41616.0,67.0,Post-menopausal,155.0,92.0,No
41617.0,80.0,Post-menopausal,147.0,76.0,No
41624.0,68.0,Post-menopausal,203.0,100.0,No
41625.0,26.0,Pre-menopausal,166.0,88.0,No
41628.0,23.0,Pre-menopausal,151.0,85.0,No
41629.0,23.0,Pre-menopausal,173.0,108.0,No
41641.0,80.0,Post-menopausal,211.0,122.0,No
41652.0,70.0,Post-menopausal,205.0,114.0,No
41654.0,80.0,Post-menopausal,301.0,212.0,Yes
41656.0,14.0,Pre-menopausal,124.0,61.0,No
41666.0,43.0,Post-menopausal,299.0,191.0,No
41675.0,71.0,Post-menopausal,177.0,79.0,Yes
41681.0,14.0,Pre-menopausal,128.0,68.0,No
41682.0,44.0,Pre-menopausal,202.0,126.0,No
41694.0,60.0,Post-menopausal,246.0,147.0,No
41701.0,13.0,Pre-menopausal,175.0,116.0,No
41702.0,55.0,Post-menopausal,242.0,162.0,No
41718.0,50.0,Post-menopausal,218.0,135.0,No
41725.0,77.0,Post-menopausal,176.0,97.0,No
41728.0,47.0,Pre-menopausal,171.0,70.0,No
41737.0,28.0,Pre-menopausal,157.0,65.0,No
41748.0,62.0,Pre-menopausal,254.0,160.0,Yes
41749.0,28.0,Pre-menopausal,188.0,105.0,No
41756.0,60.0,Post-menopausal,197.0,119.0,No
41760.0,73.0,Post-menopausal,200.0,103.0,No
41775.0,61.0,Post-menopausal,269.0,157.0,No
41776.0,48.0,Pre-menopausal,291.0,166.0,No
41778.0,14.0,Pre-menopausal,133.0,58.0,No
41779.0,18.0,Pre-menopausal,140.0,53.0,No
41783.0,80.0,Post-menopausal,233.0,139.0,No
41788.0,38.0,Pre-menopausal,201.0,127.0,No
41796.0,60.0,Post-menopausal,172.0,104.0,Yes
41802.0,30.0,Pre-menopausal,203.0,125.0,No
41808.0,68.0,Post-menopausal,204.0,110.0,No
41811.0,36.0,Pre-menopausal,252.0,191.0,No
41820.0,79.0,Post-menopausal,313.0,221.0,Yes
41824.0,15.0,Pre-menopausal,120.0,62.0,No
41825.0,63.0,Post-menopausal,218.0,101.0,No
41828.0,15.0,Pre-menopausal,171.0,101.0,No
41839.0,43.0,Pre-menopausal,172.0,104.0,No
41857.0,30.0,Pre-menopausal,163.0,104.0,No
41863.0,48.0,Pre-menopausal,175.0,62.0,No
41866.0,14.0,Pre-menopausal,142.0,72.0,No
41878.0,46.0,Pre-menopausal,221.0,125.0,No
41883.0,42.0,Pre-menopausal,153.0,78.0,No
41907.0,23.0,Pre-menopausal,120.0,71.0,No
41911.0,19.0,Pre-menopausal,146.0,85.0,No
41919.0,53.0,Post-menopausal,166.0,98.0,No
41922.0,33.0,Pre-menopausal,172.0,89.0,No
41923.0,60.0,Post-menopausal,224.0,134.0,No
41946.0,65.0,Post-menopausal,175.0,107.0,No
41949.0,18.0,Pre-menopausal,183.0,106.0,No
41952.0,71.0,Post-menopausal,231.0,136.0,No
41969.0,61.0,Post-menopausal,210.0,115.0,No
41981.0,55.0,Post-menopausal,236.0,142.0,No
41983.0,71.0,Pre-menopausal,250.0,156.0,No
41984.0,78.0,Pre-menopausal,155.0,64.0,No
41988.0,52.0,Pre-menopausal,220.0,140.0,No
41993.0,59.0,Post-menopausal,244.0,165.0,No
42009.0,38.0,Pre-menopausal,211.0,88.0,No
42025.0,43.0,Pre-menopausal,194.0,113.0,No
42047.0,52.0,Post-menopausal,197.0,122.0,No
42053.0,38.0,Post-menopausal,212.0,102.0,No
42056.0,57.0,Post-menopausal,228.0,105.0,No
42058.0,33.0,Pre-menopausal,142.0,80.0,No
42069.0,36.0,Pre-menopausal,164.0,99.0,No
42071.0,44.0,Post-menopausal,149.0,80.0,No
42085.0,57.0,Post-menopausal,232.0,157.0,No
42087.0,32.0,Pre-menopausal,174.0,92.0,No
42103.0,67.0,Post-menopausal,165.0,64.0,No
42109.0,29.0,Pre-menopausal,200.0,111.0,No
42118.0,23.0,Post-menopausal,183.0,88.0,No
42119.0,38.0,Post-menopausal,239.0,149.0,No
42127.0,60.0,Post-menopausal,201.0,104.0,No
42132.0,37.0,Pre-menopausal,194.0,120.0,No
42134.0,27.0,Pre-menopausal,148.0,67.0,No
42141.0,16.0,Pre-menopausal,148.0,88.0,No
42150.0,12.0,Pre-menopausal,146.0,64.0,No
42152.0,49.0,Pre-menopausal,165.0,107.0,No
42157.0,67.0,Post-menopausal,232.0,148.0,No
42160.0,43.0,Pre-menopausal,168.0,94.0,No
42167.0,80.0,Post-menopausal,221.0,120.0,No
42172.0,71.0,Post-menopausal,158.0,61.0,No
42177.0,34.0,Pre-menopausal,268.0,185.0,No
42183.0,41.0,Post-menopausal,194.0,137.0,No
42187.0,52.0,Post-menopausal,177.0,111.0,No
42198.0,26.0,Pre-menopausal,166.0,90.0,No
42202.0,30.0,Pre-menopausal,172.0,85.0,No
42210.0,25.0,Pre-menopausal,215.0,141.0,No
42211.0,61.0,Post-menopausal,245.0,135.0,No
42213.0,15.0,Pre-menopausal,166.0,87.0,No
42217.0,80.0,Pre-menopausal,223.0,130.0,No
42219.0,18.0,Pre-menopausal,149.0,82.0,No
42252.0,21.0,Pre-menopausal,229.0,136.0,No
42275.0,63.0,Post-menopausal,218.0,133.0,No
42281.0,24.0,Pre-menopausal,151.0,73.0,No
42283.0,41.0,Pre-menopausal,291.0,166.0,No
42284.0,51.0,Post-menopausal,211.0,118.0,No
42285.0,61.0,Post-menopausal,206.0,111.0,No
42287.0,66.0,Post-menopausal,160.0,71.0,No
42291.0,70.0,Post-menopausal,224.0,155.0,No
42296.0,80.0,Post-menopausal,258.0,161.0,No
42297.0,65.0,Post-menopausal,154.0,88.0,No
42304.0,26.0,Pre-menopausal,154.0,95.0,No
42308.0,23.0,Pre-menopausal,186.0,111.0,No
42309.0,58.0,Post-menopausal,178.0,88.0,No
42311.0,67.0,Post-menopausal,167.0,82.0,No
42315.0,33.0,Pre-menopausal,148.0,60.0,No
42320.0,16.0,Pre-menopausal,166.0,96.0,No
42321.0,62.0,Post-menopausal,192.0,107.0,No
42331.0,31.0,Pre-menopausal,204.0,128.0,No
42337.0,12.0,Pre-menopausal,161.0,90.0,No
42340.0,60.0,Post-menopausal,206.0,110.0,No
42357.0,25.0,Pre-menopausal,214.0,141.0,No
42358.0,64.0,Post-menopausal,168.0,91.0,No
42365.0,58.0,Post-menopausal,250.0,169.0,No
42369.0,80.0,Post-menopausal,218.0,136.0,No
42373.0,25.0,Pre-menopausal,155.0,99.0,No
42376.0,21.0,Pre-menopausal,122.0,45.0,No
42379.0,62.0,Post-menopausal,261.0,157.0,No
42382.0,46.0,Pre-menopausal,235.0,161.0,No
42402.0,61.0,Post-menopausal,203.0,135.0,No
42427.0,44.0,Pre-menopausal,242.0,143.0,No
42432.0,23.0,Pre-menopausal,138.0,80.0,No
42436.0,38.0,Pre-menopausal,228.0,137.0,No
42454.0,80.0,Post-menopausal,273.0,177.0,No
42466.0,13.0,Pre-menopausal,107.0,46.0,No
42467.0,27.0,Pre-menopausal,173.0,125.0,No
42479.0,55.0,Post-menopausal,217.0,149.0,No
42482.0,35.0,Pre-menopausal,262.0,160.0,No
42484.0,72.0,Post-menopausal,141.0,56.0,Yes
42488.0,12.0,Pre-menopausal,147.0,94.0,No
42491.0,60.0,Post-menopausal,225.0,146.0,No
42501.0,19.0,Pre-menopausal,121.0,66.0,No
42517.0,60.0,Post-menopausal,191.0,83.0,No
42527.0,53.0,Pre-menopausal,236.0,162.0,No
42531.0,63.0,Post-menopausal,206.0,124.0,Yes
42533.0,66.0,Post-menopausal,188.0,101.0,No
42541.0,72.0,Post-menopausal,211.0,108.0,No
42544.0,67.0,Post-menopausal,163.0,61.0,No
42554.0,20.0,Pre-menopausal,216.0,143.0,No
42556.0,12.0,Pre-menopausal,178.0,101.0,No
42575.0,41.0,Post-menopausal,159.0,68.0,No
42581.0,44.0,Pre-menopausal,186.0,106.0,No
42587.0,48.0,Pre-menopausal,162.0,91.0,No
42592.0,53.0,Post-menopausal,218.0,148.0,No
42596.0,59.0,Post-menopausal,211.0,139.0,No
42599.0,67.0,Post-menopausal,207.0,123.0,No
42604.0,43.0,Pre-menopausal,282.0,183.0,No
42626.0,55.0,Post-menopausal,231.0,125.0,No
42629.0,60.0,Post-menopausal,197.0,123.0,No
42632.0,65.0,Post-menopausal,223.0,133.0,Yes
42634.0,22.0,Pre-menopausal,171.0,113.0,No
42640.0,79.0,Post-menopausal,97.0,44.0,No
42656.0,55.0,Post-menopausal,155.0,70.0,No
42668.0,65.0,Post-menopausal,209.0,109.0,No
42672.0,64.0,Post-menopausal,194.0,121.0,No
42679.0,37.0,Pre-menopausal,175.0,102.0,No
42680.0,39.0,Pre-menopausal,188.0,128.0,No
42686.0,49.0,Post-menopausal,205.0,114.0,No
42687.0,46.0,Pre-menopausal,173.0,90.0,No
42689.0,39.0,Pre-menopausal,113.0,53.0,No
42692.0,63.0,Post-menopausal,229.0,149.0,No
42701.0,25.0,Pre-menopausal,147.0,72.0,No
42702.0,70.0,Post-menopausal,158.0,93.0,No
42703.0,42.0,Pre-menopausal,157.0,82.0,No
42712.0,63.0,Post-menopausal,204.0,131.0,No
42713.0,39.0,Pre-menopausal,227.0,140.0,No
42714.0,80.0,Pre-menopausal,159.0,79.0,Yes
42730.0,17.0,Pre-menopausal,157.0,96.0,No
42745.0,51.0,Post-menopausal,161.0,81.0,Yes
42746.0,69.0,Post-menopausal,236.0,153.0,No
42752.0,63.0,Post-menopausal,254.0,166.0,Yes
42764.0,68.0,Post-menopausal,162.0,56.0,No
42769.0,73.0,Post-menopausal,313.0,232.0,No
42785.0,22.0,Pre-menopausal,221.0,136.0,No
42787.0,35.0,Pre-menopausal,184.0,118.0,No
42797.0,35.0,Pre-menopausal,193.0,110.0,No
42801.0,50.0,Pre-menopausal,184.0,128.0,No
42806.0,36.0,Post-menopausal,213.0,115.0,No
42814.0,80.0,Post-menopausal,211.0,111.0,Yes
42816.0,31.0,Post-menopausal,197.0,134.0,No
42818.0,77.0,Post-menopausal,256.0,142.0,No
42827.0,69.0,Post-menopausal,257.0,157.0,No
42830.0,65.0,Post-menopausal,205.0,133.0,Yes
42838.0,54.0,Post-menopausal,206.0,112.0,No
42839.0,29.0,Pre-menopausal,230.0,142.0,No
42840.0,45.0,Pre-menopausal,225.0,125.0,No
42845.0,80.0,Post-menopausal,128.0,64.0,Yes
42854.0,16.0,Pre-menopausal,166.0,111.0,No
42862.0,21.0,Pre-menopausal,182.0,112.0,No
42880.0,28.0,Pre-menopausal,172.0,90.0,No
42881.0,17.0,Pre-menopausal,242.0,165.0,No
42897.0,32.0,Pre-menopausal,113.0,63.0,No
42898.0,63.0,Post-menopausal,158.0,80.0,No
42902.0,31.0,Pre-menopausal,226.0,151.0,No
42903.0,22.0,Pre-menopausal,184.0,94.0,No
42904.0,47.0,Pre-menopausal,205.0,123.0,No
42908.0,80.0,Post-menopausal,227.0,144.0,No
42918.0,60.0,Post-menopausal,192.0,112.0,No
42940.0,71.0,Post-menopausal,169.0,86.0,No
42956.0,19.0,Pre-menopausal,123.0,67.0,No
42960.0,59.0,Post-menopausal,286.0,185.0,No
42973.0,37.0,Pre-menopausal,147.0,70.0,No
42981.0,65.0,Post-menopausal,189.0,106.0,No
42986.0,32.0,Pre-menopausal,143.0,91.0,No
42991.0,30.0,Pre-menopausal,175.0,83.0,No
42998.0,17.0,Pre-menopausal,133.0,77.0,No
43001.0,57.0,Post-menopausal,276.0,157.0,No
43005.0,80.0,Post-menopausal,186.0,112.0,No
43016.0,73.0,Post-menopausal,201.0,124.0,No
43018.0,68.0,Post-menopausal,209.0,128.0,No
43024.0,50.0,Post-menopausal,248.0,145.0,No
43025.0,80.0,Post-menopausal,220.0,138.0,No
43031.0,80.0,Post-menopausal,183.0,104.0,No
43035.0,16.0,Pre-menopausal,135.0,84.0,No
43036.0,56.0,Post-menopausal,252.0,186.0,No
43044.0,28.0,Pre-menopausal,150.0,86.0,No
43048.0,16.0,Pre-menopausal,187.0,108.0,No
43056.0,37.0,Pre-menopausal,160.0,81.0,No
43065.0,33.0,Pre-menopausal,157.0,83.0,No
43067.0,30.0,Pre-menopausal,157.0,71.0,No
43080.0,80.0,Pre-menopausal,217.0,139.0,No
43086.0,42.0,Pre-menopausal,215.0,103.0,No
43091.0,47.0,Post-menopausal,172.0,121.0,No
43092.0,48.0,Post-menopausal,207.0,96.0,No
43097.0,80.0,Post-menopausal,195.0,122.0,No
43117.0,33.0,Pre-menopausal,189.0,104.0,No
43124.0,46.0,Pre-menopausal,219.0,134.0,No
43134.0,38.0,Pre-menopausal,202.0,106.0,No
43148.0,16.0,Pre-menopausal,197.0,136.0,No
43165.0,49.0,Pre-menopausal,163.0,96.0,No
43167.0,38.0,Pre-menopausal,169.0,84.0,No
43180.0,64.0,Post-menopausal,168.0,92.0,No
43191.0,56.0,Post-menopausal,193.0,99.0,No
43193.0,28.0,Pre-menopausal,198.0,113.0,No
43195.0,52.0,Pre-menopausal,178.0,101.0,No
43199.0,22.0,Pre-menopausal,130.0,44.0,No
43204.0,80.0,Post-menopausal,174.0,96.0,No
43205.0,24.0,Pre-menopausal,117.0,65.0,No
43211.0,80.0,Pre-menopausal,246.0,162.0,No
43214.0,54.0,Pre-menopausal,192.0,134.0,No
43215.0,31.0,Pre-menopausal,150.0,78.0,No
43219.0,14.0,Pre-menopausal,150.0,66.0,No
43222.0,15.0,Pre-menopausal,155.0,77.0,No
43230.0,29.0,Pre-menopausal,227.0,150.0,No
43240.0,72.0,Post-menopausal,219.0,130.0,No
43246.0,21.0,Pre-menopausal,234.0,116.0,No
43248.0,24.0,Pre-menopausal,171.0,100.0,No
43256.0,36.0,Pre-menopausal,174.0,91.0,No
43258.0,12.0,Pre-menopausal,136.0,82.0,No
43263.0,27.0,Pre-menopausal,162.0,104.0,No
43264.0,46.0,Pre-menopausal,256.0,164.0,No
43268.0,70.0,Post-menopausal,152.0,70.0,No
43269.0,65.0,Post-menopausal,234.0,159.0,Yes
43271.0,53.0,Post-menopausal,171.0,113.0,Yes
43273.0,28.0,Pre-menopausal,121.0,65.0,No
43279.0,16.0,Pre-menopausal,213.0,112.0,No
43280.0,45.0,Pre-menopausal,194.0,113.0,Yes
43288.0,61.0,Pre-menopausal,155.0,78.0,No
43293.0,52.0,Post-menopausal,222.0,152.0,No
43296.0,65.0,Post-menopausal,198.0,135.0,No
43300.0,45.0,Post-menopausal,239.0,148.0,No
43301.0,66.0,Post-menopausal,151.0,84.0,No
43302.0,68.0,Post-menopausal,211.0,128.0,Yes
43305.0,77.0,Post-menopausal,175.0,89.0,Yes
43309.0,15.0,Pre-menopausal,144.0,83.0,No
43317.0,60.0,Post-menopausal,210.0,104.0,No
43318.0,63.0,Post-menopausal,240.0,162.0,No
43322.0,17.0,Pre-menopausal,157.0,107.0,No
43330.0,72.0,Post-menopausal,175.0,92.0,No
43338.0,26.0,Pre-menopausal,191.0,98.0,No
43340.0,34.0,Pre-menopausal,165.0,98.0,No
43347.0,37.0,Pre-menopausal,165.0,90.0,No
43353.0,71.0,Post-menopausal,216.0,96.0,No
43356.0,34.0,Pre-menopausal,198.0,114.0,No
43361.0,15.0,Pre-menopausal,158.0,93.0,No
43367.0,41.0,Pre-menopausal,188.0,116.0,No
43370.0,38.0,Pre-menopausal,256.0,166.0,Yes
43375.0,47.0,Pre-menopausal,194.0,103.0,No
43383.0,60.0,Post-menopausal,228.0,145.0,No
43399.0,58.0,Post-menopausal,252.0,185.0,No
43404.0,40.0,Pre-menopausal,139.0,85.0,No
43407.0,55.0,Post-menopausal,273.0,176.0,No
43412.0,27.0,Pre-menopausal,156.0,84.0,No
43413.0,61.0,Post-menopausal,195.0,118.0,No
43424.0,37.0,Pre-menopausal,274.0,183.0,No
43425.0,32.0,Pre-menopausal,184.0,108.0,No
43435.0,34.0,Pre-menopausal,173.0,98.0,No
43441.0,63.0,Post-menopausal,225.0,132.0,No
43447.0,76.0,Post-menopausal,177.0,84.0,No
43452.0,80.0,Post-menopausal,243.0,126.0,No
43466.0,47.0,Pre-menopausal,166.0,98.0,No
43473.0,25.0,Pre-menopausal,178.0,104.0,No
43474.0,69.0,Post-menopausal,182.0,97.0,No
43492.0,51.0,Post-menopausal,154.0,85.0,No
43503.0,58.0,Pre-menopausal,186.0,80.0,No
43517.0,33.0,Pre-menopausal,182.0,107.0,No
43521.0,45.0,Post-menopausal,225.0,150.0,No
43529.0,38.0,Pre-menopausal,223.0,159.0,No
43536.0,15.0,Pre-menopausal,111.0,57.0,No
43539.0,13.0,Pre-menopausal,136.0,77.0,No
43540.0,65.0,Post-menopausal,202.0,125.0,No
43542.0,60.0,Post-menopausal,256.0,130.0,No
43546.0,72.0,Post-menopausal,229.0,138.0,No
43552.0,45.0,Pre-menopausal,194.0,130.0,No
43553.0,24.0,Pre-menopausal,151.0,78.0,No
43560.0,47.0,Post-menopausal,158.0,89.0,No
43564.0,29.0,Post-menopausal,197.0,105.0,No
43567.0,79.0,Post-menopausal,172.0,85.0,Yes
43583.0,24.0,Pre-menopausal,170.0,89.0,No
43588.0,44.0,Pre-menopausal,128.0,73.0,No
43592.0,69.0,Post-menopausal,172.0,85.0,No
43599.0,77.0,Post-menopausal,241.0,162.0,Yes
43602.0,54.0,Post-menopausal,175.0,97.0,No
43607.0,54.0,Pre-menopausal,195.0,112.0,No
43616.0,18.0,Pre-menopausal,170.0,93.0,No
43617.0,47.0,Pre-menopausal,240.0,138.0,No
43629.0,26.0,Pre-menopausal,174.0,105.0,No
43631.0,16.0,Pre-menopausal,122.0,52.0,No
43632.0,65.0,Post-menopausal,171.0,87.0,No
43641.0,20.0,Post-menopausal,254.0,176.0,No
43647.0,31.0,Pre-menopausal,188.0,113.0,No
43651.0,12.0,Pre-menopausal,184.0,120.0,No
43680.0,57.0,Post-menopausal,262.0,201.0,No
43682.0,80.0,Post-menopausal,172.0,65.0,No
43691.0,44.0,Pre-menopausal,197.0,116.0,No
43692.0,47.0,Post-menopausal,126.0,59.0,No
43727.0,46.0,Pre-menopausal,217.0,136.0,No
43737.0,12.0,Pre-menopausal,197.0,132.0,No
43740.0,34.0,Pre-menopausal,143.0,82.0,No
43741.0,14.0,Pre-menopausal,139.0,66.0,No
43748.0,80.0,Post-menopausal,227.0,122.0,Yes
43757.0,62.0,Post-menopausal,288.0,174.0,No
43768.0,58.0,Post-menopausal,158.0,79.0,No
43769.0,80.0,Post-menopausal,250.0,122.0,Yes
43770.0,43.0,Pre-menopausal,213.0,125.0,No
43771.0,68.0,Post-menopausal,238.0,136.0,No
43772.0,58.0,Post-menopausal,203.0,133.0,No
43790.0,36.0,Pre-menopausal,171.0,98.0,No
43816.0,77.0,Post-menopausal,127.0,59.0,Yes
43817.0,19.0,Pre-menopausal,146.0,78.0,No
43818.0,17.0,Pre-menopausal,144.0,71.0,No
43830.0,44.0,Pre-menopausal,217.0,137.0,No
43839.0,67.0,Post-menopausal,273.0,181.0,No
43840.0,80.0,Pre-menopausal,192.0,113.0,Yes
43844.0,36.0,Pre-menopausal,203.0,119.0,No
43847.0,65.0,Post-menopausal,223.0,134.0,No
43852.0,52.0,Post-menopausal,183.0,109.0,No
43864.0,65.0,Post-menopausal,193.0,111.0,No
43865.0,52.0,Pre-menopausal,197.0,126.0,No
43873.0,14.0,Pre-menopausal,172.0,111.0,No
43882.0,50.0,Post-menopausal,225.0,158.0,No
43886.0,22.0,Pre-menopausal,133.0,59.0,No
43887.0,80.0,Post-menopausal,175.0,91.0,No
43888.0,43.0,Pre-menopausal,236.0,164.0,No
43893.0,45.0,Post-menopausal,241.0,167.0,No
43895.0,50.0,Post-menopausal,173.0,95.0,Yes
43896.0,48.0,Post-menopausal,288.0,206.0,No
43902.0,41.0,Pre-menopausal,223.0,124.0,No
43908.0,55.0,Pre-menopausal,207.0,117.0,No
43912.0,21.0,Pre-menopausal,150.0,92.0,No
43913.0,16.0,Pre-menopausal,187.0,111.0,No
43914.0,54.0,Post-menopausal,184.0,92.0,Yes
43916.0,55.0,Post-menopausal,188.0,90.0,No
43924.0,45.0,Pre-menopausal,170.0,110.0,No
43935.0,29.0,Pre-menopausal,211.0,126.0,No
43944.0,34.0,Pre-menopausal,205.0,140.0,No
43955.0,27.0,Pre-menopausal,174.0,99.0,No
43956.0,80.0,Pre-menopausal,222.0,130.0,No
43959.0,57.0,Post-menopausal,216.0,125.0,No
43986.0,23.0,Pre-menopausal,166.0,98.0,No
43991.0,61.0,Post-menopausal,170.0,99.0,No
43992.0,21.0,Pre-menopausal,174.0,110.0,No
43995.0,80.0,Post-menopausal,161.0,81.0,No
43999.0,51.0,Pre-menopausal,222.0,144.0,No
44010.0,72.0,Post-menopausal,165.0,88.0,No
44011.0,36.0,Pre-menopausal,155.0,84.0,No
44012.0,48.0,Post-menopausal,209.0,107.0,No
44021.0,71.0,Post-menopausal,187.0,100.0,No
44032.0,47.0,Pre-menopausal,242.0,173.0,No
44034.0,49.0,Pre-menopausal,212.0,103.0,No
44037.0,13.0,Pre-menopausal,125.0,62.0,No
44039.0,57.0,Pre-menopausal,152.0,79.0,No
44043.0,19.0,Pre-menopausal,175.0,62.0,No
44052.0,41.0,Post-menopausal,181.0,105.0,No
44057.0,22.0,Pre-menopausal,179.0,86.0,No
44060.0,69.0,Post-menopausal,202.0,110.0,No
44065.0,16.0,Pre-menopausal,119.0,68.0,No
44071.0,43.0,Pre-menopausal,127.0,51.0,No
44090.0,66.0,Post-menopausal,214.0,112.0,No
44093.0,36.0,Pre-menopausal,190.0,107.0,No
44095.0,24.0,Pre-menopausal,185.0,90.0,No
44104.0,80.0,Post-menopausal,166.0,74.0,Yes
44112.0,32.0,Pre-menopausal,216.0,139.0,No
44117.0,67.0,Post-menopausal,176.0,109.0,No
44128.0,29.0,Pre-menopausal,166.0,101.0,No
44129.0,51.0,Pre-menopausal,218.0,146.0,No
44132.0,57.0,Post-menopausal,191.0,106.0,No
44134.0,17.0,Pre-menopausal,171.0,70.0,No
44141.0,77.0,Post-menopausal,135.0,63.0,No
44145.0,16.0,Pre-menopausal,183.0,105.0,No
44148.0,32.0,Pre-menopausal,192.0,131.0,No
44149.0,80.0,Post-menopausal,195.0,95.0,No
44159.0,18.0,Pre-menopausal,227.0,157.0,No
44160.0,33.0,Pre-menopausal,195.0,109.0,No
44162.0,72.0,Post-menopausal,203.0,119.0,No
44163.0,45.0,Pre-menopausal,189.0,64.0,No
44171.0,27.0,Pre-menopausal,142.0,93.0,No
44177.0,26.0,Pre-menopausal,121.0,45.0,No
44190.0,71.0,Post-menopausal,181.0,89.0,No
44197.0,23.0,Pre-menopausal,184.0,116.0,No
44203.0,35.0,Pre-menopausal,209.0,131.0,No
44213.0,50.0,Post-menopausal,212.0,132.0,No
44229.0,72.0,Post-menopausal,187.0,99.0,No
44237.0,29.0,Pre-menopausal,190.0,105.0,No
44245.0,40.0,Pre-menopausal,243.0,167.0,No
44247.0,37.0,Pre-menopausal,169.0,95.0,No
44250.0,33.0,Pre-menopausal,245.0,177.0,No
44269.0,40.0,Pre-menopausal,211.0,149.0,No
44291.0,39.0,Post-menopausal,308.0,238.0,Yes
44296.0,73.0,Post-menopausal,171.0,84.0,No
44307.0,57.0,Post-menopausal,126.0,69.0,No
44321.0,14.0,Pre-menopausal,153.0,81.0,No
44324.0,80.0,Post-menopausal,167.0,79.0,No
44333.0,78.0,Post-menopausal,194.0,109.0,No
44338.0,32.0,Pre-menopausal,164.0,88.0,No
44345.0,74.0,Post-menopausal,232.0,142.0,No
44356.0,60.0,Post-menopausal,211.0,102.0,No
44358.0,25.0,Pre-menopausal,219.0,137.0,No
44369.0,56.0,Post-menopausal,172.0,86.0,No
44378.0,13.0,Pre-menopausal,147.0,88.0,No
44382.0,39.0,Pre-menopausal,217.0,152.0,No
44387.0,43.0,Pre-menopausal,169.0,88.0,No
44405.0,64.0,Post-menopausal,215.0,127.0,No
44410.0,65.0,Post-menopausal,191.0,102.0,No
44412.0,34.0,Pre-menopausal,182.0,115.0,No
44415.0,48.0,Pre-menopausal,217.0,137.0,No
44419.0,17.0,Pre-menopausal,171.0,104.0,No
44424.0,62.0,Post-menopausal,231.0,115.0,No
44455.0,64.0,Post-menopausal,181.0,107.0,No
44458.0,33.0,Pre-menopausal,188.0,101.0,No
44465.0,63.0,Post-menopausal,182.0,108.0,No
44467.0,16.0,Pre-menopausal,172.0,115.0,No
44468.0,19.0,Pre-menopausal,126.0,74.0,No
44474.0,73.0,Post-menopausal,205.0,117.0,No
44477.0,19.0,Pre-menopausal,222.0,149.0,No
44478.0,36.0,Pre-menopausal,196.0,101.0,No
44481.0,51.0,Pre-menopausal,259.0,152.0,No
44486.0,29.0,Pre-menopausal,179.0,111.0,No
44508.0,80.0,Post-menopausal,217.0,160.0,No
44514.0,58.0,Post-menopausal,232.0,147.0,No
44521.0,80.0,Post-menopausal,169.0,83.0,Yes
44534.0,36.0,Pre-menopausal,166.0,81.0,No
44548.0,13.0,Pre-menopausal,131.0,81.0,No
44550.0,66.0,Post-menopausal,214.0,115.0,No
44559.0,45.0,Pre-menopausal,187.0,107.0,No
44565.0,23.0,Pre-menopausal,190.0,102.0,No
44568.0,35.0,Pre-menopausal,182.0,122.0,No
44571.0,15.0,Pre-menopausal,148.0,77.0,No
44576.0,45.0,Post-menopausal,263.0,167.0,No
44580.0,32.0,Pre-menopausal,228.0,143.0,No
44582.0,80.0,Post-menopausal,141.0,72.0,No
44586.0,30.0,Pre-menopausal,189.0,117.0,No
44587.0,75.0,Post-menopausal,129.0,76.0,No
44603.0,52.0,Pre-menopausal,169.0,102.0,Yes
44604.0,41.0,Pre-menopausal,193.0,88.0,No
44608.0,20.0,Pre-menopausal,147.0,75.0,No
44614.0,62.0,Post-menopausal,255.0,131.0,No
44617.0,53.0,Post-menopausal,188.0,103.0,No
44623.0,25.0,Pre-menopausal,203.0,106.0,No
44642.0,21.0,Pre-menopausal,149.0,82.0,No
44661.0,60.0,Post-menopausal,251.0,123.0,No
44663.0,41.0,Pre-menopausal,175.0,110.0,No
44670.0,16.0,Pre-menopausal,222.0,138.0,No
44673.0,64.0,Post-menopausal,187.0,123.0,No
44676.0,59.0,Post-menopausal,277.0,186.0,Yes
44679.0,80.0,Post-menopausal,192.0,128.0,Yes
44695.0,41.0,Pre-menopausal,219.0,130.0,No
44711.0,44.0,Post-menopausal,238.0,151.0,No
44712.0,48.0,Pre-menopausal,179.0,115.0,No
44713.0,14.0,Pre-menopausal,161.0,102.0,No
44723.0,34.0,Pre-menopausal,174.0,102.0,No
44732.0,53.0,Pre-menopausal,182.0,131.0,No
44758.0,59.0,Post-menopausal,180.0,87.0,No
44774.0,68.0,Post-menopausal,218.0,125.0,No
44775.0,35.0,Pre-menopausal,140.0,75.0,No
44778.0,53.0,Pre-menopausal,189.0,97.0,No
44779.0,17.0,Pre-menopausal,143.0,71.0,No
44789.0,36.0,Pre-menopausal,134.0,76.0,No
44790.0,50.0,Post-menopausal,220.0,150.0,No
44792.0,53.0,Post-menopausal,201.0,136.0,Yes
44793.0,51.0,Pre-menopausal,189.0,104.0,No
44802.0,31.0,Pre-menopausal,170.0,100.0,No
44804.0,80.0,Post-menopausal,101.0,39.0,Yes
44811.0,67.0,Post-menopausal,215.0,130.0,Yes
44815.0,21.0,Pre-menopausal,232.0,128.0,No
44824.0,26.0,Pre-menopausal,142.0,86.0,No
44825.0,50.0,Pre-menopausal,178.0,116.0,No
44838.0,71.0,Post-menopausal,253.0,180.0,No
44839.0,75.0,Post-menopausal,113.0,50.0,Yes
44843.0,24.0,Pre-menopausal,238.0,157.0,No
44845.0,30.0,Pre-menopausal,170.0,88.0,No
44854.0,80.0,Post-menopausal,233.0,148.0,No
44869.0,45.0,Pre-menopausal,269.0,178.0,No
44876.0,55.0,Post-menopausal,281.0,205.0,No
44891.0,50.0,Post-menopausal,160.0,86.0,No
44893.0,44.0,Pre-menopausal,196.0,89.0,No
44900.0,19.0,Pre-menopausal,179.0,96.0,No
44901.0,22.0,Pre-menopausal,154.0,49.0,No
44909.0,22.0,Pre-menopausal,164.0,97.0,No
44913.0,15.0,Pre-menopausal,167.0,100.0,No
44914.0,59.0,Post-menopausal,206.0,107.0,No
44947.0,16.0,Pre-menopausal,214.0,130.0,No
44952.0,13.0,Pre-menopausal,171.0,79.0,No
44960.0,26.0,Pre-menopausal,189.0,113.0,No
44965.0,22.0,Pre-menopausal,141.0,66.0,No
44969.0,30.0,Pre-menopausal,137.0,53.0,No
44970.0,56.0,Post-menopausal,176.0,112.0,No
44971.0,74.0,Post-menopausal,222.0,139.0,No
44973.0,47.0,Pre-menopausal,218.0,142.0,No
44979.0,15.0,Pre-menopausal,121.0,46.0,No
44984.0,80.0,Post-menopausal,174.0,77.0,No
44987.0,76.0,Pre-menopausal,209.0,126.0,No
44996.0,41.0,Pre-menopausal,232.0,118.0,No
45001.0,17.0,Pre-menopausal,136.0,65.0,No
45009.0,60.0,Post-menopausal,192.0,107.0,Yes
45012.0,44.0,Pre-menopausal,161.0,96.0,No
45023.0,52.0,Pre-menopausal,240.0,159.0,No
45029.0,68.0,Post-menopausal,255.0,146.0,No
45031.0,50.0,Post-menopausal,248.0,140.0,No
45034.0,47.0,Post-menopausal,249.0,140.0,No
45035.0,45.0,Pre-menopausal,171.0,107.0,No
45036.0,42.0,Pre-menopausal,155.0,91.0,No
45044.0,42.0,Pre-menopausal,183.0,111.0,No
45045.0,45.0,Pre-menopausal,201.0,121.0,No
45048.0,16.0,Pre-menopausal,158.0,68.0,No
45052.0,40.0,Pre-menopausal,213.0,130.0,No
45056.0,60.0,Post-menopausal,239.0,133.0,No
45066.0,12.0,Pre-menopausal,196.0,112.0,No
45074.0,23.0,Pre-menopausal,166.0,87.0,No
45087.0,63.0,Post-menopausal,246.0,145.0,No
45099.0,70.0,Post-menopausal,275.0,184.0,No
45100.0,31.0,Post-menopausal,189.0,100.0,No
45113.0,78.0,Post-menopausal,200.0,111.0,No
45116.0,43.0,Pre-menopausal,191.0,107.0,No
45125.0,26.0,Pre-menopausal,201.0,120.0,No
45137.0,51.0,Pre-menopausal,306.0,212.0,No
45142.0,61.0,Post-menopausal,236.0,117.0,Yes
45144.0,46.0,Pre-menopausal,162.0,69.0,Yes
45152.0,64.0,Post-menopausal,237.0,146.0,No
45153.0,63.0,Post-menopausal,244.0,158.0,No
45159.0,21.0,Pre-menopausal,139.0,69.0,No
45163.0,25.0,Pre-menopausal,159.0,92.0,No
45166.0,80.0,Pre-menopausal,254.0,125.0,No
45174.0,74.0,Post-menopausal,241.0,153.0,Yes
45190.0,60.0,Post-menopausal,237.0,149.0,No
45200.0,43.0,Pre-menopausal,276.0,157.0,No
45213.0,19.0,Pre-menopausal,161.0,95.0,No
45217.0,34.0,Pre-menopausal,169.0,76.0,No
45223.0,61.0,Post-menopausal,188.0,108.0,Yes
45231.0,32.0,Pre-menopausal,133.0,76.0,No
45233.0,51.0,Post-menopausal,200.0,128.0,No
45234.0,51.0,Post-menopausal,223.0,151.0,No
45258.0,80.0,Post-menopausal,262.0,154.0,No
45268.0,42.0,Post-menopausal,189.0,108.0,No
45271.0,47.0,Pre-menopausal,129.0,62.0,No
45283.0,22.0,Pre-menopausal,143.0,58.0,No
45286.0,58.0,Post-menopausal,215.0,136.0,No
45290.0,15.0,Pre-menopausal,221.0,152.0,No
45293.0,76.0,Post-menopausal,165.0,103.0,No
45297.0,19.0,Pre-menopausal,167.0,74.0,No
45298.0,67.0,Post-menopausal,216.0,132.0,No
45303.0,45.0,Pre-menopausal,150.0,91.0,No
45313.0,51.0,Pre-menopausal,178.0,105.0,No
45314.0,80.0,Post-menopausal,152.0,73.0,No
45316.0,38.0,Pre-menopausal,160.0,98.0,No
45317.0,43.0,Pre-menopausal,217.0,133.0,No
45320.0,46.0,Pre-menopausal,223.0,155.0,No
45326.0,78.0,Post-menopausal,158.0,69.0,Yes
45330.0,31.0,Pre-menopausal,148.0,66.0,No
45344.0,34.0,Post-menopausal,178.0,104.0,No
45348.0,67.0,Post-menopausal,242.0,152.0,No
45357.0,22.0,Pre-menopausal,163.0,98.0,No
45358.0,26.0,Pre-menopausal,196.0,104.0,No
45366.0,75.0,Post-menopausal,169.0,100.0,No
45367.0,61.0,Pre-menopausal,238.0,161.0,No
45374.0,21.0,Pre-menopausal,184.0,106.0,No
45375.0,51.0,Post-menopausal,228.0,159.0,No
45387.0,80.0,Post-menopausal,254.0,153.0,Yes
45391.0,78.0,Post-menopausal,202.0,114.0,No
45394.0,16.0,Pre-menopausal,118.0,66.0,No
45405.0,24.0,Pre-menopausal,213.0,139.0,No
45407.0,80.0,Post-menopausal,186.0,96.0,No
45416.0,39.0,Pre-menopausal,218.0,136.0,No
45417.0,80.0,Post-menopausal,120.0,55.0,Yes
45421.0,69.0,Post-menopausal,223.0,137.0,No
45433.0,49.0,Pre-menopausal,155.0,67.0,No
45447.0,75.0,Post-menopausal,199.0,94.0,No
45452.0,36.0,Pre-menopausal,114.0,54.0,No
45455.0,12.0,Pre-menopausal,198.0,128.0,No
45464.0,19.0,Pre-menopausal,124.0,56.0,No
45472.0,77.0,Pre-menopausal,286.0,197.0,No
45473.0,38.0,Pre-menopausal,141.0,66.0,No
45488.0,80.0,Post-menopausal,295.0,170.0,No
45496.0,67.0,Post-menopausal,260.0,164.0,No
45505.0,51.0,Post-menopausal,216.0,113.0,No
45518.0,36.0,Pre-menopausal,207.0,120.0,No
45520.0,78.0,Post-menopausal,199.0,104.0,No
45522.0,29.0,Pre-menopausal,166.0,91.0,No
45523.0,71.0,Post-menopausal,180.0,86.0,Yes
45534.0,55.0,Pre-menopausal,141.0,63.0,Yes
45535.0,76.0,Pre-menopausal,249.0,153.0,No
45540.0,19.0,Pre-menopausal,133.0,72.0,No
45542.0,38.0,Pre-menopausal,115.0,41.0,No
45553.0,68.0,Post-menopausal,313.0,169.0,Yes
45555.0,16.0,Pre-menopausal,198.0,103.0,No
45556.0,56.0,Pre-menopausal,204.0,141.0,No
45558.0,73.0,Post-menopausal,147.0,80.0,Yes
45561.0,79.0,Post-menopausal,213.0,128.0,No
45569.0,29.0,Pre-menopausal,176.0,106.0,No
45573.0,52.0,Pre-menopausal,258.0,149.0,No
45580.0,13.0,Pre-menopausal,196.0,101.0,No
45583.0,36.0,Pre-menopausal,149.0,64.0,No
45593.0,50.0,Pre-menopausal,259.0,177.0,No
45610.0,42.0,Pre-menopausal,135.0,72.0,No
45611.0,14.0,Pre-menopausal,175.0,110.0,No
45619.0,14.0,Pre-menopausal,163.0,106.0,No
45628.0,69.0,Pre-menopausal,118.0,56.0,No
45641.0,62.0,Post-menopausal,179.0,105.0,No
45648.0,62.0,Post-menopausal,283.0,192.0,No
45653.0,46.0,Pre-menopausal,183.0,82.0,No
45654.0,42.0,Pre-menopausal,136.0,62.0,Yes
45657.0,36.0,Pre-menopausal,171.0,99.0,No
45659.0,27.0,Pre-menopausal,198.0,95.0,No
45663.0,46.0,Post-menopausal,273.0,194.0,No
45664.0,72.0,Post-menopausal,158.0,82.0,No
45674.0,46.0,Pre-menopausal,203.0,123.0,No
45685.0,73.0,Pre-menopausal,263.0,164.0,No
45688.0,80.0,Post-menopausal,224.0,110.0,No
45694.0,33.0,Pre-menopausal,188.0,94.0,No
45698.0,35.0,Pre-menopausal,198.0,130.0,No
45702.0,34.0,Pre-menopausal,201.0,111.0,No
45708.0,29.0,Pre-menopausal,183.0,119.0,No
45717.0,46.0,Pre-menopausal,221.0,138.0,No
45721.0,31.0,Pre-menopausal,150.0,82.0,No
45723.0,45.0,Post-menopausal,172.0,87.0,No
45727.0,43.0,Post-menopausal,201.0,120.0,No
45728.0,62.0,Post-menopausal,248.0,139.0,No
45738.0,25.0,Pre-menopausal,149.0,92.0,No
45741.0,43.0,Pre-menopausal,171.0,106.0,No
45742.0,15.0,Pre-menopausal,180.0,97.0,No
45745.0,12.0,Pre-menopausal,182.0,110.0,No
45746.0,61.0,Post-menopausal,226.0,149.0,No
45750.0,45.0,Pre-menopausal,194.0,141.0,No
45751.0,45.0,Pre-menopausal,209.0,134.0,No
45753.0,67.0,Post-menopausal,183.0,92.0,No
45756.0,66.0,Post-menopausal,192.0,106.0,No
45768.0,80.0,Pre-menopausal,215.0,137.0,No
45772.0,52.0,Post-menopausal,242.0,160.0,Yes
45777.0,67.0,Post-menopausal,222.0,110.0,No
45784.0,36.0,Pre-menopausal,133.0,65.0,No
45788.0,64.0,Post-menopausal,191.0,113.0,Yes
45795.0,33.0,Pre-menopausal,238.0,118.0,No
45808.0,80.0,Post-menopausal,178.0,98.0,Yes
45811.0,53.0,Pre-menopausal,179.0,104.0,No
45820.0,17.0,Pre-menopausal,165.0,89.0,No
45822.0,19.0,Pre-menopausal,139.0,66.0,No
45823.0,78.0,Post-menopausal,215.0,104.0,No
45826.0,62.0,Post-menopausal,273.0,191.0,Yes
45827.0,29.0,Pre-menopausal,159.0,79.0,No
45830.0,14.0,Pre-menopausal,169.0,96.0,No
45833.0,80.0,Post-menopausal,256.0,153.0,No
45839.0,44.0,Pre-menopausal,193.0,99.0,No
45850.0,53.0,Pre-menopausal,217.0,137.0,No
45851.0,55.0,Post-menopausal,219.0,150.0,No
45856.0,55.0,Post-menopausal,252.0,121.0,No
45867.0,37.0,Pre-menopausal,204.0,130.0,No
45880.0,15.0,Pre-menopausal,180.0,115.0,No
45887.0,49.0,Pre-menopausal,107.0,43.0,No
45889.0,67.0,Post-menopausal,166.0,83.0,No
45898.0,14.0,Pre-menopausal,204.0,118.0,No
45903.0,71.0,Post-menopausal,187.0,101.0,No
45910.0,55.0,Post-menopausal,221.0,129.0,No
45916.0,33.0,Pre-menopausal,167.0,95.0,No
45936.0,49.0,Pre-menopausal,161.0,83.0,No
45946.0,43.0,Pre-menopausal,201.0,121.0,No
45950.0,77.0,Pre-menopausal,246.0,167.0,No
45951.0,58.0,Post-menopausal,268.0,194.0,No
45953.0,80.0,Post-menopausal,171.0,83.0,No
45967.0,40.0,Pre-menopausal,177.0,111.0,No
45970.0,43.0,Pre-menopausal,130.0,52.0,No
45976.0,17.0,Pre-menopausal,139.0,85.0,No
45979.0,28.0,Pre-menopausal,118.0,68.0,No
45981.0,28.0,Pre-menopausal,172.0,92.0,No
45989.0,80.0,Post-menopausal,149.0,57.0,No
45992.0,75.0,Post-menopausal,178.0,76.0,No
45996.0,12.0,Pre-menopausal,123.0,61.0,No
46004.0,30.0,Pre-menopausal,194.0,114.0,No
46017.0,51.0,Post-menopausal,247.0,166.0,No
46018.0,23.0,Pre-menopausal,172.0,81.0,No
46023.0,27.0,Pre-menopausal,161.0,100.0,No
46028.0,80.0,Post-menopausal,247.0,148.0,No
46047.0,55.0,Post-menopausal,225.0,132.0,No
46051.0,80.0,Post-menopausal,274.0,175.0,No
46059.0,73.0,Post-menopausal,145.0,54.0,No
46061.0,41.0,Post-menopausal,210.0,123.0,No
46065.0,31.0,Pre-menopausal,148.0,75.0,Yes
46069.0,74.0,Post-menopausal,202.0,112.0,No
46074.0,61.0,Post-menopausal,185.0,112.0,No
46076.0,80.0,Post-menopausal,159.0,72.0,No
46093.0,33.0,Pre-menopausal,167.0,83.0,No
46102.0,50.0,Pre-menopausal,178.0,113.0,No
46112.0,76.0,Post-menopausal,188.0,117.0,Yes
46126.0,65.0,Post-menopausal,233.0,136.0,No
46129.0,64.0,Post-menopausal,184.0,111.0,Yes
46141.0,62.0,Post-menopausal,270.0,166.0,No
46145.0,80.0,Post-menopausal,191.0,118.0,Yes
46162.0,12.0,Pre-menopausal,124.0,72.0,No
46169.0,80.0,Post-menopausal,187.0,126.0,Yes
46180.0,50.0,Post-menopausal,171.0,95.0,No
46189.0,68.0,Pre-menopausal,282.0,195.0,No
46190.0,56.0,Post-menopausal,231.0,143.0,No
46193.0,57.0,Post-menopausal,260.0,146.0,No
46195.0,45.0,Pre-menopausal,188.0,129.0,No
46227.0,19.0,Pre-menopausal,154.0,83.0,No
46229.0,20.0,Pre-menopausal,143.0,92.0,No
46236.0,80.0,Post-menopausal,308.0,220.0,No
46237.0,21.0,Pre-menopausal,198.0,112.0,No
46238.0,56.0,Post-menopausal,228.0,156.0,No
46252.0,80.0,Post-menopausal,230.0,146.0,Yes
46254.0,25.0,Pre-menopausal,134.0,63.0,No
46256.0,32.0,Pre-menopausal,180.0,116.0,No
46258.0,62.0,Post-menopausal,162.0,72.0,No
46264.0,80.0,Post-menopausal,122.0,58.0,Yes
46275.0,73.0,Post-menopausal,149.0,87.0,Yes
46283.0,80.0,Post-menopausal,157.0,78.0,Yes
46299.0,12.0,Pre-menopausal,138.0,75.0,No
46303.0,20.0,Pre-menopausal,187.0,106.0,No
46315.0,76.0,Post-menopausal,158.0,63.0,No
46317.0,71.0,Post-menopausal,246.0,152.0,Yes
46320.0,45.0,Pre-menopausal,215.0,132.0,No
46322.0,80.0,Post-menopausal,187.0,95.0,Yes
46331.0,23.0,Pre-menopausal,205.0,68.0,No
46334.0,75.0,Post-menopausal,201.0,85.0,No
46337.0,70.0,Post-menopausal,206.0,125.0,No
46343.0,65.0,Post-menopausal,231.0,116.0,No
46350.0,15.0,Pre-menopausal,155.0,88.0,No
46352.0,18.0,Pre-menopausal,169.0,99.0,No
46358.0,39.0,Pre-menopausal,140.0,79.0,No
46360.0,48.0,Pre-menopausal,221.0,130.0,No
46363.0,63.0,Post-menopausal,239.0,119.0,No
46368.0,68.0,Post-menopausal,195.0,111.0,No
46376.0,80.0,Post-menopausal,211.0,112.0,No
46383.0,28.0,Pre-menopausal,187.0,113.0,No
46388.0,71.0,Post-menopausal,148.0,46.0,Yes
46412.0,68.0,Post-menopausal,182.0,75.0,No
46419.0,72.0,Post-menopausal,209.0,136.0,No
46447.0,65.0,Post-menopausal,236.0,135.0,No
46461.0,48.0,Pre-menopausal,183.0,111.0,No
46468.0,60.0,Post-menopausal,311.0,184.0,No
46484.0,54.0,Pre-menopausal,199.0,128.0,Yes
46493.0,66.0,Post-menopausal,234.0,142.0,No
46501.0,74.0,Post-menopausal,224.0,146.0,No
46513.0,13.0,Pre-menopausal,151.0,78.0,No
46522.0,61.0,Post-menopausal,173.0,96.0,No
46526.0,55.0,Post-menopausal,204.0,109.0,No
46556.0,16.0,Pre-menopausal,233.0,152.0,No
46565.0,42.0,Pre-menopausal,179.0,91.0,No
46568.0,26.0,Pre-menopausal,192.0,91.0,No
46569.0,63.0,Post-menopausal,151.0,63.0,No
46574.0,41.0,Pre-menopausal,173.0,109.0,No
46575.0,62.0,Post-menopausal,167.0,83.0,No
46590.0,74.0,Post-menopausal,304.0,222.0,Yes
46594.0,60.0,Post-menopausal,197.0,94.0,No
46599.0,59.0,Post-menopausal,242.0,146.0,No
46600.0,47.0,Pre-menopausal,321.0,225.0,No
46602.0,18.0,Pre-menopausal,100.0,45.0,No
46610.0,37.0,Pre-menopausal,226.0,137.0,No
46627.0,73.0,Post-menopausal,246.0,164.0,No
46633.0,33.0,Pre-menopausal,215.0,123.0,Yes
46635.0,33.0,Pre-menopausal,183.0,107.0,No
46636.0,76.0,Post-menopausal,223.0,132.0,No
46647.0,38.0,Pre-menopausal,176.0,103.0,No
46649.0,42.0,Pre-menopausal,202.0,99.0,No
46651.0,59.0,Post-menopausal,281.0,180.0,No
46680.0,19.0,Pre-menopausal,163.0,91.0,No
46685.0,15.0,Pre-menopausal,164.0,83.0,No
46693.0,17.0,Pre-menopausal,129.0,84.0,No
46699.0,19.0,Pre-menopausal,220.0,136.0,No
46711.0,34.0,Pre-menopausal,102.0,45.0,Yes
46712.0,80.0,Post-menopausal,295.0,208.0,No
46713.0,51.0,Post-menopausal,227.0,135.0,No
46725.0,35.0,Pre-menopausal,202.0,136.0,No
46729.0,34.0,Pre-menopausal,175.0,100.0,No
46733.0,41.0,Pre-menopausal,222.0,153.0,No
46740.0,44.0,Pre-menopausal,192.0,117.0,No
46756.0,77.0,Post-menopausal,285.0,191.0,No
46760.0,23.0,Pre-menopausal,183.0,95.0,No
46761.0,65.0,Post-menopausal,223.0,150.0,No
46763.0,34.0,Pre-menopausal,209.0,116.0,No
46768.0,59.0,Post-menopausal,212.0,144.0,No
46770.0,70.0,Post-menopausal,265.0,162.0,No
46776.0,73.0,Post-menopausal,140.0,56.0,Yes
46781.0,71.0,Post-menopausal,225.0,112.0,Yes
46784.0,41.0,Pre-menopausal,118.0,50.0,No
46787.0,57.0,Pre-menopausal,201.0,125.0,No
46794.0,51.0,Post-menopausal,199.0,89.0,Yes
46804.0,40.0,Pre-menopausal,138.0,58.0,No
46814.0,71.0,Post-menopausal,191.0,88.0,No
46819.0,58.0,Post-menopausal,155.0,93.0,No
46822.0,80.0,Post-menopausal,112.0,55.0,Yes
46846.0,78.0,Post-menopausal,183.0,102.0,No
46850.0,17.0,Pre-menopausal,157.0,79.0,No
46851.0,54.0,Post-menopausal,170.0,65.0,No
46852.0,31.0,Pre-menopausal,156.0,70.0,No
46857.0,72.0,Post-menopausal,141.0,61.0,Yes
46864.0,46.0,Pre-menopausal,226.0,122.0,No
46874.0,80.0,Post-menopausal,132.0,74.0,Yes
46883.0,55.0,Post-menopausal,242.0,168.0,No
46885.0,70.0,Pre-menopausal,212.0,119.0,Yes
46896.0,45.0,Pre-menopausal,194.0,122.0,No
46897.0,36.0,Pre-menopausal,172.0,104.0,No
46911.0,77.0,Post-menopausal,120.0,51.0,No
46924.0,22.0,Pre-menopausal,134.0,78.0,No
46925.0,37.0,Pre-menopausal,210.0,140.0,No
46939.0,12.0,Pre-menopausal,127.0,74.0,No
46949.0,17.0,Pre-menopausal,150.0,96.0,No
46950.0,74.0,Post-menopausal,191.0,109.0,No
46961.0,74.0,Post-menopausal,238.0,151.0,No
46971.0,67.0,Post-menopausal,205.0,108.0,No
46979.0,61.0,Post-menopausal,240.0,145.0,No
46980.0,24.0,Pre-menopausal,156.0,95.0,No
46994.0,19.0,Pre-menopausal,167.0,89.0,No
46995.0,79.0,Post-menopausal,286.0,195.0,No
46996.0,77.0,Post-menopausal,151.0,65.0,No
46999.0,14.0,Pre-menopausal,152.0,70.0,No
47006.0,32.0,Pre-menopausal,150.0,86.0,No
47010.0,62.0,Post-menopausal,156.0,72.0,Yes
47033.0,34.0,Pre-menopausal,248.0,181.0,No
47039.0,30.0,Pre-menopausal,125.0,76.0,No
47041.0,33.0,Pre-menopausal,157.0,82.0,No
47047.0,26.0,Pre-menopausal,138.0,72.0,No
47055.0,70.0,Post-menopausal,154.0,81.0,No
47056.0,19.0,Pre-menopausal,165.0,82.0,No
47063.0,40.0,Pre-menopausal,248.0,141.0,No
47068.0,62.0,Post-menopausal,214.0,92.0,Yes
47070.0,80.0,Post-menopausal,193.0,119.0,No
47071.0,30.0,Pre-menopausal,222.0,148.0,No
47078.0,15.0,Pre-menopausal,162.0,90.0,No
47093.0,20.0,Pre-menopausal,142.0,64.0,No
47094.0,15.0,Pre-menopausal,151.0,81.0,No
47096.0,46.0,Pre-menopausal,216.0,119.0,No
47099.0,18.0,Pre-menopausal,203.0,121.0,No
47127.0,53.0,Pre-menopausal,226.0,157.0,No
47129.0,18.0,Pre-menopausal,163.0,79.0,No
47130.0,21.0,Pre-menopausal,190.0,105.0,No
47135.0,18.0,Pre-menopausal,167.0,86.0,No
47136.0,62.0,Post-menopausal,262.0,159.0,No
47137.0,30.0,Pre-menopausal,237.0,137.0,No
47144.0,33.0,Pre-menopausal,179.0,90.0,No
47147.0,22.0,Pre-menopausal,227.0,121.0,No
47151.0,50.0,Pre-menopausal,194.0,101.0,No
47159.0,47.0,Pre-menopausal,258.0,153.0,No
47164.0,19.0,Pre-menopausal,181.0,98.0,No
47183.0,37.0,Pre-menopausal,207.0,100.0,No
47186.0,60.0,Post-menopausal,164.0,90.0,No
47205.0,29.0,Post-menopausal,160.0,88.0,No
47206.0,73.0,Post-menopausal,249.0,173.0,Yes
47209.0,30.0,Pre-menopausal,154.0,82.0,No
47210.0,80.0,Post-menopausal,263.0,161.0,Yes
47212.0,58.0,Post-menopausal,168.0,98.0,No
47229.0,23.0,Pre-menopausal,154.0,81.0,No
47233.0,61.0,Post-menopausal,236.0,132.0,No
47246.0,30.0,Pre-menopausal,177.0,89.0,No
47255.0,37.0,Pre-menopausal,246.0,123.0,No
47264.0,80.0,Post-menopausal,270.0,181.0,Yes
47265.0,69.0,Post-menopausal,146.0,73.0,Yes
47271.0,80.0,Post-menopausal,189.0,98.0,No
47274.0,62.0,Post-menopausal,234.0,143.0,No
47280.0,45.0,Pre-menopausal,193.0,96.0,No
47283.0,80.0,Post-menopausal,189.0,111.0,Yes
47287.0,22.0,Pre-menopausal,189.0,87.0,No
47289.0,40.0,Pre-menopausal,210.0,126.0,No
47295.0,79.0,Post-menopausal,201.0,106.0,No
47304.0,56.0,Post-menopausal,158.0,99.0,No
47308.0,61.0,Post-menopausal,205.0,119.0,No
47309.0,64.0,Post-menopausal,130.0,42.0,No
47315.0,36.0,Pre-menopausal,214.0,141.0,Yes
47319.0,62.0,Post-menopausal,181.0,108.0,No
47323.0,33.0,Pre-menopausal,155.0,95.0,No
47326.0,12.0,Pre-menopausal,136.0,75.0,No
47329.0,22.0,Pre-menopausal,164.0,108.0,No
47337.0,48.0,Pre-menopausal,226.0,155.0,No
47352.0,66.0,Post-menopausal,253.0,175.0,No
47366.0,52.0,Pre-menopausal,236.0,160.0,No
47374.0,26.0,Pre-menopausal,151.0,83.0,No
47388.0,63.0,Pre-menopausal,179.0,130.0,No
47396.0,75.0,Post-menopausal,227.0,132.0,No
47423.0,12.0,Pre-menopausal,115.0,35.0,No
47426.0,78.0,Post-menopausal,165.0,74.0,No
47432.0,58.0,Post-menopausal,179.0,98.0,No
47449.0,15.0,Pre-menopausal,170.0,97.0,No
47460.0,46.0,Post-menopausal,239.0,149.0,No
47466.0,47.0,Pre-menopausal,258.0,175.0,No
47473.0,19.0,Pre-menopausal,196.0,131.0,No
47477.0,59.0,Pre-menopausal,172.0,85.0,No
47481.0,44.0,Pre-menopausal,159.0,74.0,Yes
47485.0,61.0,Post-menopausal,213.0,131.0,No
47487.0,18.0,Pre-menopausal,167.0,113.0,No
47498.0,46.0,Post-menopausal,197.0,109.0,No
47506.0,26.0,Pre-menopausal,211.0,108.0,No
47523.0,54.0,Post-menopausal,253.0,148.0,No
47528.0,40.0,Pre-menopausal,231.0,149.0,No
47533.0,63.0,Post-menopausal,173.0,94.0,No
47535.0,30.0,Pre-menopausal,167.0,91.0,No
47543.0,22.0,Pre-menopausal,295.0,113.0,No
47549.0,13.0,Post-menopausal,175.0,119.0,No
47564.0,46.0,Pre-menopausal,150.0,89.0,No
47585.0,14.0,Pre-menopausal,133.0,66.0,No
47586.0,27.0,Pre-menopausal,159.0,74.0,No
47588.0,77.0,Post-menopausal,159.0,81.0,No
47590.0,49.0,Post-menopausal,185.0,102.0,No
47602.0,53.0,Post-menopausal,197.0,111.0,No
47613.0,80.0,Post-menopausal,283.0,183.0,No
47614.0,75.0,Post-menopausal,343.0,235.0,Yes
47620.0,71.0,Post-menopausal,223.0,117.0,No
47621.0,58.0,Post-menopausal,175.0,106.0,No
47626.0,67.0,Post-menopausal,237.0,140.0,No
47632.0,21.0,Pre-menopausal,159.0,61.0,No
47633.0,33.0,Pre-menopausal,190.0,126.0,No
47638.0,14.0,Pre-menopausal,125.0,64.0,No
47648.0,72.0,Post-menopausal,190.0,83.0,No
47650.0,63.0,Post-menopausal,204.0,139.0,No
47654.0,37.0,Pre-menopausal,195.0,124.0,No
47656.0,13.0,Pre-menopausal,196.0,125.0,No
47668.0,68.0,Post-menopausal,256.0,153.0,No
47677.0,57.0,Post-menopausal,279.0,175.0,No
47681.0,15.0,Pre-menopausal,192.0,131.0,No
47702.0,29.0,Pre-menopausal,181.0,92.0,No
47706.0,44.0,Pre-menopausal,202.0,121.0,No
47708.0,35.0,Pre-menopausal,192.0,114.0,No
47711.0,29.0,Pre-menopausal,186.0,117.0,No
47715.0,80.0,Post-menopausal,209.0,132.0,No
47727.0,42.0,Pre-menopausal,193.0,76.0,No
47734.0,14.0,Pre-menopausal,161.0,92.0,No
47749.0,31.0,Pre-menopausal,182.0,114.0,No
47752.0,67.0,Pre-menopausal,222.0,131.0,No
47765.0,14.0,Pre-menopausal,128.0,57.0,No
47769.0,18.0,Pre-menopausal,220.0,128.0,No
47771.0,79.0,Post-menopausal,191.0,121.0,Yes
47778.0,67.0,Post-menopausal,133.0,71.0,Yes
47779.0,44.0,Pre-menopausal,208.0,129.0,No
47792.0,17.0,Pre-menopausal,177.0,95.0,No
47803.0,35.0,Pre-menopausal,195.0,129.0,No
47807.0,31.0,Pre-menopausal,147.0,72.0,No
47812.0,20.0,Pre-menopausal,215.0,117.0,No
47821.0,80.0,Post-menopausal,169.0,88.0,Yes
47825.0,69.0,Post-menopausal,206.0,123.0,No
47832.0,42.0,Pre-menopausal,179.0,107.0,No
47838.0,27.0,Pre-menopausal,170.0,116.0,No
47842.0,37.0,Pre-menopausal,188.0,109.0,No
47850.0,49.0,Pre-menopausal,219.0,140.0,No
47872.0,72.0,Post-menopausal,226.0,145.0,No
47874.0,79.0,Post-menopausal,243.0,142.0,No
47878.0,16.0,Pre-menopausal,165.0,81.0,No
47887.0,80.0,Post-menopausal,195.0,103.0,No
47902.0,17.0,Pre-menopausal,142.0,69.0,No
47911.0,61.0,Post-menopausal,185.0,106.0,No
47924.0,38.0,Pre-menopausal,244.0,156.0,No
47926.0,40.0,Pre-menopausal,244.0,154.0,No
47927.0,25.0,Pre-menopausal,162.0,87.0,No
47929.0,72.0,Post-menopausal,190.0,90.0,No
47936.0,46.0,Post-menopausal,192.0,104.0,No
47949.0,49.0,Pre-menopausal,206.0,123.0,No
47950.0,42.0,Pre-menopausal,177.0,106.0,No
47957.0,59.0,Post-menopausal,267.0,187.0,No
47958.0,49.0,Pre-menopausal,224.0,151.0,No
47971.0,24.0,Pre-menopausal,195.0,125.0,No
47994.0,80.0,Post-menopausal,202.0,105.0,Yes
47998.0,16.0,Pre-menopausal,166.0,116.0,No
48002.0,58.0,Post-menopausal,211.0,126.0,No
48005.0,73.0,Post-menopausal,264.0,169.0,Yes
48012.0,27.0,Pre-menopausal,213.0,143.0,No
48020.0,37.0,Pre-menopausal,181.0,110.0,No
48040.0,62.0,Post-menopausal,250.0,160.0,No
48042.0,79.0,Post-menopausal,212.0,122.0,No
48054.0,45.0,Pre-menopausal,153.0,89.0,No
48058.0,52.0,Pre-menopausal,216.0,125.0,No
48087.0,33.0,Pre-menopausal,151.0,67.0,No
48098.0,80.0,Post-menopausal,177.0,89.0,No
48105.0,21.0,Pre-menopausal,186.0,122.0,No
48107.0,25.0,Pre-menopausal,191.0,126.0,No
48125.0,64.0,Pre-menopausal,264.0,190.0,No
48134.0,29.0,Pre-menopausal,223.0,152.0,No
48141.0,27.0,Pre-menopausal,406.0,341.0,No
48144.0,28.0,Pre-menopausal,181.0,113.0,No
48153.0,80.0,Post-menopausal,148.0,83.0,No
48154.0,17.0,Pre-menopausal,163.0,88.0,No
48155.0,38.0,Post-menopausal,167.0,102.0,No
48156.0,57.0,Post-menopausal,223.0,147.0,No
48162.0,80.0,Post-menopausal,194.0,108.0,No
48169.0,48.0,Post-menopausal,187.0,100.0,No
48173.0,22.0,Pre-menopausal,156.0,88.0,No
48175.0,59.0,Post-menopausal,161.0,80.0,No
48181.0,40.0,Pre-menopausal,155.0,81.0,No
48189.0,38.0,Post-menopausal,297.0,206.0,No
48191.0,48.0,Post-menopausal,209.0,136.0,No
48194.0,64.0,Post-menopausal,259.0,157.0,No
48211.0,54.0,Post-menopausal,223.0,140.0,No
48228.0,13.0,Pre-menopausal,247.0,160.0,No
48257.0,51.0,Post-menopausal,317.0,231.0,No
48260.0,68.0,Post-menopausal,242.0,158.0,No
48264.0,44.0,Pre-menopausal,235.0,162.0,No
48272.0,70.0,Post-menopausal,214.0,138.0,No
48275.0,23.0,Pre-menopausal,218.0,129.0,No
48279.0,55.0,Pre-menopausal,181.0,102.0,No
48287.0,40.0,Pre-menopausal,233.0,148.0,No
48294.0,40.0,Pre-menopausal,150.0,88.0,No
48296.0,38.0,Post-menopausal,154.0,68.0,No
48314.0,60.0,Post-menopausal,208.0,128.0,No
48323.0,21.0,Pre-menopausal,118.0,47.0,No
48328.0,15.0,Pre-menopausal,194.0,120.0,No
48335.0,66.0,Post-menopausal,255.0,167.0,No
48336.0,44.0,Post-menopausal,117.0,67.0,No
48356.0,30.0,Pre-menopausal,148.0,75.0,No
48365.0,53.0,Post-menopausal,240.0,150.0,Yes
48366.0,33.0,Pre-menopausal,178.0,84.0,No
48374.0,50.0,Post-menopausal,228.0,127.0,No
48379.0,31.0,Pre-menopausal,253.0,94.0,No
48382.0,36.0,Pre-menopausal,147.0,71.0,No
48391.0,64.0,Post-menopausal,236.0,128.0,No
48396.0,37.0,Pre-menopausal,156.0,84.0,No
48401.0,60.0,Post-menopausal,162.0,98.0,No
48414.0,58.0,Post-menopausal,126.0,56.0,Yes
48415.0,49.0,Pre-menopausal,208.0,121.0,No
48420.0,13.0,Pre-menopausal,131.0,56.0,No
48424.0,80.0,Post-menopausal,227.0,140.0,No
48438.0,54.0,Post-menopausal,243.0,160.0,No
48440.0,16.0,Pre-menopausal,176.0,86.0,No
48443.0,47.0,Pre-menopausal,203.0,119.0,No
48450.0,80.0,Pre-menopausal,163.0,81.0,Yes
48465.0,30.0,Pre-menopausal,203.0,125.0,No
48473.0,53.0,Post-menopausal,197.0,122.0,No
48474.0,39.0,Pre-menopausal,205.0,100.0,No
48495.0,57.0,Post-menopausal,222.0,141.0,No
48497.0,45.0,Pre-menopausal,126.0,34.0,No
48499.0,19.0,Pre-menopausal,235.0,120.0,No
48501.0,76.0,Post-menopausal,317.0,211.0,No
48504.0,70.0,Post-menopausal,125.0,63.0,Yes
48517.0,16.0,Pre-menopausal,133.0,72.0,No
48541.0,37.0,Pre-menopausal,129.0,52.0,No
48548.0,18.0,Pre-menopausal,130.0,75.0,No
48552.0,52.0,Pre-menopausal,229.0,133.0,No
48561.0,78.0,Pre-menopausal,151.0,64.0,Yes
48566.0,12.0,Pre-menopausal,165.0,97.0,No
48569.0,46.0,Post-menopausal,205.0,105.0,No
48576.0,67.0,Post-menopausal,241.0,163.0,No
48577.0,30.0,Pre-menopausal,188.0,96.0,No
48579.0,38.0,Pre-menopausal,154.0,100.0,No
48589.0,55.0,Post-menopausal,212.0,137.0,No
48594.0,68.0,Post-menopausal,159.0,85.0,Yes
48610.0,43.0,Post-menopausal,147.0,86.0,No
48615.0,19.0,Pre-menopausal,162.0,74.0,No
48617.0,76.0,Post-menopausal,196.0,96.0,No
48626.0,52.0,Post-menopausal,238.0,137.0,No
48633.0,79.0,Pre-menopausal,164.0,77.0,Yes
48643.0,79.0,Post-menopausal,240.0,117.0,No
48649.0,40.0,Pre-menopausal,131.0,73.0,No
48657.0,75.0,Post-menopausal,211.0,135.0,No
48658.0,80.0,Post-menopausal,135.0,74.0,No
48659.0,60.0,Post-menopausal,232.0,149.0,No
48668.0,80.0,Post-menopausal,183.0,101.0,No
48670.0,72.0,Post-menopausal,221.0,149.0,No
48672.0,80.0,Post-menopausal,151.0,78.0,No
48676.0,36.0,Pre-menopausal,190.0,95.0,No
48683.0,14.0,Pre-menopausal,180.0,114.0,No
48687.0,29.0,Post-menopausal,180.0,109.0,No
48688.0,16.0,Pre-menopausal,153.0,85.0,No
48692.0,18.0,Pre-menopausal,184.0,100.0,No
48697.0,14.0,Pre-menopausal,166.0,110.0,No
48704.0,71.0,Post-menopausal,195.0,108.0,No
48715.0,73.0,Post-menopausal,128.0,59.0,No
48721.0,39.0,Pre-menopausal,164.0,105.0,No
48730.0,44.0,Pre-menopausal,261.0,173.0,No
48733.0,24.0,Pre-menopausal,169.0,77.0,No
48740.0,64.0,Post-menopausal,230.0,116.0,No
48749.0,26.0,Pre-menopausal,161.0,88.0,No
48753.0,14.0,Pre-menopausal,153.0,69.0,No
48755.0,52.0,Post-menopausal,174.0,86.0,No
48759.0,14.0,Pre-menopausal,150.0,83.0,No
48766.0,59.0,Post-menopausal,117.0,58.0,No
48807.0,14.0,Pre-menopausal,121.0,68.0,No
48819.0,80.0,Post-menopausal,273.0,175.0,No
48823.0,60.0,Post-menopausal,186.0,110.0,No
48833.0,71.0,Post-menopausal,253.0,149.0,No
48863.0,32.0,Pre-menopausal,152.0,87.0,No
48866.0,53.0,Post-menopausal,200.0,129.0,No
48876.0,69.0,Post-menopausal,232.0,138.0,Yes
48878.0,21.0,Pre-menopausal,169.0,76.0,No
48895.0,13.0,Pre-menopausal,146.0,76.0,No
48921.0,16.0,Pre-menopausal,110.0,50.0,No
48933.0,15.0,Pre-menopausal,149.0,84.0,No
48935.0,28.0,Pre-menopausal,209.0,112.0,No
48938.0,28.0,Pre-menopausal,217.0,144.0,No
48941.0,47.0,Post-menopausal,231.0,136.0,No
48947.0,32.0,Pre-menopausal,171.0,103.0,No
48948.0,64.0,Post-menopausal,173.0,100.0,No
48961.0,17.0,Pre-menopausal,144.0,56.0,No
48970.0,33.0,Pre-menopausal,162.0,110.0,No
48982.0,17.0,Pre-menopausal,125.0,54.0,No
48987.0,49.0,Pre-menopausal,219.0,91.0,No
49000.0,63.0,Post-menopausal,230.0,130.0,No
49010.0,32.0,Pre-menopausal,244.0,136.0,No
49035.0,60.0,Post-menopausal,176.0,112.0,No
49047.0,25.0,Pre-menopausal,170.0,72.0,No
49049.0,37.0,Post-menopausal,200.0,130.0,No
49055.0,36.0,Pre-menopausal,152.0,56.0,No
49056.0,62.0,Post-menopausal,251.0,145.0,No
49061.0,76.0,Post-menopausal,269.0,161.0,No
49064.0,29.0,Pre-menopausal,184.0,112.0,No
49075.0,63.0,Post-menopausal,167.0,86.0,Yes
49079.0,22.0,Post-menopausal,144.0,80.0,No
49082.0,37.0,Pre-menopausal,232.0,158.0,No
49090.0,16.0,Pre-menopausal,168.0,112.0,No
49095.0,66.0,Post-menopausal,232.0,128.0,No
49101.0,30.0,Pre-menopausal,166.0,106.0,No
49102.0,12.0,Pre-menopausal,149.0,84.0,No
49103.0,51.0,Pre-menopausal,181.0,106.0,No
49106.0,65.0,Post-menopausal,172.0,69.0,No
49115.0,19.0,Pre-menopausal,209.0,123.0,No
49124.0,33.0,Pre-menopausal,208.0,133.0,No
49127.0,42.0,Pre-menopausal,165.0,93.0,No
49137.0,68.0,Post-menopausal,168.0,78.0,No
49146.0,67.0,Post-menopausal,219.0,108.0,No
49150.0,61.0,Post-menopausal,162.0,80.0,No
49157.0,49.0,Pre-menopausal,196.0,121.0,No
49159.0,75.0,Pre-menopausal,257.0,187.0,Yes
49166.0,73.0,Post-menopausal,174.0,109.0,No
49170.0,62.0,Post-menopausal,143.0,64.0,No
49172.0,65.0,Post-menopausal,189.0,116.0,No
49177.0,63.0,Post-menopausal,137.0,42.0,No
49186.0,27.0,Pre-menopausal,221.0,113.0,No
49188.0,17.0,Pre-menopausal,190.0,106.0,No
49208.0,41.0,Pre-menopausal,171.0,65.0,Yes
49209.0,27.0,Pre-menopausal,196.0,121.0,No
49216.0,36.0,Pre-menopausal,273.0,168.0,No
49220.0,52.0,Pre-menopausal,249.0,148.0,No
49222.0,45.0,Pre-menopausal,193.0,101.0,Yes
49227.0,48.0,Pre-menopausal,174.0,106.0,No
49230.0,49.0,Post-menopausal,144.0,75.0,No
49236.0,32.0,Pre-menopausal,165.0,98.0,No
49240.0,14.0,Pre-menopausal,159.0,95.0,No
49243.0,62.0,Post-menopausal,147.0,71.0,Yes
49247.0,74.0,Post-menopausal,232.0,137.0,No
49250.0,65.0,Post-menopausal,124.0,57.0,No
49255.0,65.0,Post-menopausal,190.0,96.0,No
49272.0,60.0,Post-menopausal,232.0,126.0,No
49285.0,64.0,Post-menopausal,211.0,119.0,No
49288.0,16.0,Pre-menopausal,118.0,66.0,No
49292.0,60.0,Post-menopausal,218.0,132.0,No
49294.0,59.0,Post-menopausal,134.0,56.0,No
49297.0,50.0,Post-menopausal,183.0,108.0,No
49303.0,47.0,Pre-menopausal,178.0,118.0,No
49310.0,22.0,Pre-menopausal,178.0,105.0,No
49315.0,23.0,Pre-menopausal,200.0,133.0,No
49322.0,30.0,Pre-menopausal,143.0,83.0,No
49329.0,44.0,Pre-menopausal,164.0,101.0,No
49331.0,65.0,Post-menopausal,353.0,251.0,Yes
49338.0,53.0,Post-menopausal,143.0,89.0,No
49339.0,61.0,Post-menopausal,198.0,110.0,No
49350.0,20.0,Pre-menopausal,191.0,129.0,No
49359.0,42.0,Pre-menopausal,201.0,115.0,No
49365.0,39.0,Pre-menopausal,190.0,123.0,No
49366.0,74.0,Post-menopausal,221.0,133.0,No
49368.0,35.0,Pre-menopausal,209.0,117.0,No
49404.0,44.0,Post-menopausal,300.0,165.0,No
49412.0,39.0,Pre-menopausal,228.0,161.0,No
49413.0,69.0,Post-menopausal,192.0,106.0,No
49419.0,70.0,Post-menopausal,186.0,112.0,Yes
49426.0,18.0,Post-menopausal,227.0,157.0,No
49435.0,53.0,Post-menopausal,223.0,152.0,No
49438.0,48.0,Pre-menopausal,216.0,133.0,No
49439.0,16.0,Pre-menopausal,131.0,61.0,No
49442.0,21.0,Pre-menopausal,213.0,146.0,No
49465.0,43.0,Pre-menopausal,244.0,153.0,No
49468.0,16.0,Pre-menopausal,136.0,74.0,No
49477.0,41.0,Pre-menopausal,175.0,96.0,No
49481.0,43.0,Pre-menopausal,269.0,170.0,No
49489.0,55.0,Post-menopausal,244.0,153.0,No
49493.0,33.0,Pre-menopausal,184.0,87.0,No
49522.0,54.0,Post-menopausal,221.0,139.0,No
49529.0,42.0,Pre-menopausal,222.0,136.0,No
49552.0,71.0,Post-menopausal,316.0,211.0,No
49560.0,49.0,Post-menopausal,168.0,88.0,No
49565.0,61.0,Post-menopausal,299.0,198.0,No
49566.0,22.0,Pre-menopausal,219.0,139.0,No
49573.0,80.0,Post-menopausal,273.0,180.0,No
49586.0,45.0,Post-menopausal,255.0,180.0,No
49589.0,50.0,Post-menopausal,186.0,122.0,No
49591.0,74.0,Post-menopausal,264.0,165.0,No
49598.0,73.0,Post-menopausal,186.0,101.0,No
49608.0,80.0,Post-menopausal,216.0,110.0,No
49615.0,14.0,Pre-menopausal,167.0,101.0,No
49621.0,28.0,Pre-menopausal,221.0,150.0,No
49626.0,40.0,Pre-menopausal,183.0,54.0,No
49629.0,58.0,Post-menopausal,180.0,102.0,No
49633.0,65.0,Post-menopausal,181.0,98.0,Yes
49636.0,51.0,Pre-menopausal,189.0,122.0,No
49638.0,73.0,Post-menopausal,193.0,110.0,No
49639.0,80.0,Post-menopausal,114.0,23.0,No
49642.0,46.0,Pre-menopausal,180.0,109.0,No
49654.0,65.0,Post-menopausal,238.0,131.0,No
49656.0,45.0,Pre-menopausal,189.0,115.0,No
49659.0,74.0,Post-menopausal,137.0,28.0,No
49666.0,14.0,Pre-menopausal,179.0,109.0,No
49667.0,35.0,Pre-menopausal,149.0,83.0,No
49671.0,33.0,Pre-menopausal,178.0,91.0,No
49677.0,16.0,Pre-menopausal,121.0,66.0,No
49697.0,22.0,Pre-menopausal,227.0,128.0,No
49700.0,45.0,Post-menopausal,185.0,96.0,No
49712.0,15.0,Pre-menopausal,176.0,87.0,No
49713.0,35.0,Pre-menopausal,199.0,79.0,No
49722.0,18.0,Pre-menopausal,189.0,96.0,No
49725.0,56.0,Post-menopausal,238.0,160.0,No
49733.0,30.0,Pre-menopausal,150.0,67.0,No
49736.0,72.0,Post-menopausal,187.0,115.0,No
49739.0,32.0,Pre-menopausal,197.0,132.0,No
49754.0,70.0,Pre-menopausal,165.0,99.0,No
49768.0,36.0,Pre-menopausal,179.0,111.0,No
49770.0,76.0,Post-menopausal,248.0,137.0,No
49785.0,80.0,Post-menopausal,210.0,103.0,No
49787.0,16.0,Pre-menopausal,134.0,61.0,No
49789.0,15.0,Pre-menopausal,139.0,60.0,No
49792.0,54.0,Post-menopausal,227.0,123.0,No
49795.0,64.0,Post-menopausal,207.0,125.0,No
49797.0,12.0,Pre-menopausal,162.0,99.0,No
49811.0,34.0,Pre-menopausal,180.0,100.0,No
49818.0,58.0,Post-menopausal,342.0,244.0,No
49827.0,76.0,Post-menopausal,247.0,160.0,No
49832.0,48.0,Pre-menopausal,185.0,106.0,No
49838.0,54.0,Post-menopausal,224.0,147.0,No
49846.0,14.0,Pre-menopausal,167.0,93.0,No
49857.0,59.0,Post-menopausal,195.0,112.0,No
49873.0,58.0,Pre-menopausal,210.0,138.0,No
49874.0,37.0,Pre-menopausal,207.0,129.0,No
49890.0,54.0,Pre-menopausal,179.0,121.0,No
49891.0,45.0,Pre-menopausal,207.0,122.0,No
49897.0,29.0,Pre-menopausal,292.0,237.0,No
49938.0,80.0,Post-menopausal,147.0,67.0,Yes
49940.0,18.0,Pre-menopausal,111.0,48.0,No
49956.0,44.0,Pre-menopausal,195.0,125.0,No
49961.0,50.0,Pre-menopausal,176.0,92.0,No
49976.0,70.0,Post-menopausal,333.0,217.0,No
49978.0,37.0,Pre-menopausal,169.0,109.0,No
49987.0,33.0,Pre-menopausal,197.0,140.0,No
49997.0,30.0,Pre-menopausal,217.0,144.0,No
50019.0,19.0,Pre-menopausal,182.0,86.0,No
50024.0,26.0,Post-menopausal,153.0,87.0,No
50031.0,78.0,Post-menopausal,239.0,146.0,No
50040.0,56.0,Post-menopausal,274.0,174.0,No
50048.0,43.0,Post-menopausal,141.0,64.0,No
50049.0,52.0,Pre-menopausal,211.0,107.0,No
50054.0,43.0,Post-menopausal,213.0,144.0,No
50056.0,32.0,Pre-menopausal,180.0,91.0,No
50062.0,23.0,Pre-menopausal,272.0,173.0,No
50074.0,66.0,Post-menopausal,181.0,104.0,No
50084.0,80.0,Post-menopausal,211.0,122.0,Yes
50087.0,36.0,Pre-menopausal,268.0,182.0,No
50099.0,41.0,Pre-menopausal,172.0,112.0,No
50100.0,80.0,Post-menopausal,163.0,90.0,Yes
50104.0,15.0,Pre-menopausal,221.0,142.0,No
50116.0,47.0,Post-menopausal,220.0,111.0,No
50133.0,76.0,Post-menopausal,202.0,115.0,No
50135.0,52.0,Pre-menopausal,231.0,120.0,No
50140.0,75.0,Post-menopausal,200.0,108.0,Yes
50150.0,19.0,Pre-menopausal,139.0,72.0,No
50153.0,18.0,Pre-menopausal,135.0,75.0,No
50155.0,37.0,Pre-menopausal,160.0,75.0,No
50162.0,21.0,Pre-menopausal,129.0,73.0,No
50169.0,67.0,Post-menopausal,174.0,67.0,No
50170.0,63.0,Post-menopausal,179.0,93.0,Yes
50175.0,57.0,Post-menopausal,199.0,106.0,No
50182.0,58.0,Post-menopausal,226.0,153.0,No
50185.0,70.0,Post-menopausal,126.0,62.0,No
50186.0,29.0,Pre-menopausal,154.0,85.0,No
50187.0,60.0,Post-menopausal,209.0,123.0,No
50189.0,51.0,Post-menopausal,260.0,158.0,No
50190.0,36.0,Pre-menopausal,155.0,76.0,No
50193.0,39.0,Pre-menopausal,132.0,75.0,No
50201.0,54.0,Post-menopausal,262.0,174.0,No
50206.0,31.0,Post-menopausal,233.0,159.0,No
50209.0,17.0,Pre-menopausal,127.0,75.0,No
50219.0,38.0,Pre-menopausal,223.0,141.0,No
50223.0,17.0,Pre-menopausal,157.0,84.0,No
50230.0,13.0,Pre-menopausal,172.0,81.0,No
50248.0,34.0,Pre-menopausal,249.0,161.0,No
50273.0,19.0,Pre-menopausal,159.0,84.0,No
50276.0,61.0,Post-menopausal,258.0,180.0,Yes
50278.0,63.0,Post-menopausal,208.0,125.0,No
50279.0,57.0,Post-menopausal,200.0,110.0,No
50295.0,19.0,Pre-menopausal,126.0,68.0,No
50303.0,65.0,Post-menopausal,226.0,103.0,No
50308.0,41.0,Pre-menopausal,145.0,80.0,No
50321.0,59.0,Post-menopausal,291.0,193.0,No
50336.0,22.0,Pre-menopausal,177.0,107.0,No
50349.0,25.0,Pre-menopausal,164.0,99.0,No
50353.0,15.0,Pre-menopausal,143.0,70.0,No
50356.0,18.0,Pre-menopausal,145.0,86.0,No
50359.0,24.0,Pre-menopausal,176.0,108.0,No
50364.0,46.0,Post-menopausal,204.0,111.0,Yes
50373.0,21.0,Pre-menopausal,189.0,112.0,No
50376.0,49.0,Pre-menopausal,221.0,157.0,No
50379.0,39.0,Pre-menopausal,174.0,120.0,No
50380.0,76.0,Post-menopausal,289.0,175.0,No
50386.0,40.0,Pre-menopausal,205.0,123.0,No
50390.0,74.0,Post-menopausal,193.0,109.0,No
50391.0,37.0,Pre-menopausal,198.0,102.0,No
50401.0,29.0,Pre-menopausal,149.0,93.0,No
50420.0,25.0,Pre-menopausal,167.0,99.0,No
50426.0,20.0,Pre-menopausal,169.0,111.0,No
50433.0,39.0,Pre-menopausal,206.0,132.0,No
50434.0,29.0,Post-menopausal,169.0,101.0,No
50439.0,51.0,Post-menopausal,190.0,131.0,No
50446.0,24.0,Pre-menopausal,240.0,173.0,No
50448.0,27.0,Pre-menopausal,187.0,121.0,No
50450.0,66.0,Post-menopausal,200.0,107.0,No
50463.0,58.0,Post-menopausal,193.0,117.0,Yes
50464.0,37.0,Pre-menopausal,200.0,119.0,No
50476.0,18.0,Pre-menopausal,277.0,121.0,No
50477.0,53.0,Post-menopausal,184.0,104.0,No
50478.0,51.0,Pre-menopausal,211.0,127.0,No
50492.0,42.0,Pre-menopausal,201.0,83.0,No
50495.0,47.0,Pre-menopausal,183.0,111.0,No
50497.0,24.0,Pre-menopausal,169.0,95.0,No
50499.0,80.0,Post-menopausal,244.0,163.0,No
50509.0,62.0,Post-menopausal,260.0,191.0,No
50510.0,35.0,Pre-menopausal,180.0,82.0,No
50512.0,48.0,Pre-menopausal,211.0,133.0,No
50521.0,14.0,Pre-menopausal,168.0,90.0,No
50528.0,80.0,Post-menopausal,266.0,162.0,No
50543.0,35.0,Pre-menopausal,202.0,149.0,No
50545.0,71.0,Post-menopausal,176.0,81.0,No
50554.0,62.0,Post-menopausal,218.0,142.0,No
50580.0,41.0,Pre-menopausal,211.0,133.0,No
50592.0,34.0,Pre-menopausal,171.0,114.0,No
50615.0,54.0,Pre-menopausal,186.0,93.0,No
50624.0,50.0,Pre-menopausal,201.0,124.0,No
50625.0,60.0,Post-menopausal,133.0,49.0,No
50627.0,27.0,Pre-menopausal,138.0,75.0,No
50629.0,47.0,Post-menopausal,277.0,182.0,No
50634.0,21.0,Pre-menopausal,165.0,90.0,No
50638.0,66.0,Post-menopausal,186.0,124.0,No
50641.0,64.0,Post-menopausal,209.0,112.0,No
50646.0,25.0,Post-menopausal,165.0,93.0,No
50648.0,18.0,Pre-menopausal,179.0,109.0,No
50679.0,74.0,Post-menopausal,156.0,85.0,Yes
50688.0,44.0,Pre-menopausal,168.0,73.0,No
50697.0,35.0,Pre-menopausal,233.0,158.0,No
50715.0,32.0,Pre-menopausal,197.0,119.0,No
50722.0,38.0,Pre-menopausal,144.0,85.0,No
50725.0,14.0,Pre-menopausal,142.0,82.0,No
50730.0,63.0,Post-menopausal,199.0,116.0,No
50740.0,76.0,Post-menopausal,233.0,146.0,No
50750.0,66.0,Post-menopausal,212.0,132.0,No
50754.0,62.0,Post-menopausal,176.0,103.0,No
50755.0,75.0,Post-menopausal,145.0,72.0,No
50762.0,71.0,Post-menopausal,231.0,147.0,No
50763.0,14.0,Pre-menopausal,135.0,64.0,No
50771.0,66.0,Post-menopausal,185.0,119.0,No
50789.0,33.0,Post-menopausal,174.0,92.0,No
50792.0,80.0,Post-menopausal,280.0,132.0,No
50814.0,36.0,Pre-menopausal,208.0,111.0,No
50816.0,38.0,Pre-menopausal,189.0,73.0,Yes
50820.0,70.0,Pre-menopausal,203.0,117.0,No
50833.0,60.0,Post-menopausal,197.0,104.0,Yes
50850.0,38.0,Pre-menopausal,142.0,92.0,No
50855.0,65.0,Post-menopausal,185.0,116.0,No
50858.0,57.0,Post-menopausal,159.0,77.0,No
50860.0,62.0,Pre-menopausal,174.0,86.0,No
50869.0,22.0,Pre-menopausal,197.0,128.0,No
50874.0,19.0,Pre-menopausal,246.0,152.0,No
50876.0,31.0,Pre-menopausal,196.0,128.0,No
50878.0,52.0,Post-menopausal,202.0,127.0,No
50880.0,57.0,Post-menopausal,229.0,147.0,No
50897.0,67.0,Post-menopausal,243.0,170.0,No
50899.0,22.0,Pre-menopausal,110.0,52.0,No
50910.0,60.0,Post-menopausal,187.0,100.0,No
50917.0,21.0,Pre-menopausal,211.0,138.0,No
50927.0,77.0,Pre-menopausal,215.0,132.0,No
50931.0,16.0,Pre-menopausal,129.0,64.0,No
50934.0,76.0,Post-menopausal,172.0,94.0,No
50936.0,59.0,Post-menopausal,211.0,125.0,No
50974.0,71.0,Post-menopausal,262.0,149.0,No
50978.0,16.0,Pre-menopausal,187.0,114.0,No
50990.0,48.0,Pre-menopausal,190.0,92.0,No
50997.0,40.0,Pre-menopausal,248.0,162.0,No
50998.0,58.0,Post-menopausal,166.0,80.0,No
51018.0,65.0,Post-menopausal,145.0,45.0,Yes
51024.0,74.0,Post-menopausal,165.0,95.0,No
51025.0,47.0,Pre-menopausal,163.0,79.0,No
51026.0,34.0,Pre-menopausal,165.0,61.0,No
51036.0,29.0,Pre-menopausal,166.0,56.0,No
51054.0,63.0,Post-menopausal,197.0,93.0,No
51056.0,13.0,Pre-menopausal,145.0,70.0,No
51058.0,69.0,Post-menopausal,318.0,203.0,Yes
51062.0,12.0,Pre-menopausal,121.0,70.0,No
51063.0,23.0,Pre-menopausal,204.0,128.0,No
51064.0,56.0,Post-menopausal,230.0,141.0,No
51067.0,28.0,Pre-menopausal,204.0,122.0,No
51071.0,80.0,Post-menopausal,173.0,86.0,Yes
51083.0,21.0,Pre-menopausal,170.0,73.0,No
51098.0,60.0,Post-menopausal,164.0,98.0,No
51100.0,76.0,Post-menopausal,213.0,117.0,No
51101.0,34.0,Pre-menopausal,165.0,98.0,No
51104.0,40.0,Pre-menopausal,196.0,122.0,No
51111.0,43.0,Pre-menopausal,245.0,151.0,No
51113.0,68.0,Post-menopausal,227.0,130.0,No
51116.0,44.0,Pre-menopausal,214.0,98.0,No
51122.0,22.0,Pre-menopausal,126.0,76.0,Yes
51137.0,76.0,Post-menopausal,135.0,51.0,No
51140.0,60.0,Post-menopausal,198.0,102.0,No
51156.0,62.0,Post-menopausal,165.0,77.0,No
51158.0,54.0,Pre-menopausal,220.0,123.0,No
51163.0,39.0,Pre-menopausal,178.0,102.0,No
51168.0,38.0,Pre-menopausal,260.0,176.0,No
51182.0,37.0,Pre-menopausal,239.0,164.0,No
51190.0,68.0,Post-menopausal,157.0,81.0,No
51199.0,15.0,Pre-menopausal,128.0,67.0,No
51207.0,42.0,Pre-menopausal,166.0,90.0,No
51210.0,38.0,Pre-menopausal,175.0,102.0,No
51221.0,12.0,Pre-menopausal,179.0,92.0,No
51224.0,25.0,Pre-menopausal,192.0,129.0,No
51227.0,56.0,Post-menopausal,244.0,151.0,No
51231.0,35.0,Pre-menopausal,179.0,102.0,No
51234.0,65.0,Post-menopausal,288.0,196.0,No
51237.0,80.0,Post-menopausal,161.0,85.0,No
51247.0,32.0,Pre-menopausal,164.0,104.0,No
51250.0,26.0,Pre-menopausal,167.0,110.0,No
51257.0,32.0,Pre-menopausal,150.0,93.0,No
51258.0,56.0,Pre-menopausal,276.0,165.0,Yes
51262.0,45.0,Pre-menopausal,220.0,124.0,No
51287.0,70.0,Post-menopausal,224.0,144.0,No
51291.0,41.0,Pre-menopausal,152.0,93.0,No
51305.0,25.0,Pre-menopausal,188.0,111.0,No
51318.0,18.0,Pre-menopausal,150.0,75.0,No
51334.0,39.0,Pre-menopausal,187.0,103.0,No
51338.0,45.0,Pre-menopausal,354.0,253.0,No
51341.0,18.0,Pre-menopausal,145.0,72.0,No
51345.0,20.0,Pre-menopausal,114.0,48.0,No
51351.0,70.0,Post-menopausal,261.0,189.0,No
51355.0,48.0,Post-menopausal,261.0,170.0,No
51360.0,63.0,Post-menopausal,133.0,84.0,Yes
51372.0,15.0,Pre-menopausal,159.0,109.0,No
51374.0,13.0,Pre-menopausal,236.0,161.0,No
51378.0,63.0,Post-menopausal,238.0,167.0,No
51384.0,75.0,Post-menopausal,181.0,86.0,No
51391.0,47.0,Pre-menopausal,203.0,127.0,No
51399.0,43.0,Pre-menopausal,253.0,145.0,No
51411.0,80.0,Post-menopausal,179.0,104.0,No
51413.0,51.0,Post-menopausal,200.0,116.0,No
51427.0,53.0,Post-menopausal,234.0,145.0,No
51434.0,52.0,Post-menopausal,180.0,99.0,No
51439.0,49.0,Pre-menopausal,142.0,53.0,No
51445.0,45.0,Pre-menopausal,215.0,126.0,No
51451.0,63.0,Post-menopausal,194.0,120.0,Yes
51453.0,16.0,Pre-menopausal,125.0,60.0,No
51459.0,72.0,Pre-menopausal,188.0,103.0,No
51460.0,15.0,Pre-menopausal,172.0,98.0,No
51465.0,50.0,Post-menopausal,134.0,72.0,No
51469.0,37.0,Pre-menopausal,164.0,81.0,No
51471.0,48.0,Post-menopausal,273.0,190.0,No
51479.0,22.0,Pre-menopausal,149.0,87.0,No
51484.0,70.0,Post-menopausal,143.0,60.0,No
51487.0,70.0,Post-menopausal,226.0,138.0,No
51489.0,13.0,Pre-menopausal,155.0,106.0,No
51495.0,36.0,Pre-menopausal,210.0,126.0,No
51497.0,54.0,Post-menopausal,272.0,167.0,Yes
51498.0,56.0,Post-menopausal,202.0,78.0,Yes
51500.0,46.0,Post-menopausal,208.0,130.0,No
51509.0,23.0,Pre-menopausal,185.0,121.0,No
51522.0,62.0,Post-menopausal,231.0,119.0,No
51531.0,12.0,Pre-menopausal,97.0,35.0,No
51541.0,45.0,Pre-menopausal,225.0,150.0,No
51545.0,65.0,Post-menopausal,295.0,167.0,No
51558.0,56.0,Post-menopausal,167.0,70.0,No
51572.0,77.0,Post-menopausal,200.0,115.0,Yes
51579.0,23.0,Pre-menopausal,115.0,51.0,No
51580.0,34.0,Pre-menopausal,151.0,70.0,No
51587.0,48.0,Pre-menopausal,203.0,140.0,No
51589.0,32.0,Pre-menopausal,172.0,70.0,No
51603.0,39.0,Pre-menopausal,179.0,81.0,No
51611.0,55.0,Post-menopausal,253.0,167.0,No
51617.0,71.0,Post-menopausal,171.0,88.0,No
51620.0,50.0,Pre-menopausal,244.0,158.0,No
51661.0,60.0,Post-menopausal,188.0,107.0,No
51662.0,44.0,Pre-menopausal,213.0,138.0,No
51663.0,18.0,Pre-menopausal,164.0,85.0,No
51669.0,65.0,Post-menopausal,258.0,163.0,No
51672.0,27.0,Pre-menopausal,191.0,130.0,No
51673.0,30.0,Pre-menopausal,196.0,122.0,No
51675.0,80.0,Pre-menopausal,165.0,90.0,No
51680.0,60.0,Post-menopausal,289.0,221.0,No
51683.0,35.0,Pre-menopausal,194.0,93.0,No
51685.0,56.0,Post-menopausal,224.0,116.0,Yes
51705.0,25.0,Pre-menopausal,153.0,78.0,No
51708.0,39.0,Pre-menopausal,226.0,161.0,No
51724.0,37.0,Pre-menopausal,167.0,102.0,No
51728.0,55.0,Post-menopausal,191.0,98.0,No
51740.0,50.0,Post-menopausal,210.0,122.0,No
51741.0,21.0,Pre-menopausal,164.0,91.0,No
51742.0,17.0,Pre-menopausal,168.0,104.0,No
51746.0,40.0,Pre-menopausal,222.0,150.0,No
51754.0,58.0,Pre-menopausal,179.0,89.0,No
51757.0,28.0,Pre-menopausal,166.0,64.0,No
51760.0,27.0,Pre-menopausal,158.0,49.0,Yes
51762.0,22.0,Pre-menopausal,132.0,63.0,No
51766.0,17.0,Pre-menopausal,197.0,122.0,No
51768.0,56.0,Pre-menopausal,283.0,195.0,No
51777.0,22.0,Pre-menopausal,209.0,134.0,No
51782.0,23.0,Pre-menopausal,126.0,60.0,No
51787.0,22.0,Pre-menopausal,174.0,107.0,No
51809.0,35.0,Pre-menopausal,155.0,74.0,No
51812.0,12.0,Pre-menopausal,174.0,102.0,No
51814.0,12.0,Pre-menopausal,151.0,72.0,No
51815.0,44.0,Post-menopausal,198.0,117.0,No
51816.0,20.0,Pre-menopausal,204.0,111.0,No
51817.0,80.0,Post-menopausal,194.0,106.0,No
51831.0,41.0,Post-menopausal,155.0,98.0,No
51833.0,48.0,Post-menopausal,317.0,237.0,No
51834.0,66.0,Post-menopausal,250.0,138.0,Yes
51837.0,14.0,Pre-menopausal,138.0,64.0,No
51841.0,12.0,Pre-menopausal,144.0,80.0,No
51842.0,19.0,Pre-menopausal,121.0,54.0,No
51843.0,27.0,Pre-menopausal,181.0,101.0,No
51849.0,41.0,Pre-menopausal,158.0,85.0,No
51856.0,61.0,Post-menopausal,282.0,173.0,No
51858.0,44.0,Pre-menopausal,328.0,243.0,No
51862.0,15.0,Pre-menopausal,171.0,116.0,No
51863.0,76.0,Post-menopausal,212.0,131.0,No
51875.0,63.0,Post-menopausal,323.0,228.0,No
51893.0,70.0,Post-menopausal,147.0,58.0,No
51896.0,16.0,Pre-menopausal,133.0,79.0,No
51897.0,15.0,Pre-menopausal,152.0,85.0,No
51900.0,70.0,Post-menopausal,172.0,101.0,No
51901.0,12.0,Pre-menopausal,127.0,65.0,No
51907.0,22.0,Pre-menopausal,149.0,82.0,No
51916.0,66.0,Post-menopausal,261.0,193.0,No
51919.0,64.0,Post-menopausal,184.0,107.0,No
51928.0,62.0,Post-menopausal,186.0,100.0,No
51929.0,80.0,Post-menopausal,180.0,99.0,Yes
51936.0,51.0,Pre-menopausal,161.0,84.0,No
51942.0,57.0,Pre-menopausal,310.0,216.0,No
51945.0,46.0,Pre-menopausal,278.0,178.0,Yes
51948.0,70.0,Post-menopausal,225.0,149.0,No
51949.0,15.0,Pre-menopausal,259.0,160.0,No
51951.0,56.0,Post-menopausal,237.0,117.0,No
51952.0,46.0,Pre-menopausal,168.0,100.0,No
51961.0,36.0,Pre-menopausal,146.0,82.0,No
51964.0,60.0,Post-menopausal,200.0,121.0,No
51981.0,53.0,Pre-menopausal,229.0,141.0,No
51983.0,22.0,Pre-menopausal,183.0,123.0,No
51993.0,49.0,Pre-menopausal,207.0,116.0,No
52002.0,74.0,Post-menopausal,119.0,68.0,No
52004.0,12.0,Pre-menopausal,172.0,103.0,No
52007.0,49.0,Post-menopausal,220.0,133.0,No
52008.0,62.0,Post-menopausal,189.0,97.0,No
52009.0,44.0,Pre-menopausal,227.0,138.0,No
52012.0,66.0,Post-menopausal,146.0,72.0,No
52022.0,16.0,Pre-menopausal,151.0,90.0,No
52029.0,43.0,Pre-menopausal,135.0,45.0,No
52032.0,40.0,Pre-menopausal,191.0,121.0,No
52057.0,56.0,Post-menopausal,161.0,83.0,Yes
52069.0,40.0,Pre-menopausal,197.0,96.0,No
52072.0,32.0,Pre-menopausal,170.0,97.0,No
52084.0,72.0,Post-menopausal,270.0,155.0,No
52088.0,79.0,Post-menopausal,183.0,80.0,No
52093.0,15.0,Pre-menopausal,160.0,102.0,No
52094.0,61.0,Post-menopausal,188.0,126.0,No
52097.0,27.0,Pre-menopausal,205.0,145.0,No
52102.0,12.0,Pre-menopausal,152.0,75.0,No
52107.0,48.0,Pre-menopausal,158.0,106.0,No
52119.0,67.0,Post-menopausal,232.0,142.0,No
52130.0,30.0,Pre-menopausal,245.0,176.0,No
52137.0,55.0,Post-menopausal,282.0,189.0,No
52140.0,23.0,Pre-menopausal,138.0,81.0,No
52150.0,14.0,Pre-menopausal,111.0,54.0,No
52153.0,38.0,Pre-menopausal,259.0,169.0,No
52156.0,12.0,Pre-menopausal,176.0,107.0,No
52157.0,53.0,Post-menopausal,292.0,182.0,No
52161.0,80.0,Post-menopausal,167.0,73.0,Yes
52184.0,49.0,Pre-menopausal,251.0,169.0,Yes
52189.0,13.0,Pre-menopausal,211.0,135.0,No
52195.0,46.0,Pre-menopausal,272.0,168.0,No
52196.0,12.0,Pre-menopausal,149.0,75.0,No
52206.0,42.0,Pre-menopausal,183.0,121.0,No
52212.0,65.0,Post-menopausal,226.0,142.0,No
52217.0,48.0,Pre-menopausal,188.0,112.0,No
52222.0,39.0,Pre-menopausal,172.0,102.0,No
52235.0,21.0,Pre-menopausal,208.0,132.0,No
52241.0,43.0,Post-menopausal,221.0,154.0,No
52253.0,18.0,Pre-menopausal,156.0,94.0,No
52256.0,34.0,Pre-menopausal,196.0,120.0,No
52271.0,80.0,Post-menopausal,189.0,93.0,No
52274.0,33.0,Post-menopausal,194.0,126.0,No
52281.0,12.0,Pre-menopausal,153.0,92.0,No
52295.0,37.0,Pre-menopausal,236.0,141.0,No
52299.0,71.0,Post-menopausal,187.0,103.0,No
52301.0,15.0,Pre-menopausal,137.0,61.0,No
52306.0,19.0,Pre-menopausal,166.0,93.0,No
52310.0,69.0,Post-menopausal,205.0,116.0,No
52314.0,25.0,Pre-menopausal,182.0,101.0,No
52315.0,52.0,Pre-menopausal,154.0,98.0,No
52319.0,18.0,Pre-menopausal,143.0,73.0,No
52321.0,80.0,Post-menopausal,186.0,110.0,No
52332.0,40.0,Pre-menopausal,180.0,102.0,No
52333.0,51.0,Pre-menopausal,160.0,81.0,No
52335.0,20.0,Pre-menopausal,92.0,41.0,No
52339.0,65.0,Post-menopausal,284.0,179.0,No
52343.0,80.0,Post-menopausal,188.0,93.0,No
52344.0,31.0,Pre-menopausal,202.0,110.0,No
52361.0,36.0,Pre-menopausal,152.0,81.0,No
52363.0,49.0,Post-menopausal,288.0,147.0,No
52364.0,33.0,Pre-menopausal,205.0,131.0,No
52368.0,34.0,Pre-menopausal,280.0,211.0,No
52369.0,69.0,Post-menopausal,220.0,146.0,No
52371.0,31.0,Pre-menopausal,200.0,135.0,No
52387.0,22.0,Pre-menopausal,146.0,80.0,No
52390.0,20.0,Pre-menopausal,161.0,82.0,No
52392.0,47.0,Post-menopausal,254.0,174.0,No
52415.0,34.0,Pre-menopausal,138.0,60.0,Yes
52416.0,56.0,Post-menopausal,198.0,112.0,No
52424.0,42.0,Pre-menopausal,231.0,159.0,No
52428.0,33.0,Pre-menopausal,151.0,95.0,No
52437.0,42.0,Pre-menopausal,206.0,138.0,No
52438.0,13.0,Pre-menopausal,164.0,86.0,No
52446.0,65.0,Post-menopausal,304.0,207.0,No
52447.0,24.0,Pre-menopausal,166.0,107.0,No
52451.0,22.0,Pre-menopausal,155.0,62.0,No
52453.0,80.0,Post-menopausal,137.0,50.0,No
52466.0,67.0,Post-menopausal,125.0,50.0,No
52475.0,21.0,Pre-menopausal,212.0,124.0,No
52477.0,36.0,Pre-menopausal,190.0,111.0,No
52480.0,39.0,Pre-menopausal,135.0,75.0,No
52483.0,20.0,Pre-menopausal,193.0,132.0,No
52494.0,78.0,Post-menopausal,158.0,77.0,No
52497.0,78.0,Post-menopausal,211.0,137.0,No
52513.0,73.0,Post-menopausal,135.0,54.0,No
52524.0,54.0,Post-menopausal,234.0,137.0,No
52543.0,59.0,Post-menopausal,202.0,122.0,No
52549.0,64.0,Post-menopausal,206.0,144.0,Yes
52552.0,29.0,Pre-menopausal,212.0,123.0,No
52556.0,39.0,Pre-menopausal,139.0,68.0,No
52563.0,35.0,Pre-menopausal,204.0,104.0,No
52566.0,70.0,Post-menopausal,171.0,80.0,No
52569.0,26.0,Pre-menopausal,195.0,87.0,No
52572.0,62.0,Post-menopausal,202.0,118.0,No
52579.0,69.0,Post-menopausal,159.0,77.0,No
52587.0,72.0,Pre-menopausal,233.0,136.0,No
52599.0,24.0,Pre-menopausal,178.0,119.0,No
52602.0,64.0,Post-menopausal,206.0,147.0,No
52608.0,60.0,Post-menopausal,160.0,91.0,No
52611.0,50.0,Post-menopausal,224.0,134.0,No
52614.0,25.0,Pre-menopausal,166.0,72.0,No
52625.0,61.0,Post-menopausal,157.0,68.0,No
52631.0,44.0,Pre-menopausal,192.0,132.0,No
52634.0,48.0,Pre-menopausal,166.0,90.0,No
52635.0,76.0,Pre-menopausal,293.0,163.0,No
52656.0,53.0,Pre-menopausal,170.0,101.0,No
52660.0,62.0,Post-menopausal,235.0,146.0,No
52665.0,77.0,Pre-menopausal,187.0,117.0,No
52667.0,14.0,Pre-menopausal,124.0,63.0,No
52674.0,80.0,Post-menopausal,259.0,166.0,No
52675.0,34.0,Pre-menopausal,133.0,69.0,No
52685.0,21.0,Pre-menopausal,169.0,94.0,No
52687.0,77.0,Pre-menopausal,170.0,78.0,No
52689.0,44.0,Pre-menopausal,185.0,95.0,No
52690.0,58.0,Post-menopausal,211.0,132.0,No
52694.0,31.0,Pre-menopausal,174.0,107.0,No
52696.0,28.0,Pre-menopausal,132.0,84.0,No
52702.0,46.0,Pre-menopausal,185.0,115.0,No
52715.0,70.0,Post-menopausal,159.0,70.0,Yes
52719.0,73.0,Post-menopausal,208.0,122.0,No
52727.0,35.0,Pre-menopausal,209.0,140.0,No
52730.0,53.0,Post-menopausal,213.0,116.0,No
52739.0,71.0,Post-menopausal,206.0,112.0,No
52747.0,31.0,Pre-menopausal,233.0,124.0,No
52750.0,37.0,Pre-menopausal,152.0,80.0,No
52751.0,67.0,Post-menopausal,215.0,132.0,No
52754.0,36.0,Post-menopausal,208.0,136.0,No
52757.0,17.0,Pre-menopausal,145.0,85.0,No
52759.0,67.0,Post-menopausal,242.0,167.0,No
52775.0,51.0,Pre-menopausal,210.0,133.0,No
52777.0,19.0,Pre-menopausal,161.0,92.0,No
52778.0,34.0,Pre-menopausal,174.0,92.0,No
52804.0,19.0,Pre-menopausal,157.0,92.0,No
52807.0,26.0,Pre-menopausal,152.0,70.0,No
52814.0,76.0,Post-menopausal,196.0,108.0,No
52820.0,16.0,Pre-menopausal,177.0,113.0,No
52823.0,41.0,Pre-menopausal,179.0,121.0,No
52829.0,23.0,Pre-menopausal,165.0,91.0,No
52832.0,30.0,Post-menopausal,176.0,103.0,No
52837.0,36.0,Pre-menopausal,151.0,88.0,No
52841.0,80.0,Post-menopausal,201.0,123.0,Yes
52855.0,19.0,Pre-menopausal,199.0,103.0,No
52856.0,80.0,Post-menopausal,249.0,154.0,No
52862.0,39.0,Pre-menopausal,169.0,106.0,No
52870.0,26.0,Pre-menopausal,180.0,123.0,Yes
52878.0,51.0,Pre-menopausal,236.0,155.0,No
52895.0,50.0,Post-menopausal,265.0,165.0,No
52902.0,61.0,Pre-menopausal,176.0,86.0,No
52907.0,40.0,Pre-menopausal,215.0,130.0,No
52908.0,12.0,Pre-menopausal,177.0,109.0,No
52924.0,40.0,Pre-menopausal,135.0,61.0,No
52928.0,20.0,Post-menopausal,247.0,170.0,No
52933.0,12.0,Pre-menopausal,121.0,63.0,No
52935.0,72.0,Post-menopausal,332.0,203.0,No
52936.0,73.0,Post-menopausal,186.0,86.0,No
52960.0,44.0,Pre-menopausal,177.0,107.0,No
52997.0,15.0,Pre-menopausal,129.0,65.0,No
53003.0,49.0,Pre-menopausal,180.0,116.0,No
53008.0,80.0,Pre-menopausal,116.0,50.0,Yes
53009.0,73.0,Post-menopausal,277.0,169.0,No
53028.0,48.0,Pre-menopausal,167.0,94.0,No
53030.0,15.0,Pre-menopausal,149.0,83.0,No
53036.0,16.0,Pre-menopausal,152.0,91.0,No
53041.0,60.0,Post-menopausal,202.0,128.0,No
53066.0,28.0,Pre-menopausal,138.0,81.0,No
53068.0,55.0,Post-menopausal,189.0,114.0,No
53075.0,72.0,Post-menopausal,137.0,56.0,No
53079.0,31.0,Pre-menopausal,147.0,71.0,No
53092.0,53.0,Post-menopausal,322.0,260.0,No
53093.0,63.0,Post-menopausal,161.0,83.0,Yes
53095.0,52.0,Post-menopausal,233.0,134.0,No
53096.0,56.0,Post-menopausal,290.0,187.0,Yes
53100.0,57.0,Post-menopausal,288.0,193.0,No
53104.0,47.0,Pre-menopausal,156.0,92.0,Yes
53112.0,42.0,Pre-menopausal,168.0,97.0,No
53117.0,36.0,Pre-menopausal,162.0,97.0,No
53125.0,53.0,Post-menopausal,242.0,148.0,No
53132.0,59.0,Pre-menopausal,194.0,105.0,No
53135.0,26.0,Pre-menopausal,144.0,91.0,No
53139.0,65.0,Post-menopausal,185.0,104.0,No
53155.0,23.0,Pre-menopausal,210.0,96.0,No
53160.0,36.0,Post-menopausal,189.0,113.0,No
53161.0,49.0,Pre-menopausal,236.0,153.0,No
53163.0,28.0,Pre-menopausal,212.0,156.0,No
53164.0,17.0,Pre-menopausal,251.0,147.0,No
53166.0,20.0,Pre-menopausal,250.0,183.0,No
53171.0,65.0,Pre-menopausal,204.0,123.0,No
53174.0,34.0,Pre-menopausal,186.0,116.0,No
53175.0,42.0,Pre-menopausal,146.0,43.0,No
53180.0,50.0,Pre-menopausal,201.0,92.0,No
53188.0,71.0,Post-menopausal,200.0,105.0,No
53190.0,47.0,Pre-menopausal,203.0,122.0,No
53198.0,53.0,Pre-menopausal,168.0,108.0,No
53201.0,44.0,Pre-menopausal,188.0,120.0,No
53207.0,80.0,Pre-menopausal,131.0,58.0,No
53215.0,55.0,Post-menopausal,156.0,72.0,No
53222.0,63.0,Post-menopausal,160.0,76.0,No
53225.0,12.0,Pre-menopausal,157.0,87.0,No
53229.0,21.0,Pre-menopausal,176.0,95.0,No
53239.0,66.0,Post-menopausal,240.0,153.0,No
53243.0,43.0,Pre-menopausal,249.0,148.0,No
53249.0,33.0,Pre-menopausal,242.0,154.0,No
53253.0,70.0,Post-menopausal,168.0,76.0,Yes
53264.0,35.0,Pre-menopausal,204.0,136.0,No
53268.0,71.0,Post-menopausal,181.0,90.0,No
53272.0,58.0,Post-menopausal,249.0,184.0,No
53274.0,21.0,Pre-menopausal,218.0,142.0,No
53276.0,60.0,Post-menopausal,219.0,132.0,Yes
53278.0,62.0,Post-menopausal,225.0,141.0,No
53287.0,44.0,Pre-menopausal,231.0,91.0,No
53288.0,79.0,Post-menopausal,141.0,48.0,No
53291.0,52.0,Pre-menopausal,179.0,98.0,No
53293.0,23.0,Pre-menopausal,148.0,63.0,No
53312.0,20.0,Pre-menopausal,156.0,90.0,No
53316.0,52.0,Post-menopausal,173.0,94.0,Yes
53326.0,16.0,Pre-menopausal,193.0,104.0,No
53338.0,54.0,Pre-menopausal,210.0,151.0,No
53345.0,23.0,Pre-menopausal,108.0,64.0,No
53346.0,46.0,Pre-menopausal,178.0,99.0,No
53355.0,18.0,Pre-menopausal,185.0,107.0,No
53361.0,61.0,Pre-menopausal,198.0,106.0,No
53369.0,39.0,Pre-menopausal,180.0,109.0,No
53402.0,28.0,Pre-menopausal,163.0,97.0,No
53412.0,27.0,Pre-menopausal,154.0,73.0,No
53416.0,23.0,Pre-menopausal,153.0,52.0,No
53426.0,15.0,Pre-menopausal,161.0,88.0,No
53436.0,70.0,Post-menopausal,193.0,111.0,No
53441.0,18.0,Pre-menopausal,128.0,65.0,No
53453.0,33.0,Pre-menopausal,161.0,93.0,No
53456.0,28.0,Pre-menopausal,126.0,50.0,No
53457.0,30.0,Pre-menopausal,228.0,153.0,No
53461.0,55.0,Pre-menopausal,333.0,242.0,No
53467.0,41.0,Pre-menopausal,203.0,130.0,No
53468.0,21.0,Pre-menopausal,169.0,97.0,No
53471.0,49.0,Post-menopausal,243.0,159.0,No
53472.0,50.0,Post-menopausal,286.0,189.0,No
53474.0,59.0,Post-menopausal,256.0,147.0,No
53479.0,30.0,Pre-menopausal,176.0,91.0,No
53492.0,44.0,Post-menopausal,233.0,144.0,No
53494.0,77.0,Post-menopausal,232.0,134.0,No
53496.0,59.0,Post-menopausal,142.0,73.0,No
53502.0,80.0,Post-menopausal,178.0,101.0,No
53508.0,54.0,Post-menopausal,121.0,68.0,No
53514.0,27.0,Pre-menopausal,285.0,144.0,No
53522.0,33.0,Pre-menopausal,247.0,155.0,No
53523.0,26.0,Pre-menopausal,173.0,94.0,No
53524.0,39.0,Pre-menopausal,275.0,174.0,No
53537.0,36.0,Pre-menopausal,181.0,96.0,No
53547.0,19.0,Pre-menopausal,138.0,71.0,No
53557.0,36.0,Pre-menopausal,173.0,109.0,No
53571.0,49.0,Post-menopausal,171.0,107.0,No
53573.0,43.0,Pre-menopausal,188.0,97.0,No
53585.0,43.0,Pre-menopausal,185.0,114.0,No
53597.0,43.0,Pre-menopausal,228.0,145.0,No
53600.0,23.0,Pre-menopausal,211.0,125.0,No
53604.0,63.0,Post-menopausal,237.0,149.0,No
53608.0,34.0,Pre-menopausal,176.0,76.0,No
53609.0,79.0,Post-menopausal,253.0,168.0,No
53611.0,39.0,Pre-menopausal,170.0,74.0,No
53617.0,48.0,Pre-menopausal,274.0,156.0,No
53631.0,63.0,Post-menopausal,205.0,114.0,No
53633.0,12.0,Pre-menopausal,250.0,156.0,No
53650.0,19.0,Pre-menopausal,182.0,86.0,No
53652.0,30.0,Pre-menopausal,266.0,163.0,No
53656.0,54.0,Post-menopausal,290.0,191.0,No
53663.0,33.0,Pre-menopausal,207.0,140.0,No
53664.0,80.0,Post-menopausal,185.0,104.0,No
53669.0,18.0,Pre-menopausal,161.0,84.0,No
53673.0,12.0,Pre-menopausal,160.0,73.0,No
53674.0,15.0,Pre-menopausal,141.0,67.0,No
53675.0,45.0,Post-menopausal,182.0,106.0,No
53679.0,52.0,Pre-menopausal,167.0,86.0,No
53682.0,67.0,Post-menopausal,244.0,150.0,No
53690.0,14.0,Pre-menopausal,189.0,114.0,No
53691.0,39.0,Pre-menopausal,180.0,91.0,No
53696.0,51.0,Pre-menopausal,213.0,143.0,No
53697.0,70.0,Post-menopausal,148.0,77.0,No
53701.0,63.0,Post-menopausal,199.0,141.0,No
53705.0,20.0,Pre-menopausal,212.0,125.0,No
53730.0,54.0,Post-menopausal,202.0,125.0,Yes
53746.0,38.0,Pre-menopausal,220.0,152.0,No
53750.0,40.0,Pre-menopausal,247.0,175.0,No
53763.0,60.0,Post-menopausal,210.0,135.0,No
53764.0,49.0,Post-menopausal,217.0,140.0,No
53765.0,17.0,Pre-menopausal,142.0,79.0,No
53772.0,40.0,Pre-menopausal,183.0,120.0,No
53775.0,79.0,Pre-menopausal,168.0,101.0,Yes
53779.0,58.0,Post-menopausal,333.0,241.0,No
53785.0,56.0,Post-menopausal,194.0,117.0,No
53793.0,26.0,Pre-menopausal,221.0,130.0,No
53801.0,12.0,Pre-menopausal,180.0,96.0,No
53815.0,12.0,Pre-menopausal,140.0,76.0,No
53824.0,74.0,Pre-menopausal,195.0,100.0,No
53829.0,56.0,Pre-menopausal,216.0,121.0,No
53834.0,70.0,Post-menopausal,143.0,65.0,Yes
53841.0,51.0,Pre-menopausal,237.0,148.0,No
53842.0,80.0,Post-menopausal,241.0,169.0,No
53845.0,42.0,Pre-menopausal,230.0,150.0,No
53848.0,38.0,Pre-menopausal,172.0,85.0,No
53851.0,15.0,Pre-menopausal,173.0,115.0,No
53853.0,27.0,Pre-menopausal,194.0,129.0,No
53858.0,56.0,Pre-menopausal,265.0,174.0,No
53874.0,34.0,Pre-menopausal,161.0,60.0,No
53880.0,20.0,Pre-menopausal,267.0,177.0,No
53890.0,17.0,Pre-menopausal,136.0,73.0,No
53891.0,23.0,Pre-menopausal,151.0,64.0,No
53895.0,38.0,Pre-menopausal,186.0,122.0,No
53901.0,14.0,Pre-menopausal,135.0,68.0,No
53903.0,68.0,Pre-menopausal,168.0,79.0,No
53908.0,28.0,Pre-menopausal,130.0,51.0,No
53920.0,72.0,Pre-menopausal,155.0,79.0,Yes
53931.0,17.0,Pre-menopausal,155.0,85.0,No
53933.0,58.0,Post-menopausal,262.0,154.0,No
53940.0,80.0,Post-menopausal,231.0,126.0,No
53952.0,36.0,Pre-menopausal,153.0,91.0,No
53955.0,24.0,Pre-menopausal,162.0,82.0,No
53957.0,27.0,Pre-menopausal,153.0,98.0,No
53968.0,52.0,Post-menopausal,205.0,119.0,No
54001.0,60.0,Post-menopausal,171.0,85.0,No
54002.0,59.0,Pre-menopausal,208.0,134.0,No
54003.0,23.0,Pre-menopausal,170.0,82.0,No
54022.0,49.0,Pre-menopausal,235.0,166.0,No
54027.0,62.0,Post-menopausal,248.0,149.0,No
54040.0,17.0,Pre-menopausal,213.0,113.0,No
54043.0,44.0,Pre-menopausal,193.0,102.0,No
54060.0,47.0,Post-menopausal,200.0,132.0,No
54073.0,80.0,Post-menopausal,144.0,71.0,No
54077.0,71.0,Post-menopausal,189.0,115.0,No
54092.0,68.0,Post-menopausal,156.0,74.0,No
54110.0,76.0,Post-menopausal,225.0,115.0,No
54114.0,28.0,Pre-menopausal,212.0,117.0,No
54119.0,47.0,Pre-menopausal,253.0,155.0,No
54124.0,48.0,Pre-menopausal,198.0,115.0,No
54131.0,35.0,Pre-menopausal,184.0,111.0,No
54135.0,33.0,Pre-menopausal,150.0,85.0,No
54143.0,71.0,Post-menopausal,257.0,147.0,No
54164.0,36.0,Pre-menopausal,204.0,145.0,No
54183.0,14.0,Pre-menopausal,162.0,86.0,No
54185.0,19.0,Pre-menopausal,149.0,74.0,No
54189.0,43.0,Post-menopausal,203.0,133.0,No
54199.0,17.0,Pre-menopausal,187.0,119.0,No
54209.0,24.0,Pre-menopausal,176.0,101.0,No
54215.0,26.0,Pre-menopausal,155.0,84.0,No
54216.0,40.0,Pre-menopausal,227.0,148.0,No
54222.0,46.0,Pre-menopausal,216.0,135.0,No
54224.0,39.0,Pre-menopausal,158.0,79.0,No
54228.0,35.0,Pre-menopausal,151.0,101.0,No
54232.0,80.0,Post-menopausal,148.0,68.0,Yes
54234.0,40.0,Pre-menopausal,198.0,121.0,No
54237.0,27.0,Pre-menopausal,160.0,97.0,No
54240.0,52.0,Post-menopausal,218.0,116.0,No
54241.0,32.0,Pre-menopausal,164.0,101.0,No
54268.0,13.0,Pre-menopausal,207.0,134.0,No
54277.0,28.0,Pre-menopausal,171.0,102.0,No
54284.0,23.0,Post-menopausal,236.0,147.0,No
54290.0,43.0,Pre-menopausal,214.0,148.0,No
54298.0,20.0,Pre-menopausal,123.0,76.0,No
54303.0,56.0,Post-menopausal,180.0,109.0,No
54309.0,28.0,Pre-menopausal,135.0,62.0,No
54312.0,48.0,Pre-menopausal,170.0,90.0,No
54318.0,18.0,Pre-menopausal,133.0,56.0,No
54326.0,36.0,Pre-menopausal,174.0,107.0,No
54339.0,52.0,Pre-menopausal,168.0,103.0,No
54340.0,13.0,Pre-menopausal,168.0,94.0,No
54341.0,15.0,Pre-menopausal,130.0,79.0,No
54346.0,66.0,Post-menopausal,179.0,108.0,No
54351.0,80.0,Post-menopausal,250.0,153.0,No
54356.0,55.0,Post-menopausal,216.0,112.0,No
54357.0,45.0,Pre-menopausal,200.0,112.0,No
54363.0,54.0,Post-menopausal,229.0,136.0,No
54367.0,45.0,Pre-menopausal,260.0,168.0,No
54369.0,67.0,Post-menopausal,193.0,112.0,Yes
54372.0,18.0,Pre-menopausal,110.0,54.0,No
54378.0,65.0,Post-menopausal,231.0,129.0,No
54383.0,27.0,Pre-menopausal,177.0,106.0,No
54391.0,37.0,Pre-menopausal,153.0,71.0,No
54416.0,52.0,Post-menopausal,236.0,168.0,No
54418.0,46.0,Post-menopausal,242.0,153.0,No
54433.0,47.0,Pre-menopausal,162.0,95.0,No
54450.0,47.0,Pre-menopausal,241.0,159.0,No
54459.0,41.0,Pre-menopausal,179.0,71.0,No
54463.0,68.0,Post-menopausal,208.0,115.0,No
54465.0,18.0,Pre-menopausal,159.0,86.0,No
54466.0,54.0,Post-menopausal,227.0,143.0,No
54471.0,31.0,Pre-menopausal,219.0,141.0,No
54485.0,31.0,Pre-menopausal,190.0,102.0,No
54489.0,21.0,Pre-menopausal,150.0,74.0,No
54493.0,51.0,Pre-menopausal,188.0,106.0,No
54498.0,33.0,Pre-menopausal,234.0,147.0,No
54502.0,17.0,Pre-menopausal,198.0,121.0,No
54510.0,25.0,Pre-menopausal,238.0,139.0,Yes
54518.0,14.0,Pre-menopausal,142.0,74.0,No
54522.0,19.0,Pre-menopausal,124.0,67.0,No
54523.0,68.0,Post-menopausal,165.0,84.0,No
54524.0,41.0,Pre-menopausal,222.0,132.0,No
54532.0,61.0,Post-menopausal,186.0,103.0,No
54534.0,30.0,Pre-menopausal,199.0,122.0,No
54539.0,59.0,Post-menopausal,159.0,67.0,No
54544.0,53.0,Pre-menopausal,205.0,128.0,No
54545.0,14.0,Pre-menopausal,173.0,75.0,No
54555.0,23.0,Pre-menopausal,150.0,76.0,No
54556.0,33.0,Post-menopausal,243.0,162.0,No
54557.0,29.0,Post-menopausal,206.0,115.0,No
54560.0,72.0,Post-menopausal,205.0,117.0,No
54565.0,36.0,Post-menopausal,187.0,96.0,Yes
54577.0,44.0,Pre-menopausal,202.0,96.0,No
54583.0,64.0,Post-menopausal,189.0,110.0,No
54584.0,14.0,Pre-menopausal,184.0,106.0,No
54587.0,37.0,Pre-menopausal,171.0,105.0,No
54592.0,13.0,Pre-menopausal,169.0,102.0,No
54603.0,31.0,Pre-menopausal,170.0,79.0,No
54612.0,61.0,Post-menopausal,213.0,78.0,No
54620.0,75.0,Post-menopausal,158.0,52.0,No
54622.0,70.0,Post-menopausal,199.0,61.0,No
54626.0,18.0,Pre-menopausal,175.0,98.0,No
54630.0,27.0,Pre-menopausal,165.0,103.0,No
54633.0,80.0,Post-menopausal,196.0,115.0,No
54637.0,80.0,Post-menopausal,264.0,190.0,No
54648.0,16.0,Pre-menopausal,222.0,139.0,No
54649.0,18.0,Pre-menopausal,131.0,59.0,No
54670.0,18.0,Pre-menopausal,149.0,87.0,No
54685.0,19.0,Pre-menopausal,166.0,104.0,No
54700.0,16.0,Pre-menopausal,175.0,99.0,No
54702.0,45.0,Post-menopausal,246.0,149.0,No
54704.0,60.0,Post-menopausal,242.0,148.0,No
54710.0,26.0,Pre-menopausal,171.0,105.0,No
54716.0,21.0,Pre-menopausal,151.0,85.0,No
54717.0,51.0,Post-menopausal,196.0,129.0,No
54719.0,35.0,Pre-menopausal,211.0,123.0,No
54720.0,66.0,Post-menopausal,271.0,183.0,No
54722.0,20.0,Pre-menopausal,192.0,128.0,No
54728.0,21.0,Pre-menopausal,178.0,93.0,No
54730.0,78.0,Post-menopausal,192.0,101.0,Yes
54732.0,36.0,Pre-menopausal,200.0,119.0,No
54740.0,51.0,Pre-menopausal,138.0,65.0,No
54741.0,19.0,Pre-menopausal,162.0,104.0,No
54743.0,78.0,Post-menopausal,306.0,227.0,No
54752.0,66.0,Post-menopausal,201.0,120.0,No
54754.0,80.0,Post-menopausal,165.0,80.0,No
54758.0,71.0,Post-menopausal,163.0,82.0,No
54767.0,23.0,Pre-menopausal,166.0,114.0,No
54773.0,40.0,Pre-menopausal,202.0,111.0,No
54777.0,23.0,Pre-menopausal,169.0,113.0,No
54778.0,13.0,Pre-menopausal,166.0,101.0,No
54784.0,65.0,Post-menopausal,199.0,100.0,No
54786.0,14.0,Pre-menopausal,144.0,83.0,No
54791.0,48.0,Pre-menopausal,240.0,156.0,No
54806.0,16.0,Pre-menopausal,157.0,75.0,No
54812.0,63.0,Post-menopausal,280.0,179.0,No
54814.0,36.0,Pre-menopausal,159.0,88.0,No
54817.0,15.0,Pre-menopausal,219.0,147.0,No
54818.0,34.0,Pre-menopausal,182.0,108.0,No
54832.0,28.0,Pre-menopausal,196.0,131.0,No
54838.0,36.0,Pre-menopausal,307.0,189.0,No
54841.0,18.0,Pre-menopausal,114.0,58.0,No
54844.0,19.0,Pre-menopausal,129.0,72.0,No
54853.0,14.0,Pre-menopausal,156.0,85.0,No
54860.0,13.0,Pre-menopausal,148.0,85.0,No
54861.0,63.0,Post-menopausal,198.0,95.0,No
54869.0,53.0,Post-menopausal,188.0,105.0,No
54882.0,12.0,Pre-menopausal,148.0,79.0,No
54894.0,77.0,Post-menopausal,263.0,170.0,No
54896.0,16.0,Pre-menopausal,206.0,126.0,No
54903.0,55.0,Post-menopausal,147.0,89.0,No
54907.0,39.0,Pre-menopausal,164.0,86.0,No
54908.0,62.0,Post-menopausal,208.0,127.0,Yes
54910.0,47.0,Pre-menopausal,180.0,95.0,No
54913.0,46.0,Pre-menopausal,207.0,121.0,No
54916.0,66.0,Post-menopausal,209.0,138.0,No
54939.0,30.0,Pre-menopausal,202.0,113.0,No
54941.0,31.0,Pre-menopausal,198.0,120.0,No
54950.0,59.0,Post-menopausal,270.0,179.0,No
54952.0,40.0,Pre-menopausal,173.0,104.0,No
54956.0,25.0,Pre-menopausal,194.0,121.0,No
54958.0,70.0,Post-menopausal,147.0,79.0,Yes
54959.0,40.0,Pre-menopausal,140.0,61.0,No
54980.0,60.0,Post-menopausal,174.0,100.0,No
54987.0,37.0,Pre-menopausal,175.0,89.0,No
54993.0,70.0,Post-menopausal,273.0,161.0,Yes
54996.0,29.0,Pre-menopausal,187.0,113.0,No
54999.0,24.0,Pre-menopausal,133.0,66.0,No
55000.0,52.0,Post-menopausal,213.0,123.0,Yes
55002.0,23.0,Pre-menopausal,211.0,126.0,No
55011.0,27.0,Pre-menopausal,166.0,84.0,No
55015.0,29.0,Pre-menopausal,222.0,128.0,No
55027.0,17.0,Pre-menopausal,200.0,121.0,No
55030.0,22.0,Pre-menopausal,180.0,110.0,No
55036.0,35.0,Pre-menopausal,162.0,88.0,No
55039.0,24.0,Pre-menopausal,229.0,120.0,No
55052.0,26.0,Pre-menopausal,174.0,112.0,No
55057.0,71.0,Post-menopausal,196.0,117.0,No
55067.0,61.0,Post-menopausal,166.0,78.0,Yes
55076.0,80.0,Post-menopausal,267.0,155.0,No
55085.0,19.0,Pre-menopausal,141.0,75.0,No
55086.0,32.0,Pre-menopausal,228.0,145.0,No
55090.0,17.0,Pre-menopausal,142.0,65.0,No
55096.0,17.0,Pre-menopausal,179.0,100.0,No
55105.0,22.0,Pre-menopausal,164.0,78.0,No
55106.0,65.0,Pre-menopausal,169.0,111.0,No
55108.0,63.0,Post-menopausal,203.0,117.0,No
55115.0,36.0,Pre-menopausal,223.0,157.0,No
55123.0,31.0,Pre-menopausal,207.0,106.0,No
55138.0,44.0,Pre-menopausal,222.0,140.0,No
55139.0,41.0,Pre-menopausal,222.0,112.0,No
55146.0,43.0,Pre-menopausal,215.0,132.0,No
55149.0,12.0,Pre-menopausal,175.0,100.0,No
55152.0,80.0,Post-menopausal,200.0,119.0,No
55156.0,28.0,Pre-menopausal,140.0,92.0,No
55163.0,30.0,Pre-menopausal,224.0,127.0,No
55170.0,55.0,Post-menopausal,163.0,86.0,No
55171.0,21.0,Pre-menopausal,132.0,74.0,No
55174.0,70.0,Post-menopausal,203.0,125.0,No
55179.0,80.0,Post-menopausal,157.0,84.0,No
55182.0,31.0,Pre-menopausal,175.0,93.0,No
55184.0,12.0,Pre-menopausal,146.0,74.0,No
55190.0,41.0,Pre-menopausal,214.0,128.0,No
55192.0,48.0,Pre-menopausal,143.0,88.0,No
55194.0,75.0,Post-menopausal,142.0,71.0,No
55202.0,69.0,Post-menopausal,189.0,119.0,No
55206.0,17.0,Pre-menopausal,144.0,76.0,No
55223.0,49.0,Post-menopausal,236.0,151.0,Yes
55230.0,22.0,Pre-menopausal,154.0,59.0,No
55231.0,17.0,Pre-menopausal,202.0,104.0,No
55233.0,13.0,Pre-menopausal,165.0,104.0,No
55234.0,48.0,Pre-menopausal,205.0,106.0,No
55240.0,60.0,Post-menopausal,256.0,182.0,No
55243.0,24.0,Pre-menopausal,181.0,86.0,No
55246.0,42.0,Pre-menopausal,226.0,146.0,No
55259.0,77.0,Post-menopausal,195.0,113.0,No
55265.0,47.0,Pre-menopausal,279.0,189.0,No
55279.0,58.0,Post-menopausal,287.0,175.0,No
55281.0,80.0,Post-menopausal,148.0,69.0,No
55286.0,47.0,Pre-menopausal,161.0,68.0,No
55298.0,63.0,Post-menopausal,190.0,125.0,No
55299.0,15.0,Pre-menopausal,161.0,87.0,No
55303.0,71.0,Post-menopausal,156.0,92.0,No
55306.0,54.0,Post-menopausal,196.0,118.0,Yes
55310.0,36.0,Pre-menopausal,177.0,95.0,No
55319.0,73.0,Post-menopausal,261.0,171.0,No
55326.0,51.0,Post-menopausal,247.0,170.0,No
55333.0,31.0,Pre-menopausal,213.0,110.0,No
55342.0,61.0,Post-menopausal,221.0,113.0,No
55348.0,19.0,Pre-menopausal,231.0,168.0,No
55365.0,27.0,Pre-menopausal,160.0,83.0,No
55366.0,22.0,Pre-menopausal,167.0,98.0,No
55369.0,40.0,Pre-menopausal,173.0,109.0,No
55381.0,29.0,Pre-menopausal,155.0,71.0,No
55382.0,44.0,Pre-menopausal,189.0,98.0,No
55390.0,20.0,Pre-menopausal,141.0,69.0,No
55392.0,75.0,Post-menopausal,242.0,152.0,Yes
55395.0,73.0,Post-menopausal,167.0,74.0,Yes
55398.0,47.0,Pre-menopausal,194.0,114.0,No
55399.0,23.0,Pre-menopausal,150.0,100.0,No
55404.0,18.0,Pre-menopausal,150.0,76.0,No
55418.0,28.0,Pre-menopausal,159.0,103.0,No
55431.0,16.0,Pre-menopausal,163.0,95.0,No
55441.0,56.0,Post-menopausal,208.0,121.0,No
55476.0,42.0,Pre-menopausal,235.0,169.0,No
55480.0,14.0,Pre-menopausal,144.0,80.0,No
55483.0,56.0,Pre-menopausal,218.0,137.0,No
55487.0,23.0,Pre-menopausal,155.0,89.0,No
55501.0,51.0,Post-menopausal,231.0,145.0,Yes
55505.0,39.0,Pre-menopausal,143.0,69.0,No
55510.0,21.0,Pre-menopausal,207.0,135.0,No
55516.0,21.0,Pre-menopausal,129.0,90.0,No
55524.0,80.0,Post-menopausal,243.0,129.0,No
55536.0,53.0,Post-menopausal,219.0,120.0,No
55539.0,16.0,Pre-menopausal,185.0,117.0,No
55544.0,80.0,Post-menopausal,259.0,157.0,No
55565.0,45.0,Pre-menopausal,279.0,209.0,No
55572.0,80.0,Post-menopausal,176.0,85.0,Yes
55577.0,27.0,Pre-menopausal,169.0,77.0,No
55590.0,26.0,Pre-menopausal,158.0,76.0,No
55598.0,50.0,Pre-menopausal,205.0,127.0,No
55601.0,50.0,Pre-menopausal,287.0,209.0,No
55630.0,15.0,Pre-menopausal,142.0,59.0,No
55633.0,39.0,Pre-menopausal,163.0,80.0,No
55646.0,63.0,Pre-menopausal,214.0,120.0,No
55649.0,80.0,Post-menopausal,140.0,59.0,Yes
55653.0,14.0,Pre-menopausal,159.0,79.0,No
55665.0,53.0,Post-menopausal,223.0,104.0,No
55671.0,62.0,Post-menopausal,231.0,128.0,No
55672.0,39.0,Pre-menopausal,189.0,114.0,No
55697.0,50.0,Pre-menopausal,215.0,133.0,No
55720.0,22.0,Post-menopausal,125.0,76.0,No
55737.0,72.0,Pre-menopausal,157.0,78.0,No
55739.0,80.0,Pre-menopausal,165.0,93.0,No
55743.0,37.0,Pre-menopausal,110.0,39.0,No
55745.0,66.0,Post-menopausal,307.0,207.0,Yes
55749.0,19.0,Pre-menopausal,142.0,70.0,No
55750.0,54.0,Post-menopausal,196.0,119.0,No
55757.0,30.0,Pre-menopausal,153.0,74.0,No
55759.0,80.0,Post-menopausal,162.0,93.0,No
55760.0,62.0,Post-menopausal,275.0,188.0,No
55763.0,77.0,Post-menopausal,248.0,155.0,Yes
55769.0,15.0,Pre-menopausal,195.0,109.0,No
55770.0,56.0,Post-menopausal,195.0,111.0,No
55774.0,43.0,Pre-menopausal,255.0,187.0,No
55779.0,59.0,Post-menopausal,193.0,103.0,No
55780.0,61.0,Post-menopausal,197.0,89.0,Yes
55781.0,25.0,Pre-menopausal,97.0,29.0,No
55782.0,12.0,Pre-menopausal,164.0,88.0,No
55783.0,52.0,Pre-menopausal,227.0,130.0,No
55785.0,80.0,Post-menopausal,233.0,134.0,No
55786.0,18.0,Pre-menopausal,108.0,46.0,No
55788.0,26.0,Pre-menopausal,197.0,117.0,No
55798.0,80.0,Post-menopausal,175.0,117.0,No
55811.0,17.0,Pre-menopausal,184.0,102.0,No
55822.0,54.0,Post-menopausal,171.0,94.0,Yes
55844.0,52.0,Post-menopausal,228.0,89.0,Yes
55845.0,32.0,Pre-menopausal,181.0,110.0,No
55850.0,17.0,Pre-menopausal,205.0,136.0,No
55853.0,31.0,Pre-menopausal,151.0,100.0,No
55856.0,22.0,Pre-menopausal,146.0,90.0,No
55864.0,46.0,Pre-menopausal,167.0,105.0,No
55881.0,42.0,Post-menopausal,230.0,154.0,No
55883.0,45.0,Pre-menopausal,200.0,121.0,No
55884.0,55.0,Pre-menopausal,274.0,167.0,No
55885.0,54.0,Post-menopausal,204.0,130.0,No
55886.0,50.0,Post-menopausal,185.0,100.0,No
55893.0,25.0,Pre-menopausal,160.0,101.0,No
55899.0,16.0,Pre-menopausal,140.0,71.0,No
55901.0,54.0,Post-menopausal,225.0,111.0,No
55907.0,57.0,Post-menopausal,228.0,150.0,No
55909.0,54.0,Pre-menopausal,171.0,84.0,Yes
55912.0,54.0,Post-menopausal,191.0,112.0,No
55914.0,27.0,Pre-menopausal,180.0,89.0,No
55927.0,43.0,Pre-menopausal,248.0,171.0,No
55932.0,46.0,Pre-menopausal,132.0,67.0,No
55933.0,37.0,Pre-menopausal,128.0,76.0,No
55935.0,32.0,Pre-menopausal,178.0,99.0,No
55941.0,70.0,Post-menopausal,259.0,116.0,No
55942.0,25.0,Pre-menopausal,183.0,114.0,No
55965.0,63.0,Post-menopausal,223.0,159.0,No
55966.0,68.0,Post-menopausal,225.0,104.0,No
55972.0,63.0,Post-menopausal,253.0,147.0,No
55984.0,57.0,Pre-menopausal,239.0,141.0,No
55988.0,47.0,Pre-menopausal,199.0,133.0,No
55993.0,73.0,Post-menopausal,226.0,130.0,Yes
55996.0,43.0,Pre-menopausal,207.0,137.0,No
55997.0,45.0,Pre-menopausal,187.0,123.0,No
55998.0,80.0,Post-menopausal,167.0,84.0,Yes
56006.0,36.0,Pre-menopausal,141.0,72.0,No
56013.0,58.0,Pre-menopausal,183.0,108.0,No
56015.0,39.0,Pre-menopausal,189.0,123.0,No
56019.0,23.0,Pre-menopausal,222.0,129.0,No
56022.0,16.0,Pre-menopausal,171.0,94.0,No
56026.0,22.0,Pre-menopausal,156.0,91.0,No
56031.0,45.0,Pre-menopausal,207.0,134.0,Yes
56033.0,30.0,Pre-menopausal,218.0,123.0,No
56044.0,27.0,Pre-menopausal,151.0,93.0,No
56047.0,27.0,Pre-menopausal,185.0,92.0,No
56058.0,48.0,Pre-menopausal,176.0,118.0,No
56062.0,55.0,Post-menopausal,156.0,86.0,No
56070.0,25.0,Post-menopausal,178.0,121.0,No
56078.0,43.0,Pre-menopausal,184.0,108.0,No
56079.0,71.0,Post-menopausal,193.0,111.0,No
56081.0,31.0,Pre-menopausal,159.0,86.0,No
56088.0,40.0,Pre-menopausal,179.0,108.0,No
56092.0,17.0,Pre-menopausal,140.0,77.0,No
56098.0,33.0,Pre-menopausal,238.0,179.0,Yes
56109.0,36.0,Pre-menopausal,211.0,142.0,No
56116.0,40.0,Pre-menopausal,214.0,114.0,No
56122.0,20.0,Pre-menopausal,164.0,88.0,No
56126.0,44.0,Post-menopausal,230.0,134.0,No
56145.0,13.0,Pre-menopausal,114.0,53.0,No
56146.0,48.0,Post-menopausal,207.0,118.0,No
56147.0,65.0,Post-menopausal,190.0,112.0,No
56150.0,52.0,Post-menopausal,235.0,155.0,No
56152.0,17.0,Pre-menopausal,165.0,89.0,No
56160.0,80.0,Post-menopausal,240.0,146.0,No
56161.0,42.0,Pre-menopausal,222.0,127.0,No
56164.0,62.0,Post-menopausal,250.0,168.0,Yes
56193.0,31.0,Pre-menopausal,155.0,94.0,No
56195.0,58.0,Pre-menopausal,223.0,162.0,No
56198.0,47.0,Pre-menopausal,215.0,134.0,No
56220.0,45.0,Pre-menopausal,193.0,95.0,No
56224.0,70.0,Post-menopausal,180.0,97.0,No
56230.0,23.0,Pre-menopausal,171.0,89.0,No
56231.0,45.0,Pre-menopausal,172.0,74.0,No
56232.0,38.0,Post-menopausal,264.0,198.0,No
56235.0,55.0,Post-menopausal,225.0,132.0,No
56236.0,80.0,Post-menopausal,258.0,147.0,Yes
56244.0,30.0,Pre-menopausal,186.0,116.0,No
56251.0,34.0,Pre-menopausal,159.0,109.0,No
56254.0,59.0,Post-menopausal,170.0,103.0,Yes
56260.0,45.0,Pre-menopausal,171.0,103.0,No
56265.0,50.0,Post-menopausal,275.0,198.0,No
56276.0,65.0,Post-menopausal,186.0,109.0,No
56280.0,71.0,Post-menopausal,229.0,141.0,No
56283.0,66.0,Post-menopausal,275.0,186.0,No
56285.0,33.0,Pre-menopausal,229.0,144.0,No
56292.0,41.0,Pre-menopausal,190.0,106.0,No
56308.0,43.0,Pre-menopausal,173.0,98.0,No
56309.0,80.0,Post-menopausal,247.0,129.0,No
56311.0,25.0,Post-menopausal,214.0,153.0,No
56318.0,80.0,Post-menopausal,194.0,113.0,Yes
56323.0,53.0,Pre-menopausal,193.0,116.0,No
56325.0,16.0,Pre-menopausal,240.0,150.0,No
56335.0,34.0,Pre-menopausal,141.0,77.0,No
56357.0,70.0,Post-menopausal,198.0,98.0,No
56362.0,12.0,Pre-menopausal,150.0,84.0,No
56363.0,43.0,Pre-menopausal,235.0,147.0,No
56365.0,58.0,Post-menopausal,208.0,119.0,No
56368.0,43.0,Pre-menopausal,167.0,64.0,No
56374.0,32.0,Pre-menopausal,219.0,135.0,No
56377.0,67.0,Post-menopausal,208.0,100.0,No
56384.0,22.0,Pre-menopausal,203.0,95.0,No
56388.0,12.0,Pre-menopausal,144.0,60.0,No
56390.0,44.0,Pre-menopausal,226.0,145.0,No
56393.0,80.0,Post-menopausal,223.0,135.0,Yes
56399.0,69.0,Post-menopausal,190.0,84.0,No
56402.0,45.0,Pre-menopausal,159.0,83.0,No
56404.0,18.0,Pre-menopausal,169.0,99.0,No
56421.0,18.0,Pre-menopausal,170.0,102.0,No
56424.0,29.0,Pre-menopausal,259.0,161.0,No
56426.0,36.0,Pre-menopausal,167.0,97.0,No
56432.0,64.0,Post-menopausal,219.0,140.0,No
56435.0,40.0,Pre-menopausal,195.0,111.0,No
56439.0,52.0,Post-menopausal,172.0,99.0,No
56443.0,52.0,Post-menopausal,223.0,144.0,No
56450.0,56.0,Post-menopausal,245.0,164.0,No
56467.0,18.0,Pre-menopausal,154.0,75.0,No
56470.0,60.0,Post-menopausal,225.0,146.0,No
56472.0,32.0,Pre-menopausal,175.0,85.0,No
56474.0,72.0,Post-menopausal,143.0,77.0,Yes
56488.0,26.0,Post-menopausal,180.0,116.0,No
56489.0,46.0,Pre-menopausal,159.0,104.0,No
56506.0,50.0,Pre-menopausal,147.0,89.0,No
56508.0,36.0,Pre-menopausal,182.0,79.0,No
56511.0,38.0,Pre-menopausal,164.0,90.0,No
56513.0,28.0,Pre-menopausal,165.0,97.0,No
56529.0,70.0,Post-menopausal,259.0,168.0,No
56536.0,67.0,Post-menopausal,271.0,186.0,No
56545.0,68.0,Pre-menopausal,158.0,56.0,Yes
56550.0,52.0,Pre-menopausal,167.0,106.0,No
56553.0,28.0,Pre-menopausal,192.0,75.0,No
56554.0,53.0,Post-menopausal,165.0,82.0,Yes
56563.0,27.0,Pre-menopausal,184.0,112.0,No
56564.0,40.0,Pre-menopausal,232.0,152.0,No
56570.0,52.0,Post-menopausal,173.0,99.0,No
56572.0,13.0,Pre-menopausal,174.0,89.0,No
56574.0,61.0,Post-menopausal,345.0,235.0,No
56577.0,80.0,Post-menopausal,121.0,57.0,No
56580.0,79.0,Post-menopausal,175.0,93.0,No
56591.0,80.0,Post-menopausal,197.0,100.0,No
56592.0,27.0,Pre-menopausal,146.0,85.0,No
56602.0,51.0,Post-menopausal,182.0,88.0,No
56607.0,29.0,Pre-menopausal,177.0,114.0,No
56623.0,56.0,Post-menopausal,253.0,162.0,No
56627.0,80.0,Post-menopausal,179.0,78.0,Yes
56628.0,57.0,Post-menopausal,196.0,108.0,No
56633.0,66.0,Pre-menopausal,181.0,119.0,No
56634.0,77.0,Post-menopausal,180.0,99.0,No
56644.0,18.0,Pre-menopausal,154.0,85.0,No
56648.0,62.0,Post-menopausal,223.0,124.0,No
56650.0,60.0,Post-menopausal,237.0,147.0,No
56660.0,45.0,Post-menopausal,243.0,170.0,No
56663.0,25.0,Pre-menopausal,204.0,129.0,No
56675.0,50.0,Pre-menopausal,225.0,123.0,No
56682.0,31.0,Post-menopausal,178.0,98.0,No
56685.0,80.0,Pre-menopausal,156.0,62.0,Yes
56705.0,31.0,Pre-menopausal,227.0,163.0,No
56706.0,45.0,Pre-menopausal,184.0,91.0,No
56708.0,21.0,Pre-menopausal,210.0,117.0,No
56710.0,71.0,Post-menopausal,230.0,149.0,No
56720.0,67.0,Post-menopausal,159.0,95.0,No
56734.0,73.0,Post-menopausal,151.0,87.0,No
56742.0,14.0,Pre-menopausal,150.0,67.0,No
56744.0,16.0,Pre-menopausal,187.0,127.0,No
56754.0,13.0,Pre-menopausal,178.0,104.0,No
56757.0,51.0,Post-menopausal,246.0,159.0,No
56764.0,78.0,Post-menopausal,208.0,108.0,No
56766.0,75.0,Post-menopausal,212.0,118.0,Yes
56767.0,67.0,Post-menopausal,216.0,110.0,No
56770.0,16.0,Pre-menopausal,140.0,68.0,No
56780.0,56.0,Post-menopausal,259.0,160.0,No
56794.0,71.0,Post-menopausal,192.0,114.0,No
56826.0,80.0,Pre-menopausal,222.0,139.0,No
56833.0,23.0,Pre-menopausal,195.0,108.0,No
56834.0,49.0,Pre-menopausal,178.0,80.0,No
56835.0,60.0,Post-menopausal,175.0,96.0,No
56840.0,41.0,Pre-menopausal,219.0,132.0,No
56859.0,29.0,Pre-menopausal,217.0,162.0,No
56868.0,33.0,Pre-menopausal,155.0,93.0,No
56872.0,31.0,Pre-menopausal,182.0,118.0,No
56877.0,72.0,Post-menopausal,241.0,151.0,No
56878.0,73.0,Post-menopausal,219.0,120.0,No
56891.0,80.0,Post-menopausal,146.0,69.0,Yes
56897.0,14.0,Pre-menopausal,153.0,78.0,No
56903.0,24.0,Pre-menopausal,153.0,74.0,No
56908.0,59.0,Post-menopausal,246.0,167.0,No
56913.0,40.0,Post-menopausal,260.0,172.0,No
56914.0,14.0,Pre-menopausal,181.0,94.0,No
56920.0,13.0,Pre-menopausal,162.0,79.0,No
56921.0,63.0,Post-menopausal,167.0,100.0,No
56922.0,80.0,Post-menopausal,151.0,72.0,No
56928.0,25.0,Post-menopausal,125.0,75.0,No
56947.0,22.0,Pre-menopausal,207.0,110.0,No
56949.0,44.0,Pre-menopausal,207.0,91.0,No
56954.0,75.0,Post-menopausal,167.0,68.0,No
56955.0,80.0,Post-menopausal,210.0,138.0,Yes
56964.0,74.0,Post-menopausal,193.0,90.0,Yes
56974.0,50.0,Post-menopausal,202.0,127.0,No
56977.0,28.0,Pre-menopausal,182.0,91.0,No
56987.0,30.0,Pre-menopausal,153.0,89.0,No
56988.0,63.0,Post-menopausal,169.0,95.0,Yes
57001.0,15.0,Pre-menopausal,198.0,132.0,No
57011.0,33.0,Pre-menopausal,150.0,85.0,No
57021.0,48.0,Pre-menopausal,203.0,98.0,No
57034.0,64.0,Post-menopausal,242.0,143.0,No
57036.0,48.0,Post-menopausal,209.0,121.0,Yes
57054.0,49.0,Post-menopausal,210.0,116.0,No
57063.0,78.0,Post-menopausal,209.0,106.0,No
57068.0,19.0,Pre-menopausal,174.0,100.0,No
57079.0,73.0,Post-menopausal,214.0,125.0,No
57106.0,80.0,Post-menopausal,275.0,166.0,Yes
57108.0,38.0,Pre-menopausal,143.0,54.0,No
57120.0,65.0,Post-menopausal,229.0,133.0,No
57124.0,12.0,Pre-menopausal,142.0,64.0,No
57131.0,47.0,Pre-menopausal,191.0,112.0,No
57134.0,31.0,Pre-menopausal,162.0,89.0,No
57139.0,17.0,Pre-menopausal,220.0,135.0,No
57141.0,29.0,Pre-menopausal,131.0,63.0,No
57142.0,39.0,Pre-menopausal,189.0,125.0,No
57143.0,51.0,Pre-menopausal,209.0,119.0,No
57147.0,26.0,Pre-menopausal,255.0,188.0,No
57159.0,39.0,Pre-menopausal,203.0,121.0,No
57162.0,27.0,Pre-menopausal,165.0,96.0,No
57170.0,56.0,Post-menopausal,200.0,103.0,No
57171.0,38.0,Pre-menopausal,141.0,78.0,No
57172.0,13.0,Pre-menopausal,156.0,92.0,No
57177.0,53.0,Pre-menopausal,271.0,170.0,No
57205.0,17.0,Pre-menopausal,162.0,111.0,No
57211.0,40.0,Pre-menopausal,170.0,99.0,No
57216.0,20.0,Pre-menopausal,159.0,96.0,No
57217.0,60.0,Post-menopausal,170.0,96.0,No
57221.0,19.0,Pre-menopausal,147.0,64.0,No
57229.0,60.0,Post-menopausal,256.0,173.0,No
57230.0,64.0,Post-menopausal,215.0,128.0,No
57234.0,48.0,Pre-menopausal,218.0,126.0,No
57247.0,50.0,Post-menopausal,136.0,81.0,Yes
57252.0,16.0,Pre-menopausal,149.0,83.0,No
57270.0,73.0,Post-menopausal,227.0,138.0,No
57273.0,25.0,Pre-menopausal,114.0,58.0,No
57276.0,74.0,Post-menopausal,218.0,122.0,No
57288.0,30.0,Post-menopausal,162.0,105.0,No
57291.0,79.0,Post-menopausal,182.0,119.0,No
57303.0,13.0,Pre-menopausal,165.0,100.0,No
57304.0,13.0,Pre-menopausal,165.0,108.0,No
57309.0,66.0,Post-menopausal,174.0,95.0,No
57312.0,44.0,Pre-menopausal,182.0,126.0,No
57316.0,71.0,Pre-menopausal,197.0,121.0,No
57317.0,19.0,Pre-menopausal,220.0,146.0,No
57330.0,69.0,Post-menopausal,169.0,110.0,No
57332.0,80.0,Post-menopausal,165.0,92.0,No
57335.0,58.0,Post-menopausal,231.0,136.0,No
57336.0,39.0,Pre-menopausal,191.0,130.0,No
57348.0,62.0,Post-menopausal,130.0,57.0,No
57349.0,17.0,Pre-menopausal,183.0,116.0,No
57355.0,49.0,Post-menopausal,162.0,90.0,Yes
57360.0,31.0,Pre-menopausal,133.0,73.0,No
57361.0,30.0,Pre-menopausal,257.0,177.0,No
57367.0,43.0,Pre-menopausal,204.0,119.0,No
57371.0,69.0,Post-menopausal,267.0,168.0,No
57377.0,36.0,Pre-menopausal,188.0,114.0,No
57379.0,39.0,Pre-menopausal,202.0,127.0,No
57381.0,15.0,Pre-menopausal,174.0,95.0,No
57384.0,64.0,Post-menopausal,185.0,104.0,No
57387.0,29.0,Pre-menopausal,272.0,196.0,No
57401.0,31.0,Pre-menopausal,123.0,69.0,No
57403.0,55.0,Post-menopausal,243.0,146.0,No
57404.0,24.0,Pre-menopausal,148.0,91.0,No
57419.0,49.0,Pre-menopausal,184.0,87.0,No
57428.0,12.0,Pre-menopausal,163.0,112.0,No
57432.0,14.0,Pre-menopausal,150.0,91.0,No
57443.0,15.0,Pre-menopausal,119.0,71.0,No
57457.0,77.0,Pre-menopausal,243.0,165.0,No
57459.0,46.0,Pre-menopausal,274.0,162.0,No
57460.0,60.0,Post-menopausal,202.0,106.0,No
57478.0,68.0,Post-menopausal,142.0,74.0,No
57497.0,21.0,Pre-menopausal,165.0,101.0,No
57498.0,31.0,Pre-menopausal,211.0,142.0,No
57499.0,80.0,Post-menopausal,171.0,82.0,No
57505.0,12.0,Pre-menopausal,118.0,51.0,No
57507.0,25.0,Pre-menopausal,177.0,82.0,No
57512.0,55.0,Post-menopausal,152.0,87.0,No
57518.0,50.0,Pre-menopausal,166.0,101.0,Yes
57530.0,56.0,Pre-menopausal,161.0,107.0,No
57532.0,71.0,Pre-menopausal,198.0,115.0,No
57556.0,43.0,Pre-menopausal,195.0,138.0,No
57570.0,67.0,Post-menopausal,259.0,161.0,No
57573.0,74.0,Pre-menopausal,211.0,114.0,No
57575.0,13.0,Pre-menopausal,135.0,75.0,No
57592.0,48.0,Pre-menopausal,162.0,73.0,No
57602.0,21.0,Pre-menopausal,148.0,78.0,No
57606.0,54.0,Post-menopausal,220.0,121.0,No
57609.0,17.0,Pre-menopausal,164.0,90.0,No
57619.0,18.0,Pre-menopausal,137.0,60.0,No
57624.0,63.0,Post-menopausal,269.0,185.0,No
57627.0,15.0,Pre-menopausal,187.0,128.0,No
57629.0,15.0,Pre-menopausal,156.0,51.0,No
57639.0,44.0,Pre-menopausal,191.0,124.0,No
57641.0,40.0,Pre-menopausal,223.0,140.0,No
57645.0,28.0,Pre-menopausal,162.0,105.0,No
57657.0,14.0,Post-menopausal,160.0,102.0,No
57660.0,19.0,Pre-menopausal,186.0,132.0,No
57666.0,30.0,Pre-menopausal,153.0,101.0,No
57667.0,53.0,Post-menopausal,245.0,154.0,No
57668.0,31.0,Pre-menopausal,208.0,106.0,No
57680.0,17.0,Pre-menopausal,136.0,75.0,No
57686.0,69.0,Post-menopausal,195.0,119.0,No
57695.0,22.0,Pre-menopausal,179.0,82.0,No
57697.0,80.0,Post-menopausal,287.0,165.0,Yes
57702.0,51.0,Pre-menopausal,158.0,80.0,No
57707.0,33.0,Post-menopausal,202.0,115.0,No
57712.0,13.0,Pre-menopausal,221.0,136.0,No
57714.0,17.0,Pre-menopausal,120.0,59.0,No
57724.0,27.0,Pre-menopausal,217.0,141.0,No
57725.0,12.0,Pre-menopausal,143.0,89.0,No
57729.0,58.0,Post-menopausal,227.0,138.0,No
57738.0,29.0,Pre-menopausal,166.0,98.0,No
57746.0,62.0,Post-menopausal,203.0,125.0,No
57751.0,36.0,Pre-menopausal,223.0,142.0,No
57754.0,44.0,Post-menopausal,227.0,152.0,No
57757.0,62.0,Post-menopausal,300.0,186.0,No
57759.0,42.0,Pre-menopausal,177.0,109.0,No
57762.0,67.0,Post-menopausal,220.0,134.0,No
57763.0,31.0,Pre-menopausal,190.0,130.0,No
57766.0,17.0,Pre-menopausal,153.0,98.0,No
57772.0,65.0,Post-menopausal,193.0,111.0,Yes
57774.0,45.0,Pre-menopausal,155.0,91.0,No
57777.0,80.0,Post-menopausal,227.0,155.0,No
57786.0,42.0,Post-menopausal,169.0,81.0,Yes
57789.0,61.0,Post-menopausal,162.0,78.0,No
57796.0,17.0,Pre-menopausal,141.0,79.0,No
57797.0,64.0,Post-menopausal,200.0,122.0,Yes
57801.0,15.0,Pre-menopausal,161.0,78.0,No
57808.0,50.0,Post-menopausal,183.0,114.0,No
57812.0,31.0,Pre-menopausal,165.0,91.0,No
57819.0,56.0,Post-menopausal,203.0,139.0,No
57832.0,49.0,Pre-menopausal,210.0,131.0,No
57834.0,18.0,Pre-menopausal,149.0,100.0,No
57835.0,18.0,Pre-menopausal,168.0,95.0,No
57836.0,29.0,Pre-menopausal,161.0,73.0,No
57846.0,80.0,Post-menopausal,203.0,111.0,No
57855.0,77.0,Post-menopausal,126.0,60.0,Yes
57859.0,52.0,Pre-menopausal,217.0,138.0,No
57869.0,73.0,Pre-menopausal,158.0,89.0,No
57870.0,38.0,Pre-menopausal,206.0,127.0,No
57874.0,12.0,Pre-menopausal,124.0,66.0,No
57885.0,47.0,Post-menopausal,205.0,115.0,No
57889.0,39.0,Pre-menopausal,240.0,154.0,No
57891.0,16.0,Pre-menopausal,145.0,82.0,No
57905.0,14.0,Pre-menopausal,165.0,74.0,No
57906.0,80.0,Pre-menopausal,172.0,88.0,No
57914.0,79.0,Post-menopausal,155.0,61.0,No
57915.0,21.0,Pre-menopausal,159.0,88.0,No
57934.0,74.0,Post-menopausal,195.0,96.0,No
57936.0,52.0,Pre-menopausal,262.0,149.0,No
57938.0,38.0,Pre-menopausal,179.0,107.0,No
57940.0,66.0,Post-menopausal,201.0,134.0,No
57946.0,13.0,Pre-menopausal,203.0,136.0,No
57948.0,75.0,Post-menopausal,311.0,232.0,No
57957.0,30.0,Pre-menopausal,210.0,99.0,No
57965.0,20.0,Pre-menopausal,275.0,177.0,No
57972.0,16.0,Pre-menopausal,130.0,67.0,No
57973.0,50.0,Post-menopausal,135.0,63.0,No
57992.0,74.0,Post-menopausal,165.0,107.0,Yes
57994.0,31.0,Pre-menopausal,153.0,86.0,No
57997.0,37.0,Pre-menopausal,178.0,103.0,No
58000.0,60.0,Post-menopausal,197.0,125.0,No
58003.0,32.0,Pre-menopausal,153.0,94.0,No
58005.0,12.0,Pre-menopausal,166.0,97.0,No
58011.0,46.0,Pre-menopausal,139.0,80.0,No
58016.0,22.0,Post-menopausal,174.0,120.0,No
58023.0,48.0,Pre-menopausal,225.0,103.0,No
58036.0,80.0,Post-menopausal,169.0,93.0,No
58047.0,76.0,Post-menopausal,187.0,94.0,Yes
58062.0,73.0,Pre-menopausal,142.0,70.0,No
58066.0,17.0,Pre-menopausal,129.0,60.0,No
58075.0,41.0,Pre-menopausal,182.0,89.0,No
58082.0,14.0,Pre-menopausal,122.0,54.0,No
58085.0,25.0,Pre-menopausal,226.0,123.0,No
58088.0,49.0,Post-menopausal,207.0,100.0,No
58089.0,32.0,Pre-menopausal,170.0,64.0,No
58099.0,14.0,Pre-menopausal,145.0,89.0,No
58106.0,45.0,Pre-menopausal,178.0,107.0,No
58115.0,79.0,Post-menopausal,230.0,144.0,No
58120.0,23.0,Pre-menopausal,163.0,85.0,No
58125.0,46.0,Pre-menopausal,178.0,113.0,No
58132.0,33.0,Pre-menopausal,163.0,94.0,No
58135.0,70.0,Post-menopausal,211.0,96.0,No
58140.0,15.0,Pre-menopausal,139.0,77.0,No
58142.0,16.0,Pre-menopausal,127.0,65.0,No
58146.0,16.0,Pre-menopausal,166.0,67.0,No
58147.0,21.0,Pre-menopausal,138.0,78.0,No
58162.0,32.0,Pre-menopausal,315.0,221.0,No
58165.0,72.0,Post-menopausal,184.0,112.0,No
58179.0,12.0,Pre-menopausal,153.0,80.0,No
58198.0,18.0,Pre-menopausal,157.0,79.0,No
58213.0,14.0,Pre-menopausal,179.0,91.0,No
58215.0,54.0,Post-menopausal,288.0,200.0,No
58223.0,67.0,Pre-menopausal,181.0,102.0,No
58227.0,71.0,Post-menopausal,134.0,45.0,No
58232.0,19.0,Pre-menopausal,151.0,80.0,No
58233.0,22.0,Pre-menopausal,167.0,108.0,No
58236.0,50.0,Pre-menopausal,181.0,119.0,No
58242.0,50.0,Post-menopausal,203.0,124.0,No
58265.0,68.0,Post-menopausal,312.0,217.0,Yes
58271.0,56.0,Post-menopausal,158.0,86.0,No
58274.0,47.0,Pre-menopausal,189.0,116.0,No
58280.0,77.0,Pre-menopausal,179.0,104.0,No
58284.0,72.0,Post-menopausal,207.0,111.0,No
58287.0,33.0,Pre-menopausal,149.0,73.0,No
58288.0,79.0,Post-menopausal,242.0,164.0,No
58295.0,25.0,Pre-menopausal,220.0,150.0,No
58296.0,69.0,Post-menopausal,124.0,56.0,No
58301.0,79.0,Post-menopausal,154.0,70.0,Yes
58304.0,60.0,Post-menopausal,266.0,152.0,No
58308.0,25.0,Pre-menopausal,220.0,134.0,No
58310.0,32.0,Pre-menopausal,172.0,88.0,No
58314.0,31.0,Post-menopausal,161.0,105.0,No
58318.0,13.0,Pre-menopausal,168.0,97.0,No
58321.0,61.0,Post-menopausal,155.0,94.0,No
58324.0,37.0,Post-menopausal,283.0,198.0,No
58329.0,63.0,Pre-menopausal,219.0,108.0,No
58331.0,45.0,Post-menopausal,211.0,119.0,No
58335.0,68.0,Post-menopausal,179.0,102.0,No
58337.0,21.0,Pre-menopausal,152.0,86.0,No
58341.0,29.0,Pre-menopausal,177.0,110.0,No
58349.0,80.0,Post-menopausal,270.0,186.0,No
58350.0,59.0,Post-menopausal,240.0,155.0,No
58355.0,61.0,Post-menopausal,273.0,182.0,No
58361.0,25.0,Pre-menopausal,206.0,134.0,No
58362.0,34.0,Pre-menopausal,137.0,67.0,No
58363.0,16.0,Pre-menopausal,153.0,97.0,No
58369.0,19.0,Pre-menopausal,265.0,169.0,No
58375.0,75.0,Post-menopausal,227.0,152.0,No
58378.0,49.0,Pre-menopausal,243.0,155.0,No
58392.0,80.0,Post-menopausal,217.0,128.0,No
58393.0,80.0,Post-menopausal,206.0,116.0,No
58400.0,19.0,Pre-menopausal,158.0,75.0,No
58401.0,12.0,Pre-menopausal,184.0,110.0,No
58416.0,49.0,Pre-menopausal,233.0,143.0,No
58417.0,45.0,Pre-menopausal,187.0,117.0,No
58435.0,69.0,Post-menopausal,188.0,115.0,No
58439.0,13.0,Pre-menopausal,156.0,102.0,No
58440.0,74.0,Post-menopausal,156.0,71.0,No
58444.0,54.0,Post-menopausal,185.0,128.0,No
58445.0,16.0,Pre-menopausal,148.0,80.0,No
58446.0,80.0,Post-menopausal,180.0,90.0,No
58447.0,61.0,Post-menopausal,218.0,122.0,No
58454.0,68.0,Post-menopausal,166.0,74.0,No
58460.0,76.0,Post-menopausal,199.0,132.0,No
58473.0,57.0,Post-menopausal,233.0,138.0,No
58476.0,15.0,Pre-menopausal,136.0,71.0,No
58489.0,30.0,Pre-menopausal,157.0,84.0,No
58495.0,38.0,Pre-menopausal,195.0,109.0,No
58504.0,40.0,Pre-menopausal,188.0,112.0,No
58505.0,48.0,Post-menopausal,211.0,128.0,No
58527.0,80.0,Post-menopausal,174.0,89.0,No
58537.0,32.0,Pre-menopausal,157.0,95.0,No
58539.0,80.0,Post-menopausal,181.0,86.0,No
58543.0,39.0,Pre-menopausal,179.0,101.0,No
58548.0,19.0,Pre-menopausal,168.0,94.0,No
58550.0,23.0,Post-menopausal,181.0,123.0,No
58557.0,31.0,Pre-menopausal,170.0,84.0,No
58563.0,74.0,Post-menopausal,305.0,189.0,No
58568.0,20.0,Pre-menopausal,157.0,94.0,No
58570.0,50.0,Pre-menopausal,163.0,73.0,No
58571.0,54.0,Pre-menopausal,243.0,155.0,No
58600.0,20.0,Pre-menopausal,154.0,76.0,No
58604.0,13.0,Pre-menopausal,185.0,96.0,No
58618.0,80.0,Pre-menopausal,150.0,59.0,No
58624.0,75.0,Post-menopausal,180.0,105.0,No
58629.0,40.0,Pre-menopausal,156.0,81.0,No
58633.0,61.0,Post-menopausal,196.0,96.0,No
58637.0,80.0,Pre-menopausal,199.0,111.0,No
58639.0,60.0,Post-menopausal,197.0,102.0,Yes
58650.0,65.0,Post-menopausal,239.0,137.0,No
58661.0,78.0,Post-menopausal,166.0,77.0,No
58663.0,12.0,Pre-menopausal,171.0,107.0,No
58668.0,65.0,Pre-menopausal,188.0,47.0,Yes
58671.0,61.0,Post-menopausal,215.0,143.0,No
58688.0,73.0,Post-menopausal,232.0,154.0,No
58692.0,45.0,Pre-menopausal,196.0,104.0,No
58693.0,68.0,Post-menopausal,268.0,187.0,No
58702.0,76.0,Post-menopausal,213.0,109.0,No
58704.0,47.0,Pre-menopausal,202.0,128.0,No
58710.0,43.0,Pre-menopausal,253.0,164.0,No
58712.0,80.0,Post-menopausal,233.0,123.0,No
58718.0,58.0,Pre-menopausal,199.0,133.0,Yes
58734.0,67.0,Post-menopausal,237.0,119.0,Yes
58738.0,53.0,Post-menopausal,221.0,145.0,No
58748.0,42.0,Pre-menopausal,165.0,93.0,No
58752.0,80.0,Post-menopausal,207.0,135.0,No
58754.0,35.0,Post-menopausal,183.0,99.0,No
58763.0,44.0,Pre-menopausal,237.0,168.0,No
58766.0,17.0,Pre-menopausal,172.0,99.0,No
58767.0,59.0,Post-menopausal,266.0,158.0,No
58770.0,23.0,Pre-menopausal,180.0,103.0,No
58783.0,22.0,Pre-menopausal,137.0,78.0,No
58791.0,49.0,Pre-menopausal,164.0,89.0,No
58797.0,41.0,Pre-menopausal,153.0,80.0,No
58798.0,69.0,Post-menopausal,219.0,125.0,No
58801.0,71.0,Post-menopausal,196.0,120.0,No
58803.0,41.0,Pre-menopausal,182.0,98.0,No
58811.0,18.0,Pre-menopausal,179.0,117.0,No
58812.0,32.0,Pre-menopausal,163.0,96.0,No
58817.0,45.0,Pre-menopausal,229.0,165.0,No
58822.0,61.0,Post-menopausal,174.0,116.0,No
58824.0,59.0,Post-menopausal,218.0,134.0,Yes
58831.0,21.0,Pre-menopausal,176.0,112.0,No
58834.0,80.0,Post-menopausal,143.0,80.0,No
58847.0,70.0,Post-menopausal,155.0,85.0,No
58853.0,35.0,Pre-menopausal,199.0,119.0,No
58860.0,53.0,Post-menopausal,107.0,24.0,No
58861.0,45.0,Pre-menopausal,201.0,127.0,No
58862.0,31.0,Pre-menopausal,194.0,124.0,No
58863.0,16.0,Pre-menopausal,139.0,70.0,No
58864.0,39.0,Pre-menopausal,164.0,98.0,No
58871.0,80.0,Post-menopausal,190.0,106.0,No
58879.0,58.0,Post-menopausal,192.0,105.0,No
58880.0,23.0,Pre-menopausal,188.0,124.0,No
58884.0,59.0,Pre-menopausal,192.0,101.0,No
58887.0,60.0,Pre-menopausal,263.0,173.0,No
58890.0,32.0,Pre-menopausal,172.0,94.0,No
58908.0,80.0,Post-menopausal,161.0,97.0,No
58909.0,75.0,Post-menopausal,196.0,106.0,No
58913.0,79.0,Pre-menopausal,242.0,136.0,No
58926.0,57.0,Post-menopausal,246.0,156.0,No
58927.0,74.0,Post-menopausal,179.0,102.0,Yes
58935.0,61.0,Post-menopausal,188.0,106.0,No
58942.0,39.0,Pre-menopausal,232.0,122.0,No
58945.0,79.0,Pre-menopausal,165.0,83.0,No
58952.0,18.0,Pre-menopausal,156.0,83.0,No
58955.0,41.0,Pre-menopausal,175.0,84.0,No
58959.0,34.0,Pre-menopausal,145.0,89.0,No
58962.0,74.0,Post-menopausal,231.0,139.0,No
58965.0,48.0,Pre-menopausal,215.0,120.0,No
58978.0,41.0,Pre-menopausal,130.0,56.0,No
58980.0,54.0,Post-menopausal,172.0,96.0,No
58998.0,80.0,Post-menopausal,200.0,96.0,Yes
58999.0,44.0,Pre-menopausal,200.0,114.0,No
59001.0,19.0,Pre-menopausal,201.0,112.0,No
59005.0,20.0,Pre-menopausal,158.0,67.0,No
59006.0,58.0,Post-menopausal,220.0,111.0,No
59011.0,16.0,Pre-menopausal,150.0,75.0,No
59023.0,80.0,Post-menopausal,166.0,75.0,No
59026.0,73.0,Post-menopausal,219.0,119.0,No
59031.0,15.0,Pre-menopausal,158.0,103.0,No
59038.0,62.0,Post-menopausal,171.0,104.0,No
59046.0,35.0,Pre-menopausal,190.0,126.0,No
59052.0,38.0,Post-menopausal,196.0,129.0,No
59087.0,55.0,Post-menopausal,166.0,66.0,Yes
59090.0,38.0,Pre-menopausal,257.0,141.0,No
59091.0,76.0,Post-menopausal,199.0,125.0,No
59094.0,13.0,Pre-menopausal,166.0,85.0,No
59099.0,20.0,Pre-menopausal,183.0,83.0,No
59101.0,20.0,Pre-menopausal,224.0,128.0,No
59102.0,72.0,Post-menopausal,162.0,107.0,No
59111.0,80.0,Post-menopausal,166.0,87.0,Yes
59116.0,60.0,Post-menopausal,172.0,95.0,Yes
59120.0,80.0,Post-menopausal,249.0,173.0,No
59143.0,80.0,Post-menopausal,195.0,127.0,No
59153.0,35.0,Pre-menopausal,145.0,73.0,No
59163.0,17.0,Pre-menopausal,166.0,86.0,No
59165.0,43.0,Pre-menopausal,171.0,94.0,No
59172.0,22.0,Pre-menopausal,125.0,60.0,No
59174.0,35.0,Pre-menopausal,330.0,215.0,No
59178.0,31.0,Pre-menopausal,167.0,89.0,No
59190.0,54.0,Post-menopausal,221.0,138.0,No
59198.0,34.0,Pre-menopausal,115.0,64.0,No
59210.0,53.0,Post-menopausal,226.0,146.0,No
59211.0,63.0,Post-menopausal,230.0,149.0,No
59215.0,20.0,Pre-menopausal,132.0,43.0,No
59217.0,73.0,Post-menopausal,214.0,146.0,No
59230.0,67.0,Post-menopausal,179.0,97.0,No
59235.0,18.0,Pre-menopausal,192.0,98.0,No
59245.0,40.0,Post-menopausal,218.0,151.0,No
59251.0,43.0,Post-menopausal,260.0,184.0,No
59256.0,36.0,Pre-menopausal,212.0,133.0,No
59257.0,47.0,Post-menopausal,146.0,67.0,No
59264.0,35.0,Pre-menopausal,243.0,168.0,No
59268.0,80.0,Post-menopausal,179.0,89.0,Yes
59273.0,48.0,Pre-menopausal,245.0,176.0,No
59276.0,15.0,Pre-menopausal,175.0,92.0,No
59280.0,25.0,Pre-menopausal,155.0,86.0,No
59291.0,30.0,Pre-menopausal,211.0,122.0,No
59296.0,72.0,Post-menopausal,169.0,105.0,No
59309.0,17.0,Pre-menopausal,130.0,56.0,No
59314.0,47.0,Pre-menopausal,180.0,104.0,No
59332.0,80.0,Post-menopausal,149.0,64.0,Yes
59333.0,72.0,Post-menopausal,227.0,148.0,No
59335.0,14.0,Pre-menopausal,173.0,82.0,No
59338.0,16.0,Pre-menopausal,128.0,84.0,No
59340.0,64.0,Post-menopausal,170.0,88.0,No
59351.0,15.0,Pre-menopausal,179.0,99.0,No
59371.0,80.0,Post-menopausal,225.0,136.0,No
59372.0,40.0,Pre-menopausal,285.0,171.0,No
59377.0,29.0,Pre-menopausal,225.0,137.0,No
59385.0,43.0,Pre-menopausal,188.0,110.0,No
59387.0,12.0,Pre-menopausal,223.0,131.0,No
59388.0,61.0,Post-menopausal,197.0,104.0,No
59411.0,23.0,Pre-menopausal,151.0,77.0,No
59431.0,13.0,Pre-menopausal,149.0,77.0,No
59435.0,20.0,Pre-menopausal,139.0,57.0,No
59454.0,22.0,Pre-menopausal,201.0,116.0,No
59463.0,54.0,Post-menopausal,222.0,145.0,No
59464.0,36.0,Pre-menopausal,230.0,134.0,No
59471.0,52.0,Post-menopausal,278.0,200.0,No
59476.0,14.0,Pre-menopausal,156.0,94.0,No
59480.0,67.0,Post-menopausal,172.0,70.0,No
59483.0,22.0,Pre-menopausal,143.0,81.0,No
59493.0,52.0,Post-menopausal,202.0,137.0,No
59502.0,69.0,Post-menopausal,194.0,93.0,No
59508.0,34.0,Pre-menopausal,228.0,141.0,No
59510.0,32.0,Pre-menopausal,193.0,125.0,No
59514.0,41.0,Pre-menopausal,233.0,110.0,No
59516.0,62.0,Post-menopausal,151.0,77.0,No
59531.0,37.0,Pre-menopausal,194.0,125.0,No
59533.0,42.0,Pre-menopausal,156.0,90.0,No
59545.0,28.0,Pre-menopausal,203.0,127.0,No
59555.0,75.0,Post-menopausal,219.0,121.0,Yes
59578.0,80.0,Post-menopausal,191.0,110.0,No
59588.0,53.0,Post-menopausal,218.0,115.0,No
59589.0,19.0,Pre-menopausal,171.0,97.0,No
59591.0,76.0,Post-menopausal,221.0,154.0,Yes
59603.0,54.0,Post-menopausal,192.0,110.0,No
59606.0,30.0,Pre-menopausal,228.0,149.0,No
59607.0,71.0,Post-menopausal,177.0,90.0,No
59622.0,60.0,Post-menopausal,315.0,213.0,No
59623.0,24.0,Pre-menopausal,243.0,163.0,No
59627.0,71.0,Post-menopausal,208.0,135.0,No
59643.0,54.0,Post-menopausal,136.0,59.0,Yes
59662.0,28.0,Pre-menopausal,192.0,75.0,No
59665.0,42.0,Pre-menopausal,183.0,138.0,No
59668.0,63.0,Post-menopausal,158.0,95.0,No
59674.0,61.0,Post-menopausal,192.0,124.0,No
59675.0,80.0,Pre-menopausal,211.0,115.0,No
59679.0,16.0,Pre-menopausal,163.0,98.0,No
59688.0,39.0,Pre-menopausal,236.0,141.0,No
59693.0,59.0,Post-menopausal,197.0,99.0,No
59711.0,27.0,Pre-menopausal,121.0,59.0,No
59718.0,26.0,Pre-menopausal,231.0,136.0,No
59722.0,28.0,Pre-menopausal,181.0,116.0,No
59731.0,60.0,Pre-menopausal,151.0,84.0,Yes
59735.0,26.0,Pre-menopausal,239.0,141.0,No
59739.0,76.0,Post-menopausal,151.0,69.0,No
59746.0,46.0,Pre-menopausal,210.0,143.0,No
59748.0,48.0,Pre-menopausal,230.0,148.0,No
59758.0,54.0,Post-menopausal,160.0,80.0,No
59759.0,32.0,Pre-menopausal,191.0,134.0,No
59783.0,32.0,Pre-menopausal,184.0,116.0,No
59789.0,23.0,Pre-menopausal,216.0,124.0,No
59795.0,62.0,Post-menopausal,207.0,128.0,No
59803.0,77.0,Post-menopausal,255.0,165.0,No
59804.0,37.0,Pre-menopausal,170.0,92.0,No
59805.0,26.0,Pre-menopausal,184.0,119.0,No
59811.0,12.0,Pre-menopausal,162.0,103.0,No
59818.0,51.0,Pre-menopausal,182.0,107.0,No
59824.0,12.0,Pre-menopausal,166.0,97.0,No
59826.0,67.0,Post-menopausal,171.0,92.0,No
59833.0,62.0,Post-menopausal,196.0,115.0,No
59841.0,29.0,Pre-menopausal,183.0,107.0,No
59855.0,56.0,Post-menopausal,204.0,123.0,No
59857.0,54.0,Pre-menopausal,285.0,193.0,No
59858.0,17.0,Pre-menopausal,168.0,90.0,No
59862.0,76.0,Post-menopausal,234.0,131.0,No
59876.0,55.0,Post-menopausal,220.0,134.0,No
59877.0,22.0,Pre-menopausal,249.0,147.0,No
59882.0,49.0,Post-menopausal,179.0,95.0,No
59887.0,14.0,Pre-menopausal,154.0,81.0,No
59888.0,65.0,Pre-menopausal,204.0,125.0,No
59894.0,18.0,Pre-menopausal,192.0,132.0,No
59895.0,47.0,Pre-menopausal,217.0,139.0,No
59911.0,66.0,Post-menopausal,261.0,184.0,No
59913.0,28.0,Pre-menopausal,178.0,97.0,No
59918.0,30.0,Pre-menopausal,149.0,69.0,No
59921.0,70.0,Post-menopausal,154.0,60.0,No
59922.0,64.0,Post-menopausal,225.0,151.0,No
59925.0,80.0,Post-menopausal,211.0,139.0,Yes
59927.0,26.0,Pre-menopausal,187.0,124.0,No
59931.0,78.0,Post-menopausal,161.0,85.0,No
59947.0,13.0,Pre-menopausal,160.0,83.0,No
59959.0,43.0,Post-menopausal,147.0,83.0,Yes
59965.0,30.0,Pre-menopausal,151.0,82.0,No
59968.0,72.0,Post-menopausal,294.0,212.0,No
59971.0,36.0,Pre-menopausal,226.0,145.0,No
59974.0,17.0,Pre-menopausal,136.0,47.0,No
59976.0,31.0,Pre-menopausal,172.0,88.0,No
59978.0,20.0,Pre-menopausal,189.0,104.0,No
59984.0,48.0,Post-menopausal,233.0,154.0,No
59988.0,24.0,Pre-menopausal,141.0,88.0,No
59990.0,38.0,Pre-menopausal,211.0,133.0,No
59996.0,80.0,Post-menopausal,254.0,158.0,No
59999.0,75.0,Post-menopausal,199.0,108.0,No
60000.0,42.0,Pre-menopausal,155.0,75.0,No
60004.0,62.0,Post-menopausal,271.0,200.0,No
60008.0,44.0,Pre-menopausal,190.0,118.0,No
60024.0,41.0,Pre-menopausal,266.0,170.0,No
60029.0,16.0,Pre-menopausal,177.0,108.0,No
60037.0,70.0,Post-menopausal,221.0,125.0,Yes
60046.0,34.0,Pre-menopausal,240.0,156.0,No
60057.0,61.0,Post-menopausal,157.0,85.0,No
60062.0,53.0,Post-menopausal,248.0,149.0,No
60069.0,49.0,Post-menopausal,273.0,195.0,No
60072.0,74.0,Post-menopausal,184.0,98.0,No
60079.0,60.0,Pre-menopausal,219.0,131.0,No
60082.0,18.0,Pre-menopausal,149.0,90.0,No
60085.0,29.0,Pre-menopausal,145.0,81.0,No
60088.0,61.0,Post-menopausal,179.0,99.0,Yes
60094.0,78.0,Post-menopausal,181.0,117.0,Yes
60099.0,12.0,Pre-menopausal,193.0,107.0,No
60101.0,63.0,Post-menopausal,194.0,117.0,No
60102.0,46.0,Post-menopausal,186.0,102.0,No
60105.0,58.0,Post-menopausal,210.0,135.0,No
60108.0,61.0,Post-menopausal,232.0,153.0,No
60112.0,48.0,Pre-menopausal,203.0,120.0,No
60122.0,37.0,Pre-menopausal,187.0,126.0,No
60131.0,75.0,Post-menopausal,281.0,192.0,No
60145.0,67.0,Post-menopausal,163.0,63.0,No
60146.0,70.0,Post-menopausal,206.0,127.0,No
60154.0,74.0,Post-menopausal,260.0,148.0,No
60162.0,45.0,Pre-menopausal,160.0,90.0,No
60164.0,30.0,Pre-menopausal,205.0,115.0,No
60169.0,32.0,Pre-menopausal,164.0,96.0,No
60175.0,41.0,Pre-menopausal,93.0,39.0,No
60176.0,58.0,Post-menopausal,187.0,111.0,No
60179.0,68.0,Post-menopausal,205.0,126.0,Yes
60184.0,60.0,Post-menopausal,250.0,162.0,No
60198.0,61.0,Post-menopausal,253.0,180.0,No
60205.0,17.0,Pre-menopausal,157.0,78.0,No
60209.0,14.0,Pre-menopausal,169.0,92.0,No
60223.0,63.0,Post-menopausal,212.0,110.0,No
60228.0,16.0,Post-menopausal,147.0,84.0,No
60235.0,41.0,Pre-menopausal,186.0,103.0,No
60236.0,42.0,Pre-menopausal,208.0,132.0,No
60241.0,64.0,Post-menopausal,262.0,163.0,No
60243.0,36.0,Pre-menopausal,206.0,103.0,No
60249.0,80.0,Post-menopausal,214.0,108.0,No
60255.0,41.0,Pre-menopausal,249.0,131.0,No
60274.0,62.0,Post-menopausal,153.0,89.0,Yes
60276.0,14.0,Pre-menopausal,153.0,86.0,No
60283.0,80.0,Post-menopausal,258.0,174.0,Yes
60286.0,18.0,Pre-menopausal,193.0,115.0,No
60292.0,24.0,Pre-menopausal,167.0,100.0,No
60296.0,47.0,Post-menopausal,181.0,91.0,No
60302.0,23.0,Pre-menopausal,188.0,108.0,No
60305.0,43.0,Pre-menopausal,159.0,59.0,No
60318.0,39.0,Pre-menopausal,195.0,118.0,No
60343.0,20.0,Pre-menopausal,113.0,38.0,No
60344.0,53.0,Pre-menopausal,216.0,102.0,No
60355.0,27.0,Pre-menopausal,233.0,159.0,No
60361.0,74.0,Post-menopausal,279.0,193.0,No
60366.0,25.0,Pre-menopausal,135.0,70.0,No
60367.0,53.0,Pre-menopausal,256.0,149.0,No
60369.0,38.0,Pre-menopausal,192.0,113.0,No
60375.0,21.0,Pre-menopausal,165.0,74.0,No
60379.0,66.0,Post-menopausal,191.0,95.0,No
60384.0,75.0,Pre-menopausal,178.0,93.0,Yes
60388.0,51.0,Pre-menopausal,175.0,97.0,No
60389.0,25.0,Pre-menopausal,200.0,110.0,No
60391.0,15.0,Pre-menopausal,143.0,69.0,No
60397.0,45.0,Pre-menopausal,212.0,123.0,No
60406.0,37.0,Pre-menopausal,156.0,69.0,No
60407.0,78.0,Post-menopausal,208.0,87.0,No
60411.0,39.0,Pre-menopausal,259.0,145.0,No
60418.0,24.0,Pre-menopausal,131.0,61.0,No
60426.0,80.0,Post-menopausal,259.0,157.0,No
60427.0,51.0,Post-menopausal,177.0,115.0,No
60431.0,33.0,Pre-menopausal,159.0,82.0,No
60436.0,24.0,Pre-menopausal,196.0,109.0,No
60438.0,12.0,Pre-menopausal,194.0,120.0,No
60440.0,45.0,Pre-menopausal,196.0,102.0,No
60442.0,35.0,Pre-menopausal,199.0,124.0,No
60444.0,80.0,Post-menopausal,188.0,97.0,No
60447.0,18.0,Pre-menopausal,140.0,74.0,No
60459.0,60.0,Post-menopausal,131.0,69.0,No
60465.0,39.0,Pre-menopausal,158.0,66.0,No
60470.0,30.0,Pre-menopausal,214.0,151.0,No
60471.0,61.0,Post-menopausal,187.0,87.0,No
60486.0,49.0,Pre-menopausal,189.0,120.0,No
60499.0,51.0,Pre-menopausal,158.0,95.0,No
60500.0,37.0,Pre-menopausal,250.0,161.0,Yes
60508.0,30.0,Pre-menopausal,198.0,129.0,No
60509.0,14.0,Pre-menopausal,153.0,97.0,No
60533.0,60.0,Post-menopausal,181.0,117.0,No
60537.0,57.0,Post-menopausal,180.0,97.0,Yes
60564.0,60.0,Post-menopausal,206.0,133.0,No
60567.0,65.0,Post-menopausal,201.0,123.0,No
60571.0,24.0,Pre-menopausal,123.0,60.0,No
60577.0,65.0,Post-menopausal,210.0,121.0,No
60579.0,23.0,Pre-menopausal,170.0,85.0,No
60607.0,70.0,Post-menopausal,128.0,61.0,Yes
60623.0,18.0,Pre-menopausal,200.0,104.0,No
60625.0,15.0,Pre-menopausal,194.0,119.0,No
60626.0,24.0,Pre-menopausal,131.0,60.0,No
60629.0,62.0,Post-menopausal,155.0,71.0,Yes
60630.0,29.0,Post-menopausal,190.0,96.0,No
60643.0,71.0,Post-menopausal,158.0,71.0,No
60653.0,50.0,Post-menopausal,221.0,127.0,No
60654.0,19.0,Pre-menopausal,211.0,113.0,No
60664.0,70.0,Post-menopausal,202.0,115.0,No
60666.0,59.0,Post-menopausal,214.0,106.0,No
60667.0,71.0,Pre-menopausal,155.0,67.0,No
60676.0,58.0,Post-menopausal,178.0,88.0,No
60697.0,21.0,Pre-menopausal,200.0,108.0,No
60700.0,40.0,Pre-menopausal,160.0,95.0,No
60702.0,33.0,Pre-menopausal,185.0,118.0,No
60705.0,60.0,Post-menopausal,241.0,128.0,No
60710.0,19.0,Pre-menopausal,150.0,84.0,No
60711.0,30.0,Pre-menopausal,234.0,158.0,No
60725.0,28.0,Pre-menopausal,161.0,72.0,No
60729.0,23.0,Pre-menopausal,202.0,115.0,No
60740.0,26.0,Pre-menopausal,166.0,87.0,No
60742.0,31.0,Pre-menopausal,161.0,86.0,No
60748.0,61.0,Post-menopausal,178.0,107.0,Yes
60753.0,66.0,Post-menopausal,245.0,168.0,No
60761.0,61.0,Post-menopausal,167.0,77.0,No
60772.0,71.0,Post-menopausal,289.0,187.0,No
60778.0,53.0,Post-menopausal,183.0,106.0,No
60782.0,41.0,Pre-menopausal,140.0,61.0,No
60784.0,34.0,Pre-menopausal,194.0,111.0,No
60787.0,31.0,Pre-menopausal,218.0,131.0,No
60812.0,74.0,Post-menopausal,222.0,132.0,No
60828.0,39.0,Pre-menopausal,159.0,81.0,No
60839.0,42.0,Pre-menopausal,161.0,89.0,No
60842.0,48.0,Post-menopausal,188.0,128.0,No
60844.0,45.0,Pre-menopausal,157.0,45.0,No
60845.0,64.0,Post-menopausal,218.0,131.0,No
60850.0,38.0,Pre-menopausal,155.0,93.0,No
60853.0,32.0,Pre-menopausal,206.0,132.0,No
60854.0,61.0,Post-menopausal,173.0,91.0,No
60860.0,39.0,Pre-menopausal,301.0,220.0,No
60865.0,25.0,Pre-menopausal,182.0,107.0,No
60874.0,28.0,Pre-menopausal,260.0,140.0,No
60875.0,80.0,Post-menopausal,184.0,110.0,Yes
60890.0,16.0,Pre-menopausal,173.0,107.0,No
60891.0,46.0,Pre-menopausal,172.0,102.0,No
60893.0,66.0,Post-menopausal,228.0,130.0,No
60894.0,37.0,Post-menopausal,194.0,142.0,No
60899.0,64.0,Post-menopausal,221.0,126.0,No
60902.0,49.0,Pre-menopausal,166.0,74.0,No
60912.0,25.0,Pre-menopausal,168.0,90.0,No
60931.0,21.0,Pre-menopausal,180.0,88.0,No
60932.0,47.0,Pre-menopausal,214.0,139.0,No
60944.0,48.0,Pre-menopausal,220.0,133.0,No
60956.0,69.0,Post-menopausal,184.0,89.0,No
60957.0,41.0,Pre-menopausal,173.0,94.0,No
60964.0,50.0,Pre-menopausal,253.0,156.0,No
60973.0,42.0,Pre-menopausal,200.0,125.0,No
60977.0,67.0,Post-menopausal,240.0,141.0,No
60984.0,30.0,Pre-menopausal,256.0,178.0,No
60993.0,31.0,Post-menopausal,147.0,63.0,No
61000.0,34.0,Pre-menopausal,180.0,127.0,Yes
61015.0,22.0,Pre-menopausal,169.0,95.0,No
61021.0,61.0,Pre-menopausal,216.0,131.0,No
61023.0,21.0,Pre-menopausal,117.0,55.0,No
61025.0,25.0,Pre-menopausal,115.0,42.0,No
61033.0,47.0,Post-menopausal,142.0,80.0,Yes
61042.0,34.0,Pre-menopausal,195.0,107.0,No
61043.0,14.0,Pre-menopausal,146.0,73.0,No
61054.0,18.0,Pre-menopausal,146.0,92.0,No
61063.0,71.0,Post-menopausal,184.0,100.0,No
61084.0,32.0,Post-menopausal,227.0,109.0,No
61090.0,28.0,Pre-menopausal,199.0,130.0,No
61091.0,59.0,Post-menopausal,226.0,111.0,No
61099.0,17.0,Pre-menopausal,171.0,96.0,No
61114.0,17.0,Pre-menopausal,98.0,49.0,No
61119.0,51.0,Pre-menopausal,194.0,99.0,No
61125.0,19.0,Pre-menopausal,176.0,110.0,No
61132.0,46.0,Pre-menopausal,202.0,111.0,No
61135.0,28.0,Pre-menopausal,195.0,128.0,No
61138.0,14.0,Pre-menopausal,137.0,53.0,No
61140.0,60.0,Post-menopausal,266.0,180.0,No
61148.0,36.0,Pre-menopausal,194.0,122.0,No
61154.0,44.0,Pre-menopausal,246.0,166.0,No
61157.0,80.0,Post-menopausal,192.0,97.0,No
61163.0,48.0,Pre-menopausal,211.0,140.0,No
61165.0,35.0,Pre-menopausal,171.0,101.0,No
61168.0,13.0,Pre-menopausal,145.0,67.0,No
61172.0,55.0,Pre-menopausal,198.0,92.0,No
61175.0,44.0,Post-menopausal,277.0,175.0,No
61176.0,24.0,Pre-menopausal,155.0,101.0,No
61182.0,46.0,Pre-menopausal,203.0,132.0,No
61184.0,17.0,Pre-menopausal,117.0,50.0,No
61186.0,14.0,Pre-menopausal,157.0,83.0,No
61189.0,37.0,Pre-menopausal,166.0,97.0,No
61192.0,60.0,Post-menopausal,123.0,55.0,No
61194.0,80.0,Post-menopausal,211.0,143.0,No
61202.0,50.0,Post-menopausal,308.0,209.0,No
61205.0,27.0,Pre-menopausal,153.0,59.0,No
61208.0,44.0,Post-menopausal,197.0,133.0,No
61210.0,22.0,Pre-menopausal,163.0,75.0,No
61221.0,40.0,Pre-menopausal,137.0,74.0,No
61222.0,51.0,Pre-menopausal,180.0,108.0,No
61229.0,40.0,Pre-menopausal,244.0,166.0,No
61231.0,48.0,Post-menopausal,212.0,143.0,Yes
61240.0,13.0,Pre-menopausal,133.0,81.0,No
61248.0,60.0,Post-menopausal,221.0,144.0,No
61257.0,40.0,Pre-menopausal,161.0,94.0,No
61262.0,13.0,Pre-menopausal,179.0,108.0,No
61268.0,22.0,Pre-menopausal,164.0,90.0,No
61274.0,19.0,Pre-menopausal,173.0,101.0,No
61279.0,22.0,Pre-menopausal,172.0,97.0,No
61280.0,55.0,Post-menopausal,251.0,141.0,No
61286.0,31.0,Pre-menopausal,190.0,113.0,No
61289.0,26.0,Post-menopausal,191.0,68.0,No
61294.0,32.0,Pre-menopausal,216.0,136.0,No
61303.0,35.0,Post-menopausal,204.0,120.0,No
61305.0,58.0,Post-menopausal,211.0,121.0,Yes
61306.0,55.0,Post-menopausal,192.0,119.0,No
61319.0,30.0,Pre-menopausal,174.0,112.0,No
61326.0,57.0,Post-menopausal,180.0,101.0,No
61327.0,56.0,Post-menopausal,162.0,97.0,Yes
61337.0,23.0,Pre-menopausal,232.0,117.0,No
61339.0,12.0,Pre-menopausal,127.0,60.0,No
61340.0,56.0,Post-menopausal,274.0,170.0,No
61346.0,14.0,Pre-menopausal,209.0,108.0,No
61347.0,22.0,Pre-menopausal,170.0,65.0,No
61354.0,15.0,Pre-menopausal,164.0,98.0,No
61356.0,73.0,Post-menopausal,164.0,95.0,No
61359.0,42.0,Pre-menopausal,277.0,205.0,No
61362.0,60.0,Post-menopausal,208.0,113.0,No
61365.0,61.0,Post-menopausal,205.0,113.0,No
61373.0,30.0,Pre-menopausal,271.0,181.0,No
61374.0,22.0,Pre-menopausal,150.0,75.0,No
61377.0,73.0,Pre-menopausal,166.0,65.0,Yes
61384.0,30.0,Pre-menopausal,145.0,78.0,No
61405.0,63.0,Post-menopausal,166.0,95.0,No
61417.0,43.0,Post-menopausal,163.0,88.0,No
61429.0,51.0,Pre-menopausal,224.0,119.0,No
61436.0,72.0,Pre-menopausal,141.0,74.0,No
61442.0,52.0,Post-menopausal,229.0,129.0,No
61451.0,64.0,Post-menopausal,209.0,118.0,No
61471.0,52.0,Post-menopausal,204.0,108.0,No
61480.0,40.0,Pre-menopausal,270.0,173.0,No
61484.0,37.0,Pre-menopausal,184.0,103.0,No
61487.0,80.0,Post-menopausal,185.0,104.0,No
61488.0,41.0,Pre-menopausal,233.0,152.0,No
61499.0,55.0,Post-menopausal,260.0,140.0,No
61501.0,46.0,Pre-menopausal,152.0,83.0,No
61515.0,23.0,Pre-menopausal,196.0,133.0,No
61541.0,73.0,Post-menopausal,207.0,93.0,No
61542.0,62.0,Post-menopausal,204.0,104.0,Yes
61544.0,16.0,Pre-menopausal,146.0,91.0,No
61548.0,80.0,Pre-menopausal,205.0,89.0,Yes
61552.0,30.0,Pre-menopausal,175.0,91.0,No
61554.0,12.0,Pre-menopausal,146.0,78.0,No
61561.0,76.0,Post-menopausal,157.0,65.0,No
61569.0,31.0,Pre-menopausal,215.0,136.0,No
61576.0,41.0,Pre-menopausal,181.0,98.0,No
61588.0,59.0,Post-menopausal,217.0,132.0,No
61590.0,49.0,Pre-menopausal,202.0,101.0,No
61592.0,18.0,Post-menopausal,164.0,96.0,No
61601.0,30.0,Pre-menopausal,208.0,133.0,No
61608.0,39.0,Pre-menopausal,222.0,155.0,No
61612.0,77.0,Post-menopausal,206.0,126.0,No
61614.0,14.0,Pre-menopausal,137.0,67.0,No
61623.0,32.0,Pre-menopausal,135.0,72.0,No
61627.0,13.0,Pre-menopausal,139.0,78.0,No
61629.0,65.0,Post-menopausal,216.0,142.0,No
61635.0,40.0,Pre-menopausal,223.0,128.0,No
61639.0,59.0,Post-menopausal,243.0,164.0,No
61641.0,12.0,Pre-menopausal,121.0,62.0,No
61642.0,53.0,Pre-menopausal,211.0,131.0,No
61647.0,72.0,Post-menopausal,272.0,163.0,Yes
61652.0,80.0,Post-menopausal,167.0,101.0,Yes
61659.0,40.0,Pre-menopausal,168.0,107.0,No
61667.0,71.0,Post-menopausal,235.0,127.0,No
61668.0,38.0,Pre-menopausal,192.0,123.0,No
61673.0,25.0,Pre-menopausal,125.0,61.0,No
61675.0,50.0,Post-menopausal,183.0,98.0,No
61676.0,42.0,Pre-menopausal,150.0,90.0,No
61678.0,35.0,Pre-menopausal,179.0,112.0,No
61680.0,61.0,Post-menopausal,178.0,99.0,No
61683.0,74.0,Post-menopausal,204.0,114.0,Yes
61684.0,25.0,Pre-menopausal,223.0,131.0,No
61685.0,59.0,Post-menopausal,199.0,126.0,No
61691.0,24.0,Pre-menopausal,150.0,82.0,No
61696.0,62.0,Post-menopausal,194.0,98.0,No
61697.0,32.0,Pre-menopausal,240.0,173.0,No
61701.0,26.0,Pre-menopausal,188.0,111.0,No
61707.0,80.0,Post-menopausal,175.0,111.0,No
61709.0,15.0,Pre-menopausal,178.0,81.0,No
61712.0,37.0,Pre-menopausal,227.0,134.0,No
61721.0,31.0,Pre-menopausal,171.0,105.0,No
61729.0,24.0,Pre-menopausal,145.0,81.0,No
61730.0,51.0,Post-menopausal,197.0,95.0,No
61742.0,13.0,Pre-menopausal,131.0,62.0,No
61743.0,16.0,Pre-menopausal,165.0,92.0,No
61744.0,18.0,Pre-menopausal,143.0,76.0,No
61761.0,15.0,Pre-menopausal,128.0,74.0,No
61763.0,26.0,Pre-menopausal,188.0,105.0,No
61765.0,30.0,Pre-menopausal,265.0,161.0,No
61766.0,19.0,Pre-menopausal,170.0,103.0,No
61771.0,24.0,Pre-menopausal,195.0,129.0,No
61772.0,61.0,Post-menopausal,210.0,129.0,No
61778.0,55.0,Pre-menopausal,249.0,170.0,No
61788.0,35.0,Pre-menopausal,202.0,129.0,No
61789.0,51.0,Pre-menopausal,188.0,109.0,No
61791.0,42.0,Pre-menopausal,200.0,91.0,No
61798.0,15.0,Pre-menopausal,121.0,63.0,No
61800.0,44.0,Post-menopausal,168.0,102.0,No
61802.0,49.0,Pre-menopausal,166.0,94.0,No
61834.0,46.0,Post-menopausal,190.0,110.0,No
61838.0,24.0,Pre-menopausal,206.0,136.0,No
61843.0,72.0,Post-menopausal,223.0,161.0,No
61853.0,40.0,Post-menopausal,168.0,93.0,No
61854.0,13.0,Pre-menopausal,182.0,86.0,No
61866.0,74.0,Post-menopausal,183.0,101.0,No
61873.0,57.0,Post-menopausal,125.0,52.0,Yes
61876.0,28.0,Pre-menopausal,205.0,123.0,No
61877.0,40.0,Pre-menopausal,135.0,60.0,No
61880.0,60.0,Post-menopausal,196.0,104.0,Yes
61884.0,41.0,Pre-menopausal,195.0,103.0,No
61885.0,53.0,Post-menopausal,285.0,183.0,No
61892.0,13.0,Pre-menopausal,155.0,87.0,No
61902.0,28.0,Pre-menopausal,137.0,69.0,No
61905.0,77.0,Post-menopausal,198.0,103.0,No
61908.0,68.0,Pre-menopausal,211.0,116.0,Yes
61914.0,66.0,Post-menopausal,183.0,99.0,No
61921.0,19.0,Pre-menopausal,210.0,133.0,No
61942.0,19.0,Pre-menopausal,214.0,146.0,No
61949.0,61.0,Post-menopausal,183.0,98.0,No
61951.0,80.0,Post-menopausal,233.0,141.0,No
61952.0,29.0,Pre-menopausal,189.0,117.0,No
61960.0,78.0,Post-menopausal,221.0,136.0,No
61964.0,80.0,Post-menopausal,202.0,94.0,Yes
61971.0,20.0,Pre-menopausal,166.0,75.0,No
61997.0,15.0,Pre-menopausal,124.0,66.0,No
61999.0,30.0,Pre-menopausal,164.0,87.0,No
62008.0,26.0,Pre-menopausal,295.0,191.0,No
62018.0,12.0,Pre-menopausal,178.0,88.0,No
62022.0,18.0,Pre-menopausal,161.0,85.0,No
62040.0,39.0,Pre-menopausal,179.0,87.0,No
62045.0,75.0,Post-menopausal,184.0,101.0,No
62050.0,53.0,Post-menopausal,181.0,106.0,No
62056.0,21.0,Pre-menopausal,172.0,102.0,No
62058.0,76.0,Pre-menopausal,163.0,61.0,Yes
62060.0,80.0,Post-menopausal,146.0,73.0,No
62064.0,77.0,Post-menopausal,238.0,128.0,No
62065.0,51.0,Pre-menopausal,198.0,122.0,No
62076.0,60.0,Post-menopausal,208.0,129.0,Yes
62083.0,40.0,Pre-menopausal,174.0,101.0,No
62092.0,46.0,Pre-menopausal,157.0,75.0,No
62102.0,59.0,Post-menopausal,257.0,156.0,No
62103.0,53.0,Post-menopausal,229.0,148.0,No
62112.0,58.0,Post-menopausal,221.0,135.0,No
62117.0,72.0,Post-menopausal,162.0,79.0,Yes
62118.0,27.0,Pre-menopausal,154.0,81.0,No
62127.0,48.0,Post-menopausal,196.0,122.0,No
62130.0,67.0,Post-menopausal,183.0,95.0,No
62132.0,66.0,Post-menopausal,224.0,132.0,No
62137.0,34.0,Post-menopausal,137.0,91.0,No
62143.0,48.0,Pre-menopausal,170.0,88.0,No
62144.0,33.0,Pre-menopausal,153.0,75.0,No
62147.0,16.0,Pre-menopausal,194.0,114.0,No
62164.0,44.0,Pre-menopausal,190.0,151.0,No
62165.0,14.0,Pre-menopausal,161.0,84.0,No
62172.0,43.0,Post-menopausal,169.0,68.0,No
62189.0,30.0,Pre-menopausal,134.0,68.0,No
62190.0,15.0,Pre-menopausal,159.0,84.0,No
62214.0,22.0,Pre-menopausal,153.0,90.0,No
62215.0,65.0,Post-menopausal,210.0,142.0,No
62217.0,77.0,Post-menopausal,173.0,106.0,Yes
62218.0,38.0,Pre-menopausal,291.0,223.0,No
62224.0,29.0,Pre-menopausal,173.0,93.0,No
62225.0,13.0,Pre-menopausal,224.0,145.0,No
62231.0,48.0,Post-menopausal,182.0,99.0,No
62239.0,22.0,Pre-menopausal,120.0,64.0,No
62268.0,15.0,Pre-menopausal,146.0,70.0,No
62278.0,72.0,Post-menopausal,134.0,62.0,Yes
62282.0,57.0,Post-menopausal,192.0,105.0,No
62284.0,64.0,Post-menopausal,256.0,153.0,No
62295.0,69.0,Post-menopausal,237.0,140.0,No
62308.0,78.0,Post-menopausal,235.0,143.0,No
62309.0,47.0,Post-menopausal,216.0,146.0,No
62342.0,38.0,Pre-menopausal,198.0,131.0,No
62345.0,38.0,Pre-menopausal,185.0,105.0,No
62349.0,23.0,Pre-menopausal,126.0,58.0,No
62355.0,16.0,Pre-menopausal,131.0,71.0,No
62363.0,44.0,Post-menopausal,219.0,136.0,No
62377.0,78.0,Post-menopausal,199.0,127.0,Yes
62378.0,68.0,Post-menopausal,120.0,72.0,No
62388.0,69.0,Post-menopausal,93.0,33.0,Yes
62390.0,25.0,Pre-menopausal,184.0,117.0,No
62397.0,70.0,Post-menopausal,184.0,109.0,No
62399.0,53.0,Post-menopausal,271.0,176.0,No
62401.0,15.0,Pre-menopausal,143.0,79.0,No
62409.0,80.0,Post-menopausal,179.0,86.0,Yes
62411.0,51.0,Post-menopausal,190.0,134.0,No
62416.0,19.0,Pre-menopausal,137.0,82.0,No
62444.0,23.0,Pre-menopausal,168.0,98.0,No
62447.0,19.0,Pre-menopausal,142.0,56.0,No
62449.0,38.0,Pre-menopausal,164.0,80.0,No
62465.0,44.0,Pre-menopausal,182.0,118.0,No
62471.0,76.0,Pre-menopausal,127.0,64.0,No
62474.0,71.0,Post-menopausal,238.0,152.0,Yes
62479.0,36.0,Pre-menopausal,136.0,73.0,No
62481.0,39.0,Pre-menopausal,148.0,94.0,No
62482.0,32.0,Pre-menopausal,130.0,59.0,No
62491.0,61.0,Post-menopausal,213.0,131.0,No
62498.0,13.0,Pre-menopausal,178.0,107.0,No
62501.0,30.0,Pre-menopausal,145.0,80.0,No
62504.0,30.0,Pre-menopausal,207.0,137.0,No
62507.0,17.0,Pre-menopausal,137.0,83.0,No
62510.0,80.0,Post-menopausal,180.0,97.0,No
62515.0,42.0,Pre-menopausal,236.0,154.0,No
62526.0,62.0,Post-menopausal,251.0,180.0,No
62541.0,13.0,Pre-menopausal,184.0,108.0,No
62551.0,37.0,Pre-menopausal,173.0,109.0,No
62556.0,31.0,Pre-menopausal,211.0,141.0,No
62560.0,56.0,Post-menopausal,248.0,166.0,No
62571.0,32.0,Pre-menopausal,168.0,95.0,No
62573.0,48.0,Pre-menopausal,204.0,122.0,No
62575.0,24.0,Pre-menopausal,217.0,147.0,No
62580.0,14.0,Pre-menopausal,186.0,110.0,No
62583.0,17.0,Pre-menopausal,170.0,119.0,No
62585.0,80.0,Post-menopausal,305.0,220.0,Yes
62593.0,72.0,Post-menopausal,185.0,102.0,No
62596.0,52.0,Post-menopausal,215.0,143.0,No
62602.0,80.0,Post-menopausal,252.0,157.0,No
62610.0,12.0,Pre-menopausal,179.0,107.0,No
62612.0,38.0,Pre-menopausal,223.0,159.0,No
62616.0,37.0,Pre-menopausal,156.0,94.0,No
62635.0,27.0,Pre-menopausal,241.0,140.0,No
62672.0,13.0,Pre-menopausal,173.0,83.0,No
62674.0,33.0,Pre-menopausal,254.0,164.0,No
62676.0,17.0,Pre-menopausal,163.0,84.0,No
62677.0,30.0,Pre-menopausal,140.0,83.0,No
62682.0,62.0,Post-menopausal,189.0,104.0,Yes
62683.0,55.0,Post-menopausal,212.0,142.0,No
62684.0,29.0,Post-menopausal,165.0,105.0,No
62686.0,80.0,Post-menopausal,215.0,131.0,No
62690.0,26.0,Pre-menopausal,161.0,96.0,No
62701.0,29.0,Pre-menopausal,211.0,124.0,No
62707.0,49.0,Pre-menopausal,266.0,178.0,No
62716.0,42.0,Pre-menopausal,156.0,76.0,No
62727.0,80.0,Post-menopausal,211.0,120.0,No
62732.0,71.0,Post-menopausal,216.0,129.0,No
62736.0,40.0,Pre-menopausal,190.0,108.0,Yes
62746.0,38.0,Pre-menopausal,153.0,83.0,No
62750.0,45.0,Pre-menopausal,211.0,131.0,No
62753.0,16.0,Pre-menopausal,155.0,81.0,No
62759.0,22.0,Pre-menopausal,188.0,123.0,No
62764.0,51.0,Post-menopausal,233.0,159.0,No
62765.0,29.0,Pre-menopausal,216.0,139.0,No
62768.0,38.0,Pre-menopausal,210.0,110.0,No
62773.0,50.0,Pre-menopausal,155.0,86.0,No
62787.0,21.0,Pre-menopausal,141.0,77.0,No
62789.0,26.0,Pre-menopausal,155.0,83.0,No
62792.0,52.0,Post-menopausal,242.0,157.0,No
62801.0,19.0,Pre-menopausal,156.0,100.0,No
62808.0,44.0,Pre-menopausal,200.0,119.0,No
62809.0,51.0,Post-menopausal,217.0,129.0,No
62810.0,15.0,Pre-menopausal,127.0,77.0,No
62811.0,40.0,Pre-menopausal,245.0,168.0,No
62837.0,18.0,Pre-menopausal,140.0,86.0,No
62838.0,44.0,Pre-menopausal,206.0,123.0,No
62849.0,40.0,Pre-menopausal,170.0,109.0,No
62855.0,47.0,Pre-menopausal,140.0,75.0,No
62859.0,53.0,Post-menopausal,190.0,120.0,No
62861.0,80.0,Post-menopausal,201.0,113.0,No
62864.0,57.0,Post-menopausal,240.0,122.0,No
62872.0,17.0,Pre-menopausal,164.0,80.0,No
62874.0,33.0,Pre-menopausal,159.0,52.0,No
62876.0,74.0,Post-menopausal,229.0,143.0,No
62881.0,57.0,Pre-menopausal,197.0,103.0,No
62883.0,80.0,Post-menopausal,181.0,98.0,Yes
62893.0,21.0,Pre-menopausal,172.0,79.0,No
62899.0,45.0,Pre-menopausal,187.0,108.0,No
62900.0,68.0,Post-menopausal,216.0,124.0,No
62919.0,34.0,Pre-menopausal,142.0,67.0,No
62922.0,31.0,Pre-menopausal,161.0,78.0,No
62928.0,43.0,Pre-menopausal,230.0,159.0,No
62936.0,35.0,Pre-menopausal,213.0,133.0,No
62937.0,63.0,Post-menopausal,232.0,156.0,No
62941.0,55.0,Post-menopausal,212.0,84.0,No
62944.0,17.0,Pre-menopausal,170.0,91.0,No
62945.0,48.0,Pre-menopausal,157.0,89.0,No
62955.0,31.0,Pre-menopausal,197.0,107.0,No
62982.0,66.0,Post-menopausal,162.0,81.0,No
62993.0,34.0,Pre-menopausal,201.0,125.0,No
63002.0,54.0,Pre-menopausal,266.0,152.0,No
63004.0,38.0,Pre-menopausal,237.0,133.0,No
63010.0,78.0,Post-menopausal,204.0,127.0,No
63011.0,16.0,Pre-menopausal,161.0,86.0,No
63016.0,14.0,Pre-menopausal,152.0,68.0,No
63021.0,46.0,Pre-menopausal,220.0,140.0,No
63036.0,74.0,Post-menopausal,149.0,90.0,Yes
63040.0,54.0,Post-menopausal,199.0,119.0,No
63043.0,20.0,Pre-menopausal,144.0,78.0,No
63058.0,13.0,Pre-menopausal,149.0,91.0,No
63075.0,12.0,Pre-menopausal,194.0,103.0,No
63082.0,59.0,Post-menopausal,166.0,97.0,Yes
63083.0,71.0,Post-menopausal,241.0,149.0,No
63102.0,19.0,Pre-menopausal,290.0,167.0,No
63107.0,66.0,Post-menopausal,225.0,146.0,No
63109.0,41.0,Post-menopausal,238.0,119.0,No
63112.0,66.0,Post-menopausal,158.0,97.0,No
63116.0,34.0,Pre-menopausal,239.0,135.0,No
63124.0,54.0,Post-menopausal,220.0,117.0,No
63125.0,46.0,Pre-menopausal,223.0,140.0,No
63139.0,25.0,Pre-menopausal,226.0,170.0,No
63141.0,34.0,Pre-menopausal,208.0,130.0,No
63152.0,62.0,Post-menopausal,234.0,125.0,No
63156.0,70.0,Post-menopausal,184.0,67.0,No
63166.0,17.0,Pre-menopausal,136.0,57.0,No
63172.0,68.0,Post-menopausal,188.0,102.0,No
63183.0,44.0,Post-menopausal,200.0,126.0,No
63188.0,60.0,Post-menopausal,186.0,112.0,Yes
63191.0,30.0,Pre-menopausal,187.0,107.0,No
63211.0,46.0,Pre-menopausal,187.0,94.0,No
63221.0,67.0,Post-menopausal,138.0,75.0,Yes
63224.0,31.0,Pre-menopausal,166.0,90.0,No
63231.0,42.0,Pre-menopausal,219.0,145.0,No
63234.0,35.0,Pre-menopausal,171.0,98.0,No
63253.0,13.0,Pre-menopausal,113.0,65.0,No
63260.0,42.0,Pre-menopausal,236.0,128.0,No
63267.0,72.0,Post-menopausal,93.0,50.0,Yes
63272.0,20.0,Pre-menopausal,244.0,141.0,No
63285.0,80.0,Post-menopausal,197.0,124.0,No
63287.0,78.0,Post-menopausal,218.0,140.0,Yes
63293.0,61.0,Post-menopausal,202.0,103.0,No
63296.0,55.0,Post-menopausal,229.0,140.0,No
63298.0,22.0,Pre-menopausal,163.0,85.0,No
63320.0,27.0,Pre-menopausal,135.0,62.0,No
63323.0,48.0,Pre-menopausal,189.0,81.0,No
63326.0,51.0,Post-menopausal,221.0,156.0,No
63329.0,71.0,Post-menopausal,186.0,105.0,No
63331.0,31.0,Pre-menopausal,162.0,88.0,No
63332.0,15.0,Pre-menopausal,166.0,78.0,No
63343.0,45.0,Pre-menopausal,153.0,86.0,No
63344.0,26.0,Pre-menopausal,135.0,56.0,No
63345.0,68.0,Post-menopausal,204.0,92.0,No
63353.0,23.0,Pre-menopausal,194.0,104.0,No
63357.0,31.0,Pre-menopausal,211.0,124.0,No
63360.0,80.0,Post-menopausal,167.0,102.0,Yes
63363.0,65.0,Post-menopausal,194.0,120.0,No
63365.0,50.0,Pre-menopausal,178.0,113.0,No
63373.0,29.0,Pre-menopausal,158.0,82.0,No
63375.0,17.0,Pre-menopausal,250.0,160.0,No
63377.0,39.0,Pre-menopausal,182.0,98.0,Yes
63385.0,62.0,Post-menopausal,270.0,168.0,No
63400.0,21.0,Pre-menopausal,181.0,99.0,No
63436.0,80.0,Post-menopausal,214.0,119.0,No
63442.0,51.0,Post-menopausal,146.0,69.0,Yes
63462.0,18.0,Pre-menopausal,152.0,55.0,No
63463.0,61.0,Post-menopausal,188.0,106.0,No
63472.0,24.0,Pre-menopausal,140.0,72.0,No
63476.0,15.0,Pre-menopausal,153.0,95.0,No
63481.0,48.0,Pre-menopausal,215.0,136.0,No
63482.0,43.0,Pre-menopausal,170.0,94.0,No
63495.0,14.0,Pre-menopausal,150.0,78.0,No
63499.0,33.0,Pre-menopausal,179.0,120.0,No
63510.0,56.0,Pre-menopausal,236.0,150.0,No
63515.0,54.0,Post-menopausal,248.0,152.0,No
63523.0,22.0,Pre-menopausal,266.0,185.0,No
63528.0,34.0,Pre-menopausal,196.0,130.0,No
63543.0,74.0,Pre-menopausal,166.0,90.0,Yes
63550.0,51.0,Pre-menopausal,200.0,119.0,No
63551.0,54.0,Pre-menopausal,144.0,68.0,No
63566.0,62.0,Post-menopausal,194.0,132.0,No
63569.0,49.0,Pre-menopausal,211.0,120.0,No
63572.0,28.0,Pre-menopausal,191.0,121.0,No
63573.0,20.0,Pre-menopausal,134.0,65.0,No
63581.0,14.0,Pre-menopausal,147.0,81.0,No
63591.0,19.0,Pre-menopausal,212.0,127.0,No
63614.0,58.0,Post-menopausal,221.0,156.0,No
63615.0,26.0,Pre-menopausal,152.0,64.0,No
63625.0,23.0,Post-menopausal,159.0,88.0,No
63629.0,36.0,Pre-menopausal,184.0,106.0,No
63632.0,80.0,Post-menopausal,149.0,75.0,Yes
63638.0,47.0,Pre-menopausal,130.0,78.0,No
63643.0,18.0,Pre-menopausal,162.0,97.0,No
63648.0,31.0,Pre-menopausal,158.0,86.0,No
63655.0,17.0,Pre-menopausal,157.0,89.0,No
63656.0,16.0,Pre-menopausal,173.0,105.0,No
63661.0,46.0,Pre-menopausal,235.0,149.0,No
63663.0,42.0,Pre-menopausal,218.0,135.0,No
63684.0,54.0,Post-menopausal,224.0,150.0,No
63685.0,60.0,Post-menopausal,220.0,145.0,No
63689.0,66.0,Post-menopausal,236.0,150.0,No
63692.0,22.0,Post-menopausal,207.0,144.0,No
63699.0,47.0,Post-menopausal,222.0,151.0,No
63721.0,22.0,Post-menopausal,137.0,70.0,No
63723.0,62.0,Post-menopausal,222.0,143.0,No
63726.0,12.0,Pre-menopausal,196.0,107.0,No
63739.0,71.0,Post-menopausal,129.0,65.0,Yes
63742.0,20.0,Pre-menopausal,190.0,131.0,No
63744.0,50.0,Pre-menopausal,168.0,94.0,No
63750.0,20.0,Pre-menopausal,161.0,73.0,No
63761.0,21.0,Post-menopausal,183.0,122.0,No
63763.0,17.0,Pre-menopausal,188.0,117.0,No
63777.0,41.0,Pre-menopausal,216.0,141.0,No
63778.0,14.0,Pre-menopausal,153.0,80.0,No
63781.0,63.0,Post-menopausal,269.0,190.0,No
63784.0,40.0,Pre-menopausal,187.0,116.0,No
63802.0,48.0,Pre-menopausal,193.0,131.0,No
63818.0,40.0,Pre-menopausal,220.0,141.0,No
63820.0,58.0,Post-menopausal,302.0,208.0,No
63828.0,64.0,Post-menopausal,198.0,98.0,No
63829.0,42.0,Pre-menopausal,193.0,118.0,No
63831.0,23.0,Pre-menopausal,202.0,111.0,No
63837.0,70.0,Post-menopausal,191.0,109.0,No
63838.0,78.0,Post-menopausal,256.0,164.0,No
63843.0,13.0,Pre-menopausal,163.0,107.0,No
63853.0,36.0,Pre-menopausal,222.0,139.0,Yes
63856.0,20.0,Pre-menopausal,238.0,158.0,No
63858.0,20.0,Pre-menopausal,174.0,96.0,No
63860.0,50.0,Pre-menopausal,232.0,155.0,No
63871.0,45.0,Pre-menopausal,186.0,113.0,No
63872.0,18.0,Pre-menopausal,182.0,85.0,No
63877.0,20.0,Pre-menopausal,176.0,98.0,No
63887.0,64.0,Post-menopausal,176.0,58.0,No
63890.0,60.0,Post-menopausal,143.0,85.0,Yes
63894.0,19.0,Pre-menopausal,178.0,114.0,No
63909.0,62.0,Post-menopausal,192.0,108.0,No
63915.0,40.0,Pre-menopausal,159.0,73.0,No
63923.0,52.0,Post-menopausal,194.0,95.0,No
63924.0,29.0,Pre-menopausal,179.0,106.0,No
63929.0,34.0,Pre-menopausal,278.0,192.0,No
63937.0,15.0,Pre-menopausal,122.0,62.0,No
63938.0,12.0,Pre-menopausal,123.0,62.0,No
63941.0,53.0,Post-menopausal,225.0,156.0,No
63942.0,42.0,Pre-menopausal,174.0,87.0,No
63945.0,29.0,Pre-menopausal,152.0,82.0,No
63948.0,50.0,Post-menopausal,263.0,164.0,No
63957.0,59.0,Post-menopausal,208.0,127.0,Yes
63966.0,34.0,Pre-menopausal,169.0,100.0,No
63967.0,24.0,Pre-menopausal,192.0,106.0,No
63973.0,15.0,Pre-menopausal,171.0,98.0,No
63977.0,22.0,Pre-menopausal,135.0,73.0,No
63982.0,69.0,Post-menopausal,147.0,63.0,No
63989.0,53.0,Post-menopausal,192.0,116.0,No
63991.0,44.0,Pre-menopausal,249.0,168.0,No
63997.0,79.0,Post-menopausal,203.0,136.0,No
63999.0,44.0,Pre-menopausal,178.0,101.0,No
64005.0,12.0,Pre-menopausal,100.0,37.0,No
64011.0,80.0,Post-menopausal,178.0,95.0,Yes
64012.0,16.0,Pre-menopausal,154.0,97.0,No
64020.0,17.0,Pre-menopausal,139.0,72.0,No
64021.0,62.0,Post-menopausal,210.0,136.0,No
64024.0,62.0,Post-menopausal,222.0,138.0,No
64034.0,62.0,Post-menopausal,253.0,153.0,No
64046.0,39.0,Pre-menopausal,170.0,95.0,No
64047.0,34.0,Pre-menopausal,210.0,145.0,No
64049.0,16.0,Pre-menopausal,113.0,59.0,No
64054.0,19.0,Pre-menopausal,110.0,51.0,No
64055.0,59.0,Pre-menopausal,283.0,181.0,No
64059.0,68.0,Post-menopausal,239.0,155.0,Yes
64072.0,50.0,Post-menopausal,163.0,86.0,No
64085.0,13.0,Pre-menopausal,148.0,76.0,No
64086.0,45.0,Pre-menopausal,187.0,96.0,No
64089.0,54.0,Post-menopausal,214.0,128.0,No
64111.0,33.0,Pre-menopausal,179.0,121.0,No
64113.0,80.0,Post-menopausal,174.0,82.0,Yes
64127.0,69.0,Post-menopausal,155.0,91.0,No
64133.0,36.0,Pre-menopausal,175.0,88.0,No
64139.0,32.0,Pre-menopausal,171.0,113.0,No
64147.0,34.0,Pre-menopausal,182.0,115.0,No
64154.0,59.0,Pre-menopausal,189.0,102.0,No
64157.0,68.0,Post-menopausal,221.0,113.0,No
64161.0,51.0,Post-menopausal,180.0,98.0,No
64167.0,21.0,Pre-menopausal,144.0,64.0,No
64180.0,31.0,Pre-menopausal,185.0,91.0,No
64183.0,18.0,Pre-menopausal,175.0,97.0,No
64194.0,63.0,Post-menopausal,183.0,108.0,No
64198.0,76.0,Post-menopausal,200.0,137.0,No
64235.0,56.0,Post-menopausal,226.0,161.0,No
64237.0,16.0,Pre-menopausal,148.0,62.0,No
64244.0,40.0,Pre-menopausal,178.0,101.0,No
64248.0,38.0,Pre-menopausal,183.0,97.0,No
64263.0,62.0,Post-menopausal,214.0,130.0,No
64270.0,47.0,Post-menopausal,244.0,156.0,No
64272.0,19.0,Pre-menopausal,272.0,159.0,No
64278.0,18.0,Pre-menopausal,153.0,76.0,No
64286.0,56.0,Pre-menopausal,204.0,119.0,No
64290.0,65.0,Post-menopausal,171.0,104.0,No
64298.0,68.0,Post-menopausal,274.0,189.0,No
64308.0,31.0,Pre-menopausal,151.0,73.0,Yes
64309.0,78.0,Post-menopausal,212.0,139.0,No
64315.0,52.0,Pre-menopausal,213.0,131.0,No
64317.0,18.0,Pre-menopausal,215.0,130.0,No
64318.0,14.0,Pre-menopausal,184.0,118.0,No
64335.0,27.0,Pre-menopausal,194.0,125.0,No
64348.0,13.0,Pre-menopausal,219.0,159.0,No
64349.0,24.0,Pre-menopausal,124.0,55.0,No
64364.0,80.0,Post-menopausal,224.0,126.0,Yes
64367.0,39.0,Pre-menopausal,209.0,138.0,No
64379.0,20.0,Pre-menopausal,233.0,140.0,No
64381.0,61.0,Post-menopausal,166.0,92.0,No
64383.0,26.0,Pre-menopausal,156.0,80.0,No
64390.0,45.0,Pre-menopausal,181.0,112.0,No
64391.0,26.0,Pre-menopausal,142.0,69.0,No
64396.0,51.0,Post-menopausal,174.0,112.0,No
64399.0,45.0,Pre-menopausal,231.0,136.0,Yes
64417.0,20.0,Pre-menopausal,157.0,90.0,No
64419.0,63.0,Post-menopausal,205.0,121.0,Yes
64436.0,34.0,Post-menopausal,199.0,113.0,No
64437.0,21.0,Pre-menopausal,143.0,84.0,No
64447.0,41.0,Pre-menopausal,186.0,111.0,No
64459.0,55.0,Post-menopausal,136.0,71.0,No
64463.0,80.0,Post-menopausal,201.0,120.0,No
64471.0,37.0,Pre-menopausal,231.0,142.0,No
64481.0,19.0,Pre-menopausal,205.0,143.0,No
64484.0,26.0,Pre-menopausal,157.0,85.0,No
64488.0,39.0,Pre-menopausal,214.0,137.0,No
64494.0,39.0,Pre-menopausal,216.0,171.0,No
64498.0,47.0,Pre-menopausal,201.0,110.0,No
64500.0,29.0,Pre-menopausal,190.0,91.0,No
64504.0,57.0,Post-menopausal,197.0,116.0,No
64525.0,21.0,Pre-menopausal,190.0,113.0,No
64526.0,49.0,Post-menopausal,216.0,141.0,No
64532.0,43.0,Pre-menopausal,136.0,68.0,No
64536.0,75.0,Post-menopausal,169.0,91.0,No
64548.0,59.0,Post-menopausal,176.0,98.0,No
64559.0,70.0,Post-menopausal,140.0,66.0,Yes
64592.0,29.0,Pre-menopausal,158.0,94.0,No
64596.0,12.0,Pre-menopausal,149.0,92.0,No
64597.0,16.0,Pre-menopausal,124.0,66.0,No
64602.0,59.0,Post-menopausal,292.0,190.0,No
64603.0,40.0,Pre-menopausal,192.0,109.0,No
64604.0,50.0,Pre-menopausal,263.0,169.0,No
64606.0,59.0,Pre-menopausal,212.0,119.0,No
64615.0,14.0,Pre-menopausal,118.0,53.0,No
64627.0,17.0,Pre-menopausal,130.0,74.0,No
64663.0,33.0,Pre-menopausal,171.0,111.0,No
64664.0,48.0,Pre-menopausal,167.0,103.0,No
64669.0,60.0,Post-menopausal,195.0,95.0,No
64671.0,13.0,Pre-menopausal,177.0,85.0,No
64674.0,39.0,Pre-menopausal,236.0,148.0,No
64679.0,38.0,Pre-menopausal,185.0,114.0,No
64687.0,24.0,Pre-menopausal,164.0,98.0,No
64689.0,42.0,Pre-menopausal,219.0,138.0,No
64695.0,38.0,Pre-menopausal,144.0,85.0,No
64703.0,22.0,Pre-menopausal,123.0,52.0,No
64706.0,20.0,Pre-menopausal,149.0,91.0,No
64722.0,33.0,Pre-menopausal,158.0,102.0,No
64725.0,39.0,Pre-menopausal,218.0,143.0,No
64734.0,68.0,Post-menopausal,220.0,135.0,No
64739.0,21.0,Pre-menopausal,221.0,146.0,No
64773.0,16.0,Pre-menopausal,137.0,60.0,No
64779.0,30.0,Pre-menopausal,164.0,100.0,No
64780.0,18.0,Post-menopausal,256.0,155.0,No
64794.0,29.0,Pre-menopausal,151.0,90.0,No
64807.0,35.0,Pre-menopausal,199.0,126.0,No
64828.0,58.0,Post-menopausal,253.0,153.0,No
64833.0,37.0,Pre-menopausal,233.0,148.0,No
64843.0,50.0,Pre-menopausal,234.0,166.0,No
64854.0,69.0,Post-menopausal,177.0,96.0,No
64857.0,54.0,Pre-menopausal,201.0,129.0,No
64859.0,46.0,Post-menopausal,222.0,143.0,No
64866.0,25.0,Pre-menopausal,174.0,99.0,No
64871.0,49.0,Pre-menopausal,194.0,125.0,No
64873.0,41.0,Pre-menopausal,176.0,100.0,No
64893.0,23.0,Pre-menopausal,179.0,106.0,No
64899.0,13.0,Pre-menopausal,189.0,114.0,No
64904.0,52.0,Pre-menopausal,224.0,117.0,No
64908.0,60.0,Post-menopausal,171.0,95.0,No
64910.0,15.0,Pre-menopausal,157.0,72.0,No
64911.0,15.0,Pre-menopausal,160.0,88.0,No
64923.0,64.0,Post-menopausal,166.0,97.0,No
64931.0,59.0,Post-menopausal,135.0,40.0,Yes
64933.0,41.0,Pre-menopausal,137.0,75.0,No
64934.0,16.0,Pre-menopausal,149.0,88.0,No
64944.0,18.0,Pre-menopausal,152.0,84.0,No
64948.0,61.0,Post-menopausal,164.0,86.0,No
64953.0,44.0,Pre-menopausal,189.0,76.0,No
64954.0,54.0,Pre-menopausal,237.0,134.0,No
64962.0,32.0,Pre-menopausal,191.0,120.0,No
64968.0,50.0,Pre-menopausal,143.0,64.0,No
64974.0,42.0,Pre-menopausal,225.0,148.0,No
64978.0,56.0,Post-menopausal,230.0,150.0,No
64979.0,47.0,Post-menopausal,186.0,113.0,No
64984.0,17.0,Pre-menopausal,173.0,100.0,No
64997.0,15.0,Pre-menopausal,152.0,86.0,No
65005.0,71.0,Post-menopausal,180.0,90.0,No
65006.0,47.0,Pre-menopausal,212.0,141.0,No
65009.0,51.0,Pre-menopausal,172.0,81.0,Yes
65014.0,59.0,Post-menopausal,230.0,147.0,No
65022.0,29.0,Pre-menopausal,202.0,94.0,No
65032.0,76.0,Post-menopausal,188.0,109.0,No
65036.0,49.0,Pre-menopausal,223.0,151.0,No
65044.0,15.0,Pre-menopausal,155.0,87.0,No
65050.0,80.0,Post-menopausal,154.0,79.0,Yes
65051.0,80.0,Post-menopausal,185.0,110.0,Yes
65058.0,80.0,Post-menopausal,196.0,104.0,Yes
65065.0,34.0,Pre-menopausal,329.0,205.0,No
65067.0,42.0,Pre-menopausal,173.0,103.0,No
65082.0,14.0,Pre-menopausal,181.0,114.0,No
65087.0,74.0,Post-menopausal,250.0,157.0,No
65095.0,41.0,Pre-menopausal,285.0,180.0,No
65098.0,68.0,Post-menopausal,173.0,99.0,No
65105.0,24.0,Pre-menopausal,107.0,40.0,No
65123.0,13.0,Pre-menopausal,146.0,79.0,No
65129.0,45.0,Post-menopausal,257.0,185.0,No
65132.0,33.0,Pre-menopausal,214.0,130.0,No
65145.0,57.0,Post-menopausal,166.0,86.0,Yes
65160.0,17.0,Pre-menopausal,194.0,121.0,No
65167.0,17.0,Pre-menopausal,204.0,129.0,No
65171.0,13.0,Pre-menopausal,161.0,91.0,No
65174.0,31.0,Pre-menopausal,164.0,94.0,No
65191.0,30.0,Pre-menopausal,166.0,86.0,No
65199.0,51.0,Pre-menopausal,203.0,121.0,No
65201.0,77.0,Post-menopausal,195.0,87.0,No
65210.0,48.0,Pre-menopausal,155.0,90.0,No
65217.0,22.0,Pre-menopausal,166.0,90.0,No
65237.0,25.0,Pre-menopausal,173.0,84.0,No
65243.0,35.0,Pre-menopausal,170.0,100.0,No
65249.0,23.0,Pre-menopausal,227.0,145.0,No
65261.0,41.0,Pre-menopausal,274.0,198.0,No
65267.0,37.0,Pre-menopausal,200.0,133.0,No
65271.0,27.0,Pre-menopausal,162.0,106.0,No
65288.0,41.0,Pre-menopausal,227.0,140.0,No
65289.0,73.0,Post-menopausal,214.0,141.0,No
65294.0,15.0,Pre-menopausal,157.0,92.0,No
65303.0,19.0,Pre-menopausal,164.0,104.0,No
65305.0,16.0,Pre-menopausal,113.0,54.0,No
65306.0,30.0,Pre-menopausal,178.0,99.0,No
65326.0,44.0,Pre-menopausal,206.0,140.0,No
65331.0,54.0,Post-menopausal,247.0,176.0,No
65334.0,60.0,Post-menopausal,169.0,82.0,Yes
65338.0,22.0,Pre-menopausal,146.0,67.0,No
65346.0,49.0,Post-menopausal,221.0,124.0,No
65348.0,45.0,Pre-menopausal,258.0,146.0,No
65353.0,42.0,Pre-menopausal,153.0,76.0,No
65360.0,17.0,Pre-menopausal,103.0,43.0,No
65365.0,17.0,Pre-menopausal,174.0,105.0,No
65370.0,28.0,Pre-menopausal,151.0,83.0,No
65374.0,80.0,Post-menopausal,194.0,89.0,Yes
65375.0,52.0,Post-menopausal,304.0,189.0,No
65380.0,17.0,Pre-menopausal,157.0,92.0,No
65384.0,72.0,Post-menopausal,170.0,70.0,Yes
65385.0,12.0,Pre-menopausal,96.0,17.0,No
65394.0,71.0,Post-menopausal,256.0,178.0,No
65404.0,27.0,Pre-menopausal,158.0,91.0,No
65408.0,19.0,Pre-menopausal,188.0,108.0,No
65410.0,71.0,Post-menopausal,203.0,114.0,No
65411.0,16.0,Pre-menopausal,155.0,80.0,No
65421.0,70.0,Post-menopausal,169.0,92.0,No
65427.0,64.0,Pre-menopausal,197.0,121.0,Yes
65433.0,60.0,Post-menopausal,193.0,109.0,No
65448.0,64.0,Post-menopausal,217.0,124.0,Yes
65450.0,49.0,Post-menopausal,199.0,135.0,No
65451.0,33.0,Pre-menopausal,142.0,85.0,No
65452.0,16.0,Pre-menopausal,218.0,115.0,No
65455.0,14.0,Pre-menopausal,179.0,117.0,No
65456.0,12.0,Pre-menopausal,124.0,50.0,No
65460.0,64.0,Post-menopausal,219.0,121.0,No
65464.0,29.0,Pre-menopausal,165.0,99.0,No
65473.0,60.0,Post-menopausal,228.0,132.0,No
65476.0,32.0,Pre-menopausal,131.0,75.0,No
65490.0,20.0,Pre-menopausal,164.0,88.0,No
65492.0,65.0,Post-menopausal,193.0,114.0,No
65501.0,24.0,Pre-menopausal,112.0,55.0,No
65503.0,44.0,Pre-menopausal,193.0,125.0,No
65507.0,13.0,Pre-menopausal,122.0,69.0,No
65515.0,14.0,Pre-menopausal,158.0,46.0,No
65534.0,31.0,Pre-menopausal,159.0,94.0,No
65546.0,22.0,Pre-menopausal,154.0,85.0,No
65547.0,63.0,Post-menopausal,180.0,98.0,Yes
65548.0,47.0,Pre-menopausal,213.0,136.0,No
65552.0,13.0,Pre-menopausal,155.0,90.0,No
65553.0,42.0,Pre-menopausal,126.0,66.0,No
65555.0,20.0,Pre-menopausal,154.0,77.0,No
65557.0,30.0,Pre-menopausal,160.0,103.0,No
65562.0,62.0,Post-menopausal,166.0,80.0,No
65564.0,36.0,Pre-menopausal,266.0,190.0,No
65569.0,16.0,Pre-menopausal,196.0,119.0,No
65571.0,74.0,Post-menopausal,135.0,58.0,No
65580.0,19.0,Pre-menopausal,169.0,96.0,No
65583.0,16.0,Pre-menopausal,148.0,83.0,No
65585.0,49.0,Pre-menopausal,174.0,83.0,No
65590.0,43.0,Pre-menopausal,159.0,80.0,No
65594.0,60.0,Post-menopausal,228.0,99.0,No
65635.0,29.0,Pre-menopausal,188.0,121.0,No
65640.0,65.0,Pre-menopausal,190.0,86.0,No
65642.0,41.0,Post-menopausal,231.0,155.0,No
65647.0,29.0,Pre-menopausal,149.0,89.0,No
65649.0,37.0,Pre-menopausal,195.0,84.0,No
65650.0,79.0,Post-menopausal,192.0,88.0,No
65653.0,30.0,Pre-menopausal,198.0,132.0,No
65660.0,73.0,Post-menopausal,228.0,142.0,No
65663.0,24.0,Pre-menopausal,227.0,150.0,No
65672.0,22.0,Pre-menopausal,152.0,82.0,No
65688.0,54.0,Post-menopausal,250.0,162.0,No
65705.0,63.0,Post-menopausal,163.0,71.0,No
65737.0,53.0,Post-menopausal,276.0,188.0,No
65743.0,40.0,Pre-menopausal,218.0,114.0,No
65753.0,30.0,Pre-menopausal,131.0,72.0,No
65754.0,50.0,Post-menopausal,231.0,156.0,Yes
65757.0,45.0,Pre-menopausal,190.0,121.0,Yes
65758.0,67.0,Post-menopausal,142.0,67.0,Yes
65764.0,73.0,Post-menopausal,196.0,98.0,No
65772.0,80.0,Post-menopausal,117.0,54.0,No
65781.0,41.0,Pre-menopausal,214.0,143.0,No
65782.0,53.0,Post-menopausal,158.0,99.0,No
65784.0,57.0,Post-menopausal,202.0,117.0,No
65797.0,52.0,Post-menopausal,167.0,94.0,No
65798.0,26.0,Pre-menopausal,218.0,137.0,No
65800.0,61.0,Post-menopausal,186.0,98.0,Yes
65803.0,15.0,Pre-menopausal,166.0,109.0,No
65836.0,18.0,Pre-menopausal,150.0,83.0,No
65852.0,29.0,Pre-menopausal,202.0,84.0,No
65853.0,14.0,Pre-menopausal,143.0,86.0,No
65863.0,33.0,Pre-menopausal,179.0,94.0,No
65865.0,34.0,Pre-menopausal,289.0,181.0,No
65869.0,66.0,Post-menopausal,177.0,115.0,No
65874.0,43.0,Pre-menopausal,234.0,144.0,No
65879.0,32.0,Pre-menopausal,143.0,85.0,No
65880.0,26.0,Pre-menopausal,206.0,125.0,No
65892.0,80.0,Post-menopausal,190.0,111.0,Yes
65899.0,12.0,Pre-menopausal,177.0,100.0,No
65902.0,22.0,Pre-menopausal,207.0,127.0,No
65911.0,76.0,Post-menopausal,172.0,92.0,Yes
65913.0,19.0,Pre-menopausal,167.0,102.0,No
65918.0,34.0,Pre-menopausal,135.0,57.0,No
65920.0,36.0,Pre-menopausal,200.0,104.0,No
65927.0,65.0,Post-menopausal,210.0,117.0,No
65951.0,50.0,Post-menopausal,162.0,95.0,No
65953.0,24.0,Pre-menopausal,149.0,62.0,No
65954.0,66.0,Post-menopausal,233.0,137.0,No
65955.0,80.0,Post-menopausal,206.0,123.0,No
65958.0,13.0,Pre-menopausal,200.0,114.0,No
65963.0,60.0,Post-menopausal,160.0,80.0,No
65967.0,36.0,Pre-menopausal,149.0,71.0,No
65974.0,63.0,Post-menopausal,250.0,155.0,No
65984.0,16.0,Pre-menopausal,179.0,100.0,No
65991.0,26.0,Pre-menopausal,188.0,111.0,No
65992.0,61.0,Post-menopausal,111.0,44.0,No
66000.0,54.0,Post-menopausal,189.0,91.0,No
66010.0,40.0,Post-menopausal,190.0,101.0,No
66011.0,12.0,Pre-menopausal,143.0,77.0,No
66022.0,35.0,Pre-menopausal,206.0,118.0,No
66033.0,37.0,Pre-menopausal,134.0,46.0,No
66036.0,70.0,Post-menopausal,199.0,104.0,No
66037.0,14.0,Pre-menopausal,99.0,48.0,No
66040.0,24.0,Pre-menopausal,195.0,116.0,No
66043.0,64.0,Post-menopausal,212.0,119.0,No
66052.0,43.0,Pre-menopausal,220.0,100.0,No
66054.0,33.0,Pre-menopausal,124.0,56.0,No
66056.0,57.0,Post-menopausal,292.0,143.0,No
66058.0,74.0,Post-menopausal,279.0,187.0,No
66066.0,80.0,Post-menopausal,145.0,74.0,Yes
66071.0,65.0,Post-menopausal,192.0,109.0,No
66087.0,18.0,Pre-menopausal,138.0,90.0,No
66090.0,25.0,Pre-menopausal,162.0,97.0,No
66093.0,41.0,Pre-menopausal,225.0,148.0,No
66095.0,72.0,Post-menopausal,239.0,145.0,No
66100.0,16.0,Pre-menopausal,146.0,72.0,No
66101.0,20.0,Pre-menopausal,173.0,109.0,No
66104.0,50.0,Pre-menopausal,124.0,76.0,No
66111.0,26.0,Pre-menopausal,128.0,66.0,No
66117.0,16.0,Pre-menopausal,166.0,48.0,No
66123.0,29.0,Pre-menopausal,205.0,131.0,No
66126.0,67.0,Post-menopausal,211.0,138.0,No
66131.0,36.0,Pre-menopausal,163.0,87.0,Yes
66138.0,36.0,Pre-menopausal,180.0,110.0,No
66140.0,63.0,Post-menopausal,237.0,171.0,No
66155.0,19.0,Pre-menopausal,179.0,87.0,No
66162.0,60.0,Post-menopausal,246.0,173.0,No
66167.0,23.0,Pre-menopausal,154.0,78.0,No
66179.0,23.0,Pre-menopausal,175.0,92.0,No
66180.0,15.0,Pre-menopausal,107.0,59.0,No
66183.0,14.0,Pre-menopausal,129.0,56.0,No
66186.0,45.0,Pre-menopausal,154.0,91.0,No
66191.0,56.0,Post-menopausal,268.0,192.0,No
66194.0,63.0,Post-menopausal,206.0,114.0,No
66210.0,63.0,Post-menopausal,149.0,88.0,No
66214.0,70.0,Post-menopausal,266.0,172.0,Yes
66224.0,80.0,Post-menopausal,222.0,139.0,No
66230.0,64.0,Post-menopausal,218.0,134.0,No
66233.0,25.0,Pre-menopausal,201.0,109.0,No
66235.0,33.0,Pre-menopausal,162.0,94.0,No
66238.0,61.0,Post-menopausal,217.0,125.0,No
66241.0,50.0,Post-menopausal,217.0,137.0,No
66243.0,39.0,Pre-menopausal,220.0,142.0,No
66249.0,27.0,Pre-menopausal,207.0,110.0,No
66253.0,38.0,Post-menopausal,182.0,115.0,No
66254.0,64.0,Post-menopausal,198.0,124.0,No
66273.0,13.0,Pre-menopausal,143.0,85.0,No
66280.0,69.0,Post-menopausal,213.0,113.0,No
66283.0,33.0,Pre-menopausal,244.0,170.0,No
66290.0,63.0,Post-menopausal,194.0,119.0,No
66300.0,35.0,Pre-menopausal,187.0,121.0,No
66302.0,45.0,Pre-menopausal,202.0,113.0,No
66309.0,30.0,Pre-menopausal,158.0,75.0,No
66310.0,53.0,Pre-menopausal,176.0,97.0,No
66321.0,71.0,Post-menopausal,222.0,127.0,No
66323.0,49.0,Pre-menopausal,216.0,125.0,No
66325.0,24.0,Pre-menopausal,163.0,97.0,No
66331.0,77.0,Post-menopausal,184.0,105.0,No
66338.0,31.0,Post-menopausal,135.0,73.0,No
66342.0,32.0,Pre-menopausal,291.0,203.0,No
66343.0,20.0,Pre-menopausal,171.0,101.0,No
66346.0,17.0,Pre-menopausal,156.0,78.0,No
66348.0,13.0,Pre-menopausal,111.0,76.0,No
66349.0,24.0,Pre-menopausal,226.0,153.0,No
66362.0,55.0,Post-menopausal,224.0,141.0,No
66378.0,59.0,Post-menopausal,229.0,148.0,No
66384.0,38.0,Pre-menopausal,181.0,117.0,No
66386.0,50.0,Pre-menopausal,223.0,143.0,No
66391.0,28.0,Pre-menopausal,216.0,144.0,No
66393.0,43.0,Pre-menopausal,200.0,123.0,No
66396.0,46.0,Post-menopausal,190.0,122.0,No
66404.0,35.0,Pre-menopausal,302.0,205.0,No
66409.0,36.0,Pre-menopausal,216.0,140.0,No
66429.0,69.0,Post-menopausal,208.0,135.0,No
66431.0,23.0,Pre-menopausal,208.0,134.0,No
66436.0,74.0,Post-menopausal,150.0,73.0,No
66439.0,48.0,Pre-menopausal,188.0,92.0,No
66443.0,38.0,Pre-menopausal,232.0,137.0,No
66444.0,43.0,Pre-menopausal,165.0,82.0,Yes
66451.0,52.0,Post-menopausal,212.0,149.0,No
66453.0,22.0,Pre-menopausal,128.0,60.0,No
66456.0,70.0,Post-menopausal,141.0,66.0,No
66459.0,15.0,Pre-menopausal,160.0,102.0,No
66497.0,25.0,Pre-menopausal,176.0,117.0,No
66498.0,14.0,Pre-menopausal,125.0,66.0,No
66515.0,70.0,Post-menopausal,215.0,117.0,No
66518.0,80.0,Post-menopausal,155.0,78.0,No
66536.0,52.0,Post-menopausal,228.0,154.0,No
66558.0,54.0,Post-menopausal,175.0,103.0,No
66561.0,42.0,Pre-menopausal,199.0,125.0,No
66563.0,73.0,Post-menopausal,193.0,106.0,No
66568.0,52.0,Post-menopausal,120.0,62.0,No
66581.0,17.0,Pre-menopausal,207.0,122.0,No
66597.0,54.0,Post-menopausal,173.0,107.0,No
66599.0,31.0,Pre-menopausal,227.0,134.0,No
66603.0,34.0,Post-menopausal,240.0,151.0,No
66615.0,16.0,Pre-menopausal,166.0,73.0,No
66641.0,46.0,Pre-menopausal,164.0,95.0,No
66644.0,63.0,Post-menopausal,231.0,159.0,No
66687.0,53.0,Pre-menopausal,241.0,153.0,Yes
66713.0,60.0,Post-menopausal,240.0,162.0,No
66714.0,21.0,Pre-menopausal,162.0,74.0,No
66721.0,47.0,Pre-menopausal,182.0,114.0,No
66728.0,71.0,Post-menopausal,152.0,72.0,No
66734.0,16.0,Pre-menopausal,188.0,112.0,No
66737.0,14.0,Pre-menopausal,133.0,82.0,No
66743.0,68.0,Post-menopausal,237.0,158.0,No
66745.0,16.0,Pre-menopausal,116.0,53.0,No
66759.0,57.0,Post-menopausal,235.0,135.0,Yes
66763.0,80.0,Post-menopausal,155.0,85.0,No
66770.0,22.0,Pre-menopausal,155.0,93.0,No
66771.0,31.0,Post-menopausal,203.0,138.0,No
66774.0,17.0,Pre-menopausal,162.0,79.0,No
66782.0,19.0,Pre-menopausal,141.0,62.0,No
66785.0,60.0,Post-menopausal,216.0,129.0,No
66789.0,38.0,Pre-menopausal,229.0,135.0,No
66798.0,56.0,Post-menopausal,190.0,109.0,Yes
66802.0,43.0,Pre-menopausal,176.0,94.0,No
66817.0,72.0,Post-menopausal,252.0,173.0,Yes
66824.0,14.0,Pre-menopausal,188.0,109.0,No
66830.0,12.0,Pre-menopausal,139.0,45.0,No
66835.0,56.0,Pre-menopausal,163.0,87.0,No
66838.0,65.0,Post-menopausal,269.0,170.0,No
66839.0,25.0,Pre-menopausal,155.0,85.0,No
66848.0,52.0,Pre-menopausal,192.0,105.0,No
66851.0,46.0,Pre-menopausal,236.0,156.0,No
66857.0,15.0,Pre-menopausal,173.0,108.0,No
66865.0,15.0,Pre-menopausal,201.0,113.0,No
66869.0,54.0,Post-menopausal,210.0,127.0,No
66873.0,54.0,Post-menopausal,259.0,188.0,No
66874.0,31.0,Pre-menopausal,213.0,133.0,No
66875.0,69.0,Post-menopausal,167.0,104.0,Yes
66876.0,62.0,Post-menopausal,265.0,156.0,No
66881.0,40.0,Pre-menopausal,219.0,131.0,No
66897.0,28.0,Pre-menopausal,202.0,136.0,No
66898.0,45.0,Pre-menopausal,206.0,118.0,No
66903.0,39.0,Post-menopausal,184.0,115.0,No
66905.0,25.0,Pre-menopausal,168.0,84.0,No
66907.0,37.0,Pre-menopausal,235.0,167.0,No
66912.0,14.0,Pre-menopausal,125.0,59.0,No
66914.0,51.0,Pre-menopausal,209.0,112.0,No
66925.0,23.0,Pre-menopausal,210.0,100.0,No
66929.0,63.0,Post-menopausal,173.0,113.0,Yes
66934.0,12.0,Pre-menopausal,129.0,64.0,No
66938.0,62.0,Post-menopausal,197.0,112.0,No
66942.0,43.0,Pre-menopausal,184.0,115.0,No
66943.0,46.0,Post-menopausal,194.0,105.0,No
66954.0,27.0,Pre-menopausal,207.0,119.0,No
66956.0,21.0,Post-menopausal,166.0,97.0,No
66959.0,43.0,Pre-menopausal,177.0,99.0,No
66982.0,73.0,Post-menopausal,142.0,76.0,Yes
66985.0,77.0,Post-menopausal,185.0,98.0,Yes
66988.0,40.0,Pre-menopausal,183.0,116.0,No
66999.0,15.0,Pre-menopausal,138.0,78.0,No
67008.0,17.0,Pre-menopausal,201.0,137.0,No
67011.0,67.0,Post-menopausal,213.0,121.0,No
67015.0,22.0,Pre-menopausal,192.0,98.0,No
67024.0,12.0,Pre-menopausal,168.0,89.0,No
67032.0,32.0,Pre-menopausal,149.0,80.0,No
67037.0,66.0,Post-menopausal,230.0,160.0,No
67039.0,31.0,Pre-menopausal,175.0,106.0,No
67040.0,19.0,Pre-menopausal,149.0,88.0,No
67041.0,36.0,Pre-menopausal,165.0,98.0,No
67048.0,12.0,Pre-menopausal,123.0,67.0,No
67055.0,71.0,Post-menopausal,205.0,66.0,No
67059.0,29.0,Pre-menopausal,179.0,121.0,No
67060.0,16.0,Pre-menopausal,143.0,85.0,No
67061.0,36.0,Pre-menopausal,215.0,120.0,No
67074.0,37.0,Pre-menopausal,220.0,126.0,No
67075.0,14.0,Pre-menopausal,103.0,52.0,No
67081.0,50.0,Pre-menopausal,157.0,82.0,No
67089.0,29.0,Pre-menopausal,219.0,142.0,No
67098.0,62.0,Post-menopausal,141.0,64.0,No
67112.0,64.0,Post-menopausal,180.0,103.0,No
67113.0,55.0,Pre-menopausal,207.0,131.0,No
67116.0,31.0,Pre-menopausal,164.0,82.0,No
67123.0,33.0,Pre-menopausal,169.0,74.0,No
67126.0,22.0,Pre-menopausal,175.0,101.0,No
67164.0,13.0,Pre-menopausal,110.0,57.0,No
67165.0,46.0,Pre-menopausal,187.0,94.0,No
67182.0,44.0,Post-menopausal,181.0,111.0,No
67188.0,13.0,Pre-menopausal,168.0,99.0,No
67189.0,70.0,Post-menopausal,276.0,166.0,No
67190.0,36.0,Post-menopausal,149.0,86.0,Yes
67191.0,33.0,Pre-menopausal,255.0,180.0,No
67192.0,55.0,Post-menopausal,219.0,103.0,No
67197.0,73.0,Post-menopausal,228.0,127.0,Yes
67209.0,80.0,Post-menopausal,284.0,164.0,No
67222.0,80.0,Post-menopausal,198.0,101.0,No
67226.0,43.0,Pre-menopausal,198.0,110.0,No
67232.0,48.0,Pre-menopausal,167.0,88.0,No
67236.0,48.0,Post-menopausal,169.0,88.0,No
67237.0,51.0,Pre-menopausal,170.0,100.0,No
67239.0,50.0,Pre-menopausal,172.0,106.0,No
67243.0,68.0,Post-menopausal,170.0,88.0,No
67248.0,14.0,Pre-menopausal,131.0,70.0,No
67250.0,43.0,Post-menopausal,250.0,162.0,No
67258.0,73.0,Post-menopausal,171.0,98.0,Yes
67264.0,77.0,Post-menopausal,205.0,129.0,No
67270.0,42.0,Pre-menopausal,138.0,76.0,No
67274.0,46.0,Pre-menopausal,283.0,197.0,No
67279.0,32.0,Pre-menopausal,145.0,81.0,No
67281.0,42.0,Pre-menopausal,171.0,106.0,No
67283.0,56.0,Post-menopausal,160.0,98.0,No
67285.0,70.0,Post-menopausal,200.0,126.0,No
67296.0,15.0,Pre-menopausal,100.0,54.0,No
67315.0,51.0,Post-menopausal,220.0,149.0,Yes
67332.0,45.0,Pre-menopausal,282.0,214.0,No
67355.0,22.0,Pre-menopausal,121.0,62.0,No
67362.0,47.0,Pre-menopausal,255.0,179.0,No
67367.0,32.0,Pre-menopausal,206.0,116.0,No
67373.0,64.0,Post-menopausal,219.0,147.0,Yes
67375.0,45.0,Post-menopausal,144.0,81.0,No
67380.0,58.0,Post-menopausal,254.0,166.0,No
67390.0,56.0,Post-menopausal,194.0,91.0,No
67395.0,55.0,Post-menopausal,232.0,157.0,No
67410.0,18.0,Pre-menopausal,171.0,100.0,No
67414.0,77.0,Post-menopausal,191.0,109.0,No
67417.0,58.0,Post-menopausal,191.0,102.0,No
67424.0,32.0,Post-menopausal,116.0,52.0,No
67436.0,23.0,Pre-menopausal,201.0,117.0,No
67439.0,36.0,Pre-menopausal,164.0,90.0,No
67442.0,39.0,Pre-menopausal,189.0,109.0,No
67445.0,38.0,Pre-menopausal,193.0,105.0,No
67451.0,18.0,Pre-menopausal,183.0,88.0,No
67454.0,76.0,Post-menopausal,228.0,116.0,No
67462.0,38.0,Pre-menopausal,188.0,82.0,No
67473.0,79.0,Post-menopausal,237.0,127.0,No
67480.0,62.0,Post-menopausal,218.0,127.0,No
67481.0,69.0,Post-menopausal,216.0,131.0,No
67483.0,64.0,Post-menopausal,211.0,131.0,No
67484.0,23.0,Pre-menopausal,179.0,109.0,No
67487.0,75.0,Post-menopausal,311.0,142.0,Yes
67498.0,16.0,Pre-menopausal,110.0,40.0,No
67501.0,62.0,Post-menopausal,154.0,55.0,No
67503.0,45.0,Pre-menopausal,187.0,122.0,No
67516.0,47.0,Pre-menopausal,215.0,146.0,No
67517.0,36.0,Pre-menopausal,135.0,80.0,No
67527.0,29.0,Pre-menopausal,269.0,213.0,No
67532.0,71.0,Post-menopausal,155.0,83.0,No
67534.0,56.0,Post-menopausal,229.0,129.0,No
67539.0,27.0,Post-menopausal,173.0,72.0,No
67545.0,22.0,Pre-menopausal,151.0,77.0,No
67546.0,30.0,Pre-menopausal,168.0,105.0,No
67564.0,43.0,Pre-menopausal,211.0,135.0,No
67577.0,60.0,Pre-menopausal,201.0,96.0,No
67580.0,67.0,Post-menopausal,247.0,151.0,No
67587.0,80.0,Post-menopausal,190.0,87.0,No
67597.0,41.0,Pre-menopausal,238.0,142.0,No
67598.0,80.0,Post-menopausal,260.0,179.0,No
67603.0,62.0,Post-menopausal,164.0,96.0,No
67611.0,14.0,Pre-menopausal,142.0,78.0,No
67613.0,21.0,Pre-menopausal,167.0,90.0,No
67617.0,13.0,Pre-menopausal,153.0,83.0,No
67629.0,70.0,Post-menopausal,401.0,331.0,No
67632.0,51.0,Pre-menopausal,209.0,135.0,No
67642.0,24.0,Pre-menopausal,143.0,71.0,No
67647.0,70.0,Post-menopausal,150.0,84.0,No
67665.0,33.0,Pre-menopausal,178.0,124.0,No
67673.0,13.0,Pre-menopausal,142.0,80.0,No
67682.0,13.0,Pre-menopausal,190.0,103.0,No
67690.0,40.0,Pre-menopausal,301.0,192.0,No
67696.0,67.0,Post-menopausal,211.0,132.0,No
67698.0,63.0,Post-menopausal,227.0,131.0,No
67718.0,49.0,Pre-menopausal,241.0,166.0,No
67727.0,32.0,Pre-menopausal,201.0,137.0,No
67733.0,18.0,Pre-menopausal,117.0,62.0,No
67734.0,19.0,Pre-menopausal,124.0,71.0,No
67739.0,17.0,Pre-menopausal,187.0,118.0,No
67741.0,28.0,Pre-menopausal,231.0,127.0,No
67751.0,20.0,Pre-menopausal,223.0,142.0,No
67754.0,36.0,Pre-menopausal,319.0,219.0,No
67763.0,37.0,Pre-menopausal,325.0,199.0,No
67766.0,62.0,Post-menopausal,194.0,96.0,No
67768.0,14.0,Pre-menopausal,157.0,98.0,No
67769.0,54.0,Post-menopausal,209.0,121.0,No
67772.0,73.0,Post-menopausal,238.0,133.0,No
67779.0,56.0,Post-menopausal,242.0,163.0,No
67781.0,41.0,Pre-menopausal,140.0,81.0,No
67783.0,13.0,Pre-menopausal,166.0,98.0,No
67785.0,38.0,Pre-menopausal,130.0,73.0,Yes
67799.0,38.0,Pre-menopausal,221.0,142.0,No
67808.0,80.0,Post-menopausal,168.0,98.0,Yes
67814.0,19.0,Pre-menopausal,229.0,167.0,No
67818.0,21.0,Pre-menopausal,188.0,116.0,No
67819.0,79.0,Post-menopausal,159.0,92.0,No
67820.0,47.0,Pre-menopausal,143.0,83.0,No
67822.0,80.0,Post-menopausal,155.0,82.0,No
67834.0,33.0,Pre-menopausal,178.0,108.0,No
67847.0,43.0,Pre-menopausal,202.0,133.0,No
67860.0,14.0,Pre-menopausal,134.0,57.0,No
67863.0,50.0,Pre-menopausal,328.0,219.0,No
67868.0,13.0,Pre-menopausal,157.0,97.0,No
67870.0,20.0,Pre-menopausal,185.0,90.0,No
67872.0,78.0,Post-menopausal,211.0,143.0,Yes
67877.0,79.0,Post-menopausal,213.0,122.0,No
67881.0,17.0,Pre-menopausal,196.0,111.0,No
67885.0,80.0,Post-menopausal,223.0,145.0,No
67887.0,67.0,Post-menopausal,181.0,103.0,No
67889.0,42.0,Pre-menopausal,254.0,177.0,No
67891.0,29.0,Pre-menopausal,171.0,100.0,No
67916.0,39.0,Pre-menopausal,196.0,105.0,No
67918.0,19.0,Pre-menopausal,264.0,167.0,No
67919.0,59.0,Post-menopausal,238.0,159.0,No
67925.0,51.0,Pre-menopausal,216.0,119.0,No
67938.0,27.0,Pre-menopausal,206.0,120.0,No
67941.0,26.0,Post-menopausal,268.0,186.0,No
67952.0,65.0,Post-menopausal,267.0,191.0,No
67962.0,40.0,Pre-menopausal,181.0,103.0,No
67964.0,31.0,Pre-menopausal,180.0,112.0,No
67975.0,76.0,Post-menopausal,182.0,105.0,No
67978.0,60.0,Post-menopausal,156.0,102.0,No
67986.0,63.0,Post-menopausal,211.0,141.0,No
67990.0,12.0,Pre-menopausal,176.0,92.0,No
68004.0,33.0,Pre-menopausal,176.0,97.0,No
68009.0,14.0,Pre-menopausal,169.0,90.0,No
68011.0,27.0,Pre-menopausal,133.0,71.0,No
68012.0,70.0,Post-menopausal,235.0,134.0,Yes
68013.0,60.0,Post-menopausal,220.0,118.0,No
68017.0,68.0,Post-menopausal,244.0,150.0,No
68027.0,41.0,Pre-menopausal,203.0,126.0,No
68028.0,66.0,Post-menopausal,195.0,111.0,No
68032.0,80.0,Post-menopausal,235.0,148.0,No
68061.0,35.0,Pre-menopausal,202.0,115.0,No
68064.0,80.0,Post-menopausal,178.0,105.0,Yes
68065.0,20.0,Pre-menopausal,197.0,130.0,No
68066.0,63.0,Post-menopausal,167.0,115.0,Yes
68068.0,79.0,Post-menopausal,294.0,168.0,No
68069.0,66.0,Pre-menopausal,193.0,120.0,No
68091.0,74.0,Post-menopausal,167.0,70.0,No
68095.0,41.0,Pre-menopausal,212.0,117.0,No
68111.0,12.0,Pre-menopausal,142.0,67.0,No
68115.0,80.0,Post-menopausal,202.0,123.0,Yes
68118.0,18.0,Pre-menopausal,124.0,58.0,No
68127.0,50.0,Pre-menopausal,209.0,121.0,No
68143.0,80.0,Post-menopausal,236.0,153.0,No
68155.0,40.0,Pre-menopausal,198.0,140.0,No
68169.0,23.0,Pre-menopausal,192.0,139.0,No
68171.0,58.0,Pre-menopausal,93.0,36.0,No
68176.0,58.0,Post-menopausal,213.0,128.0,No
68183.0,28.0,Pre-menopausal,199.0,134.0,No
68186.0,17.0,Pre-menopausal,189.0,127.0,No
68191.0,56.0,Post-menopausal,242.0,169.0,No
68199.0,30.0,Pre-menopausal,153.0,80.0,No
68203.0,78.0,Post-menopausal,210.0,129.0,Yes
68206.0,35.0,Pre-menopausal,184.0,112.0,No
68213.0,41.0,Pre-menopausal,161.0,90.0,No
68215.0,14.0,Pre-menopausal,162.0,106.0,No
68217.0,19.0,Pre-menopausal,173.0,66.0,No
68226.0,38.0,Pre-menopausal,173.0,96.0,No
68227.0,56.0,Pre-menopausal,204.0,118.0,No
68236.0,41.0,Pre-menopausal,160.0,80.0,Yes
68247.0,80.0,Post-menopausal,202.0,91.0,No
68256.0,46.0,Pre-menopausal,215.0,135.0,Yes
68263.0,63.0,Post-menopausal,208.0,114.0,No
68270.0,48.0,Post-menopausal,222.0,153.0,No
68280.0,15.0,Pre-menopausal,162.0,103.0,No
68285.0,49.0,Post-menopausal,193.0,131.0,No
68286.0,16.0,Pre-menopausal,144.0,76.0,No
68296.0,69.0,Post-menopausal,207.0,131.0,Yes
68305.0,17.0,Pre-menopausal,174.0,90.0,No
68317.0,19.0,Pre-menopausal,182.0,105.0,No
68319.0,43.0,Pre-menopausal,195.0,102.0,No
68324.0,27.0,Pre-menopausal,198.0,111.0,No
68330.0,69.0,Post-menopausal,134.0,68.0,No
68334.0,38.0,Pre-menopausal,174.0,73.0,No
68341.0,64.0,Post-menopausal,202.0,132.0,No
68355.0,19.0,Pre-menopausal,158.0,79.0,No
68356.0,73.0,Post-menopausal,233.0,110.0,Yes
68384.0,23.0,Pre-menopausal,150.0,86.0,No
68389.0,15.0,Pre-menopausal,132.0,66.0,No
68393.0,20.0,Pre-menopausal,205.0,122.0,No
68394.0,58.0,Post-menopausal,195.0,100.0,No
68404.0,65.0,Post-menopausal,274.0,183.0,No
68408.0,16.0,Pre-menopausal,88.0,31.0,No
68423.0,42.0,Pre-menopausal,201.0,103.0,No
68428.0,44.0,Pre-menopausal,161.0,100.0,No
68446.0,68.0,Post-menopausal,224.0,118.0,No
68447.0,68.0,Post-menopausal,216.0,129.0,Yes
68450.0,47.0,Post-menopausal,203.0,112.0,No
68452.0,69.0,Post-menopausal,175.0,88.0,Yes
68453.0,79.0,Post-menopausal,209.0,115.0,No
68459.0,16.0,Pre-menopausal,156.0,93.0,No
68471.0,15.0,Pre-menopausal,149.0,92.0,No
68475.0,12.0,Pre-menopausal,132.0,61.0,No
68485.0,64.0,Post-menopausal,239.0,154.0,No
68488.0,58.0,Post-menopausal,230.0,142.0,No
68494.0,38.0,Pre-menopausal,187.0,81.0,No
68495.0,78.0,Post-menopausal,223.0,135.0,Yes
68506.0,77.0,Post-menopausal,219.0,148.0,No
68512.0,57.0,Post-menopausal,167.0,84.0,No
68513.0,69.0,Post-menopausal,187.0,118.0,No
68520.0,17.0,Pre-menopausal,165.0,103.0,No
68525.0,39.0,Pre-menopausal,180.0,111.0,No
68529.0,80.0,Post-menopausal,251.0,145.0,No
68551.0,80.0,Post-menopausal,334.0,240.0,Yes
68553.0,61.0,Post-menopausal,192.0,113.0,Yes
68560.0,28.0,Pre-menopausal,164.0,106.0,No
68563.0,17.0,Pre-menopausal,123.0,56.0,No
68565.0,65.0,Post-menopausal,243.0,159.0,No
68569.0,56.0,Post-menopausal,197.0,78.0,Yes
68575.0,42.0,Pre-menopausal,169.0,82.0,No
68582.0,42.0,Pre-menopausal,278.0,214.0,No
68593.0,63.0,Post-menopausal,213.0,101.0,No
68605.0,46.0,Pre-menopausal,174.0,106.0,No
68622.0,70.0,Post-menopausal,246.0,153.0,No
68626.0,70.0,Pre-menopausal,180.0,86.0,Yes
68627.0,70.0,Post-menopausal,213.0,117.0,No
68634.0,15.0,Pre-menopausal,172.0,98.0,No
68645.0,75.0,Post-menopausal,226.0,154.0,No
68646.0,45.0,Pre-menopausal,155.0,73.0,No
68648.0,30.0,Post-menopausal,192.0,106.0,No
68651.0,32.0,Pre-menopausal,213.0,135.0,No
68659.0,15.0,Pre-menopausal,158.0,95.0,No
68661.0,64.0,Post-menopausal,209.0,113.0,Yes
68675.0,73.0,Post-menopausal,178.0,81.0,No
68676.0,51.0,Pre-menopausal,192.0,108.0,No
68680.0,22.0,Pre-menopausal,147.0,80.0,No
68686.0,25.0,Pre-menopausal,169.0,109.0,No
68689.0,70.0,Post-menopausal,138.0,78.0,No
68699.0,18.0,Pre-menopausal,222.0,151.0,No
68701.0,27.0,Pre-menopausal,174.0,114.0,No
68714.0,55.0,Post-menopausal,207.0,120.0,No
68716.0,12.0,Pre-menopausal,160.0,87.0,No
68720.0,53.0,Post-menopausal,224.0,147.0,No
68721.0,39.0,Pre-menopausal,207.0,138.0,No
68724.0,27.0,Pre-menopausal,179.0,81.0,No
68749.0,21.0,Pre-menopausal,156.0,104.0,No
68750.0,16.0,Pre-menopausal,114.0,61.0,No
68753.0,43.0,Pre-menopausal,194.0,104.0,No
68762.0,34.0,Pre-menopausal,229.0,111.0,No
68767.0,68.0,Post-menopausal,198.0,129.0,No
68768.0,77.0,Post-menopausal,292.0,210.0,No
68769.0,56.0,Post-menopausal,230.0,163.0,No
68771.0,24.0,Pre-menopausal,202.0,144.0,No
68784.0,18.0,Pre-menopausal,148.0,81.0,No
68824.0,80.0,Post-menopausal,259.0,158.0,Yes
68830.0,39.0,Pre-menopausal,182.0,97.0,No
68837.0,35.0,Pre-menopausal,132.0,69.0,No
68845.0,75.0,Post-menopausal,254.0,173.0,No
68851.0,13.0,Pre-menopausal,179.0,85.0,No
68853.0,37.0,Pre-menopausal,187.0,103.0,No
68857.0,12.0,Pre-menopausal,143.0,74.0,No
68858.0,12.0,Pre-menopausal,161.0,87.0,No
68859.0,39.0,Post-menopausal,169.0,73.0,No
68864.0,57.0,Post-menopausal,274.0,172.0,No
68868.0,80.0,Post-menopausal,221.0,114.0,No
68873.0,24.0,Pre-menopausal,212.0,125.0,No
68876.0,78.0,Pre-menopausal,183.0,101.0,Yes
68884.0,54.0,Post-menopausal,241.0,145.0,No
68902.0,78.0,Post-menopausal,148.0,70.0,No
68908.0,59.0,Post-menopausal,201.0,107.0,No
68912.0,80.0,Post-menopausal,157.0,89.0,No
68914.0,52.0,Pre-menopausal,156.0,86.0,No
68919.0,37.0,Pre-menopausal,183.0,109.0,No
68920.0,48.0,Post-menopausal,282.0,176.0,No
68922.0,74.0,Post-menopausal,232.0,149.0,No
68942.0,14.0,Pre-menopausal,212.0,142.0,No
68944.0,79.0,Post-menopausal,174.0,99.0,No
68946.0,64.0,Post-menopausal,242.0,156.0,No
68947.0,65.0,Post-menopausal,179.0,111.0,No
68948.0,36.0,Post-menopausal,220.0,120.0,No
68952.0,80.0,Post-menopausal,268.0,152.0,Yes
68961.0,64.0,Post-menopausal,233.0,125.0,No
68966.0,63.0,Post-menopausal,191.0,112.0,No
68971.0,21.0,Pre-menopausal,137.0,70.0,No
68972.0,60.0,Post-menopausal,220.0,136.0,No
68979.0,36.0,Pre-menopausal,170.0,97.0,No
68981.0,80.0,Post-menopausal,189.0,103.0,No
68982.0,27.0,Post-menopausal,283.0,173.0,No
68985.0,16.0,Pre-menopausal,229.0,168.0,No
68986.0,18.0,Pre-menopausal,171.0,91.0,No
68993.0,34.0,Pre-menopausal,215.0,140.0,No
68998.0,43.0,Pre-menopausal,214.0,133.0,No
69005.0,77.0,Post-menopausal,207.0,116.0,No
69011.0,59.0,Post-menopausal,260.0,194.0,No
69019.0,44.0,Post-menopausal,157.0,97.0,Yes
69022.0,48.0,Post-menopausal,185.0,122.0,No
69047.0,61.0,Post-menopausal,207.0,121.0,No
69055.0,28.0,Pre-menopausal,202.0,97.0,No
69077.0,58.0,Pre-menopausal,187.0,106.0,No
69081.0,23.0,Pre-menopausal,160.0,84.0,No
69086.0,25.0,Pre-menopausal,160.0,78.0,No
69087.0,15.0,Pre-menopausal,95.0,51.0,No
69088.0,67.0,Post-menopausal,158.0,78.0,No
69114.0,37.0,Pre-menopausal,179.0,73.0,No
69159.0,22.0,Pre-menopausal,199.0,128.0,No
69164.0,80.0,Post-menopausal,191.0,105.0,No
69171.0,40.0,Post-menopausal,194.0,111.0,No
69176.0,57.0,Post-menopausal,171.0,109.0,No
69193.0,12.0,Pre-menopausal,150.0,86.0,No
69201.0,44.0,Pre-menopausal,200.0,95.0,No
69203.0,66.0,Post-menopausal,216.0,139.0,No
69204.0,16.0,Pre-menopausal,170.0,98.0,No
69205.0,47.0,Pre-menopausal,234.0,144.0,No
69217.0,16.0,Pre-menopausal,143.0,78.0,No
69220.0,21.0,Pre-menopausal,107.0,49.0,No
69227.0,62.0,Post-menopausal,184.0,100.0,No
69237.0,49.0,Pre-menopausal,192.0,113.0,No
69243.0,45.0,Pre-menopausal,153.0,83.0,No
69245.0,29.0,Pre-menopausal,186.0,115.0,No
69261.0,51.0,Post-menopausal,241.0,135.0,No
69274.0,21.0,Pre-menopausal,231.0,133.0,No
69278.0,78.0,Post-menopausal,233.0,165.0,No
69279.0,58.0,Post-menopausal,187.0,110.0,No
69285.0,26.0,Pre-menopausal,250.0,158.0,No
69288.0,69.0,Post-menopausal,214.0,108.0,No
69301.0,64.0,Post-menopausal,230.0,152.0,No
69302.0,14.0,Pre-menopausal,156.0,87.0,No
69310.0,18.0,Pre-menopausal,167.0,101.0,No
69311.0,16.0,Pre-menopausal,179.0,103.0,No
69316.0,17.0,Pre-menopausal,132.0,76.0,No
69320.0,58.0,Pre-menopausal,209.0,138.0,No
69325.0,36.0,Pre-menopausal,166.0,92.0,No
69329.0,50.0,Post-menopausal,210.0,123.0,No
69338.0,13.0,Pre-menopausal,154.0,79.0,No
69348.0,13.0,Pre-menopausal,166.0,91.0,No
69351.0,31.0,Pre-menopausal,213.0,107.0,No
69363.0,22.0,Pre-menopausal,170.0,108.0,No
69365.0,59.0,Pre-menopausal,185.0,99.0,No
69391.0,52.0,Post-menopausal,261.0,165.0,No
69402.0,59.0,Post-menopausal,214.0,136.0,No
69409.0,50.0,Pre-menopausal,198.0,105.0,No
69410.0,46.0,Post-menopausal,175.0,84.0,Yes
69413.0,50.0,Pre-menopausal,210.0,128.0,No
69422.0,37.0,Pre-menopausal,188.0,126.0,No
69428.0,42.0,Post-menopausal,173.0,96.0,No
69430.0,67.0,Pre-menopausal,241.0,169.0,No
69431.0,79.0,Post-menopausal,176.0,90.0,No
69434.0,43.0,Pre-menopausal,214.0,141.0,No
69450.0,39.0,Pre-menopausal,165.0,87.0,No
69452.0,56.0,Post-menopausal,160.0,86.0,No
69454.0,13.0,Pre-menopausal,159.0,100.0,No
69461.0,13.0,Pre-menopausal,159.0,79.0,No
69474.0,66.0,Post-menopausal,210.0,124.0,No
69486.0,67.0,Post-menopausal,145.0,79.0,No
69488.0,65.0,Post-menopausal,177.0,113.0,No
69491.0,67.0,Post-menopausal,133.0,66.0,No
69492.0,15.0,Pre-menopausal,150.0,100.0,No
69493.0,17.0,Pre-menopausal,165.0,106.0,No
69494.0,37.0,Pre-menopausal,179.0,104.0,No
69495.0,22.0,Pre-menopausal,153.0,94.0,No
69499.0,42.0,Pre-menopausal,212.0,141.0,No
69502.0,50.0,Post-menopausal,318.0,220.0,No
69511.0,65.0,Post-menopausal,106.0,35.0,No
69532.0,47.0,Pre-menopausal,162.0,102.0,No
69534.0,29.0,Pre-menopausal,173.0,92.0,No
69536.0,57.0,Post-menopausal,292.0,199.0,No
69542.0,40.0,Pre-menopausal,223.0,129.0,No
69545.0,17.0,Pre-menopausal,168.0,88.0,No
69551.0,12.0,Pre-menopausal,162.0,81.0,No
69553.0,70.0,Post-menopausal,134.0,65.0,No
69569.0,61.0,Post-menopausal,218.0,122.0,No
69574.0,48.0,Post-menopausal,211.0,129.0,No
69575.0,12.0,Pre-menopausal,144.0,77.0,No
69613.0,27.0,Pre-menopausal,193.0,88.0,No
69617.0,25.0,Pre-menopausal,201.0,138.0,No
69619.0,41.0,Pre-menopausal,207.0,134.0,No
69627.0,13.0,Pre-menopausal,167.0,104.0,No
69629.0,16.0,Post-menopausal,185.0,126.0,No
69634.0,14.0,Pre-menopausal,201.0,122.0,No
69637.0,58.0,Post-menopausal,262.0,170.0,No
69640.0,23.0,Pre-menopausal,197.0,142.0,No
69644.0,64.0,Post-menopausal,160.0,94.0,No
69645.0,71.0,Post-menopausal,220.0,123.0,No
69659.0,12.0,Pre-menopausal,145.0,69.0,No
69666.0,70.0,Post-menopausal,179.0,106.0,No
69667.0,63.0,Post-menopausal,230.0,132.0,No
69669.0,66.0,Post-menopausal,190.0,112.0,No
69685.0,17.0,Pre-menopausal,188.0,121.0,No
69687.0,47.0,Pre-menopausal,164.0,90.0,No
69697.0,22.0,Pre-menopausal,159.0,82.0,No
69700.0,27.0,Pre-menopausal,161.0,106.0,No
69710.0,28.0,Post-menopausal,158.0,96.0,No
69711.0,51.0,Pre-menopausal,208.0,129.0,No
69715.0,43.0,Pre-menopausal,122.0,57.0,No
69721.0,22.0,Pre-menopausal,166.0,107.0,No
69731.0,19.0,Pre-menopausal,125.0,61.0,No
69740.0,66.0,Post-menopausal,196.0,115.0,No
69747.0,34.0,Pre-menopausal,146.0,88.0,No
69753.0,63.0,Post-menopausal,166.0,93.0,Yes
69755.0,65.0,Post-menopausal,280.0,182.0,No
69764.0,22.0,Pre-menopausal,160.0,87.0,No
69770.0,24.0,Pre-menopausal,125.0,79.0,Yes
69777.0,60.0,Post-menopausal,206.0,119.0,No
69783.0,66.0,Post-menopausal,288.0,180.0,No
69789.0,53.0,Post-menopausal,307.0,192.0,No
69797.0,31.0,Pre-menopausal,230.0,117.0,No
69798.0,21.0,Pre-menopausal,152.0,80.0,No
69802.0,17.0,Pre-menopausal,230.0,141.0,No
69812.0,80.0,Post-menopausal,138.0,67.0,No
69813.0,30.0,Pre-menopausal,168.0,116.0,No
69815.0,70.0,Post-menopausal,137.0,55.0,No
69816.0,20.0,Pre-menopausal,185.0,128.0,No
69818.0,19.0,Pre-menopausal,145.0,91.0,No
69823.0,55.0,Post-menopausal,237.0,160.0,No
69828.0,18.0,Pre-menopausal,137.0,79.0,No
69831.0,80.0,Post-menopausal,205.0,91.0,No
69845.0,15.0,Pre-menopausal,143.0,70.0,No
69861.0,73.0,Pre-menopausal,199.0,114.0,No
69862.0,35.0,Pre-menopausal,178.0,85.0,No
69867.0,50.0,Post-menopausal,164.0,67.0,No
69869.0,36.0,Pre-menopausal,184.0,105.0,No
69875.0,45.0,Pre-menopausal,231.0,119.0,No
69880.0,34.0,Pre-menopausal,187.0,114.0,No
69882.0,14.0,Pre-menopausal,195.0,131.0,No
69883.0,14.0,Pre-menopausal,150.0,84.0,No
69885.0,42.0,Pre-menopausal,189.0,107.0,No
69887.0,23.0,Pre-menopausal,185.0,130.0,No
69899.0,33.0,Pre-menopausal,227.0,166.0,No
69909.0,15.0,Pre-menopausal,142.0,79.0,No
69911.0,80.0,Pre-menopausal,180.0,100.0,No
69916.0,22.0,Pre-menopausal,169.0,117.0,No
69917.0,33.0,Pre-menopausal,184.0,100.0,No
69925.0,80.0,Post-menopausal,190.0,110.0,No
69930.0,27.0,Pre-menopausal,201.0,93.0,No
69931.0,28.0,Pre-menopausal,166.0,82.0,No
69938.0,16.0,Pre-menopausal,176.0,101.0,No
69941.0,52.0,Pre-menopausal,144.0,78.0,No
69944.0,18.0,Pre-menopausal,133.0,66.0,No
69963.0,20.0,Pre-menopausal,146.0,68.0,No
69964.0,75.0,Post-menopausal,187.0,97.0,Yes
69970.0,13.0,Pre-menopausal,205.0,113.0,No
69973.0,55.0,Post-menopausal,265.0,182.0,Yes
69978.0,13.0,Pre-menopausal,156.0,97.0,No
69989.0,75.0,Post-menopausal,144.0,66.0,No
69990.0,23.0,Pre-menopausal,120.0,65.0,No
69991.0,56.0,Post-menopausal,212.0,133.0,No
69994.0,21.0,Pre-menopausal,181.0,106.0,No
69999.0,29.0,Pre-menopausal,194.0,131.0,No
70008.0,55.0,Post-menopausal,242.0,155.0,No
70016.0,72.0,Pre-menopausal,227.0,133.0,No
70017.0,14.0,Pre-menopausal,206.0,134.0,No
70033.0,53.0,Pre-menopausal,193.0,124.0,No
70047.0,19.0,Pre-menopausal,216.0,151.0,No
70052.0,28.0,Pre-menopausal,154.0,72.0,No
70059.0,74.0,Post-menopausal,236.0,137.0,No
70075.0,31.0,Pre-menopausal,148.0,79.0,No
70081.0,19.0,Pre-menopausal,148.0,83.0,No
70082.0,29.0,Pre-menopausal,170.0,77.0,No
70094.0,36.0,Pre-menopausal,367.0,234.0,No
70101.0,45.0,Pre-menopausal,195.0,124.0,No
70115.0,36.0,Pre-menopausal,185.0,116.0,No
70118.0,80.0,Post-menopausal,259.0,173.0,No
70122.0,37.0,Pre-menopausal,253.0,158.0,No
70123.0,45.0,Pre-menopausal,252.0,172.0,No
70127.0,26.0,Pre-menopausal,167.0,102.0,No
70143.0,40.0,Pre-menopausal,202.0,124.0,No
70151.0,80.0,Post-menopausal,275.0,186.0,Yes
70160.0,61.0,Post-menopausal,194.0,92.0,No
70163.0,53.0,Post-menopausal,222.0,143.0,No
70165.0,18.0,Pre-menopausal,147.0,84.0,No
70169.0,23.0,Pre-menopausal,124.0,73.0,No
70175.0,62.0,Post-menopausal,148.0,71.0,No
70176.0,23.0,Pre-menopausal,194.0,113.0,No
70191.0,52.0,Pre-menopausal,190.0,108.0,No
70192.0,22.0,Pre-menopausal,178.0,92.0,No
70204.0,20.0,Pre-menopausal,107.0,50.0,No
70206.0,34.0,Pre-menopausal,142.0,76.0,No
70212.0,40.0,Pre-menopausal,218.0,159.0,No
70215.0,80.0,Post-menopausal,191.0,118.0,No
70219.0,69.0,Post-menopausal,207.0,126.0,No
70220.0,31.0,Pre-menopausal,156.0,76.0,No
70224.0,19.0,Pre-menopausal,225.0,149.0,No
70227.0,46.0,Pre-menopausal,146.0,84.0,No
70231.0,37.0,Pre-menopausal,169.0,103.0,No
70232.0,18.0,Pre-menopausal,241.0,159.0,No
70233.0,12.0,Pre-menopausal,148.0,74.0,No
70238.0,25.0,Pre-menopausal,133.0,58.0,No
70248.0,67.0,Post-menopausal,259.0,172.0,No
70254.0,42.0,Post-menopausal,238.0,162.0,No
70255.0,38.0,Pre-menopausal,275.0,196.0,No
70264.0,23.0,Pre-menopausal,127.0,47.0,No
70265.0,46.0,Post-menopausal,163.0,75.0,No
70281.0,30.0,Pre-menopausal,187.0,89.0,No
70288.0,37.0,Pre-menopausal,174.0,119.0,No
70291.0,25.0,Pre-menopausal,246.0,182.0,No
70292.0,48.0,Pre-menopausal,218.0,130.0,No
70301.0,51.0,Pre-menopausal,107.0,9.0,No
70329.0,60.0,Post-menopausal,239.0,157.0,No
70333.0,20.0,Pre-menopausal,212.0,102.0,No
70335.0,53.0,Post-menopausal,185.0,79.0,No
70339.0,55.0,Post-menopausal,297.0,141.0,No
70349.0,80.0,Pre-menopausal,169.0,87.0,Yes
70351.0,80.0,Post-menopausal,291.0,184.0,No
70357.0,43.0,Pre-menopausal,180.0,115.0,No
70361.0,80.0,Post-menopausal,130.0,64.0,Yes
70387.0,60.0,Post-menopausal,225.0,142.0,No
70389.0,56.0,Post-menopausal,138.0,62.0,No
70398.0,57.0,Post-menopausal,200.0,108.0,No
70405.0,61.0,Post-menopausal,247.0,166.0,No
70415.0,80.0,Post-menopausal,210.0,130.0,No
70421.0,51.0,Pre-menopausal,211.0,138.0,No
70427.0,36.0,Pre-menopausal,179.0,87.0,No
70430.0,37.0,Pre-menopausal,186.0,108.0,No
70439.0,24.0,Pre-menopausal,132.0,56.0,No
70443.0,52.0,Pre-menopausal,139.0,93.0,No
70445.0,71.0,Post-menopausal,270.0,171.0,No
70464.0,60.0,Post-menopausal,251.0,167.0,No
70470.0,43.0,Pre-menopausal,335.0,248.0,No
70473.0,50.0,Pre-menopausal,262.0,169.0,No
70478.0,34.0,Pre-menopausal,198.0,118.0,No
70484.0,19.0,Pre-menopausal,121.0,57.0,No
70498.0,63.0,Post-menopausal,204.0,129.0,No
70514.0,22.0,Pre-menopausal,150.0,93.0,No
70534.0,48.0,Pre-menopausal,186.0,112.0,No
70543.0,78.0,Post-menopausal,156.0,73.0,Yes
70547.0,39.0,Pre-menopausal,158.0,74.0,No
70565.0,76.0,Post-menopausal,253.0,147.0,No
70566.0,31.0,Pre-menopausal,179.0,93.0,No
70575.0,69.0,Post-menopausal,224.0,150.0,No
70587.0,50.0,Pre-menopausal,181.0,118.0,No
70590.0,51.0,Post-menopausal,247.0,110.0,No
70595.0,60.0,Pre-menopausal,166.0,80.0,No
70596.0,33.0,Post-menopausal,199.0,130.0,No
70597.0,49.0,Pre-menopausal,285.0,210.0,No
70611.0,12.0,Pre-menopausal,168.0,107.0,No
70627.0,52.0,Pre-menopausal,242.0,148.0,No
70635.0,68.0,Post-menopausal,181.0,93.0,No
70639.0,34.0,Pre-menopausal,255.0,171.0,No
70661.0,65.0,Post-menopausal,215.0,138.0,No
70663.0,29.0,Pre-menopausal,169.0,73.0,No
70664.0,70.0,Post-menopausal,142.0,79.0,No
70670.0,56.0,Post-menopausal,212.0,136.0,No
70676.0,75.0,Post-menopausal,185.0,115.0,Yes
70682.0,22.0,Pre-menopausal,166.0,102.0,No
70686.0,48.0,Post-menopausal,178.0,103.0,No
70704.0,35.0,Pre-menopausal,180.0,115.0,No
70710.0,57.0,Post-menopausal,215.0,145.0,No
70711.0,12.0,Pre-menopausal,175.0,101.0,No
70716.0,43.0,Pre-menopausal,161.0,56.0,No
70721.0,79.0,Post-menopausal,194.0,103.0,No
70725.0,60.0,Post-menopausal,204.0,125.0,No
70727.0,44.0,Pre-menopausal,203.0,118.0,No
70741.0,21.0,Pre-menopausal,168.0,99.0,No
70748.0,32.0,Pre-menopausal,138.0,45.0,No
70774.0,49.0,Pre-menopausal,172.0,118.0,No
70785.0,41.0,Pre-menopausal,125.0,62.0,No
70804.0,53.0,Pre-menopausal,190.0,120.0,No
70806.0,42.0,Post-menopausal,202.0,130.0,No
70807.0,22.0,Pre-menopausal,139.0,74.0,No
70832.0,31.0,Pre-menopausal,142.0,73.0,No
70833.0,35.0,Pre-menopausal,186.0,107.0,No
70845.0,21.0,Pre-menopausal,213.0,97.0,No
70850.0,28.0,Pre-menopausal,220.0,147.0,No
70860.0,44.0,Pre-menopausal,221.0,156.0,No
70861.0,16.0,Pre-menopausal,156.0,85.0,No
70863.0,77.0,Post-menopausal,195.0,117.0,No
70866.0,16.0,Pre-menopausal,150.0,40.0,No
70890.0,59.0,Post-menopausal,202.0,113.0,No
70916.0,78.0,Post-menopausal,229.0,137.0,No
70920.0,46.0,Pre-menopausal,210.0,127.0,No
70929.0,29.0,Pre-menopausal,163.0,98.0,No
70932.0,43.0,Pre-menopausal,149.0,66.0,No
70933.0,46.0,Pre-menopausal,215.0,126.0,No
70935.0,46.0,Post-menopausal,198.0,118.0,No
70942.0,16.0,Pre-menopausal,183.0,109.0,No
70948.0,19.0,Pre-menopausal,145.0,78.0,No
70949.0,68.0,Post-menopausal,199.0,97.0,No
70959.0,55.0,Pre-menopausal,232.0,153.0,No
70961.0,74.0,Post-menopausal,235.0,132.0,No
70975.0,22.0,Pre-menopausal,204.0,133.0,Yes
70987.0,22.0,Pre-menopausal,196.0,109.0,No
70991.0,80.0,Post-menopausal,218.0,148.0,No
70995.0,34.0,Pre-menopausal,120.0,69.0,No
70999.0,50.0,Post-menopausal,203.0,112.0,No
71005.0,64.0,Post-menopausal,203.0,115.0,No
71014.0,16.0,Pre-menopausal,139.0,75.0,No
71030.0,13.0,Pre-menopausal,203.0,105.0,No
71032.0,12.0,Pre-menopausal,182.0,91.0,No
71037.0,52.0,Pre-menopausal,255.0,141.0,No
71048.0,52.0,Pre-menopausal,168.0,91.0,No
71060.0,31.0,Pre-menopausal,230.0,163.0,No
71064.0,26.0,Pre-menopausal,185.0,116.0,No
71065.0,51.0,Pre-menopausal,162.0,95.0,No
71066.0,71.0,Post-menopausal,222.0,131.0,No
71069.0,62.0,Post-menopausal,208.0,106.0,No
71071.0,36.0,Pre-menopausal,281.0,201.0,No
71072.0,50.0,Post-menopausal,171.0,102.0,No
71076.0,63.0,Post-menopausal,206.0,112.0,No
71087.0,65.0,Post-menopausal,241.0,142.0,No
71088.0,13.0,Pre-menopausal,154.0,74.0,No
71089.0,32.0,Pre-menopausal,175.0,118.0,No
71091.0,39.0,Pre-menopausal,224.0,150.0,No
71096.0,13.0,Pre-menopausal,161.0,87.0,No
71103.0,57.0,Post-menopausal,171.0,98.0,No
71107.0,34.0,Pre-menopausal,150.0,84.0,No
71108.0,20.0,Pre-menopausal,157.0,84.0,No
71111.0,75.0,Post-menopausal,138.0,69.0,Yes
71114.0,20.0,Pre-menopausal,251.0,159.0,No
71115.0,12.0,Pre-menopausal,195.0,127.0,No
71117.0,32.0,Pre-menopausal,140.0,84.0,No
71132.0,68.0,Pre-menopausal,259.0,159.0,No
71133.0,36.0,Pre-menopausal,189.0,97.0,No
71141.0,78.0,Post-menopausal,223.0,112.0,No
71144.0,30.0,Pre-menopausal,151.0,68.0,Yes
71157.0,26.0,Pre-menopausal,204.0,116.0,No
71159.0,37.0,Post-menopausal,246.0,148.0,No
71167.0,19.0,Pre-menopausal,134.0,82.0,No
71172.0,42.0,Pre-menopausal,169.0,106.0,No
71204.0,27.0,Post-menopausal,207.0,133.0,No
71205.0,12.0,Pre-menopausal,155.0,81.0,No
71213.0,38.0,Pre-menopausal,141.0,69.0,No
71222.0,55.0,Post-menopausal,214.0,125.0,No
71234.0,47.0,Post-menopausal,204.0,116.0,No
71237.0,43.0,Pre-menopausal,213.0,140.0,No
71238.0,53.0,Pre-menopausal,218.0,132.0,No
71244.0,64.0,Post-menopausal,181.0,97.0,Yes
71258.0,19.0,Pre-menopausal,156.0,93.0,No
71259.0,23.0,Pre-menopausal,225.0,145.0,No
71260.0,14.0,Pre-menopausal,204.0,110.0,No
71267.0,41.0,Pre-menopausal,168.0,93.0,No
71270.0,15.0,Pre-menopausal,156.0,78.0,No
71275.0,12.0,Pre-menopausal,150.0,82.0,No
71284.0,64.0,Post-menopausal,132.0,68.0,No
71302.0,56.0,Post-menopausal,134.0,62.0,Yes
71306.0,52.0,Post-menopausal,257.0,179.0,No
71308.0,69.0,Post-menopausal,174.0,96.0,No
71310.0,67.0,Post-menopausal,149.0,73.0,No
71321.0,54.0,Post-menopausal,241.0,166.0,No
71328.0,54.0,Post-menopausal,241.0,152.0,Yes
71340.0,36.0,Post-menopausal,177.0,112.0,No
71353.0,76.0,Post-menopausal,173.0,94.0,No
71360.0,25.0,Pre-menopausal,169.0,100.0,No
71363.0,30.0,Pre-menopausal,176.0,98.0,No
71371.0,63.0,Post-menopausal,231.0,144.0,No
71379.0,60.0,Post-menopausal,295.0,197.0,No
71382.0,80.0,Pre-menopausal,259.0,166.0,Yes
71419.0,37.0,Pre-menopausal,136.0,71.0,No
71420.0,54.0,Pre-menopausal,180.0,99.0,No
71422.0,37.0,Pre-menopausal,150.0,69.0,No
71430.0,65.0,Post-menopausal,262.0,159.0,No
71432.0,13.0,Pre-menopausal,129.0,57.0,No
71438.0,70.0,Post-menopausal,229.0,124.0,Yes
71450.0,34.0,Pre-menopausal,163.0,88.0,No
71460.0,47.0,Post-menopausal,161.0,93.0,No
71470.0,80.0,Post-menopausal,173.0,93.0,Yes
71473.0,38.0,Pre-menopausal,228.0,146.0,No
71475.0,12.0,Pre-menopausal,153.0,96.0,No
71476.0,49.0,Post-menopausal,325.0,234.0,No
71477.0,80.0,Post-menopausal,192.0,109.0,No
71479.0,15.0,Pre-menopausal,185.0,105.0,No
71483.0,80.0,Post-menopausal,237.0,123.0,No
71497.0,71.0,Post-menopausal,194.0,124.0,Yes
71504.0,16.0,Pre-menopausal,139.0,63.0,No
71509.0,60.0,Post-menopausal,239.0,147.0,No
71522.0,63.0,Post-menopausal,279.0,196.0,Yes
71527.0,54.0,Post-menopausal,188.0,118.0,No
71528.0,30.0,Pre-menopausal,170.0,83.0,No
71533.0,38.0,Pre-menopausal,224.0,143.0,No
71536.0,44.0,Pre-menopausal,304.0,173.0,No
71542.0,67.0,Post-menopausal,118.0,53.0,Yes
71548.0,13.0,Pre-menopausal,133.0,66.0,No
71559.0,51.0,Post-menopausal,123.0,48.0,No
71561.0,40.0,Pre-menopausal,200.0,115.0,No
71580.0,50.0,Pre-menopausal,256.0,180.0,No
71584.0,58.0,Post-menopausal,177.0,94.0,No
71588.0,12.0,Pre-menopausal,172.0,111.0,No
71597.0,13.0,Pre-menopausal,184.0,108.0,No
71605.0,38.0,Pre-menopausal,172.0,96.0,No
71611.0,15.0,Pre-menopausal,218.0,137.0,No
71621.0,12.0,Pre-menopausal,135.0,70.0,No
71633.0,64.0,Post-menopausal,208.0,120.0,No
71634.0,21.0,Pre-menopausal,163.0,98.0,No
71640.0,51.0,Pre-menopausal,143.0,71.0,No
71644.0,80.0,Post-menopausal,242.0,150.0,Yes
71654.0,17.0,Pre-menopausal,139.0,53.0,No
71657.0,49.0,Pre-menopausal,216.0,126.0,No
71660.0,35.0,Pre-menopausal,147.0,78.0,No
71668.0,12.0,Pre-menopausal,180.0,101.0,No
71675.0,73.0,Post-menopausal,157.0,87.0,No
71687.0,13.0,Pre-menopausal,230.0,152.0,No
71691.0,76.0,Post-menopausal,191.0,94.0,Yes
71698.0,46.0,Pre-menopausal,199.0,112.0,No
71701.0,17.0,Pre-menopausal,162.0,87.0,No
71702.0,70.0,Post-menopausal,233.0,128.0,No
71706.0,30.0,Pre-menopausal,175.0,82.0,No
71722.0,48.0,Pre-menopausal,195.0,124.0,No
71730.0,40.0,Pre-menopausal,199.0,125.0,No
71740.0,20.0,Pre-menopausal,176.0,104.0,No
71745.0,21.0,Pre-menopausal,185.0,97.0,No
71746.0,18.0,Pre-menopausal,156.0,70.0,No
71748.0,36.0,Pre-menopausal,248.0,176.0,No
71750.0,80.0,Post-menopausal,204.0,109.0,No
71751.0,42.0,Pre-menopausal,162.0,60.0,No
71758.0,24.0,Pre-menopausal,187.0,116.0,No
71777.0,77.0,Post-menopausal,135.0,59.0,No
71781.0,52.0,Post-menopausal,129.0,71.0,Yes
71784.0,24.0,Pre-menopausal,193.0,127.0,No
71787.0,50.0,Post-menopausal,171.0,69.0,No
71789.0,50.0,Pre-menopausal,228.0,136.0,No
71803.0,52.0,Post-menopausal,200.0,130.0,No
71806.0,12.0,Pre-menopausal,217.0,122.0,No
71822.0,19.0,Pre-menopausal,128.0,70.0,No
71825.0,53.0,Post-menopausal,213.0,115.0,No
71826.0,77.0,Post-menopausal,186.0,107.0,No
71828.0,49.0,Post-menopausal,201.0,135.0,No
71830.0,34.0,Pre-menopausal,179.0,103.0,No
71832.0,49.0,Post-menopausal,164.0,84.0,No
71835.0,17.0,Pre-menopausal,136.0,84.0,No
71839.0,57.0,Post-menopausal,181.0,75.0,No
71849.0,56.0,Post-menopausal,227.0,146.0,No
71856.0,32.0,Pre-menopausal,157.0,79.0,No
71867.0,26.0,Pre-menopausal,168.0,101.0,No
71887.0,68.0,Post-menopausal,218.0,143.0,No
71891.0,54.0,Pre-menopausal,241.0,147.0,No
71898.0,65.0,Post-menopausal,162.0,80.0,No
71901.0,48.0,Post-menopausal,187.0,109.0,No
71904.0,30.0,Pre-menopausal,210.0,102.0,No
73561.0,73.0,Post-menopausal,201.0,101.0,No
73564.0,61.0,Post-menopausal,168.0,97.0,No
73568.0,26.0,Pre-menopausal,168.0,67.0,No
73574.0,33.0,Pre-menopausal,131.0,75.0,No
73580.0,38.0,Pre-menopausal,225.0,159.0,No
73596.0,57.0,Post-menopausal,151.0,78.0,No
73618.0,54.0,Post-menopausal,238.0,151.0,No
73619.0,36.0,Pre-menopausal,162.0,92.0,No
73633.0,43.0,Post-menopausal,195.0,142.0,No
73638.0,63.0,Post-menopausal,140.0,71.0,Yes
73640.0,67.0,Post-menopausal,165.0,94.0,No
73641.0,64.0,Pre-menopausal,191.0,85.0,No
73642.0,57.0,Post-menopausal,271.0,183.0,No
73647.0,61.0,Post-menopausal,127.0,67.0,Yes
73657.0,19.0,Pre-menopausal,176.0,124.0,No
73659.0,70.0,Post-menopausal,241.0,162.0,No
73668.0,30.0,Pre-menopausal,160.0,93.0,No
73674.0,45.0,Pre-menopausal,184.0,105.0,No
73677.0,61.0,Post-menopausal,174.0,83.0,Yes
73690.0,77.0,Post-menopausal,255.0,147.0,No
73694.0,66.0,Post-menopausal,191.0,84.0,No
73697.0,57.0,Post-menopausal,198.0,132.0,No
73702.0,48.0,Pre-menopausal,179.0,109.0,Yes
73714.0,29.0,Pre-menopausal,213.0,130.0,No
73739.0,46.0,Pre-menopausal,172.0,103.0,No
73747.0,80.0,Post-menopausal,234.0,164.0,No
73757.0,29.0,Pre-menopausal,187.0,118.0,No
73758.0,15.0,Pre-menopausal,175.0,118.0,No
73763.0,31.0,Pre-menopausal,187.0,115.0,No
73767.0,35.0,Pre-menopausal,200.0,130.0,No
73772.0,21.0,Pre-menopausal,188.0,113.0,No
73773.0,39.0,Pre-menopausal,199.0,121.0,No
73775.0,14.0,Pre-menopausal,131.0,68.0,No
73781.0,48.0,Pre-menopausal,183.0,107.0,No
73801.0,46.0,Pre-menopausal,243.0,139.0,No
73805.0,30.0,Pre-menopausal,190.0,112.0,No
73807.0,50.0,Post-menopausal,152.0,79.0,No
73813.0,34.0,Pre-menopausal,203.0,148.0,No
73815.0,72.0,Post-menopausal,203.0,119.0,Yes
73826.0,14.0,Pre-menopausal,121.0,57.0,No
73844.0,12.0,Pre-menopausal,121.0,76.0,No
73845.0,70.0,Post-menopausal,175.0,95.0,No
73848.0,65.0,Post-menopausal,183.0,99.0,No
73849.0,16.0,Pre-menopausal,175.0,117.0,No
73852.0,40.0,Post-menopausal,176.0,104.0,No
73862.0,61.0,Post-menopausal,163.0,84.0,Yes
73866.0,47.0,Pre-menopausal,202.0,101.0,No
73872.0,63.0,Post-menopausal,175.0,95.0,No
73880.0,50.0,Post-menopausal,157.0,84.0,No
73915.0,14.0,Pre-menopausal,176.0,121.0,No
73924.0,39.0,Pre-menopausal,185.0,111.0,No
73930.0,70.0,Post-menopausal,199.0,82.0,Yes
73931.0,37.0,Pre-menopausal,154.0,95.0,No
73937.0,41.0,Pre-menopausal,211.0,131.0,No
73938.0,53.0,Post-menopausal,219.0,152.0,No
73953.0,13.0,Pre-menopausal,180.0,117.0,No
73975.0,64.0,Post-menopausal,161.0,105.0,No
73979.0,61.0,Post-menopausal,224.0,105.0,No
73981.0,36.0,Pre-menopausal,193.0,112.0,No
73995.0,40.0,Pre-menopausal,154.0,77.0,No
73998.0,32.0,Post-menopausal,134.0,75.0,No
74006.0,34.0,Pre-menopausal,135.0,81.0,No
74007.0,71.0,Post-menopausal,249.0,128.0,No
74019.0,17.0,Pre-menopausal,180.0,104.0,No
74031.0,19.0,Pre-menopausal,168.0,94.0,No
74046.0,41.0,Pre-menopausal,184.0,109.0,No
74047.0,40.0,Pre-menopausal,186.0,132.0,No
74054.0,40.0,Pre-menopausal,131.0,70.0,No
74057.0,63.0,Post-menopausal,200.0,138.0,No
74058.0,60.0,Post-menopausal,209.0,135.0,No
74065.0,71.0,Post-menopausal,266.0,164.0,No
74070.0,59.0,Post-menopausal,301.0,221.0,No
74085.0,80.0,Post-menopausal,195.0,105.0,Yes
74097.0,40.0,Pre-menopausal,181.0,112.0,No
74112.0,28.0,Pre-menopausal,171.0,100.0,No
74118.0,35.0,Pre-menopausal,184.0,120.0,No
74119.0,32.0,Pre-menopausal,212.0,110.0,No
74122.0,71.0,Post-menopausal,218.0,125.0,No
74123.0,21.0,Pre-menopausal,218.0,137.0,No
74124.0,28.0,Pre-menopausal,158.0,66.0,No
74127.0,33.0,Pre-menopausal,170.0,104.0,No
74128.0,71.0,Post-menopausal,143.0,47.0,No
74131.0,24.0,Pre-menopausal,164.0,95.0,No
74134.0,51.0,Pre-menopausal,220.0,129.0,Yes
74141.0,71.0,Post-menopausal,130.0,38.0,No
74147.0,79.0,Post-menopausal,200.0,122.0,No
74150.0,20.0,Pre-menopausal,137.0,69.0,No
74152.0,74.0,Post-menopausal,182.0,96.0,No
74154.0,52.0,Pre-menopausal,230.0,143.0,No
74158.0,19.0,Pre-menopausal,236.0,161.0,No
74160.0,66.0,Post-menopausal,170.0,87.0,No
74173.0,43.0,Pre-menopausal,196.0,104.0,No
74176.0,51.0,Pre-menopausal,227.0,122.0,No
74180.0,63.0,Post-menopausal,252.0,188.0,No
74184.0,55.0,Pre-menopausal,232.0,155.0,No
74186.0,29.0,Pre-menopausal,140.0,65.0,No
74187.0,23.0,Pre-menopausal,166.0,96.0,No
74190.0,56.0,Post-menopausal,210.0,122.0,No
74191.0,39.0,Pre-menopausal,180.0,117.0,No
74193.0,66.0,Pre-menopausal,196.0,105.0,No
74195.0,26.0,Post-menopausal,141.0,95.0,No
74196.0,36.0,Post-menopausal,191.0,120.0,No
74207.0,32.0,Pre-menopausal,232.0,141.0,No
74214.0,47.0,Pre-menopausal,226.0,147.0,No
74225.0,67.0,Post-menopausal,188.0,127.0,No
74226.0,20.0,Pre-menopausal,180.0,77.0,No
74233.0,19.0,Pre-menopausal,160.0,85.0,No
74237.0,51.0,Pre-menopausal,139.0,68.0,No
74239.0,35.0,Pre-menopausal,254.0,139.0,No
74249.0,16.0,Pre-menopausal,161.0,85.0,No
74252.0,18.0,Pre-menopausal,154.0,91.0,No
74264.0,46.0,Post-menopausal,262.0,181.0,No
74265.0,36.0,Pre-menopausal,184.0,91.0,No
74268.0,62.0,Post-menopausal,188.0,92.0,No
74270.0,51.0,Post-menopausal,219.0,133.0,No
74275.0,29.0,Pre-menopausal,148.0,67.0,No
74276.0,62.0,Post-menopausal,185.0,111.0,No
74283.0,49.0,Post-menopausal,221.0,175.0,No
74288.0,15.0,Pre-menopausal,227.0,161.0,No
74292.0,63.0,Post-menopausal,194.0,111.0,No
74293.0,27.0,Pre-menopausal,203.0,111.0,No
74298.0,80.0,Post-menopausal,167.0,109.0,No
74301.0,50.0,Post-menopausal,205.0,129.0,No
74310.0,60.0,Post-menopausal,172.0,81.0,Yes
74313.0,80.0,Post-menopausal,246.0,147.0,No
74319.0,68.0,Post-menopausal,160.0,70.0,No
74324.0,79.0,Post-menopausal,205.0,125.0,No
74332.0,18.0,Pre-menopausal,218.0,150.0,No
74348.0,45.0,Pre-menopausal,157.0,87.0,No
74349.0,57.0,Post-menopausal,235.0,156.0,No
74358.0,13.0,Pre-menopausal,147.0,62.0,No
74374.0,70.0,Post-menopausal,137.0,61.0,No
74381.0,25.0,Pre-menopausal,171.0,86.0,No
74394.0,51.0,Pre-menopausal,180.0,122.0,No
74396.0,29.0,Pre-menopausal,157.0,80.0,No
74401.0,19.0,Pre-menopausal,174.0,108.0,No
74402.0,49.0,Post-menopausal,248.0,154.0,Yes
74413.0,80.0,Pre-menopausal,190.0,113.0,No
74415.0,17.0,Pre-menopausal,157.0,97.0,No
74417.0,56.0,Pre-menopausal,207.0,114.0,No
74440.0,31.0,Pre-menopausal,170.0,96.0,No
74441.0,38.0,Pre-menopausal,123.0,47.0,No
74446.0,64.0,Post-menopausal,183.0,112.0,No
74459.0,61.0,Post-menopausal,188.0,107.0,No
74471.0,16.0,Pre-menopausal,242.0,168.0,No
74476.0,68.0,Post-menopausal,211.0,127.0,No
74480.0,18.0,Pre-menopausal,167.0,97.0,No
74503.0,47.0,Post-menopausal,166.0,87.0,No
74509.0,48.0,Post-menopausal,252.0,160.0,No
74521.0,21.0,Pre-menopausal,193.0,129.0,No
74523.0,61.0,Post-menopausal,209.0,134.0,No
74530.0,45.0,Post-menopausal,195.0,142.0,No
74537.0,23.0,Pre-menopausal,133.0,78.0,No
74548.0,63.0,Post-menopausal,187.0,114.0,No
74551.0,32.0,Pre-menopausal,168.0,85.0,No
74552.0,44.0,Pre-menopausal,184.0,127.0,No
74557.0,28.0,Pre-menopausal,153.0,90.0,No
74559.0,19.0,Pre-menopausal,158.0,86.0,No
74563.0,40.0,Post-menopausal,227.0,155.0,No
74566.0,55.0,Post-menopausal,271.0,160.0,No
74570.0,63.0,Post-menopausal,170.0,92.0,No
74583.0,60.0,Post-menopausal,135.0,68.0,Yes
74588.0,74.0,Post-menopausal,150.0,43.0,No
74596.0,45.0,Pre-menopausal,171.0,99.0,Yes
74602.0,18.0,Pre-menopausal,153.0,93.0,No
74609.0,46.0,Pre-menopausal,177.0,117.0,No
74613.0,35.0,Pre-menopausal,154.0,98.0,No
74614.0,12.0,Pre-menopausal,158.0,89.0,No
74624.0,37.0,Pre-menopausal,186.0,115.0,No
74652.0,40.0,Pre-menopausal,233.0,134.0,No
74653.0,29.0,Pre-menopausal,150.0,76.0,No
74658.0,12.0,Pre-menopausal,134.0,54.0,No
74668.0,80.0,Post-menopausal,164.0,102.0,Yes
74669.0,80.0,Post-menopausal,208.0,139.0,Yes
74670.0,80.0,Post-menopausal,220.0,130.0,No
74673.0,21.0,Pre-menopausal,142.0,60.0,No
74683.0,56.0,Post-menopausal,251.0,162.0,No
74691.0,12.0,Pre-menopausal,149.0,67.0,No
74693.0,37.0,Pre-menopausal,177.0,110.0,No
74704.0,54.0,Pre-menopausal,230.0,138.0,No
74719.0,36.0,Pre-menopausal,166.0,83.0,No
74721.0,53.0,Pre-menopausal,234.0,135.0,No
74731.0,27.0,Pre-menopausal,164.0,110.0,No
74732.0,64.0,Post-menopausal,258.0,183.0,No
74734.0,57.0,Post-menopausal,230.0,155.0,No
74742.0,73.0,Post-menopausal,193.0,111.0,No
74747.0,64.0,Post-menopausal,239.0,147.0,No
74751.0,53.0,Pre-menopausal,195.0,104.0,No
74766.0,21.0,Pre-menopausal,198.0,124.0,No
74772.0,62.0,Post-menopausal,198.0,117.0,No
74779.0,78.0,Post-menopausal,211.0,123.0,No
74782.0,59.0,Post-menopausal,215.0,135.0,No
74784.0,39.0,Pre-menopausal,270.0,156.0,No
74785.0,12.0,Pre-menopausal,160.0,90.0,No
74786.0,17.0,Pre-menopausal,186.0,122.0,No
74787.0,45.0,Pre-menopausal,200.0,101.0,No
74789.0,12.0,Pre-menopausal,145.0,75.0,No
74790.0,80.0,Pre-menopausal,253.0,154.0,No
74795.0,12.0,Pre-menopausal,111.0,39.0,No
74797.0,59.0,Post-menopausal,190.0,108.0,No
74804.0,51.0,Post-menopausal,257.0,165.0,No
74843.0,38.0,Pre-menopausal,207.0,109.0,Yes
74852.0,12.0,Pre-menopausal,109.0,54.0,No
74854.0,18.0,Pre-menopausal,171.0,116.0,No
74862.0,48.0,Pre-menopausal,261.0,179.0,Yes
74883.0,24.0,Pre-menopausal,181.0,117.0,No
74885.0,57.0,Post-menopausal,232.0,135.0,No
74886.0,18.0,Pre-menopausal,173.0,91.0,No
74893.0,70.0,Post-menopausal,278.0,185.0,No
74895.0,15.0,Pre-menopausal,206.0,131.0,No
74907.0,48.0,Pre-menopausal,212.0,135.0,No
74910.0,19.0,Pre-menopausal,173.0,113.0,No
74918.0,49.0,Pre-menopausal,188.0,103.0,No
74929.0,66.0,Post-menopausal,180.0,62.0,No
74938.0,52.0,Pre-menopausal,202.0,113.0,No
74942.0,44.0,Pre-menopausal,167.0,92.0,No
74945.0,36.0,Pre-menopausal,182.0,106.0,No
74948.0,33.0,Pre-menopausal,171.0,106.0,No
74954.0,48.0,Post-menopausal,210.0,121.0,No
74955.0,14.0,Pre-menopausal,200.0,125.0,No
74971.0,47.0,Pre-menopausal,257.0,161.0,No
74977.0,20.0,Pre-menopausal,160.0,95.0,No
74983.0,63.0,Post-menopausal,212.0,130.0,No
74985.0,66.0,Post-menopausal,179.0,102.0,No
74986.0,17.0,Pre-menopausal,112.0,54.0,No
74992.0,14.0,Pre-menopausal,104.0,51.0,No
74998.0,38.0,Post-menopausal,183.0,127.0,No
75003.0,51.0,Pre-menopausal,227.0,148.0,No
75004.0,52.0,Post-menopausal,214.0,120.0,No
75010.0,80.0,Post-menopausal,306.0,206.0,No
75011.0,69.0,Post-menopausal,163.0,81.0,No
75041.0,15.0,Pre-menopausal,193.0,111.0,No
75042.0,54.0,Post-menopausal,211.0,83.0,Yes
75043.0,17.0,Pre-menopausal,174.0,99.0,No
75045.0,13.0,Pre-menopausal,120.0,61.0,No
75057.0,55.0,Post-menopausal,289.0,210.0,No
75058.0,66.0,Post-menopausal,177.0,105.0,No
75066.0,44.0,Post-menopausal,163.0,72.0,No
75070.0,74.0,Post-menopausal,201.0,115.0,Yes
75079.0,14.0,Pre-menopausal,216.0,113.0,No
75090.0,76.0,Pre-menopausal,165.0,73.0,No
75104.0,26.0,Pre-menopausal,239.0,133.0,No
75118.0,64.0,Post-menopausal,259.0,172.0,No
75134.0,33.0,Post-menopausal,151.0,85.0,No
75141.0,16.0,Pre-menopausal,103.0,47.0,No
75143.0,15.0,Pre-menopausal,175.0,65.0,No
75149.0,39.0,Pre-menopausal,156.0,83.0,No
75178.0,19.0,Pre-menopausal,178.0,96.0,No
75179.0,64.0,Post-menopausal,312.0,194.0,No
75187.0,40.0,Pre-menopausal,174.0,92.0,No
75188.0,35.0,Pre-menopausal,163.0,107.0,No
75193.0,57.0,Post-menopausal,252.0,171.0,No
75196.0,64.0,Post-menopausal,245.0,130.0,No
75220.0,39.0,Pre-menopausal,142.0,84.0,No
75222.0,65.0,Post-menopausal,176.0,101.0,No
75223.0,69.0,Post-menopausal,209.0,130.0,No
75224.0,27.0,Pre-menopausal,193.0,113.0,No
75227.0,18.0,Pre-menopausal,123.0,64.0,No
75236.0,29.0,Pre-menopausal,235.0,135.0,No
75244.0,63.0,Post-menopausal,159.0,68.0,Yes
75249.0,23.0,Post-menopausal,143.0,68.0,No
75259.0,80.0,Post-menopausal,201.0,131.0,No
75265.0,16.0,Pre-menopausal,113.0,54.0,No
75279.0,68.0,Post-menopausal,192.0,116.0,Yes
75289.0,42.0,Pre-menopausal,164.0,98.0,No
75295.0,72.0,Pre-menopausal,153.0,79.0,No
75302.0,25.0,Pre-menopausal,152.0,95.0,No
75320.0,14.0,Pre-menopausal,176.0,94.0,No
75324.0,80.0,Post-menopausal,200.0,121.0,No
75329.0,43.0,Pre-menopausal,214.0,130.0,No
75332.0,28.0,Pre-menopausal,175.0,118.0,No
75350.0,80.0,Post-menopausal,173.0,73.0,Yes
75351.0,29.0,Pre-menopausal,157.0,74.0,No
75359.0,51.0,Post-menopausal,164.0,78.0,Yes
75381.0,69.0,Post-menopausal,215.0,128.0,No
75385.0,46.0,Post-menopausal,205.0,127.0,No
75389.0,43.0,Pre-menopausal,204.0,141.0,No
75391.0,31.0,Pre-menopausal,206.0,130.0,No
75393.0,30.0,Pre-menopausal,166.0,91.0,No
75397.0,62.0,Post-menopausal,209.0,112.0,Yes
75403.0,27.0,Pre-menopausal,134.0,84.0,No
75405.0,19.0,Pre-menopausal,135.0,68.0,No
75407.0,23.0,Pre-menopausal,151.0,81.0,No
75410.0,17.0,Pre-menopausal,143.0,90.0,No
75413.0,18.0,Pre-menopausal,179.0,103.0,No
75428.0,44.0,Pre-menopausal,170.0,97.0,No
75435.0,63.0,Post-menopausal,195.0,92.0,No
75447.0,33.0,Pre-menopausal,138.0,70.0,No
75449.0,71.0,Post-menopausal,193.0,124.0,No
75462.0,51.0,Post-menopausal,203.0,145.0,No
75467.0,39.0,Pre-menopausal,237.0,163.0,No
75472.0,61.0,Post-menopausal,211.0,124.0,No
75476.0,25.0,Pre-menopausal,140.0,80.0,No
75498.0,69.0,Post-menopausal,173.0,106.0,No
75500.0,75.0,Post-menopausal,240.0,145.0,No
75506.0,25.0,Pre-menopausal,115.0,56.0,No
75513.0,15.0,Pre-menopausal,122.0,66.0,No
75518.0,17.0,Pre-menopausal,176.0,98.0,No
75519.0,44.0,Pre-menopausal,166.0,78.0,No
75521.0,49.0,Post-menopausal,187.0,117.0,No
75527.0,58.0,Post-menopausal,139.0,63.0,No
75528.0,39.0,Post-menopausal,213.0,135.0,No
75531.0,37.0,Pre-menopausal,223.0,150.0,No
75534.0,20.0,Pre-menopausal,145.0,76.0,No
75539.0,19.0,Pre-menopausal,166.0,100.0,No
75542.0,74.0,Post-menopausal,187.0,106.0,No
75543.0,66.0,Post-menopausal,214.0,134.0,Yes
75549.0,38.0,Pre-menopausal,164.0,77.0,No
75557.0,50.0,Pre-menopausal,255.0,168.0,No
75563.0,51.0,Pre-menopausal,153.0,62.0,No
75572.0,68.0,Post-menopausal,173.0,103.0,No
75573.0,67.0,Post-menopausal,230.0,126.0,Yes
75580.0,12.0,Pre-menopausal,180.0,92.0,No
75589.0,13.0,Pre-menopausal,147.0,81.0,No
75592.0,69.0,Post-menopausal,224.0,145.0,No
75594.0,26.0,Pre-menopausal,174.0,107.0,No
75598.0,62.0,Post-menopausal,200.0,109.0,No
75609.0,80.0,Post-menopausal,210.0,67.0,Yes
75613.0,55.0,Post-menopausal,183.0,103.0,No
75621.0,59.0,Post-menopausal,204.0,144.0,No
75624.0,21.0,Pre-menopausal,147.0,76.0,No
75625.0,60.0,Post-menopausal,156.0,89.0,No
75631.0,72.0,Post-menopausal,280.0,173.0,Yes
75636.0,35.0,Pre-menopausal,180.0,114.0,No
75637.0,70.0,Post-menopausal,140.0,59.0,No
75650.0,13.0,Pre-menopausal,126.0,65.0,No
75662.0,44.0,Pre-menopausal,182.0,91.0,No
75664.0,31.0,Pre-menopausal,230.0,172.0,No
75670.0,27.0,Pre-menopausal,165.0,94.0,No
75675.0,17.0,Pre-menopausal,149.0,101.0,No
75688.0,57.0,Post-menopausal,191.0,119.0,No
75699.0,62.0,Post-menopausal,211.0,121.0,No
75702.0,59.0,Post-menopausal,200.0,119.0,No
75705.0,50.0,Pre-menopausal,154.0,65.0,No
75706.0,44.0,Post-menopausal,175.0,106.0,No
75707.0,14.0,Pre-menopausal,100.0,36.0,No
75709.0,30.0,Pre-menopausal,159.0,66.0,No
75723.0,55.0,Post-menopausal,254.0,175.0,No
75737.0,20.0,Pre-menopausal,199.0,130.0,No
75743.0,36.0,Pre-menopausal,144.0,78.0,No
75744.0,72.0,Post-menopausal,155.0,70.0,No
75762.0,61.0,Post-menopausal,139.0,59.0,No
75790.0,28.0,Pre-menopausal,213.0,138.0,No
75791.0,12.0,Pre-menopausal,150.0,92.0,No
75796.0,14.0,Pre-menopausal,142.0,86.0,No
75805.0,53.0,Pre-menopausal,297.0,215.0,No
75822.0,34.0,Post-menopausal,196.0,119.0,No
75823.0,43.0,Pre-menopausal,156.0,85.0,No
75830.0,18.0,Pre-menopausal,162.0,85.0,No
75831.0,34.0,Pre-menopausal,218.0,138.0,No
75841.0,41.0,Pre-menopausal,94.0,36.0,No
75850.0,37.0,Pre-menopausal,182.0,122.0,No
75853.0,19.0,Pre-menopausal,151.0,85.0,No
75856.0,28.0,Pre-menopausal,200.0,131.0,No
75871.0,57.0,Post-menopausal,178.0,92.0,No
75872.0,21.0,Pre-menopausal,133.0,61.0,No
75878.0,12.0,Pre-menopausal,162.0,86.0,No
75880.0,13.0,Pre-menopausal,186.0,104.0,No
75881.0,25.0,Pre-menopausal,172.0,92.0,No
75887.0,56.0,Post-menopausal,208.0,104.0,No
75888.0,44.0,Pre-menopausal,217.0,146.0,No
75890.0,43.0,Pre-menopausal,217.0,142.0,No
75892.0,80.0,Post-menopausal,239.0,148.0,No
75901.0,19.0,Pre-menopausal,135.0,79.0,No
75905.0,39.0,Pre-menopausal,199.0,120.0,No
75909.0,77.0,Pre-menopausal,193.0,108.0,No
75913.0,32.0,Pre-menopausal,211.0,130.0,No
75922.0,65.0,Post-menopausal,207.0,126.0,No
75928.0,31.0,Pre-menopausal,187.0,124.0,No
75949.0,40.0,Pre-menopausal,233.0,148.0,No
75951.0,32.0,Pre-menopausal,170.0,83.0,No
75952.0,36.0,Pre-menopausal,160.0,88.0,No
75958.0,29.0,Pre-menopausal,178.0,117.0,No
75982.0,75.0,Post-menopausal,202.0,124.0,No
75985.0,40.0,Pre-menopausal,214.0,132.0,No
75992.0,34.0,Pre-menopausal,192.0,111.0,No
75998.0,76.0,Post-menopausal,197.0,108.0,No
76004.0,58.0,Post-menopausal,183.0,104.0,No
76006.0,32.0,Pre-menopausal,145.0,75.0,No
76008.0,31.0,Pre-menopausal,182.0,79.0,No
76014.0,16.0,Pre-menopausal,164.0,85.0,No
76024.0,40.0,Pre-menopausal,170.0,93.0,No
76028.0,57.0,Post-menopausal,222.0,160.0,No
76033.0,69.0,Post-menopausal,161.0,116.0,No
76040.0,60.0,Post-menopausal,152.0,69.0,No
76045.0,12.0,Pre-menopausal,167.0,94.0,No
76054.0,22.0,Pre-menopausal,169.0,82.0,No
76077.0,45.0,Pre-menopausal,169.0,109.0,No
76097.0,66.0,Post-menopausal,158.0,83.0,Yes
76101.0,20.0,Pre-menopausal,138.0,82.0,No
76107.0,59.0,Post-menopausal,191.0,119.0,No
76128.0,74.0,Post-menopausal,263.0,173.0,No
76133.0,47.0,Pre-menopausal,181.0,94.0,No
76138.0,39.0,Pre-menopausal,244.0,183.0,No
76145.0,60.0,Post-menopausal,158.0,74.0,Yes
76148.0,32.0,Pre-menopausal,147.0,85.0,No
76149.0,68.0,Post-menopausal,173.0,91.0,No
76158.0,72.0,Post-menopausal,155.0,55.0,No
76169.0,43.0,Pre-menopausal,231.0,154.0,No
76170.0,55.0,Post-menopausal,210.0,135.0,No
76183.0,17.0,Pre-menopausal,154.0,72.0,No
76192.0,66.0,Post-menopausal,191.0,120.0,No
76197.0,45.0,Pre-menopausal,150.0,78.0,No
76199.0,56.0,Post-menopausal,221.0,120.0,No
76206.0,38.0,Pre-menopausal,156.0,96.0,No
76210.0,17.0,Pre-menopausal,136.0,74.0,No
76215.0,43.0,Pre-menopausal,171.0,100.0,No
76217.0,53.0,Post-menopausal,163.0,95.0,No
76221.0,16.0,Pre-menopausal,149.0,72.0,No
76224.0,74.0,Post-menopausal,174.0,96.0,No
76236.0,40.0,Post-menopausal,180.0,94.0,No
76238.0,61.0,Post-menopausal,193.0,97.0,No
76239.0,13.0,Pre-menopausal,145.0,85.0,No
76243.0,59.0,Post-menopausal,138.0,81.0,No
76244.0,15.0,Pre-menopausal,115.0,68.0,No
76253.0,27.0,Pre-menopausal,167.0,85.0,No
76256.0,50.0,Pre-menopausal,256.0,157.0,No
76259.0,16.0,Pre-menopausal,138.0,66.0,No
76269.0,28.0,Pre-menopausal,169.0,67.0,No
76272.0,42.0,Pre-menopausal,137.0,82.0,No
76279.0,15.0,Pre-menopausal,130.0,71.0,No
76289.0,24.0,Pre-menopausal,127.0,61.0,No
76298.0,57.0,Post-menopausal,196.0,115.0,No
76299.0,16.0,Pre-menopausal,204.0,116.0,No
76301.0,28.0,Pre-menopausal,171.0,88.0,No
76303.0,43.0,Pre-menopausal,191.0,137.0,No
76304.0,18.0,Pre-menopausal,142.0,71.0,No
76307.0,41.0,Pre-menopausal,194.0,119.0,No
76310.0,50.0,Post-menopausal,176.0,94.0,No
76311.0,16.0,Pre-menopausal,140.0,75.0,No
76314.0,38.0,Pre-menopausal,172.0,94.0,No
76316.0,45.0,Pre-menopausal,194.0,92.0,No
76317.0,40.0,Pre-menopausal,146.0,66.0,Yes
76320.0,63.0,Post-menopausal,240.0,151.0,No
76322.0,43.0,Pre-menopausal,145.0,83.0,Yes
76323.0,12.0,Pre-menopausal,140.0,84.0,No
76333.0,80.0,Pre-menopausal,208.0,120.0,No
76337.0,14.0,Pre-menopausal,279.0,207.0,No
76340.0,16.0,Pre-menopausal,186.0,106.0,No
76342.0,43.0,Pre-menopausal,152.0,84.0,No
76351.0,43.0,Pre-menopausal,194.0,108.0,No
76356.0,23.0,Pre-menopausal,222.0,145.0,No
76357.0,14.0,Pre-menopausal,126.0,71.0,No
76363.0,73.0,Post-menopausal,201.0,112.0,No
76381.0,21.0,Pre-menopausal,213.0,150.0,No
76391.0,80.0,Post-menopausal,174.0,59.0,Yes
76401.0,18.0,Pre-menopausal,197.0,116.0,No
76402.0,80.0,Post-menopausal,201.0,127.0,No
76403.0,59.0,Post-menopausal,309.0,218.0,No
76405.0,50.0,Pre-menopausal,223.0,155.0,No
76411.0,63.0,Post-menopausal,258.0,175.0,No
76412.0,31.0,Pre-menopausal,144.0,61.0,No
76442.0,78.0,Post-menopausal,203.0,99.0,No
76444.0,51.0,Post-menopausal,240.0,140.0,No
76447.0,80.0,Post-menopausal,220.0,121.0,Yes
76451.0,34.0,Pre-menopausal,194.0,109.0,No
76455.0,69.0,Post-menopausal,217.0,144.0,No
76465.0,71.0,Post-menopausal,156.0,82.0,No
76470.0,49.0,Pre-menopausal,158.0,70.0,No
76472.0,52.0,Post-menopausal,184.0,88.0,No
76490.0,68.0,Post-menopausal,188.0,95.0,Yes
76496.0,23.0,Pre-menopausal,121.0,65.0,No
76510.0,52.0,Post-menopausal,228.0,146.0,No
76511.0,52.0,Post-menopausal,155.0,86.0,No
76514.0,26.0,Pre-menopausal,181.0,86.0,No
76528.0,43.0,Pre-menopausal,166.0,102.0,No
76529.0,18.0,Pre-menopausal,236.0,143.0,No
76539.0,36.0,Post-menopausal,176.0,104.0,No
76551.0,56.0,Post-menopausal,195.0,116.0,No
76558.0,64.0,Post-menopausal,206.0,117.0,No
76568.0,64.0,Post-menopausal,213.0,134.0,No
76573.0,41.0,Pre-menopausal,164.0,99.0,No
76576.0,80.0,Post-menopausal,190.0,93.0,No
76581.0,13.0,Pre-menopausal,153.0,96.0,No
76588.0,13.0,Pre-menopausal,126.0,51.0,No
76590.0,67.0,Post-menopausal,145.0,75.0,No
76596.0,46.0,Pre-menopausal,173.0,110.0,No
76597.0,41.0,Pre-menopausal,150.0,86.0,No
76600.0,40.0,Pre-menopausal,238.0,145.0,No
76609.0,21.0,Pre-menopausal,144.0,73.0,No
76616.0,69.0,Post-menopausal,211.0,113.0,No
76619.0,31.0,Pre-menopausal,174.0,116.0,No
76626.0,51.0,Post-menopausal,289.0,212.0,No
76627.0,76.0,Post-menopausal,140.0,62.0,No
76631.0,80.0,Post-menopausal,172.0,82.0,No
76636.0,29.0,Pre-menopausal,195.0,129.0,No
76637.0,42.0,Pre-menopausal,150.0,98.0,No
76638.0,63.0,Post-menopausal,205.0,130.0,No
76641.0,42.0,Pre-menopausal,173.0,117.0,No
76642.0,40.0,Post-menopausal,126.0,58.0,No
76643.0,41.0,Pre-menopausal,182.0,116.0,No
76666.0,65.0,Post-menopausal,211.0,113.0,No
76667.0,52.0,Post-menopausal,197.0,106.0,No
76668.0,45.0,Pre-menopausal,241.0,124.0,No
76671.0,40.0,Pre-menopausal,212.0,137.0,No
76692.0,58.0,Post-menopausal,200.0,131.0,No
76699.0,16.0,Pre-menopausal,137.0,74.0,No
76705.0,50.0,Pre-menopausal,175.0,102.0,No
76707.0,46.0,Pre-menopausal,190.0,122.0,No
76719.0,39.0,Pre-menopausal,168.0,108.0,No
76720.0,15.0,Pre-menopausal,150.0,88.0,No
76734.0,80.0,Post-menopausal,188.0,92.0,Yes
76735.0,58.0,Post-menopausal,165.0,76.0,Yes
76736.0,30.0,Pre-menopausal,187.0,111.0,No
76738.0,63.0,Post-menopausal,325.0,237.0,No
76751.0,36.0,Pre-menopausal,179.0,116.0,No
76760.0,16.0,Pre-menopausal,149.0,89.0,No
76764.0,61.0,Post-menopausal,213.0,136.0,No
76767.0,25.0,Pre-menopausal,206.0,137.0,No
76769.0,19.0,Pre-menopausal,133.0,48.0,No
76774.0,13.0,Pre-menopausal,137.0,71.0,No
76779.0,71.0,Post-menopausal,155.0,80.0,No
76791.0,15.0,Pre-menopausal,107.0,54.0,No
76794.0,12.0,Pre-menopausal,198.0,107.0,No
76797.0,60.0,Pre-menopausal,262.0,144.0,No
76819.0,54.0,Post-menopausal,231.0,135.0,No
76824.0,57.0,Post-menopausal,161.0,89.0,No
76828.0,40.0,Pre-menopausal,209.0,148.0,No
76834.0,16.0,Pre-menopausal,149.0,91.0,No
76840.0,61.0,Post-menopausal,181.0,110.0,No
76847.0,35.0,Pre-menopausal,219.0,129.0,No
76851.0,73.0,Post-menopausal,162.0,92.0,Yes
76860.0,60.0,Post-menopausal,217.0,140.0,No
76864.0,80.0,Post-menopausal,166.0,90.0,Yes
76879.0,17.0,Pre-menopausal,126.0,68.0,No
76882.0,33.0,Pre-menopausal,178.0,116.0,No
76891.0,20.0,Pre-menopausal,214.0,127.0,No
76895.0,14.0,Pre-menopausal,145.0,70.0,No
76901.0,52.0,Post-menopausal,178.0,112.0,No
76904.0,17.0,Pre-menopausal,161.0,96.0,No
76905.0,33.0,Pre-menopausal,180.0,112.0,No
76908.0,22.0,Pre-menopausal,196.0,110.0,No
76941.0,78.0,Post-menopausal,256.0,153.0,No
76950.0,36.0,Pre-menopausal,182.0,116.0,No
76951.0,80.0,Post-menopausal,200.0,119.0,No
76958.0,57.0,Post-menopausal,224.0,155.0,No
76978.0,18.0,Pre-menopausal,173.0,110.0,No
76991.0,80.0,Post-menopausal,179.0,109.0,No
76998.0,14.0,Pre-menopausal,160.0,81.0,No
77000.0,55.0,Post-menopausal,152.0,88.0,No
77004.0,80.0,Post-menopausal,270.0,169.0,No
77007.0,45.0,Pre-menopausal,225.0,151.0,No
77008.0,55.0,Post-menopausal,189.0,94.0,No
77014.0,52.0,Post-menopausal,244.0,153.0,No
77019.0,28.0,Pre-menopausal,124.0,71.0,No
77023.0,65.0,Post-menopausal,192.0,120.0,No
77026.0,14.0,Pre-menopausal,110.0,54.0,No
77039.0,16.0,Pre-menopausal,165.0,94.0,No
77049.0,66.0,Post-menopausal,140.0,62.0,No
77051.0,21.0,Pre-menopausal,179.0,85.0,No
77057.0,80.0,Post-menopausal,197.0,109.0,No
77058.0,17.0,Pre-menopausal,133.0,63.0,No
77063.0,69.0,Post-menopausal,200.0,105.0,No
77067.0,67.0,Post-menopausal,143.0,59.0,Yes
77073.0,67.0,Post-menopausal,157.0,83.0,No
77080.0,26.0,Post-menopausal,147.0,62.0,No
77082.0,25.0,Pre-menopausal,121.0,35.0,No
77096.0,75.0,Pre-menopausal,138.0,54.0,No
77101.0,62.0,Post-menopausal,182.0,103.0,No
77112.0,27.0,Pre-menopausal,147.0,51.0,No
77113.0,58.0,Pre-menopausal,237.0,140.0,No
77114.0,73.0,Post-menopausal,225.0,118.0,No
77123.0,50.0,Post-menopausal,263.0,177.0,No
77127.0,41.0,Pre-menopausal,212.0,103.0,No
77139.0,71.0,Post-menopausal,196.0,133.0,Yes
77144.0,27.0,Pre-menopausal,184.0,108.0,No
77154.0,58.0,Post-menopausal,247.0,173.0,No
77157.0,47.0,Pre-menopausal,208.0,115.0,No
77163.0,66.0,Post-menopausal,187.0,122.0,No
77164.0,56.0,Post-menopausal,170.0,91.0,No
77176.0,41.0,Pre-menopausal,203.0,115.0,No
77178.0,80.0,Post-menopausal,151.0,62.0,No
77189.0,56.0,Post-menopausal,224.0,146.0,No
77193.0,12.0,Pre-menopausal,140.0,77.0,No
77197.0,47.0,Pre-menopausal,187.0,110.0,No
77199.0,54.0,Post-menopausal,160.0,73.0,No
77217.0,20.0,Pre-menopausal,90.0,24.0,No
77220.0,25.0,Pre-menopausal,141.0,52.0,No
77221.0,39.0,Pre-menopausal,145.0,38.0,No
77236.0,44.0,Post-menopausal,165.0,99.0,No
77239.0,36.0,Pre-menopausal,182.0,122.0,No
77245.0,73.0,Post-menopausal,250.0,143.0,No
77248.0,22.0,Pre-menopausal,305.0,227.0,No
77255.0,60.0,Post-menopausal,169.0,104.0,Yes
77262.0,19.0,Pre-menopausal,130.0,63.0,No
77265.0,41.0,Pre-menopausal,184.0,130.0,No
77279.0,38.0,Pre-menopausal,171.0,94.0,No
77285.0,29.0,Pre-menopausal,131.0,75.0,No
77291.0,42.0,Post-menopausal,189.0,103.0,No
77299.0,67.0,Post-menopausal,250.0,142.0,No
77304.0,21.0,Pre-menopausal,224.0,145.0,No
77308.0,51.0,Post-menopausal,214.0,121.0,No
77315.0,20.0,Post-menopausal,164.0,98.0,No
77316.0,16.0,Pre-menopausal,120.0,64.0,No
77323.0,28.0,Pre-menopausal,158.0,92.0,No
77347.0,80.0,Post-menopausal,256.0,160.0,No
77349.0,53.0,Pre-menopausal,214.0,125.0,No
77355.0,71.0,Post-menopausal,149.0,66.0,Yes
77362.0,75.0,Post-menopausal,241.0,115.0,No
77364.0,66.0,Post-menopausal,184.0,108.0,No
77386.0,31.0,Pre-menopausal,199.0,119.0,No
77395.0,18.0,Pre-menopausal,151.0,81.0,No
77396.0,31.0,Pre-menopausal,256.0,163.0,No
77399.0,80.0,Post-menopausal,169.0,79.0,Yes
77407.0,44.0,Pre-menopausal,190.0,73.0,No
77409.0,38.0,Pre-menopausal,417.0,344.0,No
77411.0,44.0,Pre-menopausal,126.0,51.0,Yes
77431.0,22.0,Pre-menopausal,176.0,105.0,No
77433.0,58.0,Post-menopausal,273.0,173.0,No
77436.0,58.0,Post-menopausal,290.0,208.0,No
77438.0,41.0,Pre-menopausal,165.0,96.0,No
77442.0,17.0,Pre-menopausal,201.0,118.0,No
77450.0,58.0,Post-menopausal,214.0,114.0,No
77456.0,62.0,Post-menopausal,207.0,114.0,No
77461.0,20.0,Pre-menopausal,162.0,81.0,No
77463.0,50.0,Pre-menopausal,170.0,98.0,No
77465.0,21.0,Pre-menopausal,170.0,77.0,No
77466.0,22.0,Pre-menopausal,218.0,137.0,No
77469.0,67.0,Post-menopausal,124.0,54.0,No
77474.0,14.0,Pre-menopausal,169.0,105.0,No
77481.0,54.0,Post-menopausal,216.0,149.0,Yes
77487.0,18.0,Pre-menopausal,128.0,69.0,No
77488.0,80.0,Post-menopausal,185.0,108.0,No
77498.0,59.0,Post-menopausal,196.0,116.0,No
77502.0,55.0,Pre-menopausal,222.0,141.0,No
77534.0,15.0,Pre-menopausal,148.0,95.0,No
77536.0,80.0,Post-menopausal,263.0,174.0,Yes
77552.0,59.0,Post-menopausal,175.0,114.0,No
77560.0,60.0,Post-menopausal,203.0,116.0,No
77569.0,48.0,Pre-menopausal,176.0,91.0,No
77577.0,33.0,Pre-menopausal,202.0,105.0,No
77580.0,80.0,Post-menopausal,165.0,90.0,No
77581.0,31.0,Pre-menopausal,182.0,109.0,No
77584.0,35.0,Pre-menopausal,175.0,123.0,Yes
77589.0,50.0,Post-menopausal,188.0,114.0,No
77600.0,58.0,Post-menopausal,187.0,99.0,Yes
77603.0,56.0,Post-menopausal,134.0,52.0,No
77609.0,61.0,Post-menopausal,213.0,107.0,No
77615.0,19.0,Pre-menopausal,166.0,91.0,No
77616.0,35.0,Pre-menopausal,159.0,90.0,No
77618.0,25.0,Pre-menopausal,167.0,92.0,No
77620.0,28.0,Pre-menopausal,153.0,86.0,No
77625.0,80.0,Post-menopausal,150.0,72.0,Yes
77638.0,23.0,Pre-menopausal,156.0,93.0,No
77651.0,23.0,Pre-menopausal,203.0,115.0,No
77654.0,70.0,Post-menopausal,286.0,185.0,Yes
77655.0,55.0,Post-menopausal,248.0,158.0,No
77657.0,12.0,Pre-menopausal,226.0,154.0,No
77674.0,55.0,Post-menopausal,226.0,153.0,No
77677.0,80.0,Post-menopausal,117.0,37.0,Yes
77686.0,39.0,Pre-menopausal,188.0,92.0,No
77693.0,51.0,Pre-menopausal,173.0,100.0,No
77700.0,48.0,Pre-menopausal,186.0,113.0,No
77714.0,18.0,Pre-menopausal,186.0,117.0,No
77715.0,12.0,Pre-menopausal,208.0,124.0,No
77739.0,16.0,Pre-menopausal,174.0,108.0,No
77740.0,43.0,Pre-menopausal,281.0,185.0,No
77741.0,73.0,Post-menopausal,224.0,113.0,No
77758.0,67.0,Post-menopausal,196.0,113.0,No
77763.0,59.0,Post-menopausal,146.0,88.0,No
77766.0,17.0,Pre-menopausal,176.0,106.0,No
77769.0,64.0,Post-menopausal,211.0,120.0,No
77788.0,21.0,Pre-menopausal,214.0,146.0,No
77795.0,34.0,Pre-menopausal,136.0,59.0,No
77796.0,20.0,Post-menopausal,126.0,83.0,No
77802.0,65.0,Pre-menopausal,218.0,142.0,No
77827.0,52.0,Post-menopausal,203.0,124.0,No
77828.0,18.0,Pre-menopausal,137.0,73.0,No
77830.0,43.0,Pre-menopausal,138.0,78.0,Yes
77832.0,67.0,Post-menopausal,217.0,143.0,No
77835.0,64.0,Post-menopausal,227.0,118.0,No
77837.0,27.0,Pre-menopausal,153.0,64.0,No
77861.0,68.0,Post-menopausal,191.0,116.0,No
77881.0,19.0,Pre-menopausal,233.0,119.0,No
77886.0,14.0,Pre-menopausal,179.0,98.0,No
77894.0,74.0,Post-menopausal,174.0,96.0,No
77895.0,15.0,Pre-menopausal,150.0,81.0,No
77896.0,41.0,Post-menopausal,146.0,57.0,No
77903.0,31.0,Pre-menopausal,224.0,137.0,No
77905.0,63.0,Post-menopausal,182.0,96.0,No
77909.0,78.0,Post-menopausal,211.0,114.0,Yes
77919.0,17.0,Pre-menopausal,159.0,83.0,No
77927.0,42.0,Pre-menopausal,270.0,190.0,No
77933.0,18.0,Pre-menopausal,162.0,94.0,No
77936.0,43.0,Pre-menopausal,193.0,118.0,No
77937.0,73.0,Post-menopausal,226.0,141.0,No
77948.0,33.0,Pre-menopausal,158.0,75.0,No
77949.0,41.0,Pre-menopausal,193.0,92.0,No
77953.0,33.0,Pre-menopausal,164.0,103.0,No
77954.0,44.0,Pre-menopausal,233.0,96.0,No
77977.0,25.0,Pre-menopausal,113.0,46.0,No
77982.0,16.0,Pre-menopausal,201.0,142.0,No
77991.0,30.0,Pre-menopausal,179.0,95.0,No
78000.0,33.0,Pre-menopausal,223.0,139.0,No
78001.0,31.0,Pre-menopausal,159.0,102.0,No
78002.0,31.0,Pre-menopausal,185.0,97.0,No
78005.0,15.0,Pre-menopausal,121.0,53.0,No
78008.0,33.0,Pre-menopausal,151.0,51.0,No
78018.0,47.0,Pre-menopausal,181.0,111.0,No
78027.0,44.0,Pre-menopausal,189.0,72.0,No
78033.0,61.0,Post-menopausal,187.0,114.0,No
78042.0,63.0,Post-menopausal,275.0,192.0,No
78044.0,26.0,Pre-menopausal,120.0,44.0,No
78045.0,12.0,Pre-menopausal,129.0,77.0,No
78047.0,72.0,Post-menopausal,246.0,170.0,No
78052.0,49.0,Post-menopausal,242.0,161.0,No
78065.0,13.0,Pre-menopausal,127.0,61.0,No
78081.0,63.0,Post-menopausal,142.0,71.0,No
78084.0,61.0,Post-menopausal,188.0,123.0,No
78090.0,15.0,Pre-menopausal,158.0,84.0,No
78105.0,36.0,Pre-menopausal,154.0,70.0,No
78107.0,54.0,Post-menopausal,171.0,98.0,No
78113.0,12.0,Pre-menopausal,215.0,111.0,No
78126.0,17.0,Pre-menopausal,212.0,134.0,No
78128.0,24.0,Pre-menopausal,138.0,78.0,No
78130.0,57.0,Post-menopausal,245.0,173.0,No
78132.0,22.0,Pre-menopausal,129.0,73.0,No
78142.0,13.0,Pre-menopausal,135.0,62.0,No
78145.0,44.0,Post-menopausal,159.0,83.0,No
78149.0,38.0,Pre-menopausal,200.0,124.0,No
78153.0,18.0,Pre-menopausal,133.0,51.0,No
78164.0,18.0,Pre-menopausal,157.0,89.0,No
78180.0,80.0,Post-menopausal,236.0,138.0,No
78185.0,51.0,Pre-menopausal,196.0,136.0,No
78189.0,22.0,Pre-menopausal,166.0,68.0,No
78197.0,31.0,Pre-menopausal,172.0,81.0,No
78198.0,54.0,Post-menopausal,234.0,136.0,No
78199.0,35.0,Pre-menopausal,252.0,172.0,No
78203.0,44.0,Pre-menopausal,203.0,140.0,No
78207.0,41.0,Pre-menopausal,171.0,96.0,No
78212.0,16.0,Pre-menopausal,143.0,93.0,No
78218.0,80.0,Pre-menopausal,138.0,79.0,Yes
78225.0,40.0,Pre-menopausal,132.0,59.0,No
78227.0,76.0,Post-menopausal,235.0,121.0,Yes
78238.0,80.0,Post-menopausal,249.0,152.0,No
78239.0,47.0,Pre-menopausal,188.0,104.0,No
78253.0,23.0,Pre-menopausal,171.0,101.0,No
78256.0,28.0,Pre-menopausal,214.0,107.0,No
78274.0,77.0,Post-menopausal,149.0,77.0,No
78280.0,41.0,Pre-menopausal,216.0,113.0,No
78287.0,44.0,Pre-menopausal,235.0,152.0,No
78288.0,70.0,Post-menopausal,217.0,125.0,No
78305.0,43.0,Pre-menopausal,183.0,117.0,No
78309.0,36.0,Pre-menopausal,205.0,139.0,No
78313.0,63.0,Post-menopausal,237.0,115.0,No
78315.0,14.0,Pre-menopausal,178.0,84.0,No
78318.0,30.0,Pre-menopausal,196.0,117.0,No
78320.0,41.0,Pre-menopausal,188.0,99.0,No
78334.0,28.0,Pre-menopausal,221.0,160.0,No
78336.0,19.0,Pre-menopausal,153.0,90.0,No
78337.0,73.0,Post-menopausal,251.0,167.0,Yes
78338.0,35.0,Pre-menopausal,199.0,120.0,No
78377.0,62.0,Post-menopausal,149.0,66.0,Yes
78379.0,47.0,Pre-menopausal,191.0,117.0,No
78388.0,30.0,Pre-menopausal,156.0,67.0,No
78395.0,22.0,Pre-menopausal,200.0,108.0,No
78403.0,80.0,Post-menopausal,155.0,83.0,No
78407.0,13.0,Pre-menopausal,146.0,79.0,No
78410.0,45.0,Post-menopausal,181.0,82.0,No
78419.0,32.0,Pre-menopausal,198.0,124.0,No
78428.0,68.0,Post-menopausal,241.0,150.0,Yes
78430.0,37.0,Pre-menopausal,226.0,141.0,No
78432.0,16.0,Pre-menopausal,199.0,122.0,No
78442.0,59.0,Post-menopausal,200.0,113.0,No
78443.0,62.0,Post-menopausal,161.0,99.0,Yes
78447.0,23.0,Pre-menopausal,128.0,72.0,No
78451.0,13.0,Pre-menopausal,136.0,82.0,No
78452.0,13.0,Pre-menopausal,188.0,111.0,No
78467.0,69.0,Post-menopausal,225.0,121.0,No
78475.0,77.0,Post-menopausal,243.0,153.0,No
78480.0,47.0,Pre-menopausal,164.0,100.0,No
78481.0,71.0,Post-menopausal,271.0,110.0,No
78486.0,60.0,Post-menopausal,162.0,74.0,No
78487.0,80.0,Post-menopausal,177.0,68.0,Yes
78503.0,72.0,Post-menopausal,166.0,68.0,Yes
78509.0,13.0,Pre-menopausal,142.0,69.0,No
78522.0,51.0,Post-menopausal,229.0,132.0,No
78523.0,60.0,Post-menopausal,311.0,230.0,No
78529.0,19.0,Pre-menopausal,178.0,108.0,No
78534.0,67.0,Post-menopausal,219.0,133.0,No
78535.0,80.0,Post-menopausal,200.0,126.0,No
78548.0,36.0,Pre-menopausal,97.0,28.0,No
78551.0,59.0,Post-menopausal,213.0,129.0,No
78557.0,70.0,Post-menopausal,141.0,60.0,Yes
78568.0,29.0,Pre-menopausal,176.0,120.0,No
78582.0,15.0,Pre-menopausal,146.0,82.0,No
78587.0,57.0,Post-menopausal,180.0,77.0,No
78591.0,70.0,Pre-menopausal,198.0,121.0,Yes
78612.0,60.0,Post-menopausal,149.0,76.0,No
78614.0,14.0,Pre-menopausal,196.0,125.0,No
78615.0,57.0,Post-menopausal,202.0,128.0,No
78616.0,21.0,Pre-menopausal,254.0,163.0,No
78629.0,13.0,Pre-menopausal,167.0,93.0,No
78634.0,55.0,Post-menopausal,194.0,134.0,No
78642.0,19.0,Pre-menopausal,141.0,84.0,No
78651.0,24.0,Pre-menopausal,139.0,55.0,No
78669.0,27.0,Pre-menopausal,186.0,96.0,No
78678.0,44.0,Post-menopausal,196.0,87.0,No
78679.0,68.0,Post-menopausal,192.0,115.0,No
78682.0,53.0,Post-menopausal,160.0,91.0,No
78685.0,80.0,Pre-menopausal,236.0,138.0,No
78691.0,42.0,Pre-menopausal,156.0,81.0,No
78692.0,39.0,Pre-menopausal,178.0,108.0,No
78701.0,14.0,Pre-menopausal,140.0,61.0,No
78715.0,15.0,Pre-menopausal,135.0,63.0,No
78716.0,46.0,Pre-menopausal,204.0,132.0,No
78718.0,45.0,Pre-menopausal,147.0,84.0,No
78719.0,37.0,Pre-menopausal,184.0,96.0,No
78720.0,27.0,Pre-menopausal,170.0,76.0,No
78723.0,66.0,Post-menopausal,266.0,112.0,No
78737.0,71.0,Post-menopausal,177.0,113.0,Yes
78747.0,70.0,Post-menopausal,145.0,74.0,Yes
78750.0,20.0,Pre-menopausal,215.0,118.0,No
78754.0,79.0,Post-menopausal,190.0,87.0,No
78764.0,51.0,Post-menopausal,235.0,139.0,No
78782.0,19.0,Pre-menopausal,158.0,91.0,No
78806.0,46.0,Pre-menopausal,173.0,103.0,No
78814.0,42.0,Pre-menopausal,191.0,133.0,No
78818.0,43.0,Pre-menopausal,154.0,76.0,No
78823.0,38.0,Pre-menopausal,172.0,91.0,No
78840.0,18.0,Pre-menopausal,145.0,78.0,No
78844.0,67.0,Post-menopausal,206.0,123.0,Yes
78845.0,16.0,Pre-menopausal,185.0,94.0,No
78872.0,28.0,Pre-menopausal,165.0,87.0,No
78875.0,50.0,Post-menopausal,196.0,120.0,No
78876.0,66.0,Post-menopausal,179.0,73.0,No
78884.0,26.0,Pre-menopausal,184.0,108.0,No
78898.0,37.0,Pre-menopausal,232.0,146.0,No
78912.0,76.0,Post-menopausal,207.0,124.0,No
78916.0,60.0,Post-menopausal,178.0,92.0,No
78919.0,47.0,Post-menopausal,251.0,182.0,No
78923.0,15.0,Pre-menopausal,171.0,102.0,No
78925.0,19.0,Pre-menopausal,189.0,123.0,No
78929.0,71.0,Post-menopausal,178.0,87.0,No
78938.0,65.0,Post-menopausal,209.0,146.0,No
78940.0,36.0,Pre-menopausal,253.0,164.0,No
78947.0,80.0,Post-menopausal,112.0,52.0,Yes
78952.0,44.0,Pre-menopausal,198.0,101.0,No
78959.0,39.0,Pre-menopausal,129.0,58.0,No
78966.0,18.0,Pre-menopausal,167.0,90.0,No
78967.0,41.0,Pre-menopausal,177.0,108.0,No
78968.0,63.0,Post-menopausal,252.0,172.0,No
78973.0,27.0,Pre-menopausal,186.0,115.0,No
78977.0,24.0,Pre-menopausal,164.0,83.0,No
78978.0,71.0,Post-menopausal,173.0,94.0,Yes
78981.0,71.0,Post-menopausal,170.0,97.0,No
78992.0,19.0,Pre-menopausal,114.0,57.0,No
79002.0,43.0,Pre-menopausal,201.0,120.0,Yes
79006.0,52.0,Post-menopausal,203.0,115.0,No
79018.0,18.0,Pre-menopausal,158.0,73.0,No
79019.0,45.0,Pre-menopausal,198.0,126.0,No
79027.0,48.0,Pre-menopausal,180.0,98.0,No
79040.0,58.0,Post-menopausal,245.0,140.0,No
79060.0,31.0,Pre-menopausal,133.0,75.0,No
79063.0,51.0,Post-menopausal,182.0,101.0,No
79072.0,53.0,Post-menopausal,232.0,133.0,No
79073.0,16.0,Pre-menopausal,146.0,96.0,No
79076.0,19.0,Post-menopausal,110.0,59.0,No
79078.0,60.0,Post-menopausal,156.0,85.0,No
79080.0,76.0,Post-menopausal,218.0,142.0,No
79081.0,27.0,Pre-menopausal,158.0,98.0,No
79084.0,42.0,Pre-menopausal,187.0,122.0,No
79088.0,46.0,Pre-menopausal,194.0,122.0,No
79089.0,55.0,Post-menopausal,237.0,118.0,Yes
79091.0,38.0,Pre-menopausal,172.0,109.0,No
79094.0,14.0,Pre-menopausal,113.0,55.0,No
79095.0,80.0,Pre-menopausal,240.0,156.0,No
79097.0,15.0,Pre-menopausal,128.0,67.0,No
79110.0,35.0,Pre-menopausal,180.0,84.0,No
79112.0,22.0,Pre-menopausal,196.0,129.0,No
79121.0,62.0,Post-menopausal,289.0,201.0,No
79130.0,47.0,Pre-menopausal,264.0,170.0,No
79136.0,67.0,Post-menopausal,145.0,76.0,No
79138.0,60.0,Post-menopausal,187.0,112.0,No
79139.0,13.0,Pre-menopausal,140.0,90.0,No
79146.0,26.0,Pre-menopausal,178.0,104.0,No
79153.0,29.0,Pre-menopausal,169.0,88.0,No
79155.0,30.0,Pre-menopausal,172.0,113.0,No
79161.0,55.0,Post-menopausal,177.0,68.0,No
79169.0,32.0,Pre-menopausal,188.0,110.0,No
79171.0,74.0,Post-menopausal,311.0,208.0,No
79179.0,80.0,Post-menopausal,176.0,92.0,No
79181.0,34.0,Pre-menopausal,206.0,134.0,No
79186.0,80.0,Post-menopausal,111.0,56.0,No
79187.0,52.0,Pre-menopausal,240.0,146.0,No
79199.0,80.0,Post-menopausal,160.0,81.0,Yes
79200.0,80.0,Post-menopausal,229.0,132.0,Yes
79202.0,23.0,Pre-menopausal,248.0,162.0,No
79213.0,31.0,Pre-menopausal,126.0,63.0,No
79223.0,21.0,Pre-menopausal,200.0,96.0,No
79224.0,19.0,Pre-menopausal,146.0,60.0,No
79234.0,30.0,Pre-menopausal,190.0,81.0,No
79246.0,30.0,Pre-menopausal,168.0,98.0,No
79251.0,15.0,Pre-menopausal,107.0,48.0,No
79254.0,29.0,Pre-menopausal,176.0,94.0,No
79257.0,46.0,Post-menopausal,179.0,109.0,No
79264.0,16.0,Pre-menopausal,164.0,83.0,No
79268.0,55.0,Post-menopausal,203.0,117.0,No
79269.0,40.0,Pre-menopausal,128.0,77.0,No
79270.0,66.0,Post-menopausal,133.0,57.0,Yes
79272.0,28.0,Pre-menopausal,184.0,103.0,No
79273.0,48.0,Post-menopausal,203.0,117.0,No
79276.0,26.0,Pre-menopausal,150.0,81.0,No
79281.0,23.0,Pre-menopausal,278.0,200.0,No
79284.0,34.0,Post-menopausal,204.0,130.0,No
79296.0,58.0,Post-menopausal,205.0,127.0,No
79297.0,62.0,Post-menopausal,210.0,130.0,No
79309.0,40.0,Pre-menopausal,252.0,149.0,No
79311.0,47.0,Pre-menopausal,171.0,102.0,No
79317.0,14.0,Pre-menopausal,184.0,109.0,No
79318.0,45.0,Pre-menopausal,209.0,111.0,No
79319.0,67.0,Post-menopausal,229.0,148.0,No
79328.0,80.0,Pre-menopausal,115.0,54.0,Yes
79333.0,51.0,Pre-menopausal,141.0,81.0,No
79335.0,39.0,Pre-menopausal,211.0,127.0,No
79340.0,31.0,Pre-menopausal,160.0,62.0,No
79341.0,32.0,Pre-menopausal,223.0,128.0,No
79354.0,19.0,Pre-menopausal,158.0,88.0,No
79364.0,44.0,Pre-menopausal,160.0,89.0,No
79373.0,49.0,Pre-menopausal,294.0,225.0,No
79375.0,35.0,Post-menopausal,214.0,134.0,No
79396.0,32.0,Pre-menopausal,122.0,55.0,No
79404.0,19.0,Pre-menopausal,173.0,95.0,No
79405.0,33.0,Pre-menopausal,163.0,71.0,No
79409.0,21.0,Pre-menopausal,216.0,107.0,No
79422.0,46.0,Pre-menopausal,202.0,117.0,No
79426.0,40.0,Pre-menopausal,178.0,96.0,No
79444.0,29.0,Pre-menopausal,190.0,106.0,No
79454.0,59.0,Post-menopausal,227.0,125.0,No
79464.0,28.0,Pre-menopausal,149.0,83.0,No
79466.0,36.0,Pre-menopausal,192.0,105.0,No
79473.0,27.0,Pre-menopausal,177.0,109.0,No
79474.0,50.0,Post-menopausal,230.0,134.0,No
79476.0,66.0,Pre-menopausal,195.0,123.0,No
79486.0,72.0,Post-menopausal,233.0,163.0,No
79501.0,63.0,Post-menopausal,262.0,176.0,No
79515.0,72.0,Post-menopausal,380.0,288.0,No
79523.0,40.0,Pre-menopausal,137.0,72.0,No
79536.0,50.0,Pre-menopausal,203.0,118.0,No
79541.0,78.0,Post-menopausal,109.0,45.0,Yes
79544.0,52.0,Post-menopausal,171.0,104.0,No
79557.0,73.0,Post-menopausal,208.0,124.0,No
79568.0,19.0,Pre-menopausal,113.0,54.0,No
79570.0,30.0,Pre-menopausal,153.0,68.0,No
79577.0,80.0,Post-menopausal,175.0,99.0,No
79581.0,31.0,Pre-menopausal,136.0,78.0,No
79589.0,24.0,Pre-menopausal,162.0,98.0,No
79599.0,80.0,Post-menopausal,183.0,121.0,No
79610.0,66.0,Post-menopausal,220.0,123.0,No
79612.0,33.0,Pre-menopausal,158.0,101.0,No
79632.0,74.0,Post-menopausal,147.0,67.0,No
79639.0,61.0,Post-menopausal,233.0,71.0,No
79645.0,23.0,Pre-menopausal,182.0,128.0,No
79654.0,14.0,Pre-menopausal,173.0,91.0,No
79658.0,52.0,Post-menopausal,208.0,138.0,Yes
79668.0,48.0,Pre-menopausal,180.0,108.0,No
79669.0,32.0,Pre-menopausal,170.0,101.0,No
79675.0,47.0,Pre-menopausal,194.0,118.0,No
79677.0,68.0,Post-menopausal,218.0,123.0,No
79685.0,41.0,Pre-menopausal,158.0,96.0,No
79688.0,63.0,Post-menopausal,213.0,127.0,No
79719.0,47.0,Pre-menopausal,197.0,108.0,No
79724.0,16.0,Pre-menopausal,141.0,69.0,No
79734.0,50.0,Post-menopausal,135.0,66.0,No
79735.0,12.0,Pre-menopausal,178.0,110.0,No
79748.0,13.0,Pre-menopausal,206.0,126.0,No
79755.0,14.0,Pre-menopausal,170.0,107.0,No
79757.0,40.0,Pre-menopausal,214.0,140.0,No
79773.0,48.0,Post-menopausal,124.0,50.0,No
79774.0,38.0,Pre-menopausal,201.0,111.0,No
79778.0,62.0,Post-menopausal,234.0,156.0,No
79783.0,17.0,Pre-menopausal,190.0,115.0,No
79798.0,26.0,Pre-menopausal,184.0,100.0,No
79800.0,55.0,Post-menopausal,161.0,68.0,Yes
79804.0,20.0,Pre-menopausal,197.0,137.0,No
79805.0,51.0,Pre-menopausal,257.0,179.0,No
79813.0,46.0,Pre-menopausal,167.0,92.0,No
79837.0,39.0,Pre-menopausal,210.0,116.0,No
79840.0,80.0,Post-menopausal,194.0,90.0,Yes
79847.0,43.0,Pre-menopausal,233.0,119.0,No
79864.0,59.0,Post-menopausal,201.0,120.0,No
79870.0,39.0,Pre-menopausal,156.0,83.0,No
79878.0,77.0,Post-menopausal,219.0,139.0,No
79880.0,64.0,Post-menopausal,209.0,139.0,No
79881.0,62.0,Post-menopausal,182.0,105.0,Yes
79886.0,43.0,Pre-menopausal,168.0,93.0,No
79889.0,76.0,Post-menopausal,186.0,86.0,No
79906.0,50.0,Post-menopausal,184.0,124.0,No
79914.0,16.0,Pre-menopausal,184.0,114.0,No
79919.0,62.0,Post-menopausal,262.0,179.0,No
79921.0,43.0,Pre-menopausal,179.0,85.0,No
79927.0,37.0,Pre-menopausal,133.0,82.0,No
79929.0,60.0,Post-menopausal,169.0,102.0,Yes
79934.0,44.0,Post-menopausal,246.0,148.0,No
79943.0,17.0,Pre-menopausal,185.0,95.0,No
79944.0,58.0,Post-menopausal,173.0,116.0,No
79958.0,70.0,Post-menopausal,179.0,96.0,No
79960.0,26.0,Post-menopausal,179.0,115.0,No
79965.0,50.0,Pre-menopausal,214.0,123.0,No
79967.0,52.0,Post-menopausal,148.0,78.0,No
79969.0,52.0,Post-menopausal,205.0,81.0,No
79972.0,34.0,Pre-menopausal,165.0,75.0,No
79987.0,66.0,Post-menopausal,219.0,118.0,No
79989.0,42.0,Post-menopausal,293.0,218.0,No
79993.0,15.0,Pre-menopausal,152.0,74.0,No
79999.0,49.0,Post-menopausal,159.0,79.0,No
80000.0,26.0,Post-menopausal,122.0,49.0,No
80005.0,40.0,Pre-menopausal,177.0,118.0,No
80008.0,67.0,Post-menopausal,149.0,67.0,No
80020.0,31.0,Pre-menopausal,184.0,111.0,No
80021.0,16.0,Pre-menopausal,187.0,110.0,No
80023.0,80.0,Post-menopausal,280.0,186.0,No
80024.0,48.0,Pre-menopausal,210.0,134.0,No
80026.0,55.0,Post-menopausal,211.0,132.0,No
80027.0,32.0,Pre-menopausal,209.0,112.0,No
80040.0,70.0,Post-menopausal,192.0,107.0,No
80041.0,42.0,Pre-menopausal,189.0,99.0,No
80055.0,44.0,Pre-menopausal,173.0,103.0,No
80056.0,41.0,Pre-menopausal,190.0,96.0,No
80059.0,47.0,Pre-menopausal,212.0,140.0,No
80060.0,42.0,Pre-menopausal,181.0,91.0,No
80061.0,50.0,Post-menopausal,215.0,126.0,No
80077.0,12.0,Pre-menopausal,113.0,42.0,No
80082.0,79.0,Post-menopausal,246.0,139.0,No
80096.0,57.0,Post-menopausal,210.0,122.0,No
80107.0,44.0,Pre-menopausal,226.0,124.0,No
80111.0,18.0,Pre-menopausal,237.0,170.0,No
80114.0,60.0,Post-menopausal,201.0,122.0,No
80119.0,80.0,Post-menopausal,219.0,134.0,No
80122.0,56.0,Post-menopausal,160.0,79.0,No
80128.0,22.0,Pre-menopausal,186.0,107.0,No
80138.0,55.0,Post-menopausal,162.0,96.0,No
80140.0,29.0,Pre-menopausal,117.0,69.0,No
80150.0,12.0,Pre-menopausal,175.0,96.0,No
80153.0,53.0,Pre-menopausal,233.0,137.0,No
80154.0,35.0,Pre-menopausal,166.0,103.0,No
80162.0,17.0,Pre-menopausal,144.0,72.0,No
80170.0,50.0,Post-menopausal,172.0,108.0,No
80179.0,75.0,Post-menopausal,270.0,186.0,Yes
80181.0,69.0,Post-menopausal,248.0,157.0,Yes
80199.0,61.0,Post-menopausal,243.0,160.0,No
80201.0,63.0,Post-menopausal,188.0,120.0,No
80212.0,56.0,Post-menopausal,197.0,95.0,No
80217.0,28.0,Pre-menopausal,151.0,73.0,No
80222.0,57.0,Post-menopausal,206.0,122.0,Yes
80225.0,40.0,Pre-menopausal,143.0,69.0,No
80231.0,36.0,Pre-menopausal,163.0,97.0,No
80241.0,61.0,Post-menopausal,158.0,76.0,No
80244.0,35.0,Pre-menopausal,213.0,108.0,No
80251.0,27.0,Pre-menopausal,147.0,69.0,No
80252.0,64.0,Post-menopausal,184.0,89.0,No
80254.0,31.0,Pre-menopausal,151.0,84.0,No
80262.0,73.0,Post-menopausal,228.0,121.0,No
80272.0,41.0,Post-menopausal,227.0,158.0,No
80274.0,70.0,Post-menopausal,221.0,118.0,No
80283.0,13.0,Pre-menopausal,166.0,81.0,No
80287.0,21.0,Pre-menopausal,198.0,124.0,No
80289.0,37.0,Pre-menopausal,146.0,89.0,No
80292.0,69.0,Post-menopausal,186.0,81.0,No
80295.0,38.0,Pre-menopausal,154.0,86.0,No
80296.0,64.0,Post-menopausal,158.0,98.0,No
80300.0,61.0,Post-menopausal,235.0,151.0,No
80315.0,60.0,Pre-menopausal,205.0,133.0,No
80329.0,69.0,Post-menopausal,179.0,67.0,No
80333.0,45.0,Pre-menopausal,217.0,144.0,No
80336.0,24.0,Pre-menopausal,161.0,76.0,No
80337.0,14.0,Pre-menopausal,138.0,82.0,No
80345.0,71.0,Post-menopausal,169.0,90.0,No
80347.0,44.0,Pre-menopausal,193.0,123.0,No
80349.0,28.0,Pre-menopausal,140.0,62.0,No
80357.0,42.0,Pre-menopausal,144.0,77.0,No
80360.0,62.0,Post-menopausal,143.0,60.0,No
80362.0,60.0,Post-menopausal,178.0,103.0,No
80364.0,47.0,Pre-menopausal,227.0,132.0,No
80371.0,39.0,Pre-menopausal,147.0,83.0,No
80384.0,46.0,Post-menopausal,207.0,118.0,No
80387.0,42.0,Pre-menopausal,144.0,51.0,No
80388.0,60.0,Post-menopausal,249.0,156.0,No
80390.0,65.0,Post-menopausal,253.0,172.0,No
80407.0,15.0,Pre-menopausal,155.0,76.0,No
80408.0,43.0,Pre-menopausal,204.0,96.0,No
80417.0,60.0,Post-menopausal,238.0,153.0,No
80421.0,13.0,Pre-menopausal,124.0,51.0,No
80431.0,16.0,Pre-menopausal,209.0,109.0,No
80432.0,77.0,Pre-menopausal,174.0,60.0,No
80433.0,13.0,Pre-menopausal,152.0,81.0,No
80434.0,62.0,Post-menopausal,275.0,159.0,No
80436.0,73.0,Post-menopausal,191.0,123.0,No
80438.0,37.0,Pre-menopausal,243.0,160.0,No
80441.0,49.0,Pre-menopausal,145.0,80.0,No
80442.0,41.0,Pre-menopausal,163.0,103.0,No
80446.0,31.0,Pre-menopausal,223.0,86.0,No
80456.0,47.0,Pre-menopausal,184.0,73.0,No
80458.0,24.0,Pre-menopausal,285.0,201.0,No
80459.0,16.0,Pre-menopausal,162.0,76.0,No
80466.0,25.0,Pre-menopausal,236.0,96.0,No
80468.0,52.0,Post-menopausal,184.0,104.0,No
80469.0,74.0,Post-menopausal,169.0,87.0,No
80482.0,55.0,Post-menopausal,463.0,375.0,No
80486.0,69.0,Post-menopausal,204.0,120.0,No
80489.0,20.0,Pre-menopausal,163.0,88.0,No
80497.0,37.0,Pre-menopausal,205.0,107.0,No
80513.0,40.0,Pre-menopausal,104.0,44.0,No
80519.0,36.0,Pre-menopausal,205.0,129.0,No
80525.0,34.0,Pre-menopausal,202.0,133.0,No
80526.0,35.0,Pre-menopausal,174.0,99.0,No
80531.0,46.0,Pre-menopausal,175.0,102.0,No
80533.0,66.0,Post-menopausal,265.0,181.0,No
80534.0,12.0,Pre-menopausal,144.0,77.0,No
80535.0,25.0,Post-menopausal,209.0,128.0,No
80542.0,36.0,Pre-menopausal,179.0,93.0,No
80563.0,12.0,Pre-menopausal,121.0,60.0,No
80565.0,47.0,Post-menopausal,170.0,103.0,No
80570.0,74.0,Post-menopausal,210.0,124.0,No
80573.0,63.0,Post-menopausal,223.0,139.0,No
80574.0,12.0,Pre-menopausal,136.0,75.0,No
80575.0,16.0,Pre-menopausal,115.0,44.0,No
80583.0,24.0,Pre-menopausal,148.0,79.0,No
80588.0,59.0,Post-menopausal,227.0,141.0,No
80589.0,28.0,Pre-menopausal,259.0,161.0,No
80590.0,43.0,Pre-menopausal,136.0,79.0,Yes
80601.0,71.0,Post-menopausal,177.0,117.0,Yes
80622.0,45.0,Pre-menopausal,178.0,126.0,No
80633.0,30.0,Pre-menopausal,155.0,97.0,No
80636.0,49.0,Pre-menopausal,176.0,102.0,No
80642.0,14.0,Pre-menopausal,123.0,55.0,No
80645.0,22.0,Pre-menopausal,220.0,140.0,No
80651.0,64.0,Post-menopausal,203.0,124.0,No
80667.0,33.0,Pre-menopausal,161.0,102.0,No
80672.0,46.0,Pre-menopausal,212.0,143.0,No
80676.0,72.0,Post-menopausal,301.0,213.0,No
80682.0,80.0,Post-menopausal,170.0,86.0,No
80685.0,33.0,Pre-menopausal,166.0,94.0,No
80688.0,26.0,Pre-menopausal,101.0,47.0,No
80696.0,16.0,Pre-menopausal,183.0,113.0,No
80701.0,31.0,Pre-menopausal,146.0,80.0,No
80703.0,55.0,Post-menopausal,220.0,110.0,No
80708.0,66.0,Post-menopausal,207.0,133.0,No
80709.0,59.0,Post-menopausal,218.0,138.0,No
80719.0,80.0,Post-menopausal,137.0,51.0,No
80739.0,30.0,Post-menopausal,140.0,82.0,No
80750.0,80.0,Post-menopausal,170.0,73.0,No
80757.0,39.0,Pre-menopausal,210.0,134.0,No
80774.0,76.0,Post-menopausal,245.0,174.0,No
80781.0,62.0,Post-menopausal,182.0,118.0,No
80783.0,17.0,Pre-menopausal,187.0,118.0,No
80786.0,80.0,Post-menopausal,153.0,59.0,Yes
80792.0,76.0,Post-menopausal,185.0,89.0,No
80795.0,28.0,Pre-menopausal,153.0,88.0,No
80805.0,37.0,Pre-menopausal,219.0,131.0,No
80815.0,56.0,Post-menopausal,203.0,125.0,No
80816.0,31.0,Pre-menopausal,197.0,117.0,No
80842.0,62.0,Post-menopausal,187.0,113.0,No
80843.0,77.0,Pre-menopausal,113.0,78.0,Yes
80846.0,80.0,Post-menopausal,177.0,104.0,No
80854.0,27.0,Pre-menopausal,198.0,101.0,No
80859.0,75.0,Post-menopausal,172.0,76.0,No
80873.0,36.0,Pre-menopausal,171.0,97.0,No
80879.0,48.0,Post-menopausal,166.0,114.0,No
80881.0,30.0,Pre-menopausal,121.0,65.0,No
80890.0,65.0,Post-menopausal,228.0,147.0,No
80899.0,15.0,Pre-menopausal,155.0,95.0,No
80903.0,30.0,Pre-menopausal,203.0,130.0,No
80905.0,22.0,Pre-menopausal,87.0,39.0,No
80908.0,53.0,Post-menopausal,259.0,147.0,No
80909.0,12.0,Pre-menopausal,158.0,95.0,No
80915.0,66.0,Post-menopausal,161.0,71.0,No
80924.0,39.0,Pre-menopausal,194.0,121.0,No
80954.0,29.0,Pre-menopausal,149.0,96.0,No
80955.0,72.0,Pre-menopausal,189.0,97.0,No
80956.0,18.0,Pre-menopausal,193.0,122.0,No
80961.0,41.0,Pre-menopausal,182.0,96.0,No
80962.0,72.0,Post-menopausal,234.0,134.0,No
80964.0,19.0,Pre-menopausal,181.0,108.0,No
80966.0,27.0,Pre-menopausal,242.0,149.0,No
80975.0,26.0,Pre-menopausal,140.0,83.0,No
81003.0,16.0,Pre-menopausal,126.0,52.0,No
81009.0,56.0,Pre-menopausal,147.0,70.0,No
81015.0,20.0,Pre-menopausal,170.0,105.0,No
81040.0,52.0,Post-menopausal,150.0,70.0,No
81048.0,13.0,Pre-menopausal,128.0,75.0,No
81049.0,12.0,Pre-menopausal,156.0,84.0,No
81055.0,48.0,Pre-menopausal,176.0,93.0,No
81056.0,49.0,Post-menopausal,213.0,137.0,Yes
81060.0,14.0,Pre-menopausal,158.0,94.0,No
81069.0,26.0,Pre-menopausal,168.0,112.0,No
81076.0,18.0,Pre-menopausal,154.0,69.0,No
81080.0,12.0,Pre-menopausal,197.0,131.0,No
81082.0,60.0,Post-menopausal,202.0,117.0,No
81087.0,36.0,Pre-menopausal,145.0,64.0,No
81088.0,54.0,Post-menopausal,192.0,115.0,No
81093.0,36.0,Pre-menopausal,171.0,101.0,Yes
81099.0,36.0,Pre-menopausal,207.0,139.0,No
81100.0,80.0,Post-menopausal,113.0,57.0,Yes
81101.0,38.0,Pre-menopausal,243.0,157.0,No
81104.0,67.0,Post-menopausal,181.0,89.0,No
81108.0,13.0,Pre-menopausal,250.0,196.0,No
81109.0,77.0,Post-menopausal,147.0,85.0,No
81110.0,56.0,Post-menopausal,223.0,134.0,No
81119.0,37.0,Pre-menopausal,200.0,112.0,No
81124.0,15.0,Pre-menopausal,128.0,59.0,No
81133.0,17.0,Pre-menopausal,179.0,105.0,No
81138.0,42.0,Pre-menopausal,199.0,126.0,No
81153.0,30.0,Pre-menopausal,166.0,95.0,No
81155.0,56.0,Post-menopausal,191.0,108.0,No
81162.0,80.0,Post-menopausal,224.0,141.0,No
81163.0,79.0,Post-menopausal,141.0,62.0,No
81168.0,28.0,Pre-menopausal,160.0,52.0,No
81170.0,24.0,Post-menopausal,136.0,73.0,No
81171.0,49.0,Post-menopausal,221.0,114.0,No
81173.0,50.0,Pre-menopausal,235.0,142.0,No
81177.0,48.0,Post-menopausal,173.0,92.0,No
81182.0,16.0,Pre-menopausal,134.0,51.0,No
81188.0,14.0,Pre-menopausal,172.0,91.0,No
81190.0,23.0,Pre-menopausal,197.0,106.0,No
81196.0,41.0,Pre-menopausal,171.0,91.0,No
81197.0,47.0,Pre-menopausal,176.0,82.0,No
81204.0,65.0,Post-menopausal,205.0,139.0,No
81212.0,37.0,Pre-menopausal,164.0,91.0,No
81227.0,12.0,Pre-menopausal,159.0,88.0,No
81228.0,65.0,Post-menopausal,155.0,87.0,No
81230.0,52.0,Post-menopausal,192.0,107.0,No
81232.0,59.0,Post-menopausal,263.0,185.0,No
81238.0,21.0,Post-menopausal,185.0,125.0,No
81283.0,67.0,Post-menopausal,217.0,141.0,No
81285.0,74.0,Post-menopausal,240.0,136.0,No
81286.0,16.0,Pre-menopausal,152.0,89.0,No
81288.0,71.0,Post-menopausal,234.0,147.0,No
81289.0,17.0,Pre-menopausal,122.0,71.0,No
81296.0,63.0,Post-menopausal,181.0,101.0,No
81309.0,55.0,Pre-menopausal,209.0,126.0,No
81316.0,43.0,Pre-menopausal,208.0,137.0,No
81317.0,45.0,Pre-menopausal,186.0,95.0,No
81319.0,38.0,Pre-menopausal,167.0,95.0,No
81322.0,55.0,Post-menopausal,195.0,113.0,No
81326.0,16.0,Pre-menopausal,153.0,83.0,No
81329.0,63.0,Post-menopausal,215.0,138.0,No
81345.0,63.0,Post-menopausal,206.0,136.0,No
81359.0,57.0,Post-menopausal,174.0,107.0,Yes
81368.0,65.0,Post-menopausal,246.0,141.0,No
81370.0,43.0,Pre-menopausal,175.0,107.0,No
81374.0,43.0,Pre-menopausal,270.0,169.0,No
81381.0,73.0,Pre-menopausal,190.0,111.0,No
81406.0,26.0,Pre-menopausal,163.0,107.0,No
81407.0,16.0,Pre-menopausal,139.0,84.0,No
81413.0,50.0,Post-menopausal,227.0,110.0,No
81419.0,14.0,Pre-menopausal,175.0,112.0,No
81426.0,12.0,Pre-menopausal,170.0,111.0,No
81429.0,65.0,Post-menopausal,211.0,143.0,No
81436.0,80.0,Post-menopausal,179.0,98.0,No
81438.0,56.0,Post-menopausal,176.0,99.0,No
81442.0,32.0,Pre-menopausal,182.0,89.0,No
81444.0,51.0,Post-menopausal,183.0,102.0,No
81457.0,45.0,Pre-menopausal,136.0,66.0,No
81462.0,53.0,Post-menopausal,218.0,131.0,No
81470.0,43.0,Pre-menopausal,223.0,132.0,No
81471.0,14.0,Pre-menopausal,186.0,92.0,No
81477.0,70.0,Post-menopausal,265.0,166.0,No
81490.0,26.0,Pre-menopausal,210.0,144.0,No
81492.0,51.0,Pre-menopausal,216.0,129.0,No
81495.0,74.0,Post-menopausal,181.0,89.0,No
81506.0,22.0,Pre-menopausal,214.0,140.0,No
81508.0,52.0,Post-menopausal,168.0,90.0,No
81510.0,13.0,Pre-menopausal,135.0,69.0,No
81518.0,13.0,Pre-menopausal,165.0,93.0,No
81521.0,55.0,Post-menopausal,158.0,66.0,No
81530.0,73.0,Post-menopausal,157.0,80.0,Yes
81535.0,46.0,Pre-menopausal,289.0,206.0,No
81541.0,15.0,Pre-menopausal,205.0,138.0,No
81547.0,60.0,Post-menopausal,206.0,141.0,No
81556.0,25.0,Pre-menopausal,187.0,107.0,No
81570.0,58.0,Post-menopausal,200.0,116.0,No
81573.0,64.0,Pre-menopausal,158.0,82.0,No
81576.0,40.0,Pre-menopausal,174.0,99.0,No
81579.0,73.0,Post-menopausal,218.0,126.0,No
81580.0,68.0,Post-menopausal,183.0,87.0,No
81584.0,48.0,Pre-menopausal,182.0,103.0,No
81600.0,70.0,Post-menopausal,128.0,53.0,Yes
81602.0,37.0,Pre-menopausal,255.0,165.0,No
81603.0,76.0,Post-menopausal,190.0,101.0,No
81606.0,42.0,Pre-menopausal,142.0,83.0,No
81607.0,29.0,Pre-menopausal,105.0,38.0,No
81608.0,33.0,Pre-menopausal,150.0,57.0,No
81622.0,65.0,Post-menopausal,163.0,106.0,No
81625.0,41.0,Pre-menopausal,177.0,109.0,No
81626.0,40.0,Pre-menopausal,204.0,135.0,No
81630.0,14.0,Pre-menopausal,127.0,67.0,No
81638.0,15.0,Pre-menopausal,181.0,106.0,No
81643.0,50.0,Post-menopausal,163.0,86.0,No
81662.0,33.0,Pre-menopausal,222.0,145.0,No
81667.0,19.0,Pre-menopausal,187.0,127.0,No
81672.0,33.0,Pre-menopausal,190.0,92.0,No
81683.0,20.0,Pre-menopausal,133.0,67.0,No
81686.0,55.0,Post-menopausal,219.0,141.0,No
81689.0,18.0,Post-menopausal,206.0,145.0,No
81699.0,19.0,Pre-menopausal,135.0,56.0,No
81714.0,58.0,Post-menopausal,204.0,105.0,No
81715.0,42.0,Pre-menopausal,209.0,121.0,No
81721.0,39.0,Pre-menopausal,176.0,116.0,No
81722.0,47.0,Pre-menopausal,295.0,212.0,No
81725.0,40.0,Pre-menopausal,153.0,84.0,No
81736.0,76.0,Post-menopausal,178.0,111.0,No
81738.0,15.0,Pre-menopausal,154.0,84.0,No
81750.0,22.0,Pre-menopausal,160.0,74.0,No
81754.0,16.0,Pre-menopausal,129.0,81.0,No
81768.0,48.0,Post-menopausal,168.0,106.0,No
81777.0,63.0,Post-menopausal,179.0,112.0,No
81779.0,63.0,Post-menopausal,161.0,100.0,No
81784.0,53.0,Post-menopausal,180.0,97.0,No
81797.0,74.0,Post-menopausal,172.0,90.0,No
81805.0,21.0,Pre-menopausal,185.0,78.0,No
81808.0,18.0,Pre-menopausal,155.0,89.0,No
81816.0,51.0,Post-menopausal,236.0,150.0,No
81822.0,51.0,Pre-menopausal,198.0,107.0,No
81825.0,44.0,Pre-menopausal,148.0,78.0,No
81831.0,72.0,Post-menopausal,235.0,165.0,No
81835.0,47.0,Pre-menopausal,229.0,127.0,No
81836.0,36.0,Pre-menopausal,208.0,140.0,No
81846.0,19.0,Pre-menopausal,190.0,109.0,No
81847.0,38.0,Pre-menopausal,164.0,68.0,Yes
81848.0,22.0,Pre-menopausal,132.0,65.0,No
81849.0,44.0,Pre-menopausal,240.0,149.0,No
81855.0,27.0,Pre-menopausal,167.0,111.0,No
81866.0,53.0,Pre-menopausal,198.0,131.0,No
81889.0,20.0,Pre-menopausal,162.0,78.0,No
81890.0,67.0,Post-menopausal,192.0,129.0,No
81891.0,28.0,Pre-menopausal,192.0,127.0,No
81894.0,32.0,Pre-menopausal,166.0,115.0,No
81898.0,29.0,Pre-menopausal,196.0,136.0,No
81900.0,54.0,Pre-menopausal,192.0,89.0,No
81909.0,18.0,Pre-menopausal,159.0,89.0,No
81921.0,14.0,Pre-menopausal,145.0,84.0,No
81933.0,80.0,Post-menopausal,200.0,131.0,Yes
81943.0,13.0,Pre-menopausal,159.0,82.0,No
81962.0,38.0,Pre-menopausal,183.0,104.0,No
81966.0,31.0,Pre-menopausal,149.0,90.0,No
81967.0,30.0,Pre-menopausal,187.0,102.0,No
81968.0,26.0,Pre-menopausal,142.0,75.0,No
81975.0,48.0,Pre-menopausal,229.0,136.0,No
81977.0,16.0,Pre-menopausal,167.0,106.0,No
81978.0,63.0,Post-menopausal,208.0,133.0,No
81987.0,80.0,Pre-menopausal,199.0,100.0,No
81989.0,46.0,Post-menopausal,242.0,149.0,No
81991.0,12.0,Pre-menopausal,183.0,102.0,No
81992.0,51.0,Post-menopausal,231.0,136.0,No
81998.0,56.0,Pre-menopausal,158.0,98.0,No
82007.0,55.0,Post-menopausal,249.0,129.0,No
82012.0,71.0,Post-menopausal,219.0,137.0,No
82017.0,18.0,Post-menopausal,118.0,69.0,No
82021.0,53.0,Post-menopausal,277.0,179.0,No
82023.0,41.0,Pre-menopausal,186.0,67.0,No
82028.0,46.0,Pre-menopausal,147.0,69.0,No
82039.0,25.0,Pre-menopausal,130.0,49.0,No
82041.0,66.0,Post-menopausal,256.0,161.0,No
82049.0,15.0,Pre-menopausal,144.0,95.0,No
82052.0,60.0,Post-menopausal,138.0,66.0,No
82053.0,43.0,Pre-menopausal,170.0,89.0,No
82061.0,80.0,Post-menopausal,187.0,121.0,Yes
82066.0,15.0,Pre-menopausal,127.0,58.0,No
82067.0,56.0,Post-menopausal,156.0,76.0,No
82091.0,69.0,Post-menopausal,125.0,69.0,No
82102.0,56.0,Pre-menopausal,171.0,87.0,Yes
82112.0,37.0,Pre-menopausal,155.0,68.0,No
82114.0,14.0,Pre-menopausal,130.0,56.0,No
82116.0,18.0,Pre-menopausal,194.0,118.0,No
82131.0,73.0,Post-menopausal,211.0,138.0,Yes
82133.0,61.0,Post-menopausal,254.0,176.0,No
82141.0,12.0,Pre-menopausal,203.0,127.0,No
82144.0,50.0,Post-menopausal,164.0,114.0,No
82147.0,56.0,Post-menopausal,202.0,140.0,No
82169.0,58.0,Post-menopausal,252.0,136.0,Yes
82170.0,62.0,Post-menopausal,204.0,126.0,No
82181.0,60.0,Post-menopausal,205.0,121.0,No
82187.0,18.0,Pre-menopausal,157.0,89.0,No
82191.0,76.0,Post-menopausal,146.0,55.0,Yes
82198.0,17.0,Pre-menopausal,141.0,84.0,No
82199.0,19.0,Pre-menopausal,174.0,103.0,No
82201.0,80.0,Post-menopausal,148.0,67.0,Yes
82207.0,37.0,Pre-menopausal,182.0,93.0,No
82218.0,15.0,Pre-menopausal,146.0,81.0,No
82227.0,79.0,Post-menopausal,223.0,114.0,No
82235.0,73.0,Post-menopausal,168.0,103.0,No
82240.0,17.0,Post-menopausal,151.0,103.0,No
82242.0,16.0,Pre-menopausal,152.0,59.0,No
82248.0,15.0,Pre-menopausal,145.0,74.0,No
82252.0,40.0,Pre-menopausal,145.0,78.0,No
82253.0,19.0,Post-menopausal,212.0,156.0,No
82257.0,25.0,Pre-menopausal,166.0,85.0,No
82279.0,13.0,Pre-menopausal,173.0,105.0,No
82281.0,41.0,Pre-menopausal,171.0,95.0,No
82286.0,14.0,Pre-menopausal,152.0,91.0,No
82296.0,15.0,Pre-menopausal,189.0,120.0,No
82310.0,19.0,Pre-menopausal,140.0,63.0,No
82334.0,50.0,Pre-menopausal,237.0,160.0,No
82337.0,35.0,Pre-menopausal,121.0,52.0,No
82338.0,31.0,Pre-menopausal,240.0,164.0,No
82346.0,51.0,Post-menopausal,147.0,93.0,No
82354.0,57.0,Post-menopausal,190.0,116.0,No
82356.0,63.0,Post-menopausal,179.0,120.0,Yes
82365.0,17.0,Pre-menopausal,129.0,63.0,No
82372.0,44.0,Post-menopausal,250.0,177.0,Yes
82384.0,65.0,Post-menopausal,202.0,116.0,No
82389.0,34.0,Pre-menopausal,216.0,127.0,No
82395.0,25.0,Pre-menopausal,155.0,90.0,No
82401.0,30.0,Pre-menopausal,181.0,88.0,No
82412.0,22.0,Pre-menopausal,188.0,112.0,No
82413.0,47.0,Post-menopausal,235.0,146.0,No
82424.0,70.0,Post-menopausal,162.0,97.0,No
82428.0,26.0,Pre-menopausal,173.0,114.0,No
82430.0,24.0,Pre-menopausal,160.0,86.0,No
82434.0,70.0,Post-menopausal,232.0,153.0,No
82441.0,80.0,Post-menopausal,143.0,71.0,No
82447.0,15.0,Pre-menopausal,130.0,60.0,No
82450.0,34.0,Pre-menopausal,170.0,100.0,No
82454.0,37.0,Pre-menopausal,168.0,88.0,No
82455.0,25.0,Pre-menopausal,125.0,67.0,No
82485.0,33.0,Pre-menopausal,155.0,85.0,No
82494.0,19.0,Pre-menopausal,146.0,87.0,No
82495.0,51.0,Pre-menopausal,160.0,80.0,No
82502.0,16.0,Pre-menopausal,158.0,94.0,No
82503.0,16.0,Pre-menopausal,168.0,108.0,No
82512.0,21.0,Pre-menopausal,167.0,101.0,No
82519.0,25.0,Pre-menopausal,173.0,97.0,No
82524.0,21.0,Pre-menopausal,140.0,85.0,No
82529.0,35.0,Pre-menopausal,189.0,97.0,No
82535.0,64.0,Post-menopausal,212.0,126.0,No
82536.0,49.0,Post-menopausal,232.0,153.0,No
82538.0,26.0,Pre-menopausal,162.0,90.0,No
82543.0,12.0,Pre-menopausal,175.0,109.0,No
82550.0,34.0,Pre-menopausal,205.0,104.0,No
82558.0,54.0,Post-menopausal,199.0,110.0,No
82562.0,36.0,Pre-menopausal,158.0,78.0,No
82603.0,44.0,Pre-menopausal,205.0,127.0,No
82614.0,14.0,Pre-menopausal,180.0,102.0,No
82625.0,79.0,Post-menopausal,190.0,106.0,No
82628.0,14.0,Pre-menopausal,153.0,76.0,No
82636.0,46.0,Pre-menopausal,182.0,107.0,No
82638.0,29.0,Pre-menopausal,179.0,105.0,No
82640.0,24.0,Post-menopausal,174.0,92.0,No
82648.0,25.0,Pre-menopausal,69.0,23.0,No
82654.0,18.0,Pre-menopausal,150.0,80.0,No
82657.0,66.0,Post-menopausal,200.0,112.0,No
82660.0,32.0,Pre-menopausal,166.0,111.0,No
82665.0,53.0,Post-menopausal,205.0,138.0,No
82678.0,58.0,Post-menopausal,260.0,151.0,No
82702.0,64.0,Post-menopausal,189.0,115.0,Yes
82708.0,78.0,Post-menopausal,174.0,101.0,No
82712.0,56.0,Post-menopausal,157.0,71.0,No
82714.0,14.0,Pre-menopausal,127.0,60.0,No
82723.0,74.0,Post-menopausal,191.0,105.0,No
82724.0,28.0,Pre-menopausal,178.0,101.0,No
82726.0,16.0,Pre-menopausal,148.0,91.0,No
82730.0,14.0,Pre-menopausal,175.0,102.0,No
82731.0,36.0,Pre-menopausal,155.0,79.0,No
82733.0,40.0,Pre-menopausal,228.0,135.0,No
82737.0,66.0,Post-menopausal,175.0,98.0,Yes
82739.0,55.0,Post-menopausal,171.0,95.0,No
82750.0,27.0,Pre-menopausal,167.0,90.0,No
82755.0,32.0,Pre-menopausal,263.0,176.0,No
82766.0,48.0,Pre-menopausal,159.0,88.0,Yes
82769.0,55.0,Post-menopausal,209.0,118.0,No
82770.0,46.0,Pre-menopausal,181.0,115.0,No
82781.0,17.0,Pre-menopausal,108.0,67.0,No
82794.0,55.0,Post-menopausal,259.0,159.0,No
82797.0,18.0,Pre-menopausal,207.0,120.0,No
82803.0,23.0,Pre-menopausal,192.0,126.0,No
82805.0,34.0,Pre-menopausal,145.0,87.0,No
82813.0,24.0,Pre-menopausal,157.0,72.0,No
82825.0,18.0,Pre-menopausal,172.0,100.0,No
82831.0,54.0,Post-menopausal,224.0,140.0,No
82832.0,49.0,Pre-menopausal,262.0,157.0,No
82839.0,32.0,Pre-menopausal,175.0,106.0,No
82842.0,68.0,Post-menopausal,190.0,97.0,No
82846.0,33.0,Pre-menopausal,206.0,126.0,No
82848.0,18.0,Pre-menopausal,138.0,81.0,No
82851.0,51.0,Pre-menopausal,186.0,117.0,No
82857.0,47.0,Pre-menopausal,141.0,82.0,No
82862.0,39.0,Pre-menopausal,157.0,91.0,No
82874.0,59.0,Post-menopausal,183.0,98.0,No
82879.0,76.0,Post-menopausal,230.0,102.0,No
82896.0,22.0,Pre-menopausal,146.0,85.0,No
82897.0,46.0,Pre-menopausal,222.0,149.0,No
82904.0,68.0,Post-menopausal,127.0,64.0,No
82916.0,53.0,Post-menopausal,193.0,103.0,No
82920.0,45.0,Post-menopausal,150.0,77.0,No
82926.0,57.0,Post-menopausal,188.0,89.0,No
82930.0,14.0,Pre-menopausal,163.0,84.0,No
82940.0,21.0,Pre-menopausal,158.0,92.0,No
82945.0,80.0,Post-menopausal,185.0,94.0,No
82957.0,38.0,Pre-menopausal,178.0,100.0,No
82961.0,61.0,Post-menopausal,247.0,172.0,No
82963.0,60.0,Pre-menopausal,143.0,69.0,No
82967.0,80.0,Post-menopausal,188.0,101.0,Yes
82975.0,44.0,Post-menopausal,236.0,159.0,No
82978.0,41.0,Pre-menopausal,265.0,171.0,No
82980.0,12.0,Pre-menopausal,146.0,90.0,No
82982.0,74.0,Post-menopausal,210.0,134.0,No
82984.0,12.0,Pre-menopausal,146.0,75.0,No
82991.0,16.0,Pre-menopausal,112.0,69.0,No
83001.0,43.0,Pre-menopausal,207.0,129.0,No
83010.0,80.0,Post-menopausal,165.0,80.0,Yes
83011.0,21.0,Pre-menopausal,153.0,75.0,No
83012.0,12.0,Pre-menopausal,182.0,110.0,No
83016.0,80.0,Post-menopausal,199.0,116.0,Yes
83017.0,17.0,Pre-menopausal,147.0,81.0,No
83021.0,15.0,Pre-menopausal,126.0,56.0,No
83024.0,13.0,Pre-menopausal,125.0,55.0,No
83025.0,15.0,Pre-menopausal,105.0,38.0,No
83027.0,50.0,Pre-menopausal,237.0,127.0,No
83033.0,60.0,Post-menopausal,141.0,75.0,Yes
83037.0,66.0,Post-menopausal,232.0,138.0,No
83046.0,79.0,Post-menopausal,178.0,100.0,No
83061.0,55.0,Post-menopausal,205.0,130.0,No
83063.0,53.0,Post-menopausal,270.0,193.0,No
83067.0,34.0,Pre-menopausal,183.0,115.0,No
83069.0,25.0,Pre-menopausal,179.0,124.0,No
83073.0,53.0,Post-menopausal,160.0,104.0,No
83074.0,27.0,Pre-menopausal,192.0,120.0,No
83076.0,13.0,Pre-menopausal,139.0,66.0,No
83096.0,23.0,Pre-menopausal,195.0,129.0,No
83100.0,57.0,Post-menopausal,241.0,170.0,No
83101.0,21.0,Pre-menopausal,91.0,35.0,No
83108.0,49.0,Pre-menopausal,148.0,73.0,No
83118.0,71.0,Post-menopausal,158.0,62.0,No
83144.0,34.0,Post-menopausal,203.0,146.0,No
83156.0,13.0,Pre-menopausal,141.0,77.0,No
83165.0,47.0,Pre-menopausal,160.0,101.0,No
83170.0,68.0,Post-menopausal,154.0,75.0,No
83182.0,45.0,Post-menopausal,137.0,69.0,No
83184.0,59.0,Post-menopausal,225.0,94.0,No
83186.0,64.0,Post-menopausal,212.0,138.0,No
83197.0,25.0,Pre-menopausal,165.0,104.0,No
83201.0,53.0,Pre-menopausal,201.0,128.0,No
83203.0,61.0,Post-menopausal,211.0,125.0,Yes
83222.0,51.0,Post-menopausal,178.0,104.0,No
83251.0,23.0,Pre-menopausal,172.0,110.0,No
83252.0,41.0,Pre-menopausal,177.0,115.0,No
83253.0,55.0,Post-menopausal,178.0,105.0,No
83255.0,80.0,Post-menopausal,185.0,88.0,Yes
83256.0,19.0,Pre-menopausal,155.0,92.0,No
83260.0,24.0,Pre-menopausal,131.0,73.0,No
83282.0,71.0,Post-menopausal,160.0,80.0,No
83284.0,52.0,Pre-menopausal,183.0,80.0,No
83295.0,14.0,Pre-menopausal,172.0,94.0,No
83296.0,25.0,Post-menopausal,155.0,93.0,No
83297.0,75.0,Post-menopausal,199.0,120.0,Yes
83300.0,80.0,Post-menopausal,221.0,122.0,No
83309.0,42.0,Pre-menopausal,143.0,86.0,No
83316.0,31.0,Pre-menopausal,114.0,64.0,No
83321.0,80.0,Post-menopausal,161.0,63.0,Yes
83325.0,13.0,Pre-menopausal,162.0,70.0,No
83326.0,65.0,Post-menopausal,242.0,171.0,No
83332.0,14.0,Pre-menopausal,120.0,63.0,No
83341.0,68.0,Post-menopausal,216.0,132.0,No
83362.0,31.0,Post-menopausal,153.0,91.0,No
83372.0,25.0,Pre-menopausal,129.0,78.0,No
83376.0,43.0,Post-menopausal,169.0,98.0,No
83383.0,12.0,Pre-menopausal,233.0,146.0,No
83393.0,23.0,Pre-menopausal,152.0,73.0,No
83395.0,75.0,Post-menopausal,224.0,143.0,No
83397.0,19.0,Pre-menopausal,149.0,84.0,No
83398.0,56.0,Post-menopausal,214.0,139.0,No
83400.0,16.0,Pre-menopausal,155.0,88.0,No
83403.0,80.0,Post-menopausal,240.0,167.0,No
83409.0,43.0,Pre-menopausal,183.0,116.0,No
83415.0,26.0,Pre-menopausal,189.0,89.0,No
83424.0,57.0,Post-menopausal,249.0,169.0,No
83426.0,56.0,Post-menopausal,275.0,154.0,No
83427.0,27.0,Pre-menopausal,153.0,93.0,No
83428.0,63.0,Post-menopausal,221.0,116.0,No
83429.0,61.0,Post-menopausal,201.0,124.0,No
83431.0,64.0,Post-menopausal,208.0,142.0,No
83433.0,29.0,Pre-menopausal,167.0,92.0,No
83437.0,49.0,Pre-menopausal,169.0,91.0,Yes
83440.0,13.0,Pre-menopausal,204.0,115.0,No
83448.0,43.0,Pre-menopausal,160.0,82.0,No
83453.0,19.0,Pre-menopausal,193.0,93.0,No
83455.0,44.0,Pre-menopausal,204.0,108.0,No
83464.0,75.0,Post-menopausal,145.0,93.0,Yes
83472.0,63.0,Post-menopausal,278.0,170.0,No
83491.0,39.0,Pre-menopausal,213.0,141.0,No
83494.0,19.0,Pre-menopausal,267.0,175.0,No
83496.0,18.0,Pre-menopausal,179.0,108.0,No
83497.0,29.0,Pre-menopausal,179.0,104.0,No
83505.0,70.0,Post-menopausal,192.0,90.0,No
83516.0,66.0,Post-menopausal,206.0,93.0,Yes
83523.0,17.0,Pre-menopausal,147.0,105.0,No
83524.0,55.0,Post-menopausal,266.0,161.0,No
83542.0,71.0,Post-menopausal,168.0,94.0,No
83562.0,21.0,Pre-menopausal,173.0,99.0,No
83563.0,59.0,Post-menopausal,213.0,115.0,No
83568.0,32.0,Pre-menopausal,170.0,107.0,No
83576.0,65.0,Post-menopausal,139.0,60.0,Yes
83581.0,41.0,Pre-menopausal,154.0,49.0,No
83597.0,42.0,Pre-menopausal,235.0,167.0,No
83616.0,60.0,Post-menopausal,171.0,100.0,No
83624.0,50.0,Post-menopausal,155.0,59.0,No
83625.0,58.0,Post-menopausal,297.0,214.0,No
83630.0,80.0,Post-menopausal,225.0,128.0,No
83648.0,18.0,Pre-menopausal,199.0,120.0,No
83658.0,50.0,Pre-menopausal,271.0,176.0,No
83671.0,19.0,Pre-menopausal,302.0,154.0,No
83673.0,17.0,Pre-menopausal,179.0,106.0,No
83676.0,51.0,Pre-menopausal,214.0,117.0,No
83677.0,18.0,Pre-menopausal,152.0,92.0,No
83678.0,42.0,Pre-menopausal,256.0,124.0,No
83679.0,14.0,Pre-menopausal,119.0,41.0,No
83683.0,33.0,Pre-menopausal,160.0,75.0,No
83694.0,36.0,Pre-menopausal,171.0,65.0,No
83699.0,37.0,Pre-menopausal,255.0,143.0,No
83702.0,80.0,Post-menopausal,309.0,221.0,No
83711.0,38.0,Pre-menopausal,209.0,141.0,No
83714.0,19.0,Pre-menopausal,187.0,127.0,No
83718.0,60.0,Post-menopausal,221.0,135.0,No
83736.0,42.0,Pre-menopausal,204.0,142.0,No
83737.0,72.0,Post-menopausal,190.0,103.0,No
83749.0,17.0,Pre-menopausal,147.0,84.0,No
83754.0,67.0,Post-menopausal,169.0,88.0,No
83757.0,57.0,Post-menopausal,227.0,157.0,Yes
83761.0,24.0,Pre-menopausal,243.0,162.0,No
83773.0,80.0,Post-menopausal,134.0,44.0,No
83781.0,27.0,Pre-menopausal,146.0,80.0,No
83787.0,68.0,Post-menopausal,243.0,135.0,No
83801.0,80.0,Post-menopausal,126.0,63.0,Yes
83809.0,20.0,Pre-menopausal,143.0,61.0,No
83815.0,15.0,Pre-menopausal,188.0,119.0,No
83818.0,80.0,Post-menopausal,108.0,40.0,No
83822.0,20.0,Pre-menopausal,206.0,119.0,No
83823.0,29.0,Pre-menopausal,254.0,162.0,No
83825.0,16.0,Pre-menopausal,176.0,107.0,No
83828.0,39.0,Pre-menopausal,189.0,114.0,No
83832.0,50.0,Post-menopausal,185.0,113.0,No
83835.0,13.0,Pre-menopausal,130.0,73.0,No
83836.0,18.0,Pre-menopausal,236.0,151.0,No
83845.0,44.0,Post-menopausal,139.0,40.0,No
83851.0,37.0,Post-menopausal,197.0,145.0,No
83853.0,49.0,Pre-menopausal,243.0,164.0,No
83854.0,46.0,Post-menopausal,185.0,120.0,No
83855.0,12.0,Pre-menopausal,122.0,60.0,No
83883.0,80.0,Post-menopausal,184.0,86.0,No
83885.0,38.0,Pre-menopausal,269.0,199.0,No
83887.0,51.0,Pre-menopausal,204.0,92.0,No
83891.0,54.0,Post-menopausal,227.0,112.0,No
83895.0,80.0,Post-menopausal,213.0,109.0,No
83897.0,29.0,Pre-menopausal,176.0,106.0,No
83903.0,47.0,Pre-menopausal,142.0,81.0,No
83909.0,49.0,Pre-menopausal,164.0,100.0,No
83911.0,43.0,Pre-menopausal,149.0,78.0,No
83920.0,68.0,Post-menopausal,232.0,140.0,No
83924.0,48.0,Post-menopausal,239.0,173.0,No
83925.0,74.0,Post-menopausal,253.0,125.0,No
83932.0,80.0,Post-menopausal,182.0,92.0,Yes
83934.0,27.0,Pre-menopausal,128.0,53.0,No
83943.0,17.0,Pre-menopausal,170.0,88.0,No
83947.0,33.0,Pre-menopausal,199.0,104.0,No
83958.0,47.0,Pre-menopausal,136.0,80.0,No
83963.0,44.0,Pre-menopausal,180.0,110.0,No
83977.0,80.0,Post-menopausal,184.0,71.0,No
83989.0,37.0,Pre-menopausal,165.0,66.0,No
83991.0,14.0,Pre-menopausal,140.0,72.0,No
83996.0,60.0,Post-menopausal,190.0,125.0,Yes
84001.0,54.0,Post-menopausal,204.0,122.0,No
84010.0,68.0,Post-menopausal,178.0,79.0,No
84029.0,28.0,Pre-menopausal,202.0,104.0,No
84033.0,41.0,Pre-menopausal,144.0,83.0,No
84047.0,72.0,Post-menopausal,209.0,134.0,No
84051.0,55.0,Post-menopausal,243.0,163.0,No
84055.0,64.0,Post-menopausal,182.0,84.0,No
84056.0,14.0,Pre-menopausal,160.0,106.0,No
84058.0,21.0,Pre-menopausal,174.0,91.0,No
84062.0,45.0,Pre-menopausal,201.0,119.0,No
84066.0,14.0,Pre-menopausal,126.0,48.0,No
84072.0,27.0,Pre-menopausal,167.0,61.0,No
84073.0,39.0,Pre-menopausal,147.0,78.0,No
84092.0,58.0,Pre-menopausal,227.0,139.0,No
84094.0,73.0,Post-menopausal,221.0,85.0,No
84095.0,61.0,Pre-menopausal,208.0,123.0,No
84102.0,13.0,Pre-menopausal,160.0,109.0,No
84118.0,72.0,Post-menopausal,235.0,171.0,No
84125.0,72.0,Post-menopausal,180.0,79.0,No
84127.0,12.0,Pre-menopausal,161.0,82.0,No
84128.0,46.0,Pre-menopausal,145.0,74.0,No
84130.0,26.0,Pre-menopausal,227.0,110.0,No
84137.0,28.0,Pre-menopausal,228.0,137.0,No
84139.0,78.0,Post-menopausal,143.0,70.0,No
84143.0,35.0,Post-menopausal,161.0,95.0,No
84156.0,29.0,Pre-menopausal,165.0,100.0,No
84166.0,67.0,Post-menopausal,299.0,64.0,No
84191.0,12.0,Pre-menopausal,158.0,99.0,No
84200.0,24.0,Pre-menopausal,290.0,169.0,No
84212.0,67.0,Post-menopausal,181.0,103.0,No
84217.0,59.0,Post-menopausal,205.0,144.0,No
84221.0,16.0,Pre-menopausal,168.0,103.0,No
84229.0,43.0,Post-menopausal,263.0,180.0,No
84234.0,40.0,Pre-menopausal,162.0,87.0,No
84243.0,16.0,Pre-menopausal,180.0,111.0,No
84245.0,43.0,Pre-menopausal,164.0,84.0,No
84278.0,14.0,Pre-menopausal,177.0,113.0,No
84285.0,44.0,Post-menopausal,223.0,163.0,No
84298.0,36.0,Pre-menopausal,176.0,92.0,No
84321.0,62.0,Post-menopausal,210.0,114.0,No
84330.0,14.0,Pre-menopausal,131.0,56.0,No
84340.0,16.0,Pre-menopausal,118.0,49.0,No
84347.0,28.0,Pre-menopausal,188.0,131.0,No
84363.0,36.0,Pre-menopausal,173.0,107.0,No
84366.0,48.0,Pre-menopausal,196.0,85.0,No
84374.0,74.0,Post-menopausal,142.0,71.0,Yes
84383.0,32.0,Pre-menopausal,168.0,107.0,No
84389.0,66.0,Post-menopausal,193.0,111.0,No
84395.0,25.0,Pre-menopausal,147.0,73.0,No
84399.0,17.0,Pre-menopausal,168.0,113.0,No
84401.0,19.0,Pre-menopausal,145.0,71.0,No
84409.0,47.0,Post-menopausal,232.0,140.0,No
84410.0,28.0,Pre-menopausal,132.0,78.0,No
84435.0,80.0,Post-menopausal,138.0,67.0,Yes
84437.0,48.0,Pre-menopausal,190.0,116.0,No
84457.0,19.0,Post-menopausal,102.0,43.0,No
84459.0,31.0,Pre-menopausal,184.0,95.0,No
84462.0,35.0,Pre-menopausal,175.0,103.0,No
84471.0,74.0,Post-menopausal,164.0,99.0,No
84476.0,16.0,Pre-menopausal,131.0,63.0,No
84479.0,55.0,Post-menopausal,206.0,128.0,No
84485.0,24.0,Pre-menopausal,197.0,140.0,No
84487.0,24.0,Pre-menopausal,202.0,93.0,No
84495.0,53.0,Post-menopausal,272.0,162.0,No
84498.0,57.0,Post-menopausal,179.0,99.0,No
84511.0,78.0,Post-menopausal,225.0,155.0,No
84513.0,65.0,Post-menopausal,209.0,114.0,No
84517.0,80.0,Post-menopausal,137.0,70.0,No
84534.0,62.0,Post-menopausal,165.0,102.0,Yes
84535.0,21.0,Pre-menopausal,128.0,70.0,No
84539.0,25.0,Pre-menopausal,120.0,49.0,No
84540.0,18.0,Pre-menopausal,144.0,81.0,No
84546.0,61.0,Post-menopausal,181.0,113.0,No
84562.0,60.0,Post-menopausal,223.0,133.0,No
84565.0,25.0,Pre-menopausal,150.0,69.0,No
84576.0,46.0,Post-menopausal,182.0,108.0,No
84581.0,32.0,Pre-menopausal,156.0,90.0,No
84583.0,56.0,Post-menopausal,214.0,128.0,No
84587.0,22.0,Pre-menopausal,118.0,68.0,No
84594.0,67.0,Post-menopausal,211.0,110.0,No
84602.0,63.0,Post-menopausal,208.0,125.0,No
84605.0,14.0,Pre-menopausal,135.0,77.0,No
84611.0,59.0,Post-menopausal,193.0,108.0,No
84618.0,23.0,Pre-menopausal,188.0,120.0,No
84619.0,41.0,Pre-menopausal,207.0,143.0,No
84625.0,40.0,Pre-menopausal,236.0,132.0,No
84628.0,32.0,Post-menopausal,238.0,167.0,No
84629.0,80.0,Post-menopausal,183.0,83.0,No
84642.0,54.0,Post-menopausal,253.0,108.0,No
84644.0,80.0,Post-menopausal,227.0,122.0,No
84646.0,50.0,Pre-menopausal,187.0,58.0,No
84659.0,47.0,Post-menopausal,213.0,132.0,No
84662.0,63.0,Post-menopausal,169.0,99.0,Yes
84665.0,73.0,Post-menopausal,341.0,244.0,No
84668.0,56.0,Post-menopausal,165.0,106.0,No
84678.0,15.0,Pre-menopausal,155.0,62.0,No
84679.0,68.0,Post-menopausal,168.0,89.0,No
84685.0,27.0,Pre-menopausal,163.0,92.0,No
84716.0,44.0,Pre-menopausal,211.0,141.0,Yes
84720.0,57.0,Post-menopausal,120.0,44.0,No
84725.0,12.0,Pre-menopausal,191.0,125.0,No
84736.0,54.0,Post-menopausal,207.0,99.0,No
84741.0,63.0,Post-menopausal,184.0,104.0,No
84747.0,66.0,Post-menopausal,198.0,115.0,No
84755.0,65.0,Post-menopausal,245.0,141.0,No
84759.0,34.0,Pre-menopausal,120.0,73.0,No
84763.0,56.0,Post-menopausal,257.0,165.0,No
84774.0,48.0,Post-menopausal,181.0,116.0,Yes
84778.0,20.0,Pre-menopausal,149.0,53.0,No
84783.0,47.0,Pre-menopausal,164.0,100.0,No
84786.0,50.0,Post-menopausal,190.0,117.0,No
84787.0,78.0,Post-menopausal,135.0,63.0,No
84795.0,38.0,Pre-menopausal,222.0,152.0,No
84796.0,51.0,Post-menopausal,207.0,122.0,No
84802.0,76.0,Post-menopausal,197.0,114.0,No
84805.0,53.0,Post-menopausal,220.0,147.0,No
84815.0,15.0,Pre-menopausal,170.0,86.0,No
84816.0,28.0,Pre-menopausal,155.0,84.0,No
84826.0,45.0,Pre-menopausal,330.0,239.0,No
84859.0,42.0,Pre-menopausal,134.0,83.0,Yes
84882.0,15.0,Pre-menopausal,209.0,107.0,No
84885.0,61.0,Post-menopausal,128.0,66.0,No
84891.0,52.0,Pre-menopausal,231.0,148.0,No
84893.0,46.0,Pre-menopausal,184.0,86.0,No
84910.0,51.0,Post-menopausal,271.0,183.0,No
84913.0,47.0,Pre-menopausal,153.0,77.0,No
84923.0,66.0,Post-menopausal,151.0,82.0,Yes
84927.0,43.0,Post-menopausal,145.0,85.0,No
84929.0,67.0,Post-menopausal,212.0,132.0,No
84936.0,12.0,Pre-menopausal,232.0,161.0,No
84944.0,60.0,Post-menopausal,296.0,207.0,No
84946.0,38.0,Pre-menopausal,154.0,93.0,Yes
84948.0,41.0,Pre-menopausal,163.0,83.0,No
84963.0,16.0,Pre-menopausal,190.0,120.0,No
84964.0,22.0,Pre-menopausal,143.0,67.0,No
84965.0,16.0,Pre-menopausal,132.0,71.0,No
84978.0,60.0,Post-menopausal,204.0,121.0,No
84989.0,37.0,Pre-menopausal,192.0,126.0,No
84995.0,68.0,Post-menopausal,200.0,131.0,No
85009.0,25.0,Pre-menopausal,213.0,104.0,No
85010.0,20.0,Pre-menopausal,194.0,114.0,No
85016.0,50.0,Pre-menopausal,243.0,147.0,No
85019.0,36.0,Pre-menopausal,186.0,129.0,No
85033.0,70.0,Pre-menopausal,214.0,126.0,No
85034.0,67.0,Post-menopausal,236.0,164.0,No
85040.0,25.0,Post-menopausal,134.0,65.0,No
85055.0,39.0,Post-menopausal,128.0,72.0,No
85069.0,74.0,Post-menopausal,274.0,186.0,No
85074.0,23.0,Pre-menopausal,141.0,59.0,No
85075.0,41.0,Pre-menopausal,215.0,140.0,No
85076.0,36.0,Post-menopausal,133.0,64.0,No
85079.0,74.0,Pre-menopausal,255.0,186.0,No
85093.0,61.0,Post-menopausal,171.0,111.0,No
85095.0,22.0,Pre-menopausal,136.0,85.0,No
85100.0,13.0,Pre-menopausal,143.0,63.0,No
85108.0,16.0,Pre-menopausal,122.0,72.0,No
85111.0,49.0,Pre-menopausal,250.0,172.0,No
85129.0,15.0,Pre-menopausal,151.0,100.0,No
85152.0,72.0,Post-menopausal,202.0,94.0,No
85158.0,44.0,Pre-menopausal,189.0,89.0,No
85160.0,26.0,Pre-menopausal,129.0,63.0,No
85161.0,66.0,Post-menopausal,120.0,69.0,Yes
85166.0,53.0,Post-menopausal,158.0,98.0,No
85170.0,80.0,Post-menopausal,179.0,97.0,No
85171.0,29.0,Pre-menopausal,157.0,94.0,No
85173.0,45.0,Pre-menopausal,245.0,180.0,No
85192.0,53.0,Post-menopausal,173.0,70.0,No
85209.0,43.0,Post-menopausal,202.0,114.0,No
85216.0,65.0,Post-menopausal,283.0,199.0,Yes
85230.0,55.0,Post-menopausal,249.0,178.0,No
85231.0,40.0,Pre-menopausal,154.0,91.0,No
85233.0,52.0,Post-menopausal,222.0,133.0,No
85239.0,55.0,Post-menopausal,181.0,103.0,No
85241.0,52.0,Post-menopausal,205.0,95.0,No
85245.0,71.0,Post-menopausal,158.0,77.0,No
85249.0,53.0,Post-menopausal,154.0,61.0,No
85254.0,17.0,Pre-menopausal,126.0,72.0,No
85269.0,69.0,Post-menopausal,238.0,156.0,No
85276.0,13.0,Pre-menopausal,162.0,73.0,No
85284.0,20.0,Pre-menopausal,186.0,75.0,No
85286.0,18.0,Pre-menopausal,165.0,119.0,No
85294.0,65.0,Post-menopausal,218.0,128.0,No
85299.0,65.0,Post-menopausal,184.0,84.0,Yes
85302.0,46.0,Pre-menopausal,185.0,121.0,No
85303.0,45.0,Pre-menopausal,177.0,110.0,No
85325.0,59.0,Post-menopausal,237.0,133.0,No
85343.0,21.0,Pre-menopausal,147.0,77.0,No
85346.0,76.0,Post-menopausal,224.0,107.0,No
85354.0,45.0,Pre-menopausal,213.0,115.0,Yes
85363.0,66.0,Post-menopausal,105.0,46.0,Yes
85368.0,52.0,Pre-menopausal,216.0,122.0,No
85377.0,60.0,Post-menopausal,248.0,150.0,No
85396.0,33.0,Pre-menopausal,174.0,102.0,No
85398.0,65.0,Post-menopausal,255.0,148.0,No
85399.0,35.0,Pre-menopausal,194.0,130.0,No
85401.0,46.0,Pre-menopausal,148.0,87.0,No
85407.0,31.0,Post-menopausal,178.0,89.0,No
85412.0,26.0,Pre-menopausal,195.0,128.0,No
85422.0,75.0,Post-menopausal,203.0,129.0,No
85431.0,47.0,Post-menopausal,233.0,157.0,No
85436.0,31.0,Pre-menopausal,133.0,62.0,No
85443.0,48.0,Post-menopausal,203.0,135.0,No
85445.0,75.0,Post-menopausal,215.0,121.0,Yes
85453.0,42.0,Pre-menopausal,182.0,113.0,Yes
85465.0,66.0,Post-menopausal,160.0,100.0,No
85483.0,32.0,Pre-menopausal,160.0,84.0,No
85497.0,34.0,Pre-menopausal,217.0,137.0,No
85503.0,75.0,Post-menopausal,187.0,98.0,No
85504.0,16.0,Pre-menopausal,174.0,104.0,No
85509.0,15.0,Pre-menopausal,140.0,49.0,No
85510.0,60.0,Pre-menopausal,314.0,212.0,No
85515.0,21.0,Pre-menopausal,205.0,140.0,No
85516.0,59.0,Post-menopausal,166.0,78.0,No
85518.0,32.0,Pre-menopausal,138.0,74.0,No
85522.0,50.0,Post-menopausal,192.0,130.0,No
85525.0,40.0,Pre-menopausal,239.0,132.0,No
85527.0,40.0,Pre-menopausal,165.0,92.0,No
85529.0,65.0,Post-menopausal,177.0,104.0,No
85537.0,25.0,Pre-menopausal,120.0,72.0,No
85541.0,63.0,Post-menopausal,192.0,103.0,No
85543.0,74.0,Post-menopausal,155.0,72.0,No
85546.0,18.0,Pre-menopausal,189.0,115.0,No
85549.0,64.0,Post-menopausal,191.0,128.0,No
85552.0,61.0,Post-menopausal,148.0,72.0,No
85565.0,18.0,Pre-menopausal,128.0,72.0,No
85566.0,42.0,Post-menopausal,253.0,167.0,No
85580.0,48.0,Pre-menopausal,206.0,131.0,No
85590.0,16.0,Pre-menopausal,140.0,59.0,No
85591.0,18.0,Pre-menopausal,196.0,113.0,No
85592.0,16.0,Pre-menopausal,161.0,92.0,No
85596.0,16.0,Pre-menopausal,144.0,61.0,No
85599.0,21.0,Pre-menopausal,206.0,112.0,No
85613.0,37.0,Pre-menopausal,180.0,86.0,No
85614.0,55.0,Post-menopausal,201.0,113.0,Yes
85618.0,53.0,Post-menopausal,209.0,123.0,No
85621.0,19.0,Pre-menopausal,203.0,119.0,No
85633.0,13.0,Pre-menopausal,165.0,96.0,No
85637.0,14.0,Pre-menopausal,174.0,93.0,No
85645.0,17.0,Pre-menopausal,145.0,87.0,No
85647.0,75.0,Post-menopausal,266.0,134.0,No
85653.0,13.0,Pre-menopausal,140.0,65.0,No
85655.0,27.0,Pre-menopausal,163.0,105.0,No
85661.0,36.0,Post-menopausal,177.0,102.0,No
85672.0,63.0,Post-menopausal,203.0,108.0,No
85676.0,32.0,Pre-menopausal,149.0,94.0,No
85683.0,69.0,Post-menopausal,203.0,116.0,No
85692.0,25.0,Pre-menopausal,133.0,68.0,No
85700.0,77.0,Post-menopausal,175.0,90.0,Yes
85702.0,40.0,Pre-menopausal,157.0,98.0,No
85711.0,52.0,Pre-menopausal,184.0,100.0,No
85716.0,33.0,Pre-menopausal,154.0,92.0,No
85722.0,41.0,Pre-menopausal,111.0,58.0,No
85733.0,60.0,Post-menopausal,257.0,172.0,No
85741.0,60.0,Post-menopausal,153.0,90.0,No
85746.0,50.0,Pre-menopausal,211.0,128.0,No
85750.0,64.0,Post-menopausal,286.0,169.0,No
85756.0,58.0,Post-menopausal,239.0,147.0,No
85761.0,54.0,Pre-menopausal,287.0,205.0,No
85771.0,12.0,Pre-menopausal,141.0,92.0,No
85777.0,68.0,Post-menopausal,148.0,75.0,Yes
85779.0,35.0,Pre-menopausal,147.0,77.0,No
85783.0,32.0,Pre-menopausal,236.0,145.0,No
85785.0,32.0,Post-menopausal,205.0,123.0,No
85789.0,33.0,Post-menopausal,192.0,99.0,No
85805.0,18.0,Pre-menopausal,162.0,91.0,No
85816.0,50.0,Pre-menopausal,209.0,93.0,No
85819.0,40.0,Pre-menopausal,158.0,102.0,No
85828.0,64.0,Post-menopausal,204.0,114.0,No
85830.0,66.0,Pre-menopausal,161.0,97.0,No
85846.0,25.0,Pre-menopausal,284.0,168.0,No
85861.0,76.0,Post-menopausal,272.0,174.0,No
85867.0,55.0,Post-menopausal,198.0,101.0,No
85874.0,14.0,Pre-menopausal,133.0,56.0,No
85885.0,53.0,Pre-menopausal,212.0,93.0,No
85908.0,51.0,Pre-menopausal,284.0,187.0,No
85911.0,49.0,Post-menopausal,161.0,71.0,No
85914.0,62.0,Post-menopausal,240.0,155.0,No
85920.0,61.0,Post-menopausal,212.0,133.0,No
85925.0,65.0,Post-menopausal,176.0,85.0,No
85931.0,80.0,Post-menopausal,99.0,39.0,Yes
85936.0,27.0,Pre-menopausal,179.0,92.0,No
85948.0,38.0,Pre-menopausal,200.0,120.0,Yes
85957.0,62.0,Post-menopausal,215.0,134.0,No
85958.0,32.0,Pre-menopausal,225.0,139.0,No
85968.0,61.0,Post-menopausal,179.0,104.0,No
85975.0,80.0,Post-menopausal,158.0,76.0,No
85978.0,68.0,Post-menopausal,274.0,174.0,No
85990.0,50.0,Pre-menopausal,260.0,146.0,No
85994.0,43.0,Pre-menopausal,233.0,157.0,No
86002.0,61.0,Post-menopausal,279.0,198.0,No
86005.0,55.0,Post-menopausal,266.0,176.0,No
86006.0,12.0,Pre-menopausal,182.0,101.0,No
86011.0,45.0,Pre-menopausal,178.0,101.0,No
86013.0,64.0,Post-menopausal,205.0,91.0,No
86022.0,23.0,Pre-menopausal,127.0,65.0,No
86027.0,25.0,Pre-menopausal,177.0,101.0,No
86031.0,22.0,Pre-menopausal,106.0,49.0,No
86037.0,65.0,Post-menopausal,207.0,119.0,No
86047.0,80.0,Post-menopausal,237.0,117.0,Yes
86048.0,16.0,Pre-menopausal,141.0,73.0,No
86059.0,25.0,Pre-menopausal,217.0,138.0,No
86060.0,68.0,Post-menopausal,152.0,54.0,Yes
86071.0,38.0,Pre-menopausal,167.0,102.0,No
86105.0,23.0,Pre-menopausal,197.0,125.0,No
86115.0,12.0,Pre-menopausal,124.0,58.0,No
86118.0,70.0,Post-menopausal,189.0,119.0,No
86127.0,46.0,Pre-menopausal,239.0,180.0,No
86143.0,57.0,Post-menopausal,139.0,80.0,No
86149.0,54.0,Post-menopausal,238.0,156.0,Yes
86150.0,47.0,Pre-menopausal,198.0,117.0,No
86153.0,15.0,Pre-menopausal,139.0,73.0,No
86155.0,18.0,Pre-menopausal,184.0,107.0,No
86162.0,12.0,Pre-menopausal,149.0,71.0,No
86167.0,36.0,Pre-menopausal,208.0,126.0,No
86172.0,33.0,Pre-menopausal,129.0,64.0,No
86188.0,30.0,Pre-menopausal,131.0,72.0,No
86192.0,59.0,Post-menopausal,209.0,126.0,No
86195.0,61.0,Post-menopausal,179.0,106.0,No
86200.0,48.0,Pre-menopausal,188.0,116.0,No
86201.0,80.0,Post-menopausal,270.0,151.0,No
86210.0,47.0,Pre-menopausal,169.0,117.0,No
86221.0,57.0,Post-menopausal,148.0,83.0,No
86224.0,13.0,Pre-menopausal,187.0,84.0,No
86239.0,57.0,Post-menopausal,139.0,62.0,Yes
86262.0,31.0,Pre-menopausal,149.0,86.0,No
86272.0,22.0,Post-menopausal,236.0,107.0,No
86273.0,73.0,Post-menopausal,163.0,82.0,No
86286.0,60.0,Post-menopausal,175.0,92.0,No
86288.0,17.0,Pre-menopausal,201.0,126.0,No
86291.0,60.0,Post-menopausal,179.0,113.0,No
86308.0,22.0,Pre-menopausal,173.0,95.0,No
86311.0,18.0,Pre-menopausal,129.0,77.0,No
86323.0,24.0,Pre-menopausal,172.0,96.0,No
86324.0,29.0,Pre-menopausal,201.0,100.0,No
86326.0,69.0,Post-menopausal,250.0,161.0,No
86329.0,18.0,Pre-menopausal,196.0,118.0,No
86350.0,49.0,Post-menopausal,198.0,117.0,No
86356.0,49.0,Pre-menopausal,223.0,151.0,No
86357.0,75.0,Post-menopausal,208.0,99.0,No
86358.0,62.0,Post-menopausal,213.0,134.0,Yes
86361.0,76.0,Post-menopausal,185.0,104.0,No
86373.0,15.0,Pre-menopausal,137.0,74.0,No
86384.0,37.0,Post-menopausal,228.0,143.0,No
86390.0,15.0,Pre-menopausal,156.0,81.0,No
86395.0,36.0,Pre-menopausal,229.0,141.0,No
86399.0,35.0,Post-menopausal,195.0,111.0,No
86400.0,62.0,Post-menopausal,187.0,99.0,Yes
86421.0,15.0,Pre-menopausal,175.0,109.0,No
86425.0,25.0,Pre-menopausal,152.0,88.0,No
86436.0,30.0,Pre-menopausal,196.0,110.0,No
86441.0,50.0,Pre-menopausal,201.0,126.0,No
86447.0,22.0,Pre-menopausal,145.0,75.0,No
86470.0,13.0,Pre-menopausal,105.0,34.0,No
86482.0,46.0,Pre-menopausal,263.0,177.0,Yes
86493.0,44.0,Pre-menopausal,165.0,108.0,No
86494.0,80.0,Post-menopausal,222.0,119.0,No
86495.0,68.0,Post-menopausal,115.0,61.0,No
86498.0,73.0,Post-menopausal,157.0,75.0,No
86509.0,12.0,Pre-menopausal,194.0,129.0,No
86510.0,36.0,Pre-menopausal,187.0,100.0,No
86520.0,39.0,Post-menopausal,124.0,70.0,No
86524.0,21.0,Pre-menopausal,144.0,92.0,No
86528.0,37.0,Pre-menopausal,126.0,75.0,No
86530.0,58.0,Post-menopausal,171.0,75.0,Yes
86534.0,43.0,Pre-menopausal,220.0,138.0,No
86536.0,17.0,Pre-menopausal,123.0,61.0,No
86537.0,80.0,Post-menopausal,164.0,77.0,Yes
86552.0,37.0,Pre-menopausal,218.0,120.0,No
86566.0,40.0,Pre-menopausal,194.0,103.0,No
86590.0,42.0,Post-menopausal,206.0,102.0,No
86606.0,50.0,Pre-menopausal,256.0,181.0,No
86607.0,30.0,Pre-menopausal,173.0,114.0,No
86613.0,38.0,Pre-menopausal,161.0,89.0,No
86615.0,13.0,Pre-menopausal,173.0,48.0,No
86641.0,59.0,Post-menopausal,244.0,150.0,No
86650.0,78.0,Pre-menopausal,224.0,131.0,No
86660.0,17.0,Pre-menopausal,129.0,74.0,No
86666.0,18.0,Pre-menopausal,144.0,68.0,No
86675.0,62.0,Post-menopausal,164.0,98.0,No
86686.0,37.0,Pre-menopausal,166.0,65.0,No
86687.0,53.0,Post-menopausal,228.0,137.0,No
86695.0,75.0,Post-menopausal,153.0,83.0,No
86696.0,67.0,Post-menopausal,207.0,134.0,Yes
86706.0,79.0,Post-menopausal,205.0,101.0,No
86707.0,30.0,Pre-menopausal,148.0,83.0,No
86717.0,62.0,Post-menopausal,275.0,191.0,No
86736.0,45.0,Pre-menopausal,190.0,85.0,No
86741.0,77.0,Post-menopausal,242.0,167.0,No
86752.0,35.0,Pre-menopausal,154.0,81.0,No
86753.0,80.0,Post-menopausal,190.0,111.0,Yes
86759.0,60.0,Post-menopausal,247.0,161.0,No
86775.0,14.0,Pre-menopausal,130.0,73.0,No
86781.0,18.0,Pre-menopausal,164.0,99.0,No
86793.0,16.0,Pre-menopausal,129.0,70.0,No
86795.0,35.0,Pre-menopausal,219.0,157.0,No
86796.0,16.0,Pre-menopausal,160.0,86.0,No
86810.0,36.0,Pre-menopausal,163.0,122.0,No
86811.0,13.0,Pre-menopausal,127.0,70.0,No
86812.0,64.0,Post-menopausal,222.0,132.0,No
86826.0,80.0,Post-menopausal,240.0,118.0,No
86830.0,71.0,Post-menopausal,324.0,195.0,No
86838.0,44.0,Pre-menopausal,212.0,154.0,No
86841.0,23.0,Pre-menopausal,128.0,56.0,No
86863.0,24.0,Pre-menopausal,170.0,111.0,No
86876.0,38.0,Pre-menopausal,201.0,118.0,No
86879.0,63.0,Post-menopausal,214.0,124.0,No
86889.0,47.0,Pre-menopausal,234.0,158.0,No
86905.0,26.0,Pre-menopausal,140.0,85.0,No
86908.0,41.0,Pre-menopausal,251.0,162.0,No
86916.0,74.0,Post-menopausal,155.0,81.0,No
86918.0,51.0,Pre-menopausal,292.0,205.0,No
86922.0,33.0,Pre-menopausal,174.0,81.0,No
86923.0,31.0,Pre-menopausal,212.0,138.0,No
86933.0,30.0,Pre-menopausal,120.0,47.0,No
86943.0,13.0,Pre-menopausal,171.0,101.0,No
86950.0,80.0,Post-menopausal,259.0,162.0,No
86959.0,36.0,Pre-menopausal,178.0,86.0,No
86960.0,22.0,Pre-menopausal,145.0,75.0,No
86961.0,25.0,Pre-menopausal,192.0,107.0,No
86966.0,80.0,Post-menopausal,158.0,65.0,Yes
86972.0,42.0,Pre-menopausal,172.0,86.0,No
86981.0,27.0,Pre-menopausal,131.0,53.0,No
86990.0,35.0,Pre-menopausal,147.0,66.0,No
86996.0,41.0,Pre-menopausal,117.0,61.0,No
87000.0,64.0,Post-menopausal,241.0,139.0,No
87007.0,45.0,Post-menopausal,268.0,186.0,No
87014.0,79.0,Post-menopausal,161.0,90.0,Yes
87018.0,49.0,Pre-menopausal,159.0,92.0,No
87039.0,37.0,Pre-menopausal,192.0,113.0,No
87044.0,32.0,Pre-menopausal,249.0,162.0,No
87050.0,46.0,Pre-menopausal,254.0,177.0,No
87056.0,18.0,Pre-menopausal,196.0,117.0,No
87078.0,63.0,Post-menopausal,196.0,117.0,Yes
87080.0,33.0,Pre-menopausal,185.0,116.0,No
87081.0,58.0,Post-menopausal,232.0,151.0,No
87084.0,56.0,Post-menopausal,154.0,89.0,No
87086.0,60.0,Post-menopausal,227.0,139.0,No
87090.0,34.0,Pre-menopausal,180.0,106.0,No
87099.0,66.0,Post-menopausal,173.0,96.0,No
87109.0,67.0,Pre-menopausal,146.0,60.0,No
87112.0,60.0,Post-menopausal,239.0,153.0,No
87115.0,66.0,Post-menopausal,186.0,106.0,No
87120.0,21.0,Pre-menopausal,181.0,107.0,No
87122.0,65.0,Post-menopausal,177.0,94.0,No
87127.0,51.0,Post-menopausal,354.0,277.0,No
87148.0,55.0,Pre-menopausal,182.0,110.0,No
87150.0,60.0,Post-menopausal,237.0,132.0,No
87154.0,30.0,Pre-menopausal,277.0,183.0,No
87155.0,71.0,Post-menopausal,175.0,88.0,No
87159.0,22.0,Pre-menopausal,146.0,88.0,No
87161.0,80.0,Post-menopausal,214.0,95.0,No
87162.0,35.0,Pre-menopausal,198.0,119.0,No
87163.0,44.0,Pre-menopausal,245.0,166.0,No
87174.0,27.0,Pre-menopausal,212.0,126.0,No
87179.0,34.0,Pre-menopausal,225.0,96.0,No
87193.0,80.0,Post-menopausal,262.0,192.0,No
87196.0,12.0,Pre-menopausal,148.0,80.0,No
87223.0,55.0,Post-menopausal,184.0,110.0,No
87237.0,65.0,Post-menopausal,175.0,81.0,No
87243.0,33.0,Pre-menopausal,172.0,105.0,No
87244.0,29.0,Pre-menopausal,246.0,131.0,No
87250.0,49.0,Pre-menopausal,204.0,107.0,No
87255.0,45.0,Pre-menopausal,214.0,130.0,No
87257.0,59.0,Pre-menopausal,218.0,139.0,No
87274.0,55.0,Post-menopausal,222.0,142.0,No
87281.0,48.0,Post-menopausal,140.0,78.0,No
87293.0,12.0,Pre-menopausal,178.0,98.0,No
87297.0,46.0,Pre-menopausal,151.0,54.0,No
87304.0,12.0,Pre-menopausal,172.0,99.0,No
87308.0,80.0,Post-menopausal,187.0,106.0,No
87311.0,47.0,Post-menopausal,158.0,63.0,No
87315.0,30.0,Pre-menopausal,197.0,107.0,No
87317.0,36.0,Pre-menopausal,236.0,110.0,No
87318.0,30.0,Pre-menopausal,128.0,75.0,No
87319.0,52.0,Post-menopausal,190.0,107.0,No
87322.0,58.0,Post-menopausal,222.0,114.0,No
87325.0,69.0,Post-menopausal,345.0,257.0,No
87332.0,14.0,Pre-menopausal,142.0,89.0,No
87335.0,80.0,Post-menopausal,176.0,87.0,No
87342.0,73.0,Post-menopausal,155.0,79.0,No
87345.0,52.0,Post-menopausal,216.0,135.0,No
87360.0,67.0,Post-menopausal,176.0,87.0,No
87369.0,24.0,Pre-menopausal,174.0,97.0,No
87371.0,15.0,Pre-menopausal,146.0,90.0,No
87376.0,40.0,Pre-menopausal,218.0,143.0,No
87399.0,14.0,Pre-menopausal,151.0,68.0,No
87400.0,56.0,Post-menopausal,231.0,145.0,No
87409.0,44.0,Pre-menopausal,248.0,175.0,No
87418.0,31.0,Pre-menopausal,145.0,104.0,No
87425.0,79.0,Post-menopausal,233.0,157.0,No
87427.0,22.0,Pre-menopausal,117.0,59.0,No
87436.0,36.0,Pre-menopausal,148.0,86.0,No
87440.0,39.0,Pre-menopausal,148.0,90.0,No
87441.0,19.0,Pre-menopausal,122.0,63.0,No
87447.0,37.0,Pre-menopausal,205.0,114.0,No
87451.0,71.0,Post-menopausal,206.0,113.0,No
87452.0,15.0,Pre-menopausal,127.0,52.0,No
87454.0,56.0,Post-menopausal,181.0,116.0,No
87462.0,80.0,Post-menopausal,192.0,105.0,No
87466.0,75.0,Post-menopausal,264.0,172.0,No
87467.0,12.0,Pre-menopausal,190.0,129.0,No
87470.0,40.0,Pre-menopausal,181.0,95.0,No
87473.0,44.0,Pre-menopausal,206.0,106.0,No
87474.0,27.0,Pre-menopausal,183.0,103.0,No
87480.0,31.0,Pre-menopausal,146.0,70.0,No
87492.0,56.0,Pre-menopausal,227.0,137.0,No
87497.0,70.0,Post-menopausal,253.0,140.0,No
87510.0,29.0,Pre-menopausal,228.0,147.0,No
87511.0,71.0,Post-menopausal,193.0,128.0,No
87513.0,56.0,Post-menopausal,221.0,140.0,No
87517.0,17.0,Pre-menopausal,125.0,59.0,No
87520.0,39.0,Pre-menopausal,139.0,72.0,No
87522.0,26.0,Pre-menopausal,173.0,87.0,No
87532.0,12.0,Pre-menopausal,95.0,53.0,No
87539.0,31.0,Pre-menopausal,187.0,102.0,No
87544.0,28.0,Pre-menopausal,161.0,80.0,No
87545.0,75.0,Post-menopausal,145.0,74.0,Yes
87555.0,31.0,Pre-menopausal,179.0,115.0,No
87558.0,15.0,Pre-menopausal,141.0,90.0,No
87560.0,58.0,Post-menopausal,212.0,154.0,No
87571.0,19.0,Pre-menopausal,139.0,71.0,No
87577.0,57.0,Post-menopausal,180.0,66.0,Yes
87596.0,60.0,Post-menopausal,244.0,87.0,No
87598.0,27.0,Pre-menopausal,168.0,96.0,No
87602.0,18.0,Pre-menopausal,163.0,102.0,No
87632.0,38.0,Pre-menopausal,155.0,67.0,No
87640.0,37.0,Post-menopausal,165.0,94.0,No
87641.0,54.0,Pre-menopausal,200.0,132.0,No
87648.0,39.0,Pre-menopausal,230.0,144.0,No
87675.0,17.0,Pre-menopausal,113.0,58.0,No
87687.0,18.0,Pre-menopausal,174.0,106.0,No
87696.0,66.0,Post-menopausal,167.0,84.0,Yes
87706.0,80.0,Post-menopausal,165.0,82.0,Yes
87707.0,27.0,Pre-menopausal,189.0,125.0,No
87711.0,46.0,Post-menopausal,189.0,93.0,No
87720.0,27.0,Pre-menopausal,151.0,81.0,No
87721.0,45.0,Post-menopausal,179.0,127.0,No
87727.0,80.0,Post-menopausal,185.0,113.0,Yes
87740.0,19.0,Pre-menopausal,167.0,95.0,No
87756.0,57.0,Post-menopausal,179.0,98.0,No
87761.0,80.0,Post-menopausal,138.0,70.0,Yes
87766.0,78.0,Post-menopausal,243.0,153.0,No
87769.0,37.0,Pre-menopausal,167.0,95.0,No
87772.0,36.0,Pre-menopausal,185.0,115.0,No
87778.0,56.0,Post-menopausal,219.0,109.0,No
87783.0,59.0,Post-menopausal,179.0,61.0,No
87787.0,12.0,Pre-menopausal,149.0,87.0,No
87806.0,53.0,Post-menopausal,253.0,148.0,No
87821.0,20.0,Pre-menopausal,149.0,84.0,No
87822.0,16.0,Pre-menopausal,180.0,108.0,No
87824.0,54.0,Post-menopausal,156.0,83.0,No
87839.0,62.0,Post-menopausal,245.0,152.0,Yes
87841.0,50.0,Pre-menopausal,162.0,96.0,No
87842.0,66.0,Post-menopausal,200.0,121.0,No
87846.0,17.0,Pre-menopausal,215.0,144.0,No
87848.0,73.0,Post-menopausal,303.0,215.0,No
87859.0,56.0,Post-menopausal,103.0,43.0,No
87870.0,55.0,Post-menopausal,125.0,48.0,No
87891.0,42.0,Pre-menopausal,201.0,111.0,No
87892.0,29.0,Pre-menopausal,156.0,79.0,No
87895.0,37.0,Post-menopausal,154.0,83.0,Yes
87899.0,13.0,Pre-menopausal,139.0,63.0,No
87901.0,38.0,Pre-menopausal,175.0,103.0,No
87905.0,42.0,Pre-menopausal,130.0,80.0,No
87906.0,22.0,Pre-menopausal,253.0,178.0,No
87907.0,15.0,Pre-menopausal,161.0,96.0,No
87913.0,26.0,Post-menopausal,154.0,91.0,No
87920.0,75.0,Post-menopausal,215.0,135.0,No
87939.0,36.0,Pre-menopausal,197.0,121.0,No
87942.0,32.0,Post-menopausal,121.0,59.0,No
87952.0,17.0,Post-menopausal,149.0,84.0,No
87953.0,80.0,Post-menopausal,186.0,74.0,No
87963.0,15.0,Pre-menopausal,183.0,96.0,No
87970.0,17.0,Pre-menopausal,123.0,57.0,No
87982.0,23.0,Pre-menopausal,150.0,87.0,No
87999.0,14.0,Pre-menopausal,187.0,109.0,No
88005.0,21.0,Pre-menopausal,167.0,97.0,No
88011.0,64.0,Post-menopausal,170.0,96.0,No
88022.0,60.0,Post-menopausal,162.0,92.0,No
88034.0,63.0,Post-menopausal,192.0,110.0,No
88046.0,51.0,Post-menopausal,256.0,176.0,No
88048.0,31.0,Pre-menopausal,156.0,83.0,No
88049.0,20.0,Pre-menopausal,177.0,99.0,No
88050.0,58.0,Post-menopausal,261.0,171.0,No
88055.0,26.0,Pre-menopausal,155.0,67.0,No
88056.0,33.0,Pre-menopausal,228.0,146.0,No
88057.0,16.0,Pre-menopausal,139.0,76.0,No
88060.0,23.0,Pre-menopausal,141.0,79.0,No
88065.0,26.0,Pre-menopausal,159.0,84.0,No
88077.0,24.0,Pre-menopausal,157.0,93.0,No
88083.0,46.0,Post-menopausal,190.0,122.0,No
88099.0,42.0,Pre-menopausal,160.0,97.0,No
88116.0,41.0,Pre-menopausal,202.0,128.0,No
88119.0,67.0,Post-menopausal,199.0,109.0,No
88138.0,44.0,Pre-menopausal,226.0,134.0,No
88148.0,68.0,Post-menopausal,123.0,50.0,No
88149.0,69.0,Post-menopausal,202.0,90.0,No
88161.0,63.0,Post-menopausal,194.0,108.0,No
88164.0,45.0,Post-menopausal,202.0,117.0,No
88184.0,23.0,Pre-menopausal,170.0,100.0,No
88199.0,29.0,Pre-menopausal,209.0,139.0,No
88231.0,62.0,Post-menopausal,219.0,147.0,Yes
88240.0,80.0,Post-menopausal,143.0,66.0,No
88244.0,57.0,Post-menopausal,213.0,134.0,No
88254.0,19.0,Pre-menopausal,170.0,93.0,No
88261.0,31.0,Pre-menopausal,179.0,102.0,No
88264.0,63.0,Post-menopausal,198.0,122.0,No
88277.0,15.0,Pre-menopausal,157.0,90.0,No
88289.0,73.0,Post-menopausal,269.0,176.0,No
88293.0,41.0,Pre-menopausal,168.0,89.0,No
88296.0,17.0,Pre-menopausal,156.0,78.0,No
88304.0,65.0,Post-menopausal,199.0,75.0,No
88321.0,80.0,Post-menopausal,209.0,108.0,No
88328.0,46.0,Pre-menopausal,213.0,134.0,No
88334.0,39.0,Pre-menopausal,224.0,150.0,No
88339.0,43.0,Pre-menopausal,184.0,104.0,No
88349.0,16.0,Pre-menopausal,160.0,78.0,No
88359.0,17.0,Pre-menopausal,149.0,89.0,No
88361.0,36.0,Pre-menopausal,217.0,158.0,No
88368.0,51.0,Pre-menopausal,193.0,130.0,No
88376.0,71.0,Post-menopausal,257.0,156.0,No
88397.0,12.0,Pre-menopausal,87.0,44.0,No
88402.0,47.0,Pre-menopausal,200.0,115.0,No
88412.0,34.0,Post-menopausal,174.0,103.0,No
88421.0,80.0,Pre-menopausal,125.0,39.0,Yes
88439.0,47.0,Pre-menopausal,245.0,165.0,No
88451.0,34.0,Pre-menopausal,162.0,108.0,No
88457.0,17.0,Pre-menopausal,134.0,69.0,No
88483.0,78.0,Post-menopausal,143.0,70.0,No
88485.0,40.0,Pre-menopausal,115.0,73.0,No
88488.0,66.0,Post-menopausal,214.0,122.0,No
88493.0,15.0,Pre-menopausal,142.0,80.0,No
88496.0,37.0,Pre-menopausal,176.0,114.0,No
88504.0,22.0,Pre-menopausal,188.0,138.0,No
88508.0,16.0,Pre-menopausal,136.0,67.0,No
88514.0,62.0,Post-menopausal,190.0,103.0,Yes
88518.0,56.0,Post-menopausal,194.0,124.0,No
88527.0,80.0,Post-menopausal,135.0,69.0,Yes
88529.0,35.0,Pre-menopausal,224.0,135.0,No
88530.0,49.0,Pre-menopausal,211.0,134.0,No
88533.0,34.0,Pre-menopausal,164.0,68.0,No
88535.0,13.0,Pre-menopausal,112.0,68.0,No
88538.0,66.0,Post-menopausal,159.0,71.0,No
88541.0,16.0,Pre-menopausal,153.0,68.0,No
88542.0,28.0,Pre-menopausal,168.0,99.0,No
88552.0,42.0,Pre-menopausal,173.0,94.0,No
88566.0,60.0,Post-menopausal,209.0,95.0,No
88568.0,23.0,Pre-menopausal,155.0,105.0,No
88572.0,34.0,Pre-menopausal,126.0,68.0,No
88580.0,27.0,Pre-menopausal,119.0,61.0,No
88596.0,15.0,Pre-menopausal,129.0,65.0,No
88615.0,79.0,Post-menopausal,163.0,110.0,Yes
88623.0,29.0,Pre-menopausal,148.0,79.0,No
88625.0,33.0,Pre-menopausal,164.0,97.0,No
88626.0,68.0,Post-menopausal,190.0,106.0,No
88645.0,70.0,Post-menopausal,231.0,140.0,No
88647.0,59.0,Post-menopausal,106.0,38.0,No
88650.0,80.0,Post-menopausal,210.0,114.0,No
88665.0,79.0,Post-menopausal,179.0,100.0,No
88666.0,28.0,Pre-menopausal,153.0,76.0,No
88673.0,26.0,Pre-menopausal,143.0,87.0,No
88676.0,80.0,Post-menopausal,135.0,59.0,Yes
88688.0,17.0,Pre-menopausal,173.0,108.0,No
88694.0,19.0,Pre-menopausal,150.0,74.0,No
88696.0,47.0,Pre-menopausal,214.0,135.0,No
88703.0,47.0,Post-menopausal,196.0,101.0,No
88704.0,29.0,Pre-menopausal,212.0,120.0,No
88707.0,23.0,Pre-menopausal,197.0,121.0,No
88717.0,34.0,Pre-menopausal,248.0,147.0,No
88720.0,28.0,Pre-menopausal,105.0,43.0,No
88721.0,42.0,Pre-menopausal,143.0,80.0,No
88738.0,58.0,Post-menopausal,162.0,90.0,Yes
88747.0,74.0,Post-menopausal,135.0,55.0,Yes
88753.0,12.0,Pre-menopausal,189.0,131.0,No
88758.0,63.0,Post-menopausal,204.0,104.0,No
88759.0,80.0,Post-menopausal,235.0,115.0,Yes
88776.0,42.0,Pre-menopausal,167.0,89.0,No
88790.0,31.0,Post-menopausal,167.0,85.0,No
88795.0,30.0,Pre-menopausal,174.0,96.0,No
88796.0,64.0,Post-menopausal,218.0,133.0,No
88797.0,69.0,Post-menopausal,174.0,96.0,No
88799.0,21.0,Pre-menopausal,160.0,73.0,No
88839.0,12.0,Pre-menopausal,168.0,87.0,No
88842.0,26.0,Pre-menopausal,208.0,139.0,No
88843.0,28.0,Pre-menopausal,228.0,126.0,No
88848.0,56.0,Post-menopausal,177.0,89.0,No
88851.0,54.0,Post-menopausal,268.0,184.0,Yes
88854.0,51.0,Post-menopausal,187.0,119.0,No
88857.0,71.0,Post-menopausal,217.0,160.0,No
88858.0,18.0,Pre-menopausal,172.0,113.0,No
88867.0,28.0,Pre-menopausal,353.0,226.0,No
88876.0,19.0,Post-menopausal,134.0,80.0,No
88890.0,21.0,Pre-menopausal,146.0,88.0,No
88903.0,22.0,Pre-menopausal,160.0,77.0,No
88908.0,54.0,Post-menopausal,192.0,116.0,No
88910.0,29.0,Pre-menopausal,224.0,152.0,No
88918.0,18.0,Pre-menopausal,204.0,126.0,No
88919.0,68.0,Post-menopausal,220.0,137.0,No
88944.0,20.0,Pre-menopausal,161.0,88.0,No
88951.0,20.0,Pre-menopausal,158.0,76.0,No
88976.0,46.0,Pre-menopausal,155.0,78.0,No
88982.0,59.0,Post-menopausal,171.0,80.0,No
88984.0,58.0,Post-menopausal,233.0,122.0,No
88986.0,22.0,Pre-menopausal,145.0,77.0,No
89008.0,16.0,Pre-menopausal,149.0,88.0,No
89012.0,24.0,Pre-menopausal,134.0,69.0,No
89014.0,51.0,Pre-menopausal,181.0,97.0,No
89025.0,48.0,Post-menopausal,223.0,151.0,No
89026.0,36.0,Pre-menopausal,287.0,181.0,No
89028.0,54.0,Post-menopausal,245.0,149.0,No
89034.0,69.0,Post-menopausal,261.0,147.0,No
89041.0,48.0,Post-menopausal,232.0,160.0,No
89052.0,72.0,Post-menopausal,201.0,122.0,No
89062.0,15.0,Pre-menopausal,147.0,69.0,No
89068.0,59.0,Post-menopausal,220.0,149.0,No
89069.0,63.0,Post-menopausal,146.0,84.0,No
89073.0,61.0,Post-menopausal,230.0,150.0,No
89083.0,46.0,Post-menopausal,183.0,101.0,No
89090.0,56.0,Post-menopausal,174.0,90.0,No
89096.0,80.0,Post-menopausal,201.0,104.0,No
89104.0,43.0,Pre-menopausal,187.0,114.0,No
89122.0,58.0,Post-menopausal,237.0,157.0,No
89129.0,78.0,Post-menopausal,182.0,113.0,No
89146.0,42.0,Pre-menopausal,142.0,89.0,No
89160.0,35.0,Pre-menopausal,250.0,179.0,No
89161.0,74.0,Post-menopausal,188.0,89.0,No
89168.0,56.0,Post-menopausal,152.0,79.0,No
89171.0,70.0,Post-menopausal,208.0,98.0,No
89175.0,44.0,Pre-menopausal,201.0,124.0,No
89182.0,55.0,Post-menopausal,226.0,163.0,No
89183.0,24.0,Post-menopausal,125.0,74.0,No
89218.0,29.0,Pre-menopausal,144.0,89.0,No
89227.0,33.0,Pre-menopausal,239.0,134.0,No
89229.0,15.0,Pre-menopausal,138.0,78.0,No
89230.0,31.0,Pre-menopausal,176.0,78.0,No
89241.0,44.0,Pre-menopausal,198.0,121.0,No
89253.0,54.0,Pre-menopausal,141.0,62.0,No
89255.0,55.0,Post-menopausal,247.0,158.0,No
89270.0,25.0,Pre-menopausal,199.0,93.0,No
89275.0,67.0,Post-menopausal,117.0,54.0,Yes
89288.0,52.0,Post-menopausal,252.0,151.0,No
89304.0,30.0,Pre-menopausal,186.0,97.0,No
89307.0,15.0,Pre-menopausal,118.0,51.0,No
89314.0,39.0,Post-menopausal,237.0,159.0,No
89321.0,67.0,Post-menopausal,174.0,112.0,No
89327.0,73.0,Post-menopausal,225.0,155.0,No
89338.0,68.0,Post-menopausal,198.0,117.0,Yes
89340.0,24.0,Pre-menopausal,124.0,62.0,No
89345.0,30.0,Pre-menopausal,209.0,122.0,No
89351.0,67.0,Post-menopausal,244.0,165.0,No
89359.0,30.0,Pre-menopausal,135.0,70.0,No
89362.0,41.0,Pre-menopausal,182.0,108.0,No
89376.0,65.0,Post-menopausal,349.0,209.0,No
89390.0,52.0,Pre-menopausal,173.0,120.0,No
89395.0,51.0,Post-menopausal,193.0,123.0,No
89400.0,52.0,Pre-menopausal,238.0,161.0,No
89402.0,55.0,Post-menopausal,230.0,144.0,No
89412.0,62.0,Post-menopausal,172.0,54.0,No
89420.0,67.0,Post-menopausal,240.0,114.0,No
89424.0,17.0,Pre-menopausal,132.0,69.0,No
89453.0,25.0,Pre-menopausal,156.0,89.0,No
89458.0,70.0,Post-menopausal,263.0,159.0,Yes
89467.0,16.0,Pre-menopausal,138.0,66.0,No
89468.0,12.0,Pre-menopausal,167.0,97.0,No
89470.0,46.0,Pre-menopausal,160.0,96.0,No
89471.0,75.0,Post-menopausal,188.0,126.0,Yes
89475.0,46.0,Pre-menopausal,211.0,146.0,No
89476.0,44.0,Pre-menopausal,180.0,107.0,No
89486.0,12.0,Pre-menopausal,192.0,117.0,No
89495.0,49.0,Post-menopausal,190.0,129.0,No
89500.0,63.0,Post-menopausal,167.0,105.0,No
89511.0,45.0,Pre-menopausal,196.0,123.0,No
89514.0,67.0,Pre-menopausal,267.0,146.0,No
89523.0,26.0,Pre-menopausal,167.0,89.0,No
89545.0,41.0,Pre-menopausal,182.0,114.0,No
89552.0,19.0,Pre-menopausal,163.0,84.0,No
89565.0,55.0,Post-menopausal,222.0,134.0,No
89567.0,15.0,Pre-menopausal,134.0,75.0,No
89595.0,51.0,Pre-menopausal,202.0,103.0,No
89597.0,65.0,Post-menopausal,158.0,81.0,Yes
89601.0,30.0,Pre-menopausal,148.0,86.0,No
89609.0,74.0,Post-menopausal,205.0,112.0,No
89611.0,61.0,Post-menopausal,206.0,124.0,No
89616.0,56.0,Post-menopausal,246.0,135.0,No
89620.0,27.0,Pre-menopausal,162.0,79.0,No
89622.0,46.0,Post-menopausal,201.0,118.0,No
89623.0,68.0,Post-menopausal,195.0,110.0,No
89635.0,65.0,Post-menopausal,176.0,115.0,No
89636.0,66.0,Pre-menopausal,247.0,154.0,No
89637.0,40.0,Pre-menopausal,187.0,127.0,No
89639.0,29.0,Pre-menopausal,165.0,103.0,No
89642.0,37.0,Pre-menopausal,174.0,91.0,No
89647.0,47.0,Pre-menopausal,210.0,128.0,No
89652.0,50.0,Post-menopausal,255.0,149.0,No
89654.0,18.0,Pre-menopausal,173.0,85.0,No
89659.0,43.0,Post-menopausal,190.0,74.0,No
89666.0,80.0,Post-menopausal,182.0,114.0,No
89681.0,16.0,Pre-menopausal,169.0,98.0,No
89684.0,42.0,Pre-menopausal,188.0,109.0,No
89694.0,77.0,Post-menopausal,225.0,136.0,No
89701.0,53.0,Post-menopausal,176.0,106.0,No
89702.0,18.0,Pre-menopausal,190.0,92.0,No
89704.0,71.0,Post-menopausal,213.0,136.0,No
89708.0,15.0,Pre-menopausal,236.0,170.0,No
89710.0,79.0,Post-menopausal,216.0,129.0,No
89711.0,36.0,Pre-menopausal,181.0,101.0,No
89712.0,48.0,Pre-menopausal,214.0,161.0,No
89734.0,72.0,Post-menopausal,202.0,113.0,No
89743.0,41.0,Pre-menopausal,195.0,121.0,No
89749.0,20.0,Pre-menopausal,178.0,117.0,No
89755.0,60.0,Post-menopausal,244.0,151.0,Yes
89758.0,12.0,Pre-menopausal,133.0,69.0,No
89759.0,12.0,Pre-menopausal,185.0,112.0,No
89761.0,79.0,Post-menopausal,208.0,145.0,No
89762.0,35.0,Pre-menopausal,180.0,108.0,No
89766.0,13.0,Pre-menopausal,176.0,99.0,No
89770.0,67.0,Post-menopausal,190.0,109.0,No
89772.0,16.0,Pre-menopausal,198.0,123.0,No
89774.0,32.0,Pre-menopausal,183.0,120.0,No
89781.0,17.0,Pre-menopausal,134.0,69.0,No
89794.0,29.0,Post-menopausal,232.0,128.0,No
89795.0,22.0,Pre-menopausal,192.0,96.0,No
89800.0,60.0,Post-menopausal,212.0,123.0,No
89804.0,66.0,Post-menopausal,194.0,116.0,No
89813.0,40.0,Post-menopausal,244.0,170.0,No
89816.0,26.0,Pre-menopausal,181.0,116.0,No
89820.0,35.0,Pre-menopausal,181.0,87.0,No
89849.0,67.0,Post-menopausal,154.0,82.0,Yes
89856.0,42.0,Pre-menopausal,184.0,106.0,No
89875.0,17.0,Pre-menopausal,186.0,105.0,No
89884.0,76.0,Post-menopausal,155.0,74.0,No
89894.0,65.0,Post-menopausal,263.0,191.0,Yes
89904.0,30.0,Pre-menopausal,194.0,121.0,No
89907.0,77.0,Post-menopausal,190.0,104.0,Yes
89927.0,41.0,Post-menopausal,198.0,132.0,No
89950.0,26.0,Pre-menopausal,141.0,50.0,No
89959.0,32.0,Pre-menopausal,125.0,53.0,No
89960.0,69.0,Post-menopausal,222.0,113.0,No
89964.0,63.0,Post-menopausal,210.0,139.0,No
89966.0,69.0,Post-menopausal,194.0,111.0,No
89977.0,67.0,Post-menopausal,118.0,62.0,No
89986.0,28.0,Pre-menopausal,179.0,99.0,No
89992.0,70.0,Post-menopausal,197.0,128.0,No
90005.0,19.0,Pre-menopausal,283.0,195.0,No
90028.0,43.0,Pre-menopausal,243.0,153.0,No
90035.0,80.0,Post-menopausal,267.0,171.0,Yes
90036.0,36.0,Pre-menopausal,236.0,151.0,No
90039.0,12.0,Pre-menopausal,212.0,151.0,No
90048.0,41.0,Pre-menopausal,141.0,92.0,No
90065.0,77.0,Post-menopausal,163.0,83.0,No
90066.0,63.0,Post-menopausal,136.0,56.0,No
90068.0,68.0,Post-menopausal,178.0,120.0,No
90069.0,40.0,Pre-menopausal,169.0,80.0,No
90075.0,58.0,Post-menopausal,140.0,85.0,No
90086.0,76.0,Post-menopausal,283.0,183.0,Yes
90093.0,24.0,Pre-menopausal,185.0,128.0,No
90105.0,16.0,Pre-menopausal,158.0,84.0,No
90106.0,52.0,Post-menopausal,171.0,102.0,Yes
90111.0,36.0,Pre-menopausal,202.0,124.0,No
90112.0,16.0,Pre-menopausal,122.0,49.0,No
90113.0,27.0,Pre-menopausal,254.0,189.0,No
90121.0,44.0,Pre-menopausal,225.0,138.0,No
90140.0,80.0,Post-menopausal,146.0,73.0,Yes
90156.0,51.0,Post-menopausal,196.0,104.0,No
90168.0,49.0,Pre-menopausal,183.0,108.0,No
90169.0,12.0,Pre-menopausal,118.0,40.0,No
90172.0,67.0,Post-menopausal,169.0,90.0,No
90178.0,14.0,Pre-menopausal,185.0,104.0,No
90185.0,46.0,Pre-menopausal,158.0,79.0,No
90186.0,48.0,Pre-menopausal,160.0,70.0,No
90188.0,54.0,Post-menopausal,231.0,150.0,No
90189.0,23.0,Pre-menopausal,155.0,94.0,No
90191.0,67.0,Pre-menopausal,168.0,87.0,Yes
90205.0,17.0,Pre-menopausal,117.0,61.0,No
90210.0,53.0,Post-menopausal,204.0,145.0,No
90214.0,65.0,Pre-menopausal,252.0,174.0,No
90227.0,12.0,Pre-menopausal,196.0,123.0,No
90257.0,69.0,Post-menopausal,149.0,61.0,No
90265.0,14.0,Pre-menopausal,145.0,71.0,No
90282.0,49.0,Pre-menopausal,237.0,172.0,No
90287.0,36.0,Pre-menopausal,161.0,86.0,No
90301.0,65.0,Post-menopausal,161.0,77.0,Yes
90320.0,75.0,Post-menopausal,194.0,122.0,No
90325.0,67.0,Post-menopausal,214.0,108.0,No
90326.0,60.0,Post-menopausal,146.0,85.0,Yes
90327.0,19.0,Pre-menopausal,206.0,132.0,No
90329.0,68.0,Post-menopausal,316.0,225.0,Yes
90340.0,73.0,Post-menopausal,164.0,91.0,No
90344.0,18.0,Pre-menopausal,159.0,92.0,No
90362.0,67.0,Post-menopausal,162.0,81.0,No
90363.0,80.0,Post-menopausal,176.0,81.0,No
90369.0,40.0,Pre-menopausal,166.0,81.0,No
90375.0,59.0,Post-menopausal,170.0,56.0,No
90384.0,47.0,Pre-menopausal,241.0,164.0,No
90397.0,60.0,Post-menopausal,157.0,78.0,No
90398.0,23.0,Pre-menopausal,142.0,59.0,No
90409.0,55.0,Post-menopausal,154.0,75.0,No
90416.0,51.0,Pre-menopausal,214.0,132.0,Yes
90417.0,76.0,Post-menopausal,132.0,52.0,Yes
90422.0,42.0,Pre-menopausal,195.0,116.0,No
90426.0,35.0,Pre-menopausal,195.0,105.0,No
90433.0,18.0,Pre-menopausal,177.0,110.0,No
90434.0,12.0,Pre-menopausal,96.0,35.0,No
90441.0,80.0,Post-menopausal,146.0,75.0,No
90456.0,76.0,Post-menopausal,142.0,72.0,No
90457.0,13.0,Pre-menopausal,112.0,64.0,No
90458.0,19.0,Pre-menopausal,185.0,126.0,No
90461.0,37.0,Pre-menopausal,194.0,104.0,No
90482.0,63.0,Post-menopausal,217.0,153.0,No
90483.0,15.0,Pre-menopausal,178.0,111.0,No
90500.0,72.0,Post-menopausal,213.0,133.0,No
90504.0,18.0,Pre-menopausal,193.0,136.0,No
90518.0,80.0,Post-menopausal,253.0,170.0,Yes
90533.0,34.0,Pre-menopausal,132.0,81.0,No
90540.0,24.0,Pre-menopausal,150.0,61.0,No
90542.0,47.0,Pre-menopausal,191.0,120.0,No
90547.0,28.0,Pre-menopausal,218.0,137.0,No
90563.0,80.0,Post-menopausal,163.0,72.0,Yes
90565.0,67.0,Post-menopausal,116.0,54.0,No
90569.0,36.0,Pre-menopausal,185.0,101.0,No
90571.0,58.0,Post-menopausal,252.0,160.0,Yes
90576.0,34.0,Pre-menopausal,165.0,85.0,No
90582.0,50.0,Post-menopausal,260.0,170.0,No
90590.0,61.0,Post-menopausal,221.0,126.0,No
90596.0,13.0,Pre-menopausal,227.0,144.0,No
90598.0,61.0,Post-menopausal,173.0,100.0,No
90617.0,65.0,Post-menopausal,169.0,90.0,No
90618.0,34.0,Pre-menopausal,160.0,91.0,No
90626.0,51.0,Pre-menopausal,204.0,125.0,No
90629.0,16.0,Pre-menopausal,151.0,95.0,No
90633.0,42.0,Pre-menopausal,183.0,114.0,No
90642.0,42.0,Pre-menopausal,169.0,106.0,No
90651.0,44.0,Pre-menopausal,232.0,112.0,No
90653.0,56.0,Post-menopausal,182.0,101.0,No
90663.0,68.0,Post-menopausal,248.0,153.0,Yes
90668.0,18.0,Pre-menopausal,179.0,89.0,No
90670.0,34.0,Pre-menopausal,146.0,71.0,No
90674.0,68.0,Post-menopausal,174.0,106.0,No
90677.0,55.0,Post-menopausal,206.0,120.0,No
90686.0,13.0,Pre-menopausal,161.0,100.0,No
90700.0,40.0,Pre-menopausal,215.0,139.0,No
90703.0,35.0,Pre-menopausal,200.0,115.0,No
90721.0,43.0,Pre-menopausal,128.0,57.0,No
90735.0,17.0,Pre-menopausal,170.0,86.0,No
90742.0,27.0,Pre-menopausal,199.0,123.0,No
90744.0,20.0,Pre-menopausal,164.0,111.0,No
90745.0,32.0,Pre-menopausal,173.0,90.0,No
90746.0,35.0,Pre-menopausal,189.0,120.0,No
90748.0,61.0,Post-menopausal,183.0,107.0,No
90755.0,39.0,Pre-menopausal,160.0,77.0,No
90773.0,13.0,Pre-menopausal,189.0,127.0,No
90794.0,33.0,Pre-menopausal,168.0,104.0,No
90808.0,48.0,Post-menopausal,212.0,128.0,No
90811.0,64.0,Post-menopausal,179.0,88.0,No
90814.0,80.0,Post-menopausal,210.0,136.0,Yes
90842.0,25.0,Pre-menopausal,140.0,79.0,No
90850.0,62.0,Post-menopausal,200.0,104.0,No
90852.0,34.0,Pre-menopausal,196.0,107.0,No
90853.0,14.0,Pre-menopausal,148.0,87.0,No
90859.0,50.0,Post-menopausal,114.0,58.0,Yes
90873.0,46.0,Pre-menopausal,191.0,114.0,No
90883.0,23.0,Post-menopausal,167.0,103.0,No
90889.0,47.0,Pre-menopausal,211.0,104.0,No
90890.0,54.0,Post-menopausal,234.0,164.0,Yes
90905.0,14.0,Pre-menopausal,124.0,51.0,No
90910.0,12.0,Pre-menopausal,134.0,60.0,No
90914.0,23.0,Pre-menopausal,173.0,105.0,No
90923.0,63.0,Post-menopausal,201.0,114.0,No
90929.0,65.0,Post-menopausal,118.0,43.0,Yes
90930.0,76.0,Post-menopausal,228.0,145.0,No
90931.0,35.0,Post-menopausal,195.0,108.0,Yes
90932.0,45.0,Pre-menopausal,217.0,104.0,No
90934.0,68.0,Post-menopausal,133.0,85.0,No
90946.0,24.0,Pre-menopausal,147.0,66.0,No
90971.0,58.0,Post-menopausal,221.0,111.0,Yes
90977.0,80.0,Post-menopausal,216.0,118.0,No
90986.0,74.0,Post-menopausal,158.0,78.0,Yes
90994.0,21.0,Pre-menopausal,136.0,75.0,No
91008.0,27.0,Pre-menopausal,176.0,102.0,No
91010.0,55.0,Post-menopausal,237.0,156.0,No
91017.0,48.0,Pre-menopausal,131.0,89.0,Yes
91025.0,26.0,Pre-menopausal,173.0,118.0,No
91028.0,72.0,Post-menopausal,271.0,170.0,Yes
91040.0,68.0,Post-menopausal,149.0,63.0,No
91041.0,14.0,Pre-menopausal,131.0,63.0,No
91047.0,13.0,Pre-menopausal,149.0,82.0,No
91050.0,75.0,Post-menopausal,84.0,31.0,No
91064.0,58.0,Post-menopausal,242.0,144.0,No
91065.0,52.0,Post-menopausal,300.0,222.0,No
91074.0,24.0,Pre-menopausal,177.0,110.0,No
91078.0,36.0,Pre-menopausal,184.0,86.0,No
91082.0,45.0,Pre-menopausal,212.0,106.0,No
91094.0,71.0,Post-menopausal,190.0,121.0,No
91109.0,64.0,Post-menopausal,219.0,137.0,No
91113.0,31.0,Pre-menopausal,198.0,116.0,No
91122.0,14.0,Pre-menopausal,139.0,78.0,No
91124.0,12.0,Pre-menopausal,132.0,54.0,No
91128.0,54.0,Post-menopausal,219.0,130.0,No
91133.0,24.0,Pre-menopausal,194.0,111.0,No
91144.0,30.0,Pre-menopausal,145.0,80.0,No
91164.0,17.0,Pre-menopausal,156.0,94.0,No
91171.0,80.0,Post-menopausal,156.0,58.0,Yes
91174.0,26.0,Post-menopausal,144.0,59.0,No
91189.0,39.0,Pre-menopausal,157.0,66.0,No
91196.0,59.0,Post-menopausal,185.0,123.0,No
91204.0,38.0,Pre-menopausal,139.0,79.0,No
91215.0,43.0,Pre-menopausal,201.0,127.0,No
91222.0,48.0,Post-menopausal,151.0,80.0,No
91223.0,70.0,Post-menopausal,207.0,146.0,No
91227.0,16.0,Pre-menopausal,182.0,99.0,No
91228.0,31.0,Pre-menopausal,177.0,121.0,No
91253.0,44.0,Pre-menopausal,170.0,98.0,No
91261.0,44.0,Pre-menopausal,145.0,70.0,No
91284.0,29.0,Pre-menopausal,172.0,98.0,No
91290.0,39.0,Pre-menopausal,161.0,79.0,No
91296.0,12.0,Pre-menopausal,175.0,96.0,No
91305.0,22.0,Pre-menopausal,162.0,77.0,No
91323.0,26.0,Pre-menopausal,136.0,77.0,No
91327.0,17.0,Pre-menopausal,144.0,71.0,No
91333.0,12.0,Post-menopausal,183.0,105.0,No
91334.0,39.0,Pre-menopausal,216.0,118.0,No
91351.0,25.0,Pre-menopausal,179.0,91.0,No
91355.0,67.0,Post-menopausal,220.0,130.0,No
91356.0,53.0,Pre-menopausal,274.0,174.0,No
91366.0,28.0,Pre-menopausal,169.0,112.0,No
91377.0,80.0,Post-menopausal,210.0,94.0,Yes
91383.0,48.0,Post-menopausal,257.0,143.0,No
91392.0,19.0,Pre-menopausal,121.0,61.0,No
91400.0,46.0,Pre-menopausal,174.0,72.0,No
91403.0,17.0,Pre-menopausal,183.0,111.0,No
91404.0,34.0,Pre-menopausal,211.0,142.0,No
91414.0,59.0,Post-menopausal,185.0,80.0,No
91443.0,45.0,Post-menopausal,172.0,122.0,No
91445.0,25.0,Pre-menopausal,161.0,89.0,No
91447.0,66.0,Post-menopausal,158.0,70.0,No
91449.0,50.0,Pre-menopausal,194.0,112.0,No
91474.0,62.0,Post-menopausal,213.0,135.0,No
91477.0,35.0,Pre-menopausal,154.0,87.0,No
91482.0,54.0,Post-menopausal,207.0,130.0,No
91505.0,45.0,Pre-menopausal,195.0,125.0,No
91507.0,53.0,Post-menopausal,151.0,77.0,No
91525.0,29.0,Pre-menopausal,201.0,114.0,No
91527.0,41.0,Pre-menopausal,155.0,94.0,No
91530.0,26.0,Pre-menopausal,201.0,114.0,No
91537.0,53.0,Post-menopausal,261.0,162.0,No
91542.0,80.0,Post-menopausal,193.0,110.0,No
91555.0,35.0,Pre-menopausal,222.0,106.0,No
91572.0,80.0,Post-menopausal,195.0,106.0,No
91573.0,19.0,Pre-menopausal,165.0,107.0,No
91589.0,55.0,Post-menopausal,170.0,72.0,No
91596.0,42.0,Pre-menopausal,194.0,97.0,Yes
91627.0,48.0,Pre-menopausal,244.0,156.0,No
91630.0,29.0,Pre-menopausal,152.0,94.0,No
91643.0,59.0,Post-menopausal,219.0,142.0,No
91644.0,14.0,Pre-menopausal,160.0,89.0,No
91645.0,13.0,Pre-menopausal,137.0,54.0,No
91653.0,51.0,Pre-menopausal,133.0,52.0,No
91659.0,64.0,Post-menopausal,149.0,65.0,No
91663.0,46.0,Post-menopausal,191.0,118.0,No
91677.0,19.0,Pre-menopausal,166.0,117.0,No
91683.0,59.0,Post-menopausal,252.0,162.0,No
91687.0,28.0,Pre-menopausal,159.0,23.0,No
91696.0,80.0,Post-menopausal,214.0,138.0,Yes
91702.0,59.0,Post-menopausal,176.0,100.0,No
91709.0,17.0,Pre-menopausal,157.0,74.0,No
91714.0,35.0,Pre-menopausal,295.0,173.0,No
91725.0,57.0,Post-menopausal,197.0,111.0,No
91728.0,76.0,Post-menopausal,208.0,128.0,No
91732.0,55.0,Post-menopausal,169.0,107.0,No
91744.0,78.0,Post-menopausal,210.0,117.0,No
91750.0,49.0,Pre-menopausal,204.0,108.0,No
91753.0,48.0,Post-menopausal,283.0,195.0,No
91756.0,63.0,Post-menopausal,219.0,141.0,No
91771.0,39.0,Pre-menopausal,177.0,110.0,No
91787.0,80.0,Post-menopausal,207.0,95.0,No
91793.0,44.0,Post-menopausal,204.0,125.0,No
91794.0,25.0,Pre-menopausal,145.0,65.0,No
91806.0,66.0,Post-menopausal,260.0,169.0,Yes
91807.0,25.0,Post-menopausal,208.0,105.0,No
91814.0,62.0,Post-menopausal,204.0,137.0,No
91824.0,60.0,Post-menopausal,197.0,113.0,No
91829.0,49.0,Pre-menopausal,257.0,171.0,No
91833.0,27.0,Pre-menopausal,166.0,87.0,No
91839.0,35.0,Pre-menopausal,154.0,81.0,No
91842.0,49.0,Post-menopausal,258.0,173.0,No
91846.0,56.0,Post-menopausal,181.0,94.0,No
91850.0,64.0,Post-menopausal,270.0,165.0,No
91853.0,63.0,Post-menopausal,196.0,122.0,Yes
91856.0,58.0,Post-menopausal,274.0,186.0,No
91862.0,18.0,Pre-menopausal,177.0,92.0,No
91865.0,58.0,Post-menopausal,258.0,155.0,No
91888.0,45.0,Pre-menopausal,175.0,90.0,No
91893.0,33.0,Pre-menopausal,204.0,150.0,No
91899.0,48.0,Pre-menopausal,177.0,85.0,No
91900.0,46.0,Pre-menopausal,198.0,119.0,No
91903.0,50.0,Post-menopausal,241.0,170.0,Yes
91910.0,14.0,Pre-menopausal,90.0,41.0,No
91911.0,51.0,Post-menopausal,198.0,118.0,No
91927.0,24.0,Pre-menopausal,166.0,107.0,No
91954.0,80.0,Post-menopausal,163.0,99.0,Yes
91957.0,23.0,Pre-menopausal,138.0,78.0,No
91964.0,13.0,Pre-menopausal,185.0,117.0,No
91992.0,66.0,Post-menopausal,258.0,163.0,No
91996.0,15.0,Pre-menopausal,121.0,62.0,No
91999.0,33.0,Pre-menopausal,270.0,168.0,No
92010.0,18.0,Pre-menopausal,160.0,95.0,No
92026.0,42.0,Post-menopausal,222.0,140.0,No
92037.0,26.0,Pre-menopausal,162.0,76.0,No
92055.0,66.0,Post-menopausal,147.0,46.0,No
92059.0,72.0,Post-menopausal,218.0,134.0,No
92062.0,40.0,Pre-menopausal,151.0,72.0,No
92070.0,64.0,Pre-menopausal,229.0,139.0,No
92078.0,17.0,Pre-menopausal,128.0,78.0,No
92085.0,56.0,Post-menopausal,239.0,152.0,No
92097.0,80.0,Post-menopausal,181.0,88.0,No
92107.0,38.0,Pre-menopausal,149.0,77.0,No
92111.0,60.0,Post-menopausal,186.0,112.0,No
92119.0,58.0,Post-menopausal,250.0,151.0,No
92124.0,42.0,Post-menopausal,184.0,109.0,No
92128.0,14.0,Pre-menopausal,103.0,38.0,No
92159.0,18.0,Pre-menopausal,159.0,94.0,No
92160.0,59.0,Post-menopausal,166.0,73.0,No
92171.0,13.0,Pre-menopausal,134.0,60.0,No
92184.0,40.0,Pre-menopausal,171.0,77.0,No
92186.0,48.0,Post-menopausal,178.0,126.0,No
92198.0,47.0,Pre-menopausal,233.0,139.0,No
92212.0,33.0,Pre-menopausal,187.0,117.0,No
92216.0,31.0,Pre-menopausal,134.0,60.0,No
92217.0,64.0,Post-menopausal,176.0,78.0,No
92220.0,39.0,Pre-menopausal,193.0,119.0,No
92226.0,26.0,Pre-menopausal,166.0,52.0,No
92230.0,15.0,Pre-menopausal,145.0,72.0,No
92233.0,49.0,Pre-menopausal,207.0,114.0,No
92235.0,80.0,Post-menopausal,128.0,37.0,Yes
92238.0,80.0,Post-menopausal,212.0,120.0,No
92252.0,63.0,Post-menopausal,213.0,135.0,No
92262.0,80.0,Post-menopausal,202.0,127.0,No
92276.0,68.0,Pre-menopausal,253.0,153.0,Yes
92277.0,45.0,Post-menopausal,192.0,83.0,No
92284.0,15.0,Post-menopausal,152.0,101.0,No
92299.0,55.0,Post-menopausal,209.0,116.0,No
92300.0,24.0,Pre-menopausal,181.0,116.0,No
92302.0,33.0,Pre-menopausal,144.0,91.0,No
92307.0,35.0,Pre-menopausal,147.0,81.0,No
92314.0,16.0,Pre-menopausal,148.0,89.0,No
92319.0,40.0,Pre-menopausal,193.0,124.0,No
92335.0,80.0,Post-menopausal,168.0,84.0,No
92337.0,55.0,Post-menopausal,259.0,171.0,No
92338.0,27.0,Pre-menopausal,179.0,96.0,No
92346.0,43.0,Pre-menopausal,191.0,113.0,No
92353.0,47.0,Pre-menopausal,190.0,120.0,No
92358.0,21.0,Pre-menopausal,173.0,114.0,No
92359.0,66.0,Post-menopausal,199.0,88.0,No
92363.0,27.0,Pre-menopausal,167.0,101.0,Yes
92368.0,54.0,Post-menopausal,194.0,129.0,No
92386.0,57.0,Post-menopausal,273.0,180.0,No
92407.0,54.0,Post-menopausal,170.0,100.0,No
92409.0,59.0,Post-menopausal,148.0,64.0,Yes
92410.0,55.0,Pre-menopausal,198.0,133.0,No
92419.0,45.0,Pre-menopausal,157.0,94.0,No
92421.0,29.0,Pre-menopausal,320.0,245.0,No
92458.0,16.0,Pre-menopausal,139.0,69.0,No
92478.0,20.0,Pre-menopausal,211.0,133.0,No
92485.0,30.0,Pre-menopausal,142.0,75.0,No
92490.0,16.0,Pre-menopausal,139.0,84.0,No
92492.0,14.0,Pre-menopausal,175.0,105.0,No
92494.0,80.0,Post-menopausal,228.0,149.0,No
92497.0,29.0,Pre-menopausal,191.0,116.0,No
92500.0,56.0,Pre-menopausal,181.0,103.0,No
92506.0,34.0,Pre-menopausal,171.0,112.0,No
92521.0,29.0,Pre-menopausal,164.0,110.0,No
92522.0,80.0,Post-menopausal,180.0,100.0,No
92524.0,54.0,Post-menopausal,200.0,95.0,No
92526.0,22.0,Pre-menopausal,178.0,115.0,No
92530.0,70.0,Post-menopausal,235.0,149.0,No
92554.0,56.0,Post-menopausal,252.0,166.0,No
92562.0,51.0,Post-menopausal,204.0,129.0,No
92568.0,55.0,Post-menopausal,199.0,118.0,No
92587.0,70.0,Post-menopausal,207.0,117.0,No
92595.0,80.0,Post-menopausal,146.0,73.0,No
92598.0,64.0,Post-menopausal,241.0,150.0,Yes
92602.0,79.0,Post-menopausal,225.0,138.0,No
92624.0,23.0,Pre-menopausal,100.0,32.0,No
92625.0,38.0,Post-menopausal,201.0,142.0,No
92626.0,12.0,Pre-menopausal,207.0,125.0,No
92632.0,16.0,Pre-menopausal,146.0,67.0,No
92645.0,60.0,Pre-menopausal,193.0,85.0,No
92647.0,65.0,Post-menopausal,210.0,118.0,No
92659.0,60.0,Post-menopausal,226.0,139.0,No
92662.0,59.0,Post-menopausal,209.0,128.0,No
92663.0,37.0,Pre-menopausal,186.0,106.0,No
92668.0,45.0,Post-menopausal,202.0,143.0,No
92674.0,45.0,Pre-menopausal,236.0,144.0,No
92675.0,30.0,Pre-menopausal,167.0,87.0,No
92681.0,25.0,Pre-menopausal,257.0,172.0,No
92701.0,12.0,Pre-menopausal,137.0,80.0,No
92703.0,51.0,Post-menopausal,258.0,170.0,No
92717.0,22.0,Pre-menopausal,132.0,70.0,No
92720.0,61.0,Post-menopausal,192.0,113.0,No
92732.0,18.0,Pre-menopausal,148.0,97.0,No
92741.0,27.0,Pre-menopausal,198.0,100.0,No
92748.0,41.0,Post-menopausal,213.0,129.0,Yes
92750.0,53.0,Post-menopausal,209.0,134.0,No
92759.0,15.0,Pre-menopausal,135.0,66.0,No
92770.0,18.0,Pre-menopausal,120.0,63.0,No
92773.0,26.0,Pre-menopausal,174.0,79.0,No
92788.0,31.0,Pre-menopausal,212.0,135.0,No
92806.0,14.0,Pre-menopausal,162.0,75.0,No
92812.0,37.0,Pre-menopausal,139.0,85.0,No
92813.0,16.0,Pre-menopausal,143.0,72.0,No
92814.0,56.0,Post-menopausal,294.0,216.0,No
92817.0,70.0,Post-menopausal,186.0,110.0,No
92823.0,34.0,Pre-menopausal,128.0,68.0,No
92824.0,60.0,Post-menopausal,205.0,122.0,No
92838.0,47.0,Post-menopausal,249.0,184.0,No
92846.0,23.0,Pre-menopausal,173.0,104.0,No
92849.0,57.0,Post-menopausal,157.0,93.0,No
92872.0,55.0,Post-menopausal,190.0,118.0,Yes
92878.0,63.0,Post-menopausal,229.0,145.0,No
92893.0,66.0,Post-menopausal,198.0,133.0,No
92903.0,68.0,Post-menopausal,253.0,158.0,No
92914.0,65.0,Post-menopausal,175.0,109.0,No
92918.0,51.0,Pre-menopausal,227.0,113.0,No
92920.0,80.0,Post-menopausal,193.0,106.0,Yes
92929.0,50.0,Post-menopausal,204.0,128.0,No
92938.0,30.0,Post-menopausal,154.0,87.0,No
92957.0,24.0,Pre-menopausal,182.0,124.0,No
92961.0,75.0,Post-menopausal,205.0,94.0,No
92965.0,17.0,Pre-menopausal,184.0,103.0,No
92969.0,80.0,Post-menopausal,265.0,144.0,No
92970.0,25.0,Pre-menopausal,134.0,81.0,No
92977.0,38.0,Pre-menopausal,196.0,121.0,No
92984.0,64.0,Post-menopausal,207.0,109.0,No
92988.0,51.0,Post-menopausal,230.0,157.0,Yes
92998.0,39.0,Pre-menopausal,161.0,93.0,No
93002.0,30.0,Pre-menopausal,198.0,77.0,No
93010.0,63.0,Post-menopausal,221.0,122.0,Yes
93015.0,53.0,Post-menopausal,236.0,138.0,No
93016.0,51.0,Post-menopausal,175.0,101.0,No
93021.0,18.0,Pre-menopausal,165.0,78.0,No
93024.0,40.0,Pre-menopausal,197.0,131.0,No
93031.0,13.0,Pre-menopausal,168.0,98.0,No
93050.0,20.0,Pre-menopausal,203.0,147.0,No
93052.0,55.0,Post-menopausal,162.0,91.0,No
93053.0,69.0,Post-menopausal,165.0,103.0,No
93056.0,12.0,Pre-menopausal,140.0,82.0,No
93073.0,33.0,Pre-menopausal,135.0,55.0,No
93086.0,48.0,Post-menopausal,214.0,138.0,No
93093.0,45.0,Pre-menopausal,201.0,131.0,No
93106.0,40.0,Pre-menopausal,257.0,165.0,No
93111.0,63.0,Post-menopausal,203.0,127.0,No
93113.0,56.0,Post-menopausal,237.0,141.0,No
93115.0,28.0,Pre-menopausal,163.0,71.0,No
93123.0,30.0,Pre-menopausal,129.0,73.0,No
93124.0,71.0,Post-menopausal,177.0,101.0,No
93130.0,63.0,Post-menopausal,220.0,110.0,No
93135.0,15.0,Pre-menopausal,133.0,56.0,No
93161.0,27.0,Pre-menopausal,199.0,115.0,No
93173.0,62.0,Post-menopausal,161.0,65.0,No
93175.0,72.0,Pre-menopausal,308.0,216.0,Yes
93181.0,46.0,Pre-menopausal,201.0,131.0,No
93189.0,47.0,Pre-menopausal,201.0,113.0,No
93196.0,56.0,Post-menopausal,180.0,94.0,Yes
93206.0,44.0,Pre-menopausal,202.0,121.0,No
93208.0,59.0,Post-menopausal,223.0,150.0,No
93209.0,60.0,Post-menopausal,176.0,100.0,No
93218.0,14.0,Pre-menopausal,158.0,92.0,No
93228.0,18.0,Pre-menopausal,149.0,89.0,No
93232.0,80.0,Post-menopausal,191.0,111.0,No
93238.0,69.0,Post-menopausal,127.0,56.0,Yes
93240.0,31.0,Pre-menopausal,179.0,109.0,No
93252.0,48.0,Pre-menopausal,208.0,130.0,Yes
93253.0,14.0,Pre-menopausal,165.0,97.0,No
93258.0,80.0,Post-menopausal,132.0,82.0,Yes
93261.0,24.0,Pre-menopausal,153.0,78.0,No
93268.0,73.0,Post-menopausal,272.0,189.0,No
93274.0,23.0,Pre-menopausal,206.0,134.0,No
93275.0,40.0,Pre-menopausal,195.0,108.0,No
93277.0,40.0,Pre-menopausal,203.0,126.0,No
93279.0,46.0,Pre-menopausal,128.0,71.0,No
93283.0,76.0,Post-menopausal,243.0,170.0,Yes
93297.0,39.0,Pre-menopausal,169.0,85.0,No
93308.0,80.0,Post-menopausal,218.0,126.0,No
93317.0,15.0,Pre-menopausal,139.0,82.0,No
93319.0,17.0,Pre-menopausal,138.0,47.0,No
93325.0,28.0,Pre-menopausal,163.0,91.0,No
93327.0,75.0,Post-menopausal,228.0,137.0,No
93330.0,30.0,Pre-menopausal,215.0,141.0,No
93340.0,66.0,Post-menopausal,170.0,81.0,No
93345.0,36.0,Pre-menopausal,208.0,137.0,No
93348.0,75.0,Post-menopausal,224.0,121.0,No
93353.0,61.0,Post-menopausal,183.0,87.0,No
93354.0,64.0,Post-menopausal,213.0,107.0,No
93368.0,35.0,Pre-menopausal,191.0,121.0,No
93371.0,73.0,Post-menopausal,171.0,104.0,Yes
93374.0,50.0,Pre-menopausal,235.0,142.0,No
93384.0,14.0,Pre-menopausal,171.0,96.0,No
93386.0,50.0,Post-menopausal,178.0,108.0,No
93391.0,69.0,Post-menopausal,201.0,112.0,No
93410.0,77.0,Post-menopausal,235.0,131.0,No
93413.0,57.0,Post-menopausal,222.0,147.0,No
93421.0,80.0,Post-menopausal,216.0,132.0,No
93428.0,30.0,Pre-menopausal,160.0,88.0,No
93431.0,54.0,Pre-menopausal,193.0,123.0,No
93438.0,51.0,Pre-menopausal,202.0,114.0,No
93457.0,25.0,Pre-menopausal,313.0,230.0,No
93458.0,16.0,Pre-menopausal,136.0,80.0,No
93476.0,77.0,Post-menopausal,175.0,114.0,Yes
93488.0,47.0,Pre-menopausal,119.0,52.0,No
93490.0,80.0,Post-menopausal,178.0,88.0,No
93493.0,18.0,Pre-menopausal,141.0,88.0,No
93495.0,65.0,Post-menopausal,238.0,127.0,No
93496.0,54.0,Post-menopausal,181.0,109.0,No
93499.0,30.0,Pre-menopausal,176.0,92.0,No
93503.0,54.0,Pre-menopausal,182.0,99.0,No
93508.0,53.0,Post-menopausal,281.0,149.0,No
93509.0,21.0,Pre-menopausal,160.0,99.0,No
93511.0,40.0,Pre-menopausal,178.0,114.0,No
93514.0,56.0,Post-menopausal,208.0,123.0,No
93532.0,51.0,Post-menopausal,268.0,172.0,No
93558.0,67.0,Post-menopausal,160.0,57.0,No
93562.0,19.0,Pre-menopausal,143.0,79.0,No
93563.0,80.0,Post-menopausal,192.0,94.0,No
93566.0,17.0,Pre-menopausal,142.0,80.0,No
93573.0,55.0,Pre-menopausal,197.0,110.0,Yes
93590.0,28.0,Pre-menopausal,189.0,122.0,No
93593.0,74.0,Post-menopausal,213.0,144.0,No
93595.0,12.0,Pre-menopausal,164.0,82.0,No
93600.0,22.0,Pre-menopausal,170.0,75.0,No
93602.0,17.0,Pre-menopausal,145.0,74.0,No
93608.0,57.0,Post-menopausal,201.0,116.0,No
93611.0,70.0,Post-menopausal,169.0,93.0,Yes
93612.0,36.0,Pre-menopausal,184.0,63.0,No
93619.0,44.0,Pre-menopausal,205.0,119.0,No
93643.0,64.0,Post-menopausal,245.0,166.0,Yes
93656.0,75.0,Post-menopausal,152.0,82.0,No
93677.0,34.0,Pre-menopausal,178.0,108.0,No
93687.0,16.0,Pre-menopausal,166.0,94.0,No
93689.0,69.0,Post-menopausal,167.0,73.0,No
93695.0,76.0,Post-menopausal,140.0,56.0,Yes
93697.0,80.0,Post-menopausal,256.0,127.0,Yes
93708.0,66.0,Post-menopausal,209.0,109.0,No
93719.0,13.0,Pre-menopausal,97.0,35.0,No
93721.0,60.0,Post-menopausal,122.0,61.0,No
93722.0,60.0,Post-menopausal,184.0,95.0,No
93752.0,73.0,Post-menopausal,262.0,165.0,No
93755.0,26.0,Pre-menopausal,182.0,121.0,No
93758.0,55.0,Post-menopausal,446.0,354.0,Yes
93760.0,54.0,Post-menopausal,213.0,137.0,No
93762.0,74.0,Post-menopausal,277.0,188.0,No
93766.0,36.0,Pre-menopausal,254.0,162.0,No
93772.0,55.0,Post-menopausal,98.0,38.0,Yes
93775.0,47.0,Pre-menopausal,167.0,84.0,No
93776.0,32.0,Post-menopausal,196.0,102.0,No
93780.0,46.0,Pre-menopausal,187.0,92.0,Yes
93782.0,25.0,Pre-menopausal,140.0,96.0,No
93783.0,21.0,Pre-menopausal,177.0,112.0,No
93789.0,34.0,Pre-menopausal,186.0,83.0,No
93794.0,62.0,Post-menopausal,238.0,150.0,No
93800.0,80.0,Post-menopausal,203.0,99.0,No
93807.0,13.0,Pre-menopausal,173.0,114.0,No
93813.0,42.0,Pre-menopausal,211.0,137.0,No
93814.0,41.0,Pre-menopausal,133.0,73.0,No
93815.0,32.0,Pre-menopausal,195.0,108.0,No
93823.0,58.0,Post-menopausal,234.0,156.0,No
93827.0,68.0,Post-menopausal,255.0,163.0,No
93837.0,35.0,Pre-menopausal,155.0,104.0,No
93843.0,42.0,Pre-menopausal,204.0,105.0,No
93847.0,43.0,Pre-menopausal,124.0,60.0,No
93864.0,12.0,Pre-menopausal,146.0,73.0,No
93870.0,20.0,Pre-menopausal,156.0,87.0,No
93873.0,16.0,Pre-menopausal,123.0,68.0,No
93878.0,59.0,Post-menopausal,207.0,125.0,No
93883.0,30.0,Pre-menopausal,135.0,60.0,No
93888.0,37.0,Post-menopausal,212.0,118.0,No
93891.0,56.0,Post-menopausal,204.0,117.0,No
93894.0,66.0,Post-menopausal,175.0,96.0,Yes
93908.0,20.0,Pre-menopausal,144.0,82.0,No
93920.0,61.0,Post-menopausal,192.0,108.0,No
93925.0,13.0,Pre-menopausal,214.0,124.0,No
93929.0,35.0,Pre-menopausal,319.0,192.0,No
93932.0,54.0,Post-menopausal,241.0,154.0,No
93942.0,52.0,Pre-menopausal,157.0,100.0,No
93952.0,34.0,Pre-menopausal,164.0,90.0,Yes
93957.0,41.0,Post-menopausal,217.0,149.0,No
93965.0,30.0,Pre-menopausal,229.0,147.0,No
93969.0,33.0,Pre-menopausal,180.0,118.0,No
93975.0,54.0,Pre-menopausal,197.0,119.0,No
93980.0,29.0,Pre-menopausal,184.0,100.0,No
93981.0,52.0,Pre-menopausal,242.0,171.0,No
93982.0,57.0,Pre-menopausal,185.0,89.0,No
93984.0,32.0,Pre-menopausal,145.0,95.0,No
93988.0,32.0,Pre-menopausal,136.0,62.0,No
93998.0,24.0,Pre-menopausal,129.0,66.0,No
93999.0,23.0,Pre-menopausal,129.0,64.0,No
94001.0,18.0,Pre-menopausal,120.0,60.0,No
94012.0,25.0,Pre-menopausal,250.0,173.0,No
94015.0,30.0,Pre-menopausal,169.0,119.0,No
94021.0,38.0,Pre-menopausal,138.0,72.0,No
94029.0,46.0,Post-menopausal,267.0,159.0,No
94034.0,54.0,Post-menopausal,179.0,104.0,Yes
94036.0,12.0,Pre-menopausal,123.0,44.0,No
94038.0,59.0,Post-menopausal,235.0,157.0,No
94044.0,34.0,Pre-menopausal,129.0,62.0,No
94047.0,45.0,Pre-menopausal,190.0,116.0,No
94049.0,66.0,Post-menopausal,225.0,153.0,No
94050.0,55.0,Post-menopausal,270.0,192.0,Yes
94057.0,62.0,Post-menopausal,192.0,132.0,No
94084.0,61.0,Post-menopausal,193.0,109.0,No
94090.0,16.0,Pre-menopausal,169.0,111.0,No
94095.0,78.0,Post-menopausal,133.0,61.0,Yes
94097.0,62.0,Post-menopausal,201.0,129.0,No
94098.0,23.0,Pre-menopausal,178.0,113.0,No
94101.0,64.0,Post-menopausal,164.0,94.0,No
94105.0,46.0,Pre-menopausal,204.0,123.0,No
94109.0,13.0,Pre-menopausal,149.0,70.0,No
94113.0,60.0,Post-menopausal,264.0,174.0,No
94117.0,57.0,Post-menopausal,208.0,138.0,No
94121.0,12.0,Pre-menopausal,139.0,64.0,No
94126.0,62.0,Post-menopausal,129.0,51.0,No
94127.0,34.0,Pre-menopausal,194.0,121.0,No
94130.0,27.0,Pre-menopausal,180.0,89.0,No
94138.0,72.0,Post-menopausal,148.0,39.0,No
94139.0,49.0,Pre-menopausal,191.0,115.0,No
94145.0,15.0,Pre-menopausal,125.0,66.0,No
94154.0,80.0,Post-menopausal,218.0,143.0,No
94156.0,63.0,Post-menopausal,193.0,119.0,No
94164.0,18.0,Pre-menopausal,152.0,89.0,No
94174.0,45.0,Post-menopausal,220.0,148.0,No
94177.0,59.0,Post-menopausal,187.0,102.0,No
94181.0,36.0,Pre-menopausal,201.0,113.0,No
94186.0,13.0,Pre-menopausal,157.0,80.0,No
94187.0,54.0,Post-menopausal,200.0,127.0,No
94189.0,21.0,Pre-menopausal,129.0,75.0,No
94192.0,54.0,Post-menopausal,152.0,78.0,No
94193.0,58.0,Post-menopausal,146.0,87.0,No
94195.0,16.0,Pre-menopausal,137.0,68.0,No
94208.0,45.0,Pre-menopausal,140.0,83.0,Yes
94216.0,67.0,Post-menopausal,144.0,76.0,Yes
94220.0,17.0,Pre-menopausal,212.0,146.0,No
94223.0,43.0,Pre-menopausal,205.0,118.0,No
94229.0,69.0,Post-menopausal,185.0,102.0,No
94250.0,23.0,Pre-menopausal,162.0,96.0,No
94251.0,22.0,Pre-menopausal,187.0,114.0,No
94259.0,50.0,Post-menopausal,203.0,96.0,No
94261.0,63.0,Post-menopausal,131.0,56.0,No
94267.0,80.0,Post-menopausal,198.0,88.0,No
94274.0,58.0,Post-menopausal,191.0,105.0,No
94277.0,41.0,Pre-menopausal,211.0,144.0,No
94282.0,17.0,Pre-menopausal,199.0,137.0,No
94283.0,60.0,Post-menopausal,179.0,112.0,Yes
94286.0,75.0,Post-menopausal,198.0,123.0,No
94290.0,35.0,Pre-menopausal,246.0,165.0,No
94292.0,14.0,Pre-menopausal,155.0,87.0,No
94299.0,12.0,Pre-menopausal,108.0,55.0,No
94300.0,69.0,Post-menopausal,173.0,101.0,No
94301.0,64.0,Post-menopausal,260.0,141.0,No
94302.0,24.0,Pre-menopausal,238.0,149.0,No
94312.0,15.0,Pre-menopausal,182.0,114.0,No
94324.0,50.0,Post-menopausal,173.0,91.0,No
94330.0,57.0,Post-menopausal,211.0,135.0,No
94373.0,80.0,Post-menopausal,215.0,137.0,No
94374.0,52.0,Post-menopausal,309.0,237.0,No
94375.0,30.0,Pre-menopausal,228.0,145.0,No
94379.0,24.0,Pre-menopausal,184.0,121.0,Yes
94387.0,39.0,Pre-menopausal,211.0,137.0,No
94388.0,33.0,Pre-menopausal,146.0,63.0,No
94390.0,72.0,Post-menopausal,133.0,71.0,No
94410.0,80.0,Post-menopausal,182.0,108.0,No
94421.0,75.0,Post-menopausal,152.0,74.0,No
94424.0,75.0,Post-menopausal,237.0,151.0,No
94436.0,31.0,Pre-menopausal,177.0,115.0,No
94444.0,78.0,Post-menopausal,169.0,94.0,Yes
94446.0,28.0,Pre-menopausal,218.0,152.0,No
94453.0,20.0,Pre-menopausal,155.0,89.0,No
94463.0,26.0,Pre-menopausal,140.0,75.0,No
94469.0,37.0,Pre-menopausal,180.0,110.0,No
94478.0,37.0,Pre-menopausal,153.0,62.0,No
94483.0,74.0,Post-menopausal,236.0,130.0,No
94488.0,38.0,Pre-menopausal,178.0,114.0,No
94490.0,64.0,Post-menopausal,240.0,148.0,No
94491.0,19.0,Pre-menopausal,208.0,130.0,No
94500.0,60.0,Post-menopausal,127.0,69.0,Yes
94509.0,53.0,Post-menopausal,275.0,190.0,No
94512.0,43.0,Pre-menopausal,183.0,91.0,No
94516.0,19.0,Pre-menopausal,193.0,128.0,No
94523.0,65.0,Post-menopausal,184.0,124.0,No
94525.0,66.0,Post-menopausal,179.0,102.0,No
94531.0,34.0,Pre-menopausal,189.0,129.0,No
94547.0,67.0,Post-menopausal,160.0,68.0,No
94553.0,72.0,Post-menopausal,208.0,128.0,No
94557.0,35.0,Pre-menopausal,131.0,76.0,Yes
94560.0,24.0,Pre-menopausal,137.0,91.0,No
94564.0,80.0,Post-menopausal,147.0,52.0,Yes
94565.0,45.0,Pre-menopausal,230.0,149.0,No
94568.0,60.0,Post-menopausal,239.0,168.0,No
94569.0,27.0,Pre-menopausal,173.0,102.0,No
94571.0,80.0,Post-menopausal,223.0,130.0,No
94572.0,14.0,Pre-menopausal,155.0,59.0,No
94576.0,33.0,Pre-menopausal,135.0,75.0,No
94577.0,30.0,Pre-menopausal,300.0,224.0,No
94587.0,19.0,Pre-menopausal,154.0,85.0,No
94601.0,15.0,Pre-menopausal,156.0,104.0,No
94606.0,57.0,Post-menopausal,158.0,57.0,No
94609.0,70.0,Post-menopausal,183.0,93.0,No
94615.0,47.0,Post-menopausal,174.0,109.0,Yes
94631.0,21.0,Pre-menopausal,158.0,81.0,No
94632.0,70.0,Post-menopausal,183.0,110.0,No
94633.0,68.0,Post-menopausal,216.0,126.0,No
94640.0,55.0,Pre-menopausal,183.0,87.0,No
94642.0,62.0,Post-menopausal,181.0,110.0,No
94651.0,57.0,Post-menopausal,188.0,128.0,No
94652.0,74.0,Post-menopausal,209.0,89.0,No
94654.0,61.0,Post-menopausal,171.0,93.0,No
94663.0,30.0,Pre-menopausal,165.0,90.0,No
94673.0,23.0,Pre-menopausal,154.0,93.0,No
94677.0,25.0,Pre-menopausal,154.0,86.0,No
94686.0,33.0,Pre-menopausal,226.0,146.0,No
94695.0,56.0,Post-menopausal,277.0,186.0,No
94696.0,43.0,Pre-menopausal,155.0,96.0,No
94704.0,80.0,Post-menopausal,150.0,86.0,No
94711.0,64.0,Post-menopausal,217.0,138.0,Yes
94713.0,56.0,Post-menopausal,181.0,111.0,No
94726.0,46.0,Pre-menopausal,198.0,100.0,No
94735.0,45.0,Pre-menopausal,188.0,109.0,Yes
94743.0,13.0,Pre-menopausal,190.0,119.0,No
94748.0,51.0,Pre-menopausal,310.0,214.0,No
94749.0,13.0,Pre-menopausal,149.0,87.0,No
94754.0,65.0,Post-menopausal,311.0,219.0,No
94755.0,74.0,Post-menopausal,126.0,64.0,Yes
94760.0,74.0,Post-menopausal,221.0,124.0,Yes
94775.0,26.0,Pre-menopausal,160.0,102.0,No
94786.0,24.0,Pre-menopausal,215.0,143.0,No
94788.0,53.0,Pre-menopausal,194.0,110.0,No
94799.0,17.0,Pre-menopausal,163.0,86.0,No
94809.0,79.0,Post-menopausal,158.0,87.0,No
94819.0,32.0,Post-menopausal,168.0,82.0,No
94833.0,15.0,Pre-menopausal,177.0,96.0,No
94834.0,62.0,Post-menopausal,153.0,62.0,No
94835.0,59.0,Post-menopausal,217.0,136.0,No
94836.0,71.0,Post-menopausal,135.0,65.0,No
94837.0,33.0,Pre-menopausal,155.0,84.0,No
94840.0,16.0,Pre-menopausal,151.0,81.0,No
94842.0,12.0,Pre-menopausal,142.0,82.0,No
94847.0,80.0,Pre-menopausal,193.0,85.0,Yes
94856.0,77.0,Post-menopausal,259.0,127.0,No
94857.0,35.0,Pre-menopausal,255.0,169.0,No
94859.0,14.0,Pre-menopausal,162.0,104.0,No
94861.0,56.0,Post-menopausal,176.0,99.0,No
94879.0,48.0,Pre-menopausal,176.0,111.0,No
94882.0,55.0,Pre-menopausal,165.0,83.0,No
94896.0,50.0,Pre-menopausal,168.0,88.0,No
94899.0,32.0,Pre-menopausal,143.0,81.0,No
94902.0,67.0,Post-menopausal,137.0,62.0,No
94905.0,19.0,Post-menopausal,131.0,77.0,No
94921.0,61.0,Post-menopausal,166.0,93.0,No
94927.0,28.0,Pre-menopausal,165.0,105.0,No
94940.0,80.0,Post-menopausal,180.0,99.0,No
94944.0,17.0,Pre-menopausal,126.0,61.0,No
94972.0,39.0,Pre-menopausal,145.0,87.0,No
94977.0,75.0,Post-menopausal,200.0,97.0,No
94987.0,63.0,Post-menopausal,158.0,78.0,No
94993.0,80.0,Post-menopausal,209.0,137.0,No
94994.0,18.0,Pre-menopausal,196.0,127.0,No
95000.0,76.0,Pre-menopausal,203.0,134.0,No
95001.0,80.0,Post-menopausal,151.0,73.0,No
95029.0,43.0,Post-menopausal,214.0,142.0,No
95031.0,54.0,Pre-menopausal,169.0,70.0,No
95037.0,20.0,Pre-menopausal,249.0,135.0,No
95041.0,60.0,Post-menopausal,299.0,195.0,No
95044.0,67.0,Post-menopausal,316.0,222.0,No
95045.0,69.0,Post-menopausal,225.0,142.0,No
95054.0,16.0,Pre-menopausal,190.0,109.0,No
95056.0,34.0,Pre-menopausal,207.0,146.0,No
95060.0,44.0,Pre-menopausal,163.0,88.0,No
95068.0,80.0,Post-menopausal,122.0,56.0,Yes
95071.0,38.0,Pre-menopausal,185.0,121.0,No
95072.0,16.0,Pre-menopausal,182.0,95.0,No
95073.0,71.0,Post-menopausal,221.0,130.0,No
95088.0,50.0,Post-menopausal,185.0,104.0,No
95097.0,66.0,Post-menopausal,209.0,112.0,No
95099.0,70.0,Post-menopausal,220.0,139.0,No
95100.0,17.0,Pre-menopausal,200.0,125.0,No
95102.0,61.0,Pre-menopausal,213.0,139.0,No
95126.0,59.0,Pre-menopausal,278.0,174.0,Yes
95128.0,33.0,Pre-menopausal,197.0,142.0,No
95138.0,71.0,Post-menopausal,175.0,86.0,No
95148.0,56.0,Pre-menopausal,158.0,96.0,No
95159.0,12.0,Pre-menopausal,159.0,96.0,No
95167.0,13.0,Pre-menopausal,166.0,86.0,No
95168.0,59.0,Post-menopausal,173.0,92.0,No
95171.0,41.0,Pre-menopausal,139.0,70.0,No
95183.0,14.0,Pre-menopausal,169.0,98.0,No
95190.0,28.0,Pre-menopausal,150.0,72.0,No
95210.0,44.0,Pre-menopausal,217.0,144.0,No
95223.0,16.0,Pre-menopausal,163.0,92.0,No
95232.0,23.0,Pre-menopausal,144.0,81.0,No
95233.0,21.0,Pre-menopausal,195.0,110.0,No
95236.0,76.0,Post-menopausal,220.0,138.0,No
95239.0,23.0,Pre-menopausal,194.0,115.0,No
95247.0,64.0,Post-menopausal,219.0,143.0,No
95257.0,39.0,Pre-menopausal,220.0,149.0,No
95261.0,24.0,Pre-menopausal,152.0,85.0,No
95262.0,24.0,Pre-menopausal,148.0,75.0,No
95265.0,46.0,Post-menopausal,159.0,83.0,No
95274.0,48.0,Pre-menopausal,135.0,72.0,No
95275.0,41.0,Pre-menopausal,204.0,126.0,No
95278.0,43.0,Pre-menopausal,180.0,121.0,No
95284.0,41.0,Pre-menopausal,186.0,117.0,No
95289.0,56.0,Post-menopausal,193.0,114.0,No
95302.0,45.0,Pre-menopausal,173.0,101.0,No
95313.0,54.0,Pre-menopausal,168.0,89.0,No
95328.0,17.0,Pre-menopausal,154.0,81.0,No
95330.0,77.0,Post-menopausal,165.0,89.0,Yes
95334.0,60.0,Post-menopausal,224.0,140.0,No
95342.0,31.0,Post-menopausal,134.0,56.0,No
95345.0,17.0,Pre-menopausal,91.0,41.0,No
95346.0,61.0,Post-menopausal,305.0,226.0,No
95348.0,39.0,Post-menopausal,173.0,109.0,No
95350.0,14.0,Pre-menopausal,171.0,118.0,No
95353.0,39.0,Pre-menopausal,109.0,53.0,No
95366.0,44.0,Pre-menopausal,177.0,110.0,No
95381.0,17.0,Pre-menopausal,135.0,71.0,No
95391.0,44.0,Pre-menopausal,199.0,115.0,No
95393.0,28.0,Pre-menopausal,274.0,192.0,No
95399.0,13.0,Pre-menopausal,152.0,70.0,No
95401.0,80.0,Post-menopausal,180.0,85.0,No
95416.0,36.0,Pre-menopausal,233.0,128.0,No
95422.0,39.0,Pre-menopausal,174.0,105.0,No
95423.0,33.0,Pre-menopausal,164.0,106.0,No
95431.0,66.0,Post-menopausal,124.0,58.0,Yes
95436.0,43.0,Pre-menopausal,185.0,107.0,No
95445.0,24.0,Pre-menopausal,147.0,82.0,No
95447.0,70.0,Post-menopausal,171.0,102.0,No
95465.0,56.0,Post-menopausal,218.0,118.0,No
95467.0,80.0,Post-menopausal,211.0,82.0,Yes
95474.0,34.0,Pre-menopausal,169.0,109.0,No
95477.0,13.0,Pre-menopausal,203.0,106.0,No
95479.0,57.0,Post-menopausal,164.0,82.0,No
95486.0,36.0,Pre-menopausal,237.0,170.0,No
95488.0,21.0,Pre-menopausal,182.0,102.0,No
95509.0,51.0,Pre-menopausal,192.0,112.0,Yes
95510.0,51.0,Post-menopausal,218.0,121.0,No
95519.0,53.0,Post-menopausal,276.0,207.0,No
95524.0,62.0,Post-menopausal,167.0,91.0,No
95525.0,51.0,Pre-menopausal,187.0,90.0,No
95534.0,67.0,Post-menopausal,247.0,175.0,No
95551.0,57.0,Post-menopausal,236.0,146.0,No
95557.0,79.0,Pre-menopausal,228.0,103.0,No
95566.0,78.0,Post-menopausal,203.0,135.0,Yes
95568.0,34.0,Pre-menopausal,115.0,48.0,No
95571.0,54.0,Post-menopausal,182.0,106.0,No
95576.0,73.0,Pre-menopausal,225.0,127.0,No
95583.0,69.0,Post-menopausal,139.0,58.0,No
95589.0,63.0,Post-menopausal,140.0,75.0,No
95591.0,36.0,Pre-menopausal,150.0,57.0,No
95592.0,14.0,Pre-menopausal,165.0,90.0,No
95622.0,42.0,Post-menopausal,172.0,109.0,No
95623.0,60.0,Post-menopausal,206.0,135.0,No
95628.0,18.0,Pre-menopausal,182.0,112.0,No
95633.0,64.0,Post-menopausal,186.0,114.0,No
95641.0,50.0,Post-menopausal,166.0,97.0,Yes
95642.0,13.0,Pre-menopausal,156.0,87.0,No
95644.0,62.0,Post-menopausal,125.0,65.0,Yes
95652.0,44.0,Pre-menopausal,167.0,81.0,No
95668.0,68.0,Post-menopausal,173.0,91.0,No
95671.0,66.0,Post-menopausal,247.0,158.0,No
95681.0,80.0,Post-menopausal,185.0,101.0,No
95699.0,22.0,Pre-menopausal,111.0,53.0,No
95714.0,63.0,Post-menopausal,181.0,119.0,No
95716.0,38.0,Pre-menopausal,214.0,112.0,No
95720.0,59.0,Post-menopausal,250.0,162.0,Yes
95723.0,80.0,Post-menopausal,182.0,72.0,Yes
95726.0,32.0,Pre-menopausal,178.0,110.0,No
95741.0,19.0,Pre-menopausal,136.0,58.0,No
95743.0,58.0,Post-menopausal,203.0,121.0,No
95744.0,57.0,Post-menopausal,229.0,161.0,No
95759.0,63.0,Post-menopausal,177.0,100.0,No
95766.0,19.0,Pre-menopausal,161.0,95.0,No
95771.0,63.0,Post-menopausal,159.0,90.0,No
95772.0,64.0,Post-menopausal,227.0,140.0,No
95775.0,37.0,Pre-menopausal,180.0,112.0,No
95780.0,78.0,Post-menopausal,186.0,112.0,No
95793.0,26.0,Post-menopausal,196.0,117.0,No
95799.0,25.0,Pre-menopausal,202.0,95.0,No
95809.0,59.0,Post-menopausal,230.0,137.0,No
95812.0,63.0,Post-menopausal,142.0,69.0,No
95821.0,16.0,Pre-menopausal,198.0,131.0,No
95831.0,63.0,Post-menopausal,179.0,108.0,Yes
95849.0,40.0,Pre-menopausal,184.0,115.0,No
95859.0,13.0,Pre-menopausal,158.0,88.0,No
95863.0,80.0,Post-menopausal,169.0,106.0,No
95866.0,80.0,Post-menopausal,180.0,88.0,Yes
95867.0,34.0,Pre-menopausal,165.0,115.0,No
95870.0,20.0,Pre-menopausal,137.0,74.0,No
95874.0,18.0,Pre-menopausal,149.0,78.0,No
95881.0,64.0,Post-menopausal,296.0,199.0,No
95883.0,31.0,Pre-menopausal,184.0,107.0,No
95889.0,17.0,Pre-menopausal,166.0,80.0,No
95902.0,61.0,Post-menopausal,201.0,129.0,No
95904.0,53.0,Post-menopausal,226.0,124.0,No
95906.0,16.0,Pre-menopausal,150.0,75.0,No
95913.0,80.0,Post-menopausal,206.0,82.0,No
95927.0,18.0,Pre-menopausal,208.0,116.0,No
95934.0,12.0,Pre-menopausal,142.0,89.0,No
95945.0,70.0,Post-menopausal,253.0,129.0,Yes
95953.0,18.0,Pre-menopausal,174.0,109.0,No
95955.0,22.0,Pre-menopausal,141.0,85.0,No
95968.0,49.0,Pre-menopausal,164.0,85.0,No
95976.0,65.0,Post-menopausal,216.0,136.0,Yes
95977.0,26.0,Pre-menopausal,228.0,119.0,No
95989.0,13.0,Pre-menopausal,148.0,85.0,No
95990.0,28.0,Pre-menopausal,166.0,89.0,No
95992.0,79.0,Post-menopausal,165.0,97.0,Yes
96019.0,80.0,Pre-menopausal,163.0,72.0,Yes
96031.0,24.0,Pre-menopausal,141.0,72.0,No
96033.0,60.0,Post-menopausal,136.0,76.0,No
96035.0,20.0,Pre-menopausal,174.0,102.0,No
96036.0,13.0,Pre-menopausal,120.0,55.0,No
96044.0,61.0,Post-menopausal,242.0,169.0,No
96050.0,46.0,Pre-menopausal,185.0,99.0,No
96052.0,14.0,Pre-menopausal,175.0,107.0,No
96068.0,17.0,Pre-menopausal,130.0,64.0,No
96074.0,34.0,Pre-menopausal,161.0,96.0,No
96093.0,20.0,Pre-menopausal,144.0,97.0,No
96103.0,23.0,Pre-menopausal,191.0,119.0,No
96115.0,71.0,Pre-menopausal,160.0,73.0,Yes
96116.0,54.0,Pre-menopausal,195.0,105.0,No
96122.0,54.0,Pre-menopausal,199.0,103.0,No
96124.0,52.0,Post-menopausal,240.0,162.0,No
96135.0,73.0,Post-menopausal,270.0,183.0,No
96149.0,63.0,Post-menopausal,79.0,18.0,No
96159.0,61.0,Post-menopausal,186.0,117.0,No
96160.0,58.0,Post-menopausal,203.0,113.0,No
96162.0,60.0,Post-menopausal,199.0,128.0,No
96168.0,13.0,Pre-menopausal,137.0,63.0,No
96169.0,63.0,Post-menopausal,177.0,97.0,Yes
96171.0,80.0,Post-menopausal,223.0,135.0,No
96185.0,75.0,Post-menopausal,161.0,71.0,No
96196.0,34.0,Pre-menopausal,172.0,108.0,No
96198.0,29.0,Pre-menopausal,133.0,76.0,No
96213.0,17.0,Pre-menopausal,139.0,79.0,No
96214.0,13.0,Pre-menopausal,163.0,93.0,No
96219.0,41.0,Pre-menopausal,252.0,157.0,No
96222.0,40.0,Pre-menopausal,150.0,70.0,No
96224.0,59.0,Post-menopausal,218.0,152.0,No
96236.0,78.0,Post-menopausal,177.0,92.0,No
96237.0,58.0,Post-menopausal,265.0,123.0,No
96240.0,42.0,Pre-menopausal,208.0,145.0,No
96244.0,38.0,Pre-menopausal,163.0,77.0,No
96245.0,60.0,Post-menopausal,155.0,81.0,No
96249.0,58.0,Pre-menopausal,225.0,153.0,No
96252.0,79.0,Post-menopausal,145.0,62.0,Yes
96253.0,47.0,Pre-menopausal,183.0,106.0,No
96257.0,32.0,Pre-menopausal,257.0,185.0,No
96261.0,16.0,Pre-menopausal,174.0,104.0,No
96269.0,33.0,Pre-menopausal,185.0,117.0,No
96279.0,54.0,Post-menopausal,277.0,190.0,No
96287.0,74.0,Post-menopausal,113.0,45.0,No
96291.0,53.0,Post-menopausal,212.0,123.0,No
96294.0,15.0,Pre-menopausal,149.0,88.0,No
96296.0,72.0,Post-menopausal,293.0,215.0,No
96297.0,32.0,Pre-menopausal,149.0,80.0,No
96306.0,80.0,Post-menopausal,179.0,90.0,No
96311.0,19.0,Post-menopausal,123.0,59.0,No
96312.0,31.0,Pre-menopausal,211.0,146.0,No
96322.0,34.0,Pre-menopausal,169.0,99.0,No
96325.0,26.0,Pre-menopausal,159.0,101.0,No
96329.0,42.0,Pre-menopausal,131.0,57.0,No
96333.0,60.0,Post-menopausal,153.0,77.0,No
96342.0,80.0,Post-menopausal,226.0,143.0,Yes
96347.0,15.0,Pre-menopausal,149.0,72.0,No
96360.0,72.0,Post-menopausal,220.0,137.0,No
96361.0,17.0,Pre-menopausal,136.0,59.0,No
96362.0,61.0,Post-menopausal,231.0,148.0,No
96366.0,61.0,Post-menopausal,151.0,80.0,Yes
96368.0,31.0,Pre-menopausal,134.0,47.0,No
96370.0,77.0,Post-menopausal,163.0,76.0,Yes
96374.0,16.0,Pre-menopausal,150.0,75.0,No
96377.0,52.0,Post-menopausal,212.0,129.0,No
96379.0,21.0,Pre-menopausal,173.0,112.0,No
96389.0,77.0,Post-menopausal,135.0,59.0,Yes
96392.0,28.0,Pre-menopausal,203.0,119.0,No
96417.0,33.0,Pre-menopausal,142.0,89.0,No
96418.0,15.0,Pre-menopausal,158.0,91.0,No
96419.0,15.0,Pre-menopausal,138.0,68.0,No
96421.0,12.0,Pre-menopausal,118.0,68.0,No
96432.0,47.0,Post-menopausal,224.0,150.0,No
96433.0,35.0,Pre-menopausal,200.0,129.0,No
96441.0,61.0,Pre-menopausal,189.0,117.0,No
96443.0,24.0,Pre-menopausal,184.0,91.0,No
96444.0,21.0,Pre-menopausal,172.0,96.0,No
96449.0,61.0,Post-menopausal,180.0,106.0,No
96450.0,53.0,Post-menopausal,198.0,125.0,Yes
96465.0,41.0,Pre-menopausal,197.0,107.0,No
96467.0,16.0,Pre-menopausal,109.0,38.0,No
96479.0,56.0,Post-menopausal,146.0,67.0,No
96489.0,57.0,Post-menopausal,234.0,142.0,Yes
96497.0,22.0,Pre-menopausal,211.0,114.0,No
96505.0,40.0,Pre-menopausal,176.0,106.0,No
96508.0,46.0,Pre-menopausal,199.0,118.0,No
96516.0,18.0,Pre-menopausal,213.0,107.0,No
96517.0,54.0,Post-menopausal,201.0,125.0,No
96519.0,33.0,Post-menopausal,135.0,79.0,No
96523.0,21.0,Pre-menopausal,230.0,135.0,No
96542.0,17.0,Pre-menopausal,141.0,77.0,No
96548.0,28.0,Pre-menopausal,164.0,102.0,No
96563.0,15.0,Pre-menopausal,173.0,112.0,No
96565.0,18.0,Pre-menopausal,164.0,101.0,No
96573.0,46.0,Pre-menopausal,181.0,100.0,No
96574.0,39.0,Pre-menopausal,196.0,108.0,No
96586.0,65.0,Post-menopausal,188.0,124.0,No
96589.0,15.0,Pre-menopausal,148.0,83.0,No
96590.0,27.0,Pre-menopausal,176.0,118.0,No
96600.0,25.0,Pre-menopausal,138.0,82.0,No
96609.0,36.0,Pre-menopausal,132.0,82.0,No
96622.0,40.0,Pre-menopausal,157.0,94.0,No
96629.0,46.0,Post-menopausal,228.0,162.0,No
96647.0,14.0,Post-menopausal,141.0,81.0,No
96651.0,49.0,Post-menopausal,190.0,120.0,Yes
96659.0,58.0,Post-menopausal,197.0,91.0,No
96663.0,20.0,Pre-menopausal,153.0,90.0,No
96670.0,12.0,Pre-menopausal,166.0,91.0,No
96681.0,33.0,Pre-menopausal,202.0,127.0,No
96683.0,41.0,Pre-menopausal,164.0,81.0,Yes
96687.0,80.0,Post-menopausal,120.0,35.0,No
96695.0,25.0,Post-menopausal,165.0,73.0,No
96704.0,80.0,Post-menopausal,147.0,81.0,Yes
96708.0,52.0,Post-menopausal,164.0,60.0,No
96712.0,80.0,Post-menopausal,186.0,95.0,No
96719.0,50.0,Post-menopausal,161.0,102.0,No
96721.0,32.0,Pre-menopausal,181.0,104.0,No
96725.0,33.0,Pre-menopausal,151.0,92.0,No
96727.0,76.0,Post-menopausal,179.0,97.0,No
96745.0,52.0,Post-menopausal,233.0,119.0,No
96748.0,37.0,Pre-menopausal,179.0,119.0,No
96750.0,53.0,Post-menopausal,264.0,168.0,No
96752.0,54.0,Post-menopausal,186.0,112.0,No
96756.0,23.0,Pre-menopausal,187.0,97.0,No
96759.0,19.0,Pre-menopausal,174.0,104.0,No
96766.0,52.0,Pre-menopausal,212.0,146.0,No
96770.0,78.0,Post-menopausal,267.0,167.0,No
96774.0,28.0,Pre-menopausal,205.0,117.0,No
96778.0,17.0,Pre-menopausal,303.0,217.0,No
96805.0,64.0,Post-menopausal,152.0,80.0,No
96810.0,39.0,Pre-menopausal,164.0,101.0,No
96816.0,60.0,Pre-menopausal,186.0,116.0,No
96817.0,13.0,Pre-menopausal,169.0,96.0,No
96833.0,34.0,Pre-menopausal,132.0,68.0,No
96835.0,68.0,Post-menopausal,254.0,172.0,No
96836.0,59.0,Post-menopausal,180.0,98.0,No
96838.0,32.0,Pre-menopausal,229.0,143.0,No
96839.0,22.0,Pre-menopausal,161.0,112.0,No
96842.0,75.0,Post-menopausal,193.0,98.0,No
96848.0,56.0,Pre-menopausal,177.0,91.0,No
96851.0,61.0,Post-menopausal,172.0,100.0,No
96860.0,22.0,Pre-menopausal,199.0,134.0,No
96865.0,28.0,Pre-menopausal,134.0,67.0,No
96873.0,80.0,Post-menopausal,167.0,92.0,No
96876.0,60.0,Post-menopausal,224.0,155.0,Yes
96881.0,16.0,Pre-menopausal,140.0,78.0,No
96884.0,55.0,Post-menopausal,236.0,161.0,No
96887.0,57.0,Post-menopausal,225.0,134.0,No
96895.0,60.0,Post-menopausal,147.0,77.0,No
96896.0,80.0,Post-menopausal,242.0,160.0,Yes
96901.0,33.0,Pre-menopausal,168.0,99.0,No
96907.0,35.0,Pre-menopausal,184.0,103.0,No
96916.0,69.0,Post-menopausal,179.0,95.0,No
96934.0,55.0,Post-menopausal,196.0,99.0,Yes
96938.0,65.0,Post-menopausal,236.0,154.0,No
96939.0,32.0,Post-menopausal,169.0,122.0,No
96944.0,70.0,Post-menopausal,162.0,109.0,Yes
96951.0,36.0,Post-menopausal,247.0,128.0,No
96962.0,71.0,Post-menopausal,223.0,135.0,No
96966.0,25.0,Pre-menopausal,143.0,80.0,No
96970.0,49.0,Post-menopausal,139.0,76.0,No
96989.0,64.0,Post-menopausal,228.0,142.0,No
97011.0,26.0,Pre-menopausal,150.0,96.0,No
97015.0,72.0,Pre-menopausal,161.0,95.0,No
97017.0,66.0,Post-menopausal,210.0,138.0,No
97023.0,80.0,Post-menopausal,110.0,34.0,No
97025.0,36.0,Pre-menopausal,189.0,104.0,No
97034.0,31.0,Pre-menopausal,193.0,125.0,No
97041.0,26.0,Pre-menopausal,134.0,61.0,No
97042.0,33.0,Pre-menopausal,142.0,57.0,No
97044.0,30.0,Pre-menopausal,185.0,110.0,No
97048.0,34.0,Post-menopausal,202.0,139.0,No
97056.0,72.0,Pre-menopausal,231.0,127.0,Yes
97057.0,26.0,Pre-menopausal,237.0,154.0,No
97077.0,52.0,Pre-menopausal,198.0,139.0,No
97093.0,35.0,Pre-menopausal,185.0,111.0,No
97094.0,30.0,Pre-menopausal,214.0,123.0,No
97095.0,44.0,Post-menopausal,195.0,110.0,No
97099.0,77.0,Post-menopausal,169.0,90.0,No
97102.0,70.0,Post-menopausal,244.0,151.0,No
97109.0,74.0,Post-menopausal,161.0,54.0,No
97117.0,63.0,Post-menopausal,200.0,112.0,No
97120.0,80.0,Pre-menopausal,146.0,75.0,No
97131.0,53.0,Post-menopausal,235.0,160.0,No
97133.0,65.0,Pre-menopausal,185.0,69.0,No
97137.0,39.0,Pre-menopausal,208.0,62.0,No
97138.0,47.0,Pre-menopausal,180.0,94.0,No
97146.0,19.0,Pre-menopausal,175.0,110.0,No
97147.0,37.0,Pre-menopausal,153.0,92.0,No
97160.0,16.0,Pre-menopausal,171.0,107.0,No
97166.0,40.0,Pre-menopausal,194.0,108.0,No
97171.0,74.0,Post-menopausal,231.0,130.0,No
97173.0,18.0,Pre-menopausal,133.0,72.0,No
97174.0,26.0,Pre-menopausal,146.0,71.0,No
97178.0,55.0,Post-menopausal,157.0,93.0,No
97179.0,13.0,Pre-menopausal,135.0,63.0,No
97184.0,19.0,Pre-menopausal,124.0,71.0,No
97188.0,80.0,Post-menopausal,94.0,26.0,Yes
97192.0,67.0,Post-menopausal,235.0,141.0,No
97204.0,80.0,Post-menopausal,309.0,218.0,No
97217.0,29.0,Pre-menopausal,212.0,125.0,No
97225.0,80.0,Post-menopausal,149.0,64.0,Yes
97229.0,80.0,Post-menopausal,231.0,130.0,No
97231.0,27.0,Pre-menopausal,189.0,115.0,No
97234.0,32.0,Pre-menopausal,220.0,147.0,No
97237.0,80.0,Pre-menopausal,225.0,120.0,Yes
97248.0,68.0,Post-menopausal,238.0,119.0,No
97249.0,20.0,Pre-menopausal,113.0,60.0,No
97258.0,13.0,Pre-menopausal,164.0,79.0,No
97260.0,45.0,Pre-menopausal,192.0,115.0,No
97264.0,67.0,Post-menopausal,164.0,89.0,No
97270.0,36.0,Post-menopausal,168.0,118.0,No
97272.0,80.0,Post-menopausal,106.0,50.0,No
97275.0,39.0,Pre-menopausal,152.0,60.0,No
97284.0,52.0,Post-menopausal,215.0,121.0,No
97287.0,17.0,Pre-menopausal,119.0,54.0,No
97293.0,27.0,Pre-menopausal,206.0,123.0,No
97298.0,14.0,Pre-menopausal,139.0,85.0,No
97304.0,26.0,Pre-menopausal,182.0,108.0,No
97306.0,20.0,Pre-menopausal,174.0,117.0,No
97313.0,18.0,Pre-menopausal,186.0,99.0,No
97332.0,80.0,Post-menopausal,183.0,110.0,No
97334.0,72.0,Post-menopausal,133.0,51.0,Yes
97338.0,37.0,Pre-menopausal,193.0,132.0,No
97349.0,31.0,Pre-menopausal,174.0,109.0,No
97351.0,12.0,Pre-menopausal,117.0,44.0,No
97358.0,16.0,Pre-menopausal,160.0,78.0,No
97367.0,61.0,Post-menopausal,170.0,89.0,No
97378.0,19.0,Pre-menopausal,149.0,93.0,No
97410.0,46.0,Pre-menopausal,167.0,88.0,No
97411.0,15.0,Pre-menopausal,166.0,87.0,No
97417.0,77.0,Post-menopausal,184.0,94.0,No
97418.0,47.0,Pre-menopausal,192.0,118.0,No
97419.0,55.0,Post-menopausal,192.0,115.0,No
97443.0,56.0,Post-menopausal,288.0,186.0,No
97450.0,27.0,Pre-menopausal,170.0,91.0,No
97452.0,47.0,Pre-menopausal,186.0,110.0,No
97455.0,80.0,Post-menopausal,283.0,191.0,No
97456.0,38.0,Pre-menopausal,134.0,54.0,No
97460.0,61.0,Post-menopausal,248.0,164.0,No
97463.0,34.0,Pre-menopausal,154.0,81.0,No
97478.0,47.0,Pre-menopausal,189.0,105.0,No
97482.0,70.0,Post-menopausal,221.0,127.0,Yes
97485.0,33.0,Post-menopausal,185.0,106.0,No
97487.0,53.0,Pre-menopausal,199.0,106.0,No
97501.0,54.0,Post-menopausal,203.0,132.0,No
97510.0,61.0,Post-menopausal,178.0,98.0,No
97516.0,62.0,Post-menopausal,216.0,131.0,No
97520.0,57.0,Post-menopausal,224.0,152.0,No
97535.0,63.0,Post-menopausal,181.0,88.0,Yes
97549.0,13.0,Pre-menopausal,150.0,82.0,No
97550.0,47.0,Pre-menopausal,167.0,97.0,No
97551.0,13.0,Pre-menopausal,161.0,99.0,No
97555.0,48.0,Pre-menopausal,99.0,51.0,No
97563.0,61.0,Post-menopausal,247.0,159.0,No
97573.0,62.0,Post-menopausal,219.0,95.0,No
97577.0,56.0,Post-menopausal,171.0,110.0,No
97589.0,19.0,Pre-menopausal,136.0,64.0,No
97593.0,60.0,Post-menopausal,238.0,155.0,No
97597.0,77.0,Post-menopausal,215.0,136.0,No
97598.0,40.0,Post-menopausal,163.0,92.0,No
97602.0,40.0,Pre-menopausal,160.0,100.0,No
97605.0,67.0,Post-menopausal,224.0,133.0,Yes
97606.0,80.0,Post-menopausal,210.0,117.0,No
97620.0,41.0,Pre-menopausal,207.0,118.0,No
97623.0,71.0,Post-menopausal,162.0,75.0,No
97624.0,32.0,Pre-menopausal,255.0,178.0,No
97630.0,78.0,Post-menopausal,146.0,81.0,No
97635.0,56.0,Post-menopausal,211.0,139.0,No
97643.0,40.0,Pre-menopausal,202.0,119.0,No
97648.0,32.0,Pre-menopausal,165.0,103.0,No
97651.0,15.0,Pre-menopausal,119.0,75.0,No
97657.0,60.0,Post-menopausal,232.0,132.0,No
97667.0,62.0,Post-menopausal,244.0,169.0,Yes
97669.0,15.0,Pre-menopausal,154.0,95.0,No
97675.0,41.0,Post-menopausal,160.0,89.0,No
97688.0,56.0,Post-menopausal,218.0,132.0,No
97691.0,29.0,Pre-menopausal,180.0,116.0,No
97695.0,52.0,Post-menopausal,255.0,179.0,No
97698.0,47.0,Pre-menopausal,194.0,110.0,No
97699.0,55.0,Post-menopausal,189.0,113.0,No
97704.0,54.0,Post-menopausal,212.0,143.0,No
97709.0,22.0,Pre-menopausal,111.0,53.0,No
97711.0,80.0,Post-menopausal,138.0,52.0,Yes
97722.0,24.0,Pre-menopausal,148.0,82.0,No
97729.0,16.0,Pre-menopausal,173.0,128.0,No
97741.0,36.0,Pre-menopausal,168.0,99.0,No
97755.0,13.0,Pre-menopausal,163.0,94.0,No
97758.0,54.0,Post-menopausal,218.0,138.0,Yes
97763.0,21.0,Pre-menopausal,170.0,101.0,No
97768.0,56.0,Post-menopausal,217.0,143.0,No
97778.0,14.0,Post-menopausal,152.0,64.0,No
97782.0,39.0,Pre-menopausal,179.0,98.0,Yes
97783.0,46.0,Pre-menopausal,170.0,92.0,No
97794.0,45.0,Pre-menopausal,164.0,89.0,No
97796.0,13.0,Pre-menopausal,164.0,97.0,No
97813.0,60.0,Post-menopausal,297.0,200.0,No
97819.0,13.0,Pre-menopausal,178.0,98.0,No
97847.0,65.0,Post-menopausal,219.0,109.0,No
97850.0,64.0,Post-menopausal,186.0,110.0,No
97869.0,80.0,Post-menopausal,165.0,77.0,No
97878.0,49.0,Pre-menopausal,219.0,120.0,No
97886.0,54.0,Pre-menopausal,209.0,134.0,No
97896.0,57.0,Post-menopausal,328.0,252.0,No
97909.0,45.0,Pre-menopausal,202.0,129.0,No
97916.0,73.0,Post-menopausal,250.0,158.0,No
97918.0,18.0,Pre-menopausal,189.0,116.0,No
97919.0,70.0,Pre-menopausal,191.0,120.0,No
97925.0,14.0,Pre-menopausal,210.0,124.0,No
97931.0,16.0,Pre-menopausal,192.0,121.0,No
97937.0,61.0,Post-menopausal,191.0,106.0,No
97944.0,63.0,Post-menopausal,179.0,115.0,No
97945.0,28.0,Pre-menopausal,125.0,68.0,No
97950.0,69.0,Post-menopausal,150.0,85.0,No
97951.0,24.0,Pre-menopausal,173.0,94.0,No
97958.0,24.0,Pre-menopausal,161.0,97.0,No
97970.0,61.0,Post-menopausal,167.0,84.0,No
97972.0,30.0,Pre-menopausal,136.0,80.0,No
97974.0,44.0,Pre-menopausal,239.0,162.0,No
97986.0,29.0,Pre-menopausal,125.0,63.0,No
97993.0,16.0,Pre-menopausal,138.0,86.0,No
97996.0,75.0,Post-menopausal,184.0,86.0,Yes
98008.0,80.0,Post-menopausal,189.0,121.0,No
98023.0,37.0,Pre-menopausal,192.0,100.0,No
98024.0,61.0,Pre-menopausal,120.0,69.0,Yes
98029.0,66.0,Post-menopausal,248.0,166.0,No
98030.0,24.0,Post-menopausal,137.0,94.0,No
98033.0,42.0,Pre-menopausal,178.0,113.0,No
98035.0,35.0,Pre-menopausal,144.0,71.0,No
98038.0,15.0,Pre-menopausal,164.0,84.0,No
98046.0,49.0,Pre-menopausal,176.0,111.0,Yes
98056.0,34.0,Pre-menopausal,223.0,153.0,No
98062.0,80.0,Post-menopausal,176.0,99.0,No
98068.0,14.0,Pre-menopausal,173.0,87.0,No
98075.0,66.0,Post-menopausal,196.0,132.0,No
98082.0,46.0,Post-menopausal,243.0,169.0,No
98102.0,35.0,Pre-menopausal,172.0,111.0,No
98106.0,76.0,Post-menopausal,183.0,104.0,No
98113.0,25.0,Pre-menopausal,173.0,85.0,No
98129.0,14.0,Pre-menopausal,128.0,57.0,No
98133.0,80.0,Post-menopausal,145.0,58.0,No
98135.0,42.0,Pre-menopausal,192.0,114.0,No
98137.0,78.0,Post-menopausal,286.0,186.0,No
98141.0,56.0,Post-menopausal,238.0,154.0,No
98143.0,80.0,Post-menopausal,201.0,94.0,Yes
98144.0,45.0,Post-menopausal,191.0,121.0,No
98148.0,37.0,Pre-menopausal,210.0,140.0,No
98161.0,43.0,Post-menopausal,240.0,161.0,No
98162.0,70.0,Post-menopausal,202.0,119.0,Yes
98168.0,55.0,Post-menopausal,205.0,141.0,No
98175.0,69.0,Post-menopausal,167.0,89.0,No
98184.0,15.0,Pre-menopausal,138.0,81.0,No
98199.0,19.0,Pre-menopausal,180.0,94.0,No
98208.0,39.0,Post-menopausal,218.0,119.0,No
98227.0,61.0,Post-menopausal,161.0,90.0,Yes
98228.0,52.0,Post-menopausal,182.0,116.0,No
98231.0,16.0,Pre-menopausal,144.0,97.0,No
98238.0,44.0,Pre-menopausal,172.0,90.0,Yes
98242.0,53.0,Post-menopausal,94.0,45.0,No
98256.0,25.0,Pre-menopausal,192.0,121.0,No
98270.0,62.0,Post-menopausal,148.0,61.0,No
98280.0,31.0,Pre-menopausal,179.0,92.0,No
98292.0,42.0,Pre-menopausal,251.0,176.0,No
98293.0,52.0,Post-menopausal,257.0,169.0,No
98298.0,28.0,Pre-menopausal,125.0,58.0,No
98300.0,48.0,Pre-menopausal,186.0,113.0,No
98301.0,68.0,Post-menopausal,150.0,90.0,No
98303.0,34.0,Pre-menopausal,145.0,85.0,No
98304.0,79.0,Post-menopausal,163.0,72.0,No
98309.0,73.0,Post-menopausal,123.0,55.0,No
98311.0,13.0,Pre-menopausal,180.0,111.0,No
98320.0,48.0,Post-menopausal,252.0,185.0,No
98322.0,29.0,Pre-menopausal,115.0,67.0,Yes
98328.0,30.0,Pre-menopausal,134.0,86.0,No
98336.0,41.0,Pre-menopausal,132.0,71.0,No
98340.0,13.0,Pre-menopausal,172.0,100.0,No
98343.0,31.0,Pre-menopausal,133.0,75.0,No
98350.0,36.0,Pre-menopausal,313.0,219.0,No
98354.0,57.0,Post-menopausal,150.0,68.0,No
98371.0,63.0,Post-menopausal,168.0,97.0,No
98374.0,42.0,Pre-menopausal,169.0,106.0,No
98390.0,65.0,Post-menopausal,139.0,71.0,Yes
98396.0,12.0,Pre-menopausal,145.0,71.0,No
98408.0,19.0,Pre-menopausal,141.0,77.0,No
98412.0,67.0,Post-menopausal,190.0,94.0,No
98416.0,25.0,Pre-menopausal,155.0,82.0,No
98420.0,27.0,Pre-menopausal,217.0,112.0,No
98422.0,63.0,Post-menopausal,210.0,115.0,No
98423.0,80.0,Post-menopausal,152.0,75.0,No
98429.0,80.0,Post-menopausal,205.0,126.0,No
98431.0,69.0,Post-menopausal,281.0,215.0,No
98437.0,32.0,Pre-menopausal,159.0,87.0,No
98440.0,19.0,Pre-menopausal,140.0,74.0,No
98442.0,22.0,Pre-menopausal,287.0,233.0,No
98444.0,59.0,Post-menopausal,300.0,193.0,No
98463.0,66.0,Post-menopausal,224.0,143.0,Yes
98465.0,14.0,Pre-menopausal,129.0,76.0,No
98468.0,14.0,Pre-menopausal,102.0,50.0,No
98483.0,26.0,Pre-menopausal,123.0,66.0,No
98491.0,61.0,Post-menopausal,207.0,120.0,No
98494.0,25.0,Pre-menopausal,159.0,92.0,No
98500.0,56.0,Post-menopausal,217.0,146.0,Yes
98501.0,68.0,Post-menopausal,213.0,124.0,Yes
98512.0,32.0,Pre-menopausal,168.0,87.0,No
98531.0,20.0,Pre-menopausal,174.0,65.0,No
98536.0,77.0,Post-menopausal,216.0,141.0,No
98542.0,54.0,Post-menopausal,193.0,115.0,No
98545.0,36.0,Pre-menopausal,159.0,81.0,No
98551.0,32.0,Pre-menopausal,166.0,104.0,No
98553.0,40.0,Pre-menopausal,184.0,96.0,No
98558.0,63.0,Post-menopausal,267.0,193.0,No
98565.0,57.0,Post-menopausal,210.0,135.0,No
98571.0,28.0,Pre-menopausal,199.0,120.0,No
98592.0,68.0,Post-menopausal,261.0,170.0,No
98605.0,55.0,Post-menopausal,209.0,140.0,Yes
98609.0,62.0,Post-menopausal,189.0,102.0,No
98611.0,59.0,Post-menopausal,249.0,159.0,No
98622.0,59.0,Post-menopausal,274.0,188.0,Yes
98623.0,15.0,Pre-menopausal,161.0,87.0,No
98661.0,31.0,Pre-menopausal,113.0,45.0,No
98673.0,55.0,Post-menopausal,212.0,139.0,No
98680.0,37.0,Pre-menopausal,210.0,132.0,No
98699.0,68.0,Post-menopausal,219.0,140.0,No
98702.0,17.0,Pre-menopausal,142.0,78.0,No
98707.0,63.0,Post-menopausal,147.0,70.0,Yes
98729.0,30.0,Pre-menopausal,164.0,32.0,No
98733.0,36.0,Pre-menopausal,164.0,83.0,No
98742.0,80.0,Pre-menopausal,129.0,60.0,Yes
98781.0,55.0,Post-menopausal,197.0,94.0,No
98788.0,20.0,Pre-menopausal,186.0,124.0,No
98793.0,46.0,Pre-menopausal,188.0,115.0,No
98804.0,39.0,Pre-menopausal,145.0,81.0,No
98815.0,75.0,Post-menopausal,168.0,63.0,Yes
98816.0,12.0,Pre-menopausal,162.0,85.0,No
98819.0,58.0,Post-menopausal,216.0,145.0,Yes
98821.0,35.0,Pre-menopausal,147.0,81.0,No
98828.0,29.0,Pre-menopausal,146.0,85.0,No
98832.0,48.0,Pre-menopausal,178.0,113.0,No
98840.0,50.0,Pre-menopausal,204.0,132.0,No
98846.0,47.0,Pre-menopausal,163.0,99.0,No
98902.0,56.0,Post-menopausal,242.0,132.0,No
98904.0,51.0,Post-menopausal,242.0,146.0,No
98913.0,17.0,Pre-menopausal,199.0,124.0,No
98921.0,26.0,Pre-menopausal,158.0,63.0,No
98925.0,21.0,Post-menopausal,148.0,82.0,No
98927.0,18.0,Pre-menopausal,168.0,112.0,No
98931.0,68.0,Post-menopausal,175.0,94.0,No
98933.0,46.0,Pre-menopausal,204.0,120.0,No
98940.0,64.0,Post-menopausal,197.0,120.0,No
98951.0,52.0,Post-menopausal,188.0,86.0,Yes
98953.0,19.0,Pre-menopausal,187.0,105.0,No
98958.0,23.0,Pre-menopausal,166.0,98.0,No
98961.0,77.0,Post-menopausal,241.0,137.0,Yes
98965.0,67.0,Post-menopausal,168.0,102.0,Yes
98972.0,67.0,Post-menopausal,188.0,104.0,No
98982.0,25.0,Pre-menopausal,146.0,63.0,No
98988.0,59.0,Post-menopausal,189.0,117.0,No
98989.0,76.0,Post-menopausal,154.0,75.0,No
98995.0,55.0,Post-menopausal,281.0,197.0,No
98998.0,51.0,Pre-menopausal,178.0,125.0,No
99005.0,26.0,Pre-menopausal,188.0,134.0,No
99006.0,13.0,Pre-menopausal,138.0,64.0,No
99013.0,19.0,Pre-menopausal,158.0,80.0,No
99018.0,68.0,Post-menopausal,195.0,112.0,No
99019.0,41.0,Pre-menopausal,176.0,118.0,No
99024.0,38.0,Pre-menopausal,176.0,113.0,No
99028.0,42.0,Post-menopausal,200.0,122.0,No
99037.0,14.0,Pre-menopausal,126.0,76.0,No
99056.0,80.0,Post-menopausal,185.0,54.0,No
99058.0,64.0,Post-menopausal,220.0,152.0,No
99069.0,80.0,Post-menopausal,216.0,142.0,No
99084.0,80.0,Post-menopausal,190.0,118.0,No
99089.0,25.0,Pre-menopausal,160.0,97.0,No
99099.0,45.0,Pre-menopausal,206.0,131.0,No
99101.0,80.0,Post-menopausal,281.0,184.0,No
99110.0,20.0,Pre-menopausal,142.0,68.0,No
99121.0,20.0,Pre-menopausal,117.0,69.0,No
99125.0,20.0,Pre-menopausal,151.0,79.0,No
99127.0,67.0,Post-menopausal,212.0,144.0,No
99139.0,12.0,Pre-menopausal,131.0,75.0,No
99144.0,78.0,Pre-menopausal,194.0,122.0,No
99153.0,53.0,Post-menopausal,196.0,88.0,No
99157.0,62.0,Post-menopausal,219.0,124.0,No
99160.0,43.0,Pre-menopausal,141.0,79.0,No
99167.0,50.0,Pre-menopausal,192.0,98.0,No
99179.0,80.0,Post-menopausal,213.0,154.0,No
99191.0,80.0,Post-menopausal,200.0,95.0,Yes
99197.0,28.0,Pre-menopausal,198.0,121.0,No
99209.0,80.0,Pre-menopausal,202.0,107.0,No
99220.0,78.0,Post-menopausal,216.0,104.0,No
99224.0,46.0,Pre-menopausal,120.0,53.0,No
99229.0,19.0,Pre-menopausal,291.0,160.0,No
99230.0,61.0,Post-menopausal,241.0,150.0,No
99231.0,37.0,Pre-menopausal,172.0,87.0,No
99237.0,44.0,Post-menopausal,233.0,166.0,No
99246.0,39.0,Pre-menopausal,188.0,124.0,No
99257.0,49.0,Pre-menopausal,178.0,107.0,No
99260.0,48.0,Pre-menopausal,196.0,101.0,No
99274.0,53.0,Post-menopausal,159.0,76.0,No
99279.0,34.0,Pre-menopausal,169.0,91.0,No
99285.0,61.0,Post-menopausal,155.0,72.0,No
99289.0,64.0,Post-menopausal,160.0,78.0,No
99295.0,12.0,Pre-menopausal,145.0,48.0,No
99300.0,44.0,Pre-menopausal,218.0,152.0,No
99309.0,80.0,Post-menopausal,209.0,127.0,No
99318.0,28.0,Pre-menopausal,184.0,82.0,No
99320.0,30.0,Pre-menopausal,196.0,101.0,No
99322.0,35.0,Pre-menopausal,232.0,153.0,No
99332.0,63.0,Post-menopausal,237.0,144.0,No
99338.0,37.0,Pre-menopausal,232.0,143.0,No
99339.0,21.0,Pre-menopausal,254.0,145.0,No
99348.0,80.0,Post-menopausal,296.0,207.0,No
99353.0,30.0,Pre-menopausal,169.0,110.0,No
99359.0,37.0,Pre-menopausal,182.0,121.0,No
99366.0,47.0,Post-menopausal,210.0,138.0,No
99372.0,67.0,Post-menopausal,259.0,185.0,No
99377.0,80.0,Post-menopausal,255.0,177.0,No
99385.0,68.0,Post-menopausal,227.0,143.0,No
99396.0,22.0,Pre-menopausal,180.0,119.0,No
99401.0,22.0,Pre-menopausal,179.0,99.0,No
99415.0,73.0,Post-menopausal,428.0,357.0,No
99418.0,61.0,Post-menopausal,256.0,170.0,No
99427.0,45.0,Pre-menopausal,165.0,101.0,No
99436.0,22.0,Pre-menopausal,261.0,182.0,No
99438.0,41.0,Pre-menopausal,251.0,158.0,No
99442.0,35.0,Pre-menopausal,126.0,79.0,No
99446.0,29.0,Post-menopausal,212.0,117.0,No
99451.0,17.0,Pre-menopausal,195.0,135.0,No
99452.0,63.0,Post-menopausal,129.0,71.0,No
99453.0,29.0,Pre-menopausal,194.0,110.0,No
99455.0,14.0,Pre-menopausal,159.0,97.0,No
99463.0,23.0,Pre-menopausal,153.0,88.0,No
99466.0,29.0,Pre-menopausal,193.0,113.0,No
99479.0,58.0,Post-menopausal,186.0,118.0,No
99480.0,13.0,Pre-menopausal,210.0,108.0,No
99484.0,51.0,Post-menopausal,178.0,110.0,No
99494.0,46.0,Pre-menopausal,156.0,87.0,No
99497.0,56.0,Post-menopausal,300.0,172.0,No
99512.0,65.0,Post-menopausal,145.0,77.0,Yes
99521.0,77.0,Post-menopausal,88.0,38.0,No
99526.0,29.0,Pre-menopausal,126.0,64.0,No
99531.0,55.0,Post-menopausal,227.0,133.0,Yes
99533.0,73.0,Post-menopausal,202.0,107.0,No
99534.0,67.0,Pre-menopausal,164.0,98.0,No
99552.0,18.0,Pre-menopausal,170.0,106.0,No
99559.0,14.0,Pre-menopausal,143.0,78.0,No
99564.0,76.0,Post-menopausal,370.0,270.0,No
99575.0,74.0,Post-menopausal,165.0,87.0,No
99591.0,13.0,Pre-menopausal,130.0,72.0,No
99599.0,48.0,Pre-menopausal,204.0,119.0,No
99600.0,55.0,Post-menopausal,172.0,109.0,No
99602.0,64.0,Post-menopausal,151.0,69.0,No
99606.0,70.0,Post-menopausal,139.0,68.0,No
99615.0,63.0,Post-menopausal,147.0,72.0,No
99616.0,39.0,Pre-menopausal,113.0,63.0,No
99622.0,61.0,Post-menopausal,214.0,131.0,No
99629.0,14.0,Pre-menopausal,147.0,95.0,No
99636.0,53.0,Post-menopausal,190.0,112.0,No
99645.0,80.0,Post-menopausal,157.0,88.0,No
99658.0,66.0,Post-menopausal,147.0,74.0,Yes
99659.0,41.0,Pre-menopausal,163.0,93.0,No
99662.0,65.0,Post-menopausal,196.0,102.0,No
99665.0,46.0,Pre-menopausal,198.0,131.0,No
99672.0,32.0,Pre-menopausal,157.0,89.0,No
99676.0,51.0,Post-menopausal,160.0,78.0,No
99681.0,13.0,Pre-menopausal,101.0,36.0,No
99683.0,80.0,Post-menopausal,195.0,114.0,No
99684.0,64.0,Post-menopausal,240.0,163.0,No
99695.0,37.0,Post-menopausal,188.0,125.0,No
99697.0,18.0,Pre-menopausal,179.0,117.0,No
99698.0,74.0,Post-menopausal,154.0,87.0,No
99710.0,30.0,Pre-menopausal,125.0,55.0,No
99711.0,58.0,Post-menopausal,212.0,99.0,No
99715.0,24.0,Pre-menopausal,204.0,130.0,No
99719.0,60.0,Post-menopausal,254.0,156.0,No
99721.0,20.0,Pre-menopausal,178.0,115.0,No
99726.0,77.0,Post-menopausal,145.0,79.0,No
99744.0,51.0,Post-menopausal,210.0,145.0,No
99749.0,33.0,Pre-menopausal,169.0,84.0,No
99761.0,20.0,Pre-menopausal,218.0,145.0,No
99763.0,54.0,Post-menopausal,228.0,144.0,No
99765.0,46.0,Pre-menopausal,162.0,90.0,No
99772.0,43.0,Pre-menopausal,167.0,95.0,No
99774.0,80.0,Pre-menopausal,224.0,116.0,No
99779.0,41.0,Pre-menopausal,182.0,114.0,No
99782.0,53.0,Post-menopausal,225.0,149.0,No
99785.0,80.0,Post-menopausal,169.0,96.0,No
99799.0,16.0,Pre-menopausal,155.0,96.0,No
99808.0,39.0,Pre-menopausal,225.0,135.0,No
99811.0,48.0,Pre-menopausal,181.0,103.0,No
99828.0,16.0,Pre-menopausal,149.0,81.0,No
99840.0,74.0,Post-menopausal,300.0,218.0,No
99851.0,71.0,Pre-menopausal,195.0,111.0,Yes
99854.0,69.0,Post-menopausal,119.0,59.0,Yes
99857.0,36.0,Pre-menopausal,309.0,213.0,No
99864.0,36.0,Pre-menopausal,130.0,78.0,No
99868.0,70.0,Post-menopausal,131.0,25.0,Yes
99875.0,15.0,Pre-menopausal,151.0,93.0,No
99881.0,55.0,Post-menopausal,213.0,79.0,No
99886.0,63.0,Post-menopausal,234.0,149.0,No
99887.0,27.0,Pre-menopausal,192.0,105.0,No
99892.0,19.0,Pre-menopausal,146.0,75.0,No
99901.0,36.0,Pre-menopausal,186.0,121.0,No
99907.0,66.0,Post-menopausal,218.0,139.0,No
99908.0,63.0,Post-menopausal,205.0,131.0,No
99911.0,14.0,Pre-menopausal,173.0,113.0,No
99914.0,70.0,Post-menopausal,179.0,120.0,No
99920.0,36.0,Pre-menopausal,246.0,147.0,No
99924.0,21.0,Pre-menopausal,178.0,86.0,No
99930.0,63.0,Post-menopausal,169.0,98.0,No
99935.0,42.0,Pre-menopausal,199.0,126.0,No
99937.0,54.0,Post-menopausal,119.0,51.0,No
99941.0,56.0,Pre-menopausal,143.0,75.0,No
99942.0,35.0,Pre-menopausal,197.0,127.0,No
99947.0,56.0,Post-menopausal,174.0,100.0,No
99961.0,39.0,Pre-menopausal,297.0,177.0,No
99964.0,21.0,Pre-menopausal,165.0,114.0,No
99983.0,33.0,Pre-menopausal,221.0,155.0,No
99984.0,54.0,Post-menopausal,239.0,128.0,No
99985.0,37.0,Pre-menopausal,143.0,72.0,No
99989.0,21.0,Pre-menopausal,163.0,92.0,No
99995.0,14.0,Pre-menopausal,133.0,71.0,No
99996.0,51.0,Post-menopausal,149.0,59.0,No
100008.0,56.0,Pre-menopausal,196.0,115.0,No
100013.0,43.0,Pre-menopausal,204.0,126.0,No
100025.0,35.0,Pre-menopausal,150.0,100.0,Yes
100026.0,22.0,Pre-menopausal,206.0,97.0,No
100029.0,20.0,Pre-menopausal,162.0,89.0,No
100032.0,27.0,Pre-menopausal,178.0,102.0,No
100033.0,62.0,Post-menopausal,141.0,66.0,No
100043.0,67.0,Post-menopausal,251.0,171.0,No
100049.0,13.0,Pre-menopausal,162.0,93.0,No
100061.0,55.0,Pre-menopausal,203.0,127.0,No
100068.0,22.0,Pre-menopausal,139.0,75.0,No
100079.0,80.0,Post-menopausal,281.0,165.0,No
100083.0,80.0,Post-menopausal,168.0,95.0,No
100089.0,24.0,Pre-menopausal,118.0,63.0,No
100095.0,27.0,Pre-menopausal,155.0,85.0,No
100105.0,50.0,Post-menopausal,157.0,87.0,No
100112.0,57.0,Post-menopausal,232.0,159.0,No
100115.0,47.0,Pre-menopausal,228.0,142.0,No
100116.0,63.0,Post-menopausal,130.0,57.0,No
100119.0,47.0,Pre-menopausal,211.0,139.0,No
100143.0,80.0,Pre-menopausal,223.0,132.0,Yes
100144.0,33.0,Pre-menopausal,139.0,71.0,No
100160.0,26.0,Pre-menopausal,122.0,63.0,No
100162.0,64.0,Post-menopausal,253.0,140.0,No
100163.0,69.0,Post-menopausal,249.0,186.0,No
100181.0,37.0,Pre-menopausal,162.0,98.0,No
100188.0,80.0,Post-menopausal,250.0,157.0,No
100190.0,32.0,Pre-menopausal,153.0,70.0,No
100196.0,32.0,Pre-menopausal,216.0,121.0,No
100200.0,43.0,Pre-menopausal,240.0,176.0,No
100202.0,22.0,Pre-menopausal,152.0,77.0,No
100204.0,36.0,Pre-menopausal,185.0,120.0,No
100210.0,60.0,Post-menopausal,251.0,163.0,No
100221.0,30.0,Pre-menopausal,163.0,80.0,No
100225.0,14.0,Pre-menopausal,108.0,59.0,No
100231.0,69.0,Post-menopausal,189.0,120.0,No
100247.0,61.0,Post-menopausal,228.0,138.0,No
100254.0,28.0,Pre-menopausal,175.0,104.0,No
100260.0,18.0,Pre-menopausal,145.0,75.0,No
100261.0,80.0,Post-menopausal,181.0,92.0,No
100265.0,55.0,Post-menopausal,227.0,149.0,No
100268.0,60.0,Post-menopausal,240.0,160.0,No
100274.0,60.0,Pre-menopausal,161.0,85.0,Yes
100277.0,18.0,Pre-menopausal,206.0,125.0,No
100278.0,75.0,Post-menopausal,182.0,98.0,No
100280.0,33.0,Pre-menopausal,173.0,101.0,No
100283.0,65.0,Post-menopausal,102.0,48.0,No
100286.0,45.0,Pre-menopausal,227.0,158.0,No
100287.0,18.0,Pre-menopausal,154.0,101.0,No
100288.0,43.0,Pre-menopausal,188.0,119.0,No
100291.0,61.0,Post-menopausal,147.0,87.0,Yes
100292.0,56.0,Post-menopausal,177.0,104.0,No
100299.0,27.0,Pre-menopausal,268.0,204.0,No
100301.0,53.0,Post-menopausal,184.0,88.0,No
100319.0,47.0,Post-menopausal,152.0,69.0,No
100324.0,46.0,Pre-menopausal,234.0,161.0,No
100325.0,35.0,Pre-menopausal,166.0,83.0,No
100326.0,21.0,Pre-menopausal,166.0,107.0,No
100348.0,49.0,Post-menopausal,188.0,129.0,No
100357.0,63.0,Post-menopausal,160.0,90.0,No
100358.0,62.0,Post-menopausal,176.0,112.0,Yes
100360.0,12.0,Pre-menopausal,141.0,73.0,No
100386.0,37.0,Pre-menopausal,205.0,116.0,No
100389.0,55.0,Post-menopausal,246.0,175.0,No
100391.0,12.0,Pre-menopausal,125.0,55.0,No
100396.0,65.0,Post-menopausal,207.0,127.0,No
100412.0,65.0,Post-menopausal,135.0,66.0,No
100436.0,48.0,Pre-menopausal,165.0,88.0,No
100448.0,16.0,Pre-menopausal,188.0,101.0,No
100451.0,40.0,Pre-menopausal,162.0,79.0,No
100474.0,67.0,Post-menopausal,144.0,71.0,Yes
100479.0,18.0,Pre-menopausal,208.0,126.0,No
100483.0,51.0,Post-menopausal,255.0,158.0,No
100484.0,55.0,Post-menopausal,216.0,117.0,No
100499.0,52.0,Post-menopausal,183.0,112.0,No
100500.0,34.0,Pre-menopausal,216.0,141.0,No
100507.0,13.0,Pre-menopausal,129.0,76.0,No
100508.0,80.0,Post-menopausal,233.0,143.0,Yes
100509.0,79.0,Post-menopausal,178.0,116.0,Yes
100511.0,64.0,Post-menopausal,170.0,92.0,No
100515.0,70.0,Post-menopausal,161.0,76.0,No
100523.0,12.0,Pre-menopausal,139.0,67.0,No
100526.0,33.0,Pre-menopausal,172.0,106.0,No
100532.0,46.0,Post-menopausal,147.0,99.0,No
100534.0,77.0,Post-menopausal,164.0,75.0,No
100537.0,32.0,Post-menopausal,152.0,89.0,No
100539.0,14.0,Pre-menopausal,147.0,84.0,No
100544.0,61.0,Post-menopausal,166.0,65.0,No
100549.0,76.0,Post-menopausal,212.0,120.0,No
100556.0,65.0,Post-menopausal,117.0,47.0,Yes
100574.0,53.0,Post-menopausal,207.0,131.0,No
100608.0,64.0,Post-menopausal,158.0,65.0,No
100623.0,36.0,Pre-menopausal,173.0,90.0,No
100627.0,43.0,Pre-menopausal,177.0,110.0,Yes
100641.0,24.0,Pre-menopausal,164.0,80.0,No
100644.0,31.0,Pre-menopausal,144.0,78.0,No
100654.0,74.0,Post-menopausal,189.0,112.0,No
100663.0,71.0,Post-menopausal,233.0,151.0,No
100669.0,13.0,Pre-menopausal,126.0,66.0,No
100675.0,21.0,Pre-menopausal,174.0,112.0,No
100677.0,56.0,Post-menopausal,242.0,133.0,No
100686.0,16.0,Pre-menopausal,200.0,128.0,No
100693.0,49.0,Pre-menopausal,191.0,94.0,No
100698.0,48.0,Pre-menopausal,169.0,107.0,No
100705.0,56.0,Post-menopausal,219.0,151.0,Yes
100713.0,38.0,Post-menopausal,165.0,90.0,No
100714.0,37.0,Pre-menopausal,173.0,101.0,No
100715.0,51.0,Post-menopausal,202.0,135.0,Yes
100717.0,49.0,Post-menopausal,154.0,91.0,No
100725.0,67.0,Post-menopausal,151.0,69.0,No
100726.0,69.0,Post-menopausal,165.0,83.0,No
100730.0,44.0,Post-menopausal,183.0,89.0,No
100733.0,44.0,Pre-menopausal,189.0,105.0,No
100747.0,55.0,Post-menopausal,242.0,153.0,No
100771.0,68.0,Post-menopausal,233.0,163.0,No
100778.0,18.0,Pre-menopausal,157.0,79.0,No
100808.0,16.0,Pre-menopausal,194.0,116.0,No
100813.0,16.0,Pre-menopausal,208.0,112.0,No
100817.0,60.0,Post-menopausal,244.0,155.0,No
100821.0,68.0,Post-menopausal,146.0,62.0,No
100856.0,75.0,Post-menopausal,141.0,55.0,No
100857.0,13.0,Pre-menopausal,117.0,55.0,No
100860.0,36.0,Pre-menopausal,182.0,120.0,No
100872.0,71.0,Post-menopausal,164.0,109.0,No
100895.0,58.0,Post-menopausal,142.0,84.0,No
100896.0,28.0,Post-menopausal,208.0,138.0,No
100898.0,42.0,Pre-menopausal,259.0,172.0,No
100901.0,16.0,Pre-menopausal,139.0,78.0,No
100929.0,40.0,Pre-menopausal,192.0,92.0,No
100933.0,65.0,Post-menopausal,179.0,100.0,No
100934.0,37.0,Pre-menopausal,170.0,95.0,No
100936.0,57.0,Pre-menopausal,195.0,124.0,No
100939.0,15.0,Pre-menopausal,165.0,90.0,No
100949.0,51.0,Post-menopausal,188.0,97.0,No
100961.0,20.0,Pre-menopausal,165.0,85.0,No
100965.0,25.0,Pre-menopausal,157.0,80.0,No
100966.0,37.0,Pre-menopausal,165.0,102.0,No
100978.0,18.0,Pre-menopausal,188.0,126.0,No
100986.0,50.0,Pre-menopausal,206.0,130.0,No
100989.0,68.0,Post-menopausal,161.0,97.0,No
100997.0,60.0,Post-menopausal,210.0,133.0,No
101000.0,12.0,Pre-menopausal,148.0,63.0,No
101005.0,29.0,Pre-menopausal,176.0,90.0,No
101009.0,21.0,Pre-menopausal,144.0,82.0,No
101014.0,42.0,Pre-menopausal,182.0,116.0,No
101015.0,80.0,Pre-menopausal,243.0,132.0,Yes
101025.0,23.0,Pre-menopausal,201.0,109.0,No
101028.0,59.0,Post-menopausal,299.0,216.0,No
101034.0,46.0,Pre-menopausal,186.0,114.0,No
101037.0,41.0,Pre-menopausal,206.0,125.0,No
101045.0,17.0,Pre-menopausal,186.0,112.0,No
101052.0,49.0,Post-menopausal,205.0,135.0,No
101065.0,44.0,Post-menopausal,252.0,171.0,No
101070.0,34.0,Pre-menopausal,146.0,87.0,No
101076.0,22.0,Pre-menopausal,183.0,118.0,No
101079.0,51.0,Pre-menopausal,202.0,124.0,No
101087.0,51.0,Post-menopausal,190.0,109.0,Yes
101096.0,56.0,Post-menopausal,199.0,121.0,No
101097.0,39.0,Pre-menopausal,239.0,137.0,No
101106.0,49.0,Post-menopausal,240.0,153.0,No
101107.0,44.0,Post-menopausal,164.0,88.0,No
101108.0,59.0,Post-menopausal,201.0,129.0,No
101113.0,19.0,Pre-menopausal,155.0,116.0,No
101115.0,36.0,Pre-menopausal,158.0,98.0,No
101123.0,59.0,Post-menopausal,174.0,118.0,No
101130.0,19.0,Pre-menopausal,141.0,60.0,No
101138.0,33.0,Pre-menopausal,227.0,160.0,No
101147.0,58.0,Pre-menopausal,168.0,74.0,No
101155.0,52.0,Post-menopausal,164.0,103.0,Yes
101159.0,17.0,Pre-menopausal,180.0,124.0,No
101160.0,49.0,Pre-menopausal,241.0,159.0,No
101166.0,28.0,Pre-menopausal,169.0,91.0,No
101169.0,58.0,Post-menopausal,232.0,145.0,No
101173.0,66.0,Post-menopausal,167.0,93.0,No
101176.0,80.0,Pre-menopausal,180.0,108.0,No
101180.0,80.0,Post-menopausal,215.0,124.0,No
101181.0,50.0,Pre-menopausal,175.0,106.0,No
101191.0,35.0,Post-menopausal,211.0,128.0,No
101196.0,71.0,Post-menopausal,166.0,94.0,No
101208.0,14.0,Pre-menopausal,153.0,94.0,No
101212.0,62.0,Post-menopausal,159.0,96.0,No
101216.0,55.0,Post-menopausal,183.0,109.0,No
101220.0,35.0,Pre-menopausal,171.0,100.0,No
101229.0,38.0,Pre-menopausal,196.0,133.0,No
101230.0,50.0,Post-menopausal,160.0,71.0,No
101231.0,14.0,Pre-menopausal,174.0,104.0,No
101249.0,63.0,Post-menopausal,194.0,108.0,No
101252.0,33.0,Pre-menopausal,160.0,93.0,No
101254.0,29.0,Post-menopausal,173.0,100.0,No
101255.0,62.0,Post-menopausal,164.0,90.0,No
101256.0,34.0,Pre-menopausal,150.0,80.0,No
101260.0,80.0,Pre-menopausal,186.0,118.0,Yes
101274.0,65.0,Pre-menopausal,118.0,43.0,Yes
101281.0,34.0,Pre-menopausal,218.0,141.0,No
101284.0,65.0,Post-menopausal,193.0,122.0,No
101292.0,14.0,Pre-menopausal,132.0,57.0,No
101300.0,35.0,Pre-menopausal,124.0,61.0,No
101307.0,47.0,Post-menopausal,221.0,140.0,No
101308.0,25.0,Pre-menopausal,131.0,81.0,No
101313.0,42.0,Pre-menopausal,227.0,134.0,No
101323.0,74.0,Post-menopausal,141.0,65.0,Yes
101329.0,16.0,Pre-menopausal,150.0,89.0,No
101330.0,22.0,Pre-menopausal,195.0,108.0,No
101333.0,71.0,Post-menopausal,177.0,84.0,No
101336.0,72.0,Post-menopausal,202.0,102.0,No
101342.0,41.0,Pre-menopausal,155.0,83.0,No
101344.0,16.0,Pre-menopausal,117.0,66.0,No
101356.0,54.0,Post-menopausal,206.0,128.0,No
101357.0,72.0,Post-menopausal,178.0,109.0,No
101359.0,52.0,Pre-menopausal,172.0,105.0,No
101362.0,74.0,Post-menopausal,198.0,112.0,No
101363.0,69.0,Pre-menopausal,312.0,202.0,No
101366.0,52.0,Pre-menopausal,221.0,145.0,No
101370.0,31.0,Pre-menopausal,200.0,97.0,No
101372.0,29.0,Post-menopausal,127.0,54.0,No
101396.0,80.0,Post-menopausal,141.0,74.0,No
101402.0,75.0,Pre-menopausal,280.0,188.0,No
101407.0,65.0,Post-menopausal,165.0,82.0,No
101411.0,59.0,Post-menopausal,223.0,154.0,Yes
101412.0,39.0,Pre-menopausal,157.0,81.0,No
101414.0,56.0,Pre-menopausal,142.0,40.0,Yes
101420.0,16.0,Pre-menopausal,187.0,116.0,No
101427.0,24.0,Pre-menopausal,159.0,68.0,No
101430.0,42.0,Pre-menopausal,200.0,96.0,No
101432.0,74.0,Post-menopausal,282.0,188.0,No
101434.0,70.0,Post-menopausal,209.0,121.0,No
101442.0,67.0,Post-menopausal,195.0,113.0,No
101446.0,30.0,Pre-menopausal,200.0,121.0,No
101449.0,59.0,Post-menopausal,197.0,134.0,No
101455.0,66.0,Post-menopausal,200.0,129.0,No
101461.0,59.0,Post-menopausal,153.0,90.0,No
101462.0,23.0,Pre-menopausal,181.0,106.0,No
101463.0,62.0,Pre-menopausal,127.0,64.0,No
101464.0,50.0,Post-menopausal,263.0,149.0,No
101470.0,57.0,Post-menopausal,174.0,103.0,No
101472.0,51.0,Post-menopausal,221.0,147.0,No
101479.0,73.0,Post-menopausal,194.0,124.0,No
101482.0,16.0,Pre-menopausal,182.0,112.0,No
101485.0,16.0,Pre-menopausal,192.0,93.0,No
101488.0,64.0,Post-menopausal,263.0,181.0,No
101493.0,34.0,Pre-menopausal,156.0,88.0,No
101500.0,67.0,Post-menopausal,128.0,59.0,No
101505.0,62.0,Post-menopausal,231.0,163.0,No
101516.0,30.0,Pre-menopausal,153.0,70.0,No
101547.0,42.0,Pre-menopausal,197.0,112.0,No
101570.0,30.0,Pre-menopausal,102.0,38.0,No
101577.0,52.0,Pre-menopausal,180.0,94.0,No
101583.0,16.0,Pre-menopausal,133.0,62.0,No
101584.0,55.0,Post-menopausal,206.0,127.0,No
101588.0,23.0,Pre-menopausal,181.0,105.0,No
101597.0,77.0,Post-menopausal,164.0,84.0,No
101615.0,16.0,Pre-menopausal,196.0,131.0,No
101619.0,13.0,Pre-menopausal,149.0,81.0,No
101626.0,55.0,Post-menopausal,210.0,120.0,No
101627.0,76.0,Pre-menopausal,217.0,142.0,No
101631.0,73.0,Post-menopausal,198.0,127.0,No
101635.0,63.0,Post-menopausal,291.0,210.0,Yes
101636.0,68.0,Post-menopausal,245.0,171.0,No
101642.0,53.0,Pre-menopausal,161.0,92.0,No
101647.0,58.0,Post-menopausal,243.0,180.0,No
101649.0,40.0,Pre-menopausal,218.0,152.0,No
101653.0,70.0,Pre-menopausal,176.0,112.0,No
101656.0,60.0,Post-menopausal,179.0,88.0,No
101659.0,36.0,Pre-menopausal,175.0,93.0,No
101661.0,61.0,Post-menopausal,185.0,116.0,No
101664.0,47.0,Post-menopausal,190.0,102.0,No
101669.0,28.0,Pre-menopausal,179.0,119.0,No
101673.0,13.0,Pre-menopausal,129.0,70.0,No
101674.0,16.0,Pre-menopausal,164.0,79.0,No
101679.0,62.0,Post-menopausal,169.0,87.0,No
101681.0,31.0,Pre-menopausal,181.0,117.0,No
101687.0,75.0,Post-menopausal,209.0,129.0,No
101693.0,28.0,Pre-menopausal,233.0,128.0,No
101695.0,45.0,Post-menopausal,214.0,144.0,No
101697.0,60.0,Post-menopausal,319.0,198.0,No
101707.0,79.0,Post-menopausal,159.0,95.0,Yes
101709.0,23.0,Pre-menopausal,227.0,103.0,No
101716.0,33.0,Pre-menopausal,195.0,136.0,No
101718.0,39.0,Pre-menopausal,172.0,119.0,No
101725.0,59.0,Post-menopausal,187.0,87.0,No
101733.0,25.0,Pre-menopausal,123.0,64.0,No
101740.0,59.0,Post-menopausal,265.0,166.0,No
101755.0,66.0,Post-menopausal,236.0,154.0,No
101756.0,61.0,Post-menopausal,210.0,134.0,No
101762.0,80.0,Post-menopausal,223.0,138.0,No
101763.0,54.0,Pre-menopausal,186.0,100.0,Yes
101778.0,64.0,Post-menopausal,212.0,128.0,No
101779.0,55.0,Post-menopausal,264.0,175.0,No
101780.0,65.0,Post-menopausal,200.0,107.0,No
101785.0,77.0,Post-menopausal,144.0,67.0,Yes
101799.0,28.0,Pre-menopausal,172.0,92.0,No
101802.0,57.0,Post-menopausal,226.0,116.0,No
101807.0,79.0,Post-menopausal,237.0,164.0,No
101814.0,26.0,Pre-menopausal,190.0,115.0,No
101821.0,53.0,Post-menopausal,255.0,179.0,No
101828.0,32.0,Pre-menopausal,150.0,82.0,No
101830.0,45.0,Post-menopausal,160.0,110.0,No
101842.0,30.0,Pre-menopausal,171.0,100.0,No
101845.0,38.0,Pre-menopausal,224.0,161.0,Yes
101847.0,63.0,Post-menopausal,222.0,123.0,No
101848.0,56.0,Post-menopausal,155.0,92.0,No
101861.0,49.0,Pre-menopausal,171.0,89.0,No
101864.0,72.0,Post-menopausal,303.0,225.0,No
101865.0,53.0,Post-menopausal,181.0,78.0,Yes
101878.0,50.0,Pre-menopausal,154.0,88.0,No
101882.0,52.0,Post-menopausal,195.0,128.0,No
101885.0,43.0,Pre-menopausal,189.0,107.0,No
101894.0,46.0,Pre-menopausal,251.0,56.0,No
101896.0,28.0,Pre-menopausal,158.0,105.0,No
101903.0,33.0,Pre-menopausal,212.0,126.0,No
101910.0,80.0,Post-menopausal,160.0,76.0,No
101912.0,31.0,Pre-menopausal,134.0,70.0,No
101913.0,12.0,Pre-menopausal,171.0,99.0,No
101934.0,64.0,Post-menopausal,171.0,87.0,No
101936.0,80.0,Post-menopausal,129.0,57.0,Yes
101942.0,17.0,Pre-menopausal,179.0,119.0,No
101943.0,13.0,Pre-menopausal,149.0,68.0,No
101951.0,19.0,Pre-menopausal,114.0,60.0,No
101957.0,35.0,Pre-menopausal,169.0,79.0,No
102008.0,47.0,Post-menopausal,259.0,172.0,No
102015.0,20.0,Pre-menopausal,108.0,46.0,No
102019.0,19.0,Pre-menopausal,172.0,108.0,No
102021.0,65.0,Post-menopausal,155.0,64.0,No
102030.0,50.0,Pre-menopausal,148.0,68.0,No
102031.0,61.0,Post-menopausal,189.0,116.0,No
102032.0,67.0,Post-menopausal,118.0,53.0,Yes
102035.0,32.0,Pre-menopausal,210.0,145.0,No
102037.0,21.0,Pre-menopausal,141.0,72.0,No
102047.0,62.0,Post-menopausal,241.0,133.0,Yes
102054.0,68.0,Post-menopausal,121.0,64.0,Yes
102055.0,69.0,Post-menopausal,156.0,87.0,No
102056.0,12.0,Pre-menopausal,149.0,68.0,No
102058.0,68.0,Post-menopausal,206.0,138.0,No
102060.0,80.0,Post-menopausal,150.0,71.0,No
102061.0,14.0,Pre-menopausal,137.0,72.0,No
102062.0,18.0,Pre-menopausal,168.0,81.0,No
102064.0,35.0,Pre-menopausal,196.0,116.0,No
102068.0,65.0,Pre-menopausal,204.0,120.0,No
102072.0,50.0,Pre-menopausal,177.0,94.0,No
102074.0,35.0,Pre-menopausal,171.0,81.0,No
102079.0,60.0,Post-menopausal,219.0,126.0,No
102081.0,49.0,Post-menopausal,225.0,122.0,No
102093.0,21.0,Post-menopausal,167.0,101.0,No
102099.0,32.0,Pre-menopausal,150.0,76.0,No
102102.0,17.0,Pre-menopausal,176.0,93.0,No
102112.0,33.0,Post-menopausal,166.0,93.0,No
102114.0,14.0,Pre-menopausal,145.0,85.0,No
102116.0,75.0,Post-menopausal,253.0,153.0,No
102121.0,53.0,Pre-menopausal,189.0,111.0,No
102133.0,19.0,Pre-menopausal,138.0,66.0,No
102143.0,15.0,Pre-menopausal,175.0,96.0,No
102147.0,55.0,Post-menopausal,227.0,153.0,No
102148.0,80.0,Post-menopausal,205.0,95.0,No
102149.0,27.0,Pre-menopausal,190.0,119.0,No
102151.0,44.0,Pre-menopausal,168.0,99.0,No
102153.0,77.0,Post-menopausal,189.0,104.0,No
102162.0,80.0,Post-menopausal,146.0,83.0,Yes
102178.0,61.0,Post-menopausal,193.0,107.0,No
102181.0,43.0,Pre-menopausal,264.0,87.0,No
102194.0,36.0,Pre-menopausal,151.0,90.0,No
102198.0,63.0,Post-menopausal,170.0,90.0,No
102201.0,47.0,Pre-menopausal,169.0,91.0,No
102218.0,48.0,Pre-menopausal,269.0,196.0,No
102223.0,36.0,Pre-menopausal,180.0,90.0,No
102231.0,15.0,Pre-menopausal,165.0,103.0,No
102241.0,80.0,Post-menopausal,242.0,148.0,No
102254.0,38.0,Pre-menopausal,244.0,139.0,No
102258.0,51.0,Pre-menopausal,212.0,136.0,No
102260.0,65.0,Post-menopausal,180.0,106.0,No
102262.0,13.0,Pre-menopausal,168.0,116.0,No
102272.0,26.0,Pre-menopausal,129.0,57.0,No
102281.0,54.0,Post-menopausal,175.0,99.0,No
102283.0,22.0,Pre-menopausal,177.0,122.0,No
102289.0,18.0,Pre-menopausal,193.0,133.0,No
102302.0,40.0,Pre-menopausal,164.0,108.0,No
102307.0,79.0,Post-menopausal,112.0,51.0,No
102309.0,55.0,Post-menopausal,196.0,124.0,No
102320.0,63.0,Post-menopausal,180.0,83.0,No
102323.0,19.0,Pre-menopausal,116.0,52.0,No
102341.0,39.0,Pre-menopausal,213.0,136.0,No
102359.0,39.0,Pre-menopausal,186.0,106.0,No
102360.0,28.0,Pre-menopausal,150.0,84.0,No
102367.0,66.0,Pre-menopausal,176.0,90.0,Yes
102369.0,42.0,Pre-menopausal,215.0,141.0,No
102370.0,80.0,Post-menopausal,148.0,55.0,Yes
102377.0,59.0,Post-menopausal,262.0,192.0,No
102383.0,26.0,Pre-menopausal,174.0,109.0,No
102392.0,80.0,Post-menopausal,219.0,128.0,No
102393.0,20.0,Pre-menopausal,141.0,69.0,No
102415.0,54.0,Pre-menopausal,148.0,70.0,No
102416.0,19.0,Pre-menopausal,172.0,100.0,No
102420.0,70.0,Post-menopausal,175.0,97.0,Yes
102440.0,16.0,Pre-menopausal,129.0,62.0,No
102443.0,56.0,Post-menopausal,148.0,56.0,No
102454.0,34.0,Pre-menopausal,134.0,69.0,No
102456.0,29.0,Post-menopausal,187.0,114.0,No
102461.0,28.0,Pre-menopausal,130.0,66.0,No
102487.0,19.0,Pre-menopausal,172.0,72.0,No
102490.0,71.0,Post-menopausal,225.0,138.0,No
102506.0,51.0,Post-menopausal,179.0,113.0,No
102508.0,68.0,Post-menopausal,180.0,106.0,No
102513.0,15.0,Pre-menopausal,168.0,101.0,No
102517.0,63.0,Pre-menopausal,139.0,69.0,No
102548.0,28.0,Pre-menopausal,177.0,100.0,No
102551.0,58.0,Post-menopausal,217.0,150.0,No
102562.0,38.0,Pre-menopausal,203.0,117.0,No
102582.0,15.0,Pre-menopausal,152.0,99.0,No
102585.0,80.0,Pre-menopausal,190.0,88.0,No
102597.0,70.0,Post-menopausal,150.0,56.0,Yes
102598.0,75.0,Post-menopausal,235.0,158.0,No
102599.0,15.0,Pre-menopausal,135.0,74.0,No
102604.0,16.0,Pre-menopausal,157.0,87.0,No
102605.0,57.0,Post-menopausal,313.0,174.0,Yes
102609.0,80.0,Post-menopausal,161.0,68.0,Yes
102616.0,56.0,Post-menopausal,213.0,133.0,No
102617.0,63.0,Post-menopausal,215.0,141.0,No
102618.0,70.0,Post-menopausal,184.0,97.0,No
102621.0,32.0,Pre-menopausal,170.0,92.0,Yes
102629.0,73.0,Post-menopausal,179.0,97.0,No
102635.0,40.0,Pre-menopausal,145.0,65.0,No
102642.0,44.0,Pre-menopausal,198.0,137.0,No
102651.0,71.0,Post-menopausal,199.0,88.0,Yes
102653.0,25.0,Pre-menopausal,136.0,72.0,No
102660.0,19.0,Pre-menopausal,150.0,66.0,No
102662.0,12.0,Pre-menopausal,98.0,42.0,No
102673.0,47.0,Pre-menopausal,161.0,82.0,No
102682.0,33.0,Pre-menopausal,236.0,131.0,No
102688.0,53.0,Post-menopausal,216.0,124.0,No
102695.0,14.0,Pre-menopausal,110.0,42.0,No
102701.0,61.0,Post-menopausal,155.0,85.0,No
102703.0,12.0,Pre-menopausal,129.0,64.0,No
102713.0,23.0,Pre-menopausal,128.0,59.0,No
102721.0,53.0,Post-menopausal,237.0,148.0,No
102722.0,62.0,Post-menopausal,179.0,83.0,No
102725.0,16.0,Pre-menopausal,115.0,47.0,No
102729.0,61.0,Post-menopausal,153.0,60.0,Yes
102747.0,57.0,Pre-menopausal,219.0,138.0,No
102759.0,47.0,Pre-menopausal,191.0,53.0,No
102766.0,46.0,Pre-menopausal,199.0,112.0,No
102770.0,12.0,Pre-menopausal,156.0,89.0,No
102785.0,54.0,Post-menopausal,254.0,169.0,No
102788.0,42.0,Pre-menopausal,230.0,167.0,No
102801.0,58.0,Pre-menopausal,133.0,78.0,No
102810.0,16.0,Pre-menopausal,174.0,108.0,No
102826.0,58.0,Post-menopausal,201.0,131.0,No
102846.0,61.0,Post-menopausal,234.0,148.0,No
102847.0,30.0,Pre-menopausal,140.0,86.0,No
102857.0,14.0,Pre-menopausal,132.0,85.0,No
102865.0,44.0,Pre-menopausal,199.0,119.0,No
102866.0,73.0,Post-menopausal,159.0,75.0,No
102868.0,70.0,Pre-menopausal,216.0,135.0,No
102871.0,80.0,Pre-menopausal,166.0,93.0,No
102880.0,51.0,Post-menopausal,230.0,151.0,No
102885.0,37.0,Pre-menopausal,175.0,106.0,No
102893.0,44.0,Post-menopausal,192.0,116.0,No
102899.0,20.0,Pre-menopausal,184.0,104.0,No
102915.0,14.0,Pre-menopausal,202.0,139.0,No
102920.0,62.0,Post-menopausal,223.0,137.0,No
102923.0,43.0,Pre-menopausal,162.0,90.0,Yes
102941.0,14.0,Pre-menopausal,165.0,95.0,No
102948.0,31.0,Pre-menopausal,209.0,123.0,No
102952.0,70.0,Post-menopausal,119.0,43.0,No
102954.0,41.0,Pre-menopausal,172.0,108.0,No
