SEQN,SDDSRVYR,RIDSTATR,RIDEXMON,Gender,Age,RIDAGEMN,RIDAGEEX,RIDRETH1,RIDRETH2,DMQMILIT,DMDBORN,DMDCITZN,DMDYRSUS,DMDEDUC3,DMDEDUC2,DMDEDUC,DMDSCHOL,DMDMARTL,DMDHHSIZ,INDHHINC,INDFMINC,INDFMPIR,RIDEXPRG,DMDHRGND,DMDHRAGE,DMDHRBRN,DMDHREDU,DMDHRMAR,DMDHSEDU,SIALANG,SIAPROXY,SIAINTRP,FIALANG,FIAPROXY,FIAINTRP,MIALANG,MIAPROXY,MIAINTRP,AIALANG,WTINT2YR,WTMEC2YR,SDMVPSU,SDMVSTRA,PEASCST1,PEASCTM1,PEASCCT1,BPXCHR,BPQ150A,BPQ150B,BPQ150C,BPQ150D,BPAARM,BPACSZ,BPXPLS,BPXDB,BPXPULS,BPXPTY,BPXML1,Systolic_BP,BPXDI1,BPAEN1,BPXSY2,BPXDI2,BPAEN2,BPXSY3,BPXDI3,BPAEN3,BPXSY4,BPXDI4,BPAEN4,BPXSAR,BPXDAR,MCQ010,MCQ025,MCQ035,MCQ040,MCQ050,MCQ053,MCQ060,MCQ080,MCQ083,MCQ092,MCD093,MCQ114,MCQ117Q,MCQ117U,MCQ120A,MCQ120B,MCQ120C,MCQ120D,MCQ140,MCQ149,MCQ150G,MCQ150Q,MCQ160A,MCQ160B,Heart_Disease_Status,MCQ160D,MCQ160E,MCQ160F,MCQ160G,MCQ160J,MCQ160K,MCQ160L,MCQ160M,MCQ170K,MCQ170L,MCQ170M,MCQ180A,MCQ180B,MCQ180C,MCQ180D,MCQ180E,MCQ180F,MCQ180G,MCQ180K,MCQ180L,MCQ180M,MCQ190,MCQ220,MCQ230A,MCQ230B,MCQ230C,MCQ230D,MCQ240A,MCQ240B,MCQ240C,MCQ240D,MCQ240E,MCQ240F,MCQ240G,MCQ240H,MCQ240I,MCQ240J,MCQ240K,MCQ240L,MCQ240M,MCQ240N,MCQ240O,MCQ240P,MCQ240Q,MCQ240R,MCQ240S,MCQ240T,MCQ240U,MCQ240V,MCQ240W,MCQ240X,MCQ240Y,MCQ240Z,MCQ240AA,MCQ240BB,MCQ240CC,MCQ240DD,MCQ245A,MCQ245B,MCQ250A,MCQ250B,MCQ250C,MCQ250E,MCQ250F,MCQ250G,MCQ260AA,MCQ260AB,MCQ260AC,MCQ260AD,MCQ260AE,MCQ260AF,MCQ260AG,MCQ260AH,MCQ260AI,MCQ260BA,MCQ260BB,MCQ260BC,MCQ260BD,MCQ260BE,MCQ260BF,MCQ260BG,MCQ260BH,MCQ260BI,MCQ260CA,MCQ260CB,MCQ260CC,MCQ260CD,MCQ260CE,MCQ260CF,MCQ260CG,MCQ260CH,MCQ260CI,MCQ260EA,MCQ260EB,MCQ260EC,MCQ260ED,MCQ260EE,MCQ260EF,MCQ260EG,MCQ260EH,MCQ260EI,MCQ260FA,MCQ260FB,MCQ260FC,MCQ260FD,MCQ260FE,MCQ260FF,MCQ260FG,MCQ260FH,MCQ260FI,MCQ260GA,MCQ260GB,MCQ260GC,MCQ260GD,MCQ260GE,MCQ260GF,MCQ260GG,MCQ260GH,MCQ260GI,MCQ265,MCQ267A,MCQ267B,MCQ267C,MCQ267D,MCQ267E,MCQ270,MCQ280,MCQ290,Total_Cholesterol,LBXHDD,LBDTCSI,LBDHDDSI,Estimated_VO2_Max,Max_Exercise_Heart_Rate,Recovery_Heart_Rate,Fitness_Level_Category
21017.0,3.0,2.0,1.0,2.0,37.0,444.0,445.0,1.0,3.0,2.0,2.0,2.0,2.0,,2.0,1.0,,6.0,2.0,4.0,1.0,0.21,2.0,1.0,22.0,2.0,2.0,6.0,,2.0,2.0,2.0,1.0,2.0,2.0,2.0,2.0,2.0,2.0,26619.833543,26802.589075,2.0,42.0,1.0,657.0,,,2.0,2.0,2.0,2.0,1.0,3.0,66.0,,1.0,1.0,130.0,104.0,70.0,2.0,100.0,70.0,2.0,104.0,62.0,2.0,,,,102.0,66.0,2.0,,,,,2.0,,,,2.0,,,,,,,,,1.0,,,,2.0,2.0,0.0,2.0,2.0,2.0,2.0,2.0,2.0,2.0,2.0,,,,,,,,,,,,,,,2.0,,,,,,,,,,,,,,,,,,,,,,,,,,,,,,,,,,,1.0,5.0,1.0,2.0,2.0,2.0,2.0,2.0,1.0,,,,,,,,,,,,,,,,,,,,,,,,,,,,,,,,,,,,,,,,,,,,,,,,,,,,,,2.0,,,,,,2.0,,,184.0,77.0,4.76,1.99,33.9,147.0,140.0,2.0
21029.0,3.0,2.0,2.0,1.0,40.0,488.0,489.0,3.0,1.0,2.0,1.0,1.0,,,5.0,3.0,,5.0,1.0,11.0,11.0,5.0,,1.0,40.0,1.0,5.0,5.0,,1.0,2.0,2.0,1.0,2.0,2.0,1.0,2.0,2.0,1.0,93162.431486,100099.630952,2.0,33.0,1.0,726.0,,,2.0,2.0,2.0,2.0,1.0,4.0,74.0,,1.0,1.0,150.0,126.0,88.0,2.0,120.0,92.0,2.0,116.0,88.0,2.0,,,,118.0,90.0,2.0,,,,,2.0,,,,2.0,,,,,,,,,2.0,,,,2.0,2.0,0.0,2.0,2.0,2.0,2.0,2.0,1.0,2.0,1.0,2.0,,1.0,,,,,,,,25.0,,40.0,,2.0,,,,,,,,,,,,,,,,,,,,,,,,,,,,,,,,,,,1.0,10.0,1.0,2.0,2.0,2.0,1.0,1.0,,,,,,,,,9.0,,,,,,,,,,,,,,,,,,,,,,,,,,,,1.0,,,,,,,,,,,,4.0,,,,,,2.0,,,,,,2.0,,,261.0,29.0,6.75,0.75,44.2,139.0,,3.0
21031.0,3.0,2.0,2.0,2.0,37.0,444.0,445.0,3.0,1.0,2.0,1.0,1.0,,,5.0,3.0,,1.0,4.0,11.0,11.0,5.0,2.0,2.0,37.0,1.0,5.0,1.0,5.0,1.0,2.0,2.0,1.0,2.0,2.0,1.0,2.0,2.0,,82275.985846,85621.334312,1.0,29.0,1.0,630.0,,,2.0,2.0,2.0,2.0,1.0,3.0,62.0,,1.0,1.0,120.0,100.0,56.0,2.0,102.0,54.0,2.0,102.0,54.0,2.0,,,,102.0,54.0,2.0,,,,,2.0,,,,2.0,,,,,,,,,2.0,,,,2.0,2.0,0.0,2.0,2.0,2.0,2.0,2.0,2.0,2.0,2.0,,,,,,,,,,,,,,,2.0,,,,,,,,,,,,,,,,,,,,,,,,,,,,,,,,,,,2.0,,2.0,2.0,2.0,9.0,2.0,2.0,,,,,,,,,,,,,,,,,,,,,,,,,,,,,,,,,,,,,,,,,,,,,,,,,,,,,,,2.0,,,,,,2.0,,,213.0,68.0,5.51,1.76,36.08,137.0,128.0,3.0
21034.0,3.0,2.0,1.0,1.0,21.0,255.0,255.0,3.0,1.0,2.0,1.0,1.0,,,2.0,1.0,,5.0,3.0,8.0,8.0,3.19,,2.0,47.0,1.0,2.0,3.0,,1.0,2.0,2.0,1.0,2.0,2.0,1.0,2.0,2.0,1.0,39895.048196,42370.699849,2.0,35.0,1.0,708.0,,,2.0,2.0,2.0,2.0,1.0,4.0,78.0,,1.0,1.0,140.0,122.0,66.0,2.0,,,2.0,122.0,64.0,2.0,,,2.0,122.0,64.0,2.0,,,,,2.0,,,,2.0,,,,,,,,,2.0,,,,2.0,2.0,0.0,2.0,2.0,2.0,2.0,2.0,2.0,2.0,2.0,,,,,,,,,,,,,,,2.0,,,,,,,,,,,,,,,,,,,,,,,,,,,,,,,,,,,1.0,2.0,2.0,2.0,2.0,2.0,2.0,2.0,,,,,,,,,,,,,,,,,,,,,,,,,,,,,,,,,,,,,,,,,,,,,,,,,,,,,,,2.0,,,,,,2.0,,,186.0,59.0,4.81,1.53,43.33,172.0,151.0,2.0
21052.0,3.0,2.0,2.0,2.0,37.0,451.0,452.0,3.0,1.0,2.0,1.0,1.0,,,3.0,2.0,,1.0,4.0,8.0,8.0,2.45,2.0,1.0,40.0,,,1.0,3.0,1.0,2.0,2.0,1.0,2.0,2.0,1.0,2.0,2.0,1.0,82275.985846,85621.334312,1.0,29.0,1.0,624.0,,,2.0,2.0,2.0,2.0,1.0,3.0,72.0,,1.0,1.0,140.0,106.0,76.0,2.0,112.0,76.0,2.0,116.0,68.0,2.0,,,,114.0,72.0,2.0,,,,,2.0,,,,2.0,,,,,,,,,2.0,,,,2.0,2.0,0.0,2.0,2.0,2.0,2.0,2.0,2.0,2.0,2.0,,,,,,,,,,,,,,,2.0,,,,,,,,,,,,,,,,,,,,,,,,,,,,,,,,,,,1.0,0.0,2.0,1.0,1.0,2.0,2.0,2.0,,,,,,,,,,,2.0,,,,,,,,,2.0,,,,,,,,,,,,,,,,,,,,,,,,,,,,,,,,,,,2.0,,,,,,2.0,,,170.0,54.0,4.4,1.4,26.6,161.0,161.0,1.0
21067.0,3.0,2.0,2.0,1.0,25.0,303.0,303.0,3.0,1.0,1.0,1.0,1.0,,,3.0,2.0,,1.0,2.0,6.0,6.0,2.4,,1.0,25.0,1.0,3.0,1.0,5.0,1.0,2.0,2.0,1.0,2.0,2.0,1.0,2.0,2.0,1.0,90803.158254,90158.673309,2.0,32.0,1.0,615.0,,,2.0,2.0,2.0,2.0,1.0,4.0,70.0,,1.0,1.0,160.0,132.0,76.0,2.0,130.0,78.0,2.0,126.0,80.0,2.0,,,,128.0,79.0,2.0,,,,,2.0,,,,2.0,,,,,,,,,2.0,,,,2.0,2.0,0.0,2.0,2.0,2.0,2.0,2.0,2.0,2.0,2.0,,,,,,,,,,,,,,,2.0,,,,,,,,,,,,,,,,,,,,,,,,,,,,,,,,,,,1.0,3.0,1.0,2.0,2.0,2.0,9.0,2.0,,,,,,6.0,,,,,,,,,,,,,,,,,,,,,,,,,,,,,,,,,,,,,,,,,,,,,,,,,2.0,,,,,,2.0,,,188.0,49.0,4.86,1.27,45.5,148.0,135.0,3.0
21085.0,3.0,2.0,1.0,1.0,26.0,312.0,313.0,1.0,3.0,2.0,2.0,2.0,2.0,,3.0,2.0,,5.0,3.0,3.0,3.0,0.93,,1.0,31.0,2.0,3.0,1.0,,2.0,2.0,2.0,2.0,2.0,2.0,2.0,2.0,2.0,2.0,29348.026612,29378.574743,2.0,42.0,1.0,599.0,,,2.0,2.0,2.0,2.0,1.0,4.0,76.0,,1.0,1.0,140.0,104.0,58.0,2.0,106.0,56.0,2.0,104.0,60.0,2.0,,,,105.0,58.0,2.0,,,,,2.0,,,,2.0,,,,,,,,,2.0,,,,2.0,2.0,0.0,2.0,2.0,2.0,2.0,2.0,2.0,2.0,2.0,,,,,,,,,,,,,,,2.0,,,,,,,,,,,,,,,,,,,,,,,,,,,,,,,,,,,1.0,2.0,1.0,2.0,2.0,2.0,2.0,2.0,,,,4.0,,,,,,,,,,,,,,,,,,,,,,,,,,,,,,,,,,,,,,,,,,,,,,,,,,,2.0,,,,,,2.0,,,109.0,46.0,2.82,1.19,42.28,151.0,130.0,2.0
21091.0,3.0,2.0,2.0,2.0,25.0,310.0,311.0,3.0,1.0,2.0,1.0,1.0,,,5.0,3.0,,6.0,2.0,8.0,4.0,1.61,2.0,1.0,26.0,1.0,5.0,6.0,,1.0,2.0,2.0,1.0,2.0,2.0,1.0,2.0,2.0,1.0,65529.204458,70258.781106,2.0,41.0,1.0,498.0,,,1.0,2.0,2.0,2.0,1.0,4.0,76.0,,1.0,1.0,130.0,102.0,56.0,2.0,96.0,50.0,2.0,102.0,46.0,2.0,,,,99.0,48.0,2.0,,,,,1.0,,,,2.0,,,,,,,,,1.0,,,,2.0,2.0,0.0,2.0,2.0,2.0,2.0,2.0,2.0,2.0,2.0,,,,,,,,,,,,,,,2.0,,,,,,,,,,,,,,,,,,,,,,,,,,,,,,,,,,,1.0,0.0,2.0,2.0,2.0,1.0,2.0,2.0,,,,,,,,,,,,,,,,,,,,,,,,,,,,,,,,5.0,,,,,,,,,,,,,,,,,,,,,,,2.0,,,,,,2.0,,,177.0,75.0,4.58,1.94,43.14,146.0,126.0,3.0
21097.0,3.0,2.0,2.0,2.0,23.0,284.0,285.0,4.0,2.0,2.0,1.0,1.0,,,4.0,3.0,,5.0,5.0,11.0,8.0,3.28,2.0,2.0,36.0,3.0,5.0,5.0,,1.0,2.0,2.0,1.0,2.0,2.0,1.0,2.0,2.0,1.0,27089.745435,28064.106005,1.0,30.0,1.0,602.0,,,2.0,2.0,2.0,2.0,1.0,3.0,50.0,,1.0,1.0,160.0,,,2.0,124.0,80.0,2.0,130.0,86.0,2.0,126.0,88.0,2.0,128.0,87.0,2.0,,,,,2.0,,,,2.0,,,,,,,,,2.0,,,,2.0,2.0,0.0,2.0,2.0,2.0,2.0,2.0,2.0,2.0,2.0,,,,,,,,,,,,,,,2.0,,,,,,,,,,,,,,,,,,,,,,,,,,,,,,,,,,,1.0,0.0,2.0,2.0,1.0,2.0,1.0,2.0,,,,,,,,,,,,,,,,,,,,,,,,,,,9.0,,,,,,,,,,1.0,2.0,3.0,,,,,,,,,,,,,,,,2.0,,,,,,2.0,,,165.0,45.0,4.27,1.16,41.27,135.0,114.0,3.0
21105.0,3.0,2.0,2.0,1.0,26.0,312.0,312.0,3.0,1.0,1.0,1.0,1.0,,,4.0,3.0,,5.0,2.0,2.0,1.0,0.43,,1.0,26.0,1.0,4.0,5.0,,1.0,2.0,2.0,1.0,2.0,2.0,1.0,2.0,2.0,1.0,52265.570145,51894.609777,2.0,32.0,1.0,656.0,,,2.0,2.0,2.0,2.0,1.0,4.0,64.0,,1.0,1.0,150.0,114.0,64.0,2.0,,,2.0,114.0,72.0,2.0,,,2.0,114.0,72.0,2.0,,,,,2.0,,,,2.0,,,,,,,,,2.0,,,,2.0,2.0,0.0,2.0,2.0,2.0,2.0,2.0,2.0,2.0,2.0,,,,,,,,,,,,,,,2.0,,,,,,,,,,,,,,,,,,,,,,,,,,,,,,,,,,,2.0,,2.0,1.0,1.0,9.0,1.0,1.0,,,,,,,,,,,,,4.0,,,,,,1.0,,,,,,,,,,,,,,,,,,1.0,,,4.0,,,,,,,,,4.0,,,,,,2.0,,,,,,2.0,,,142.0,55.0,3.67,1.42,45.2,163.0,157.0,3.0
21107.0,3.0,2.0,2.0,1.0,20.0,242.0,243.0,3.0,1.0,2.0,1.0,1.0,,,3.0,2.0,,5.0,3.0,9.0,7.0,2.89,,1.0,20.0,1.0,3.0,5.0,,1.0,2.0,2.0,1.0,2.0,2.0,1.0,2.0,2.0,1.0,64789.306859,67289.163872,1.0,33.0,1.0,736.0,,,2.0,2.0,2.0,2.0,1.0,4.0,90.0,,1.0,1.0,140.0,126.0,74.0,2.0,134.0,82.0,2.0,136.0,76.0,2.0,,,,135.0,79.0,2.0,,,,,2.0,,,,2.0,,,,,,,,,2.0,,,,2.0,2.0,0.0,2.0,2.0,2.0,2.0,2.0,2.0,2.0,2.0,,,,,,,,,,,,,,,2.0,,,,,,,,,,,,,,,,,,,,,,,,,,,,,,,,,,,1.0,0.0,2.0,1.0,2.0,2.0,2.0,2.0,,,,,,,,,,,,,,,6.0,,,,,,,,,,,,,,,,,,,,,,,,,,,,,,,,,,,,,,,,2.0,,,,,,2.0,,,152.0,29.0,3.93,0.75,31.91,167.0,157.0,1.0
21116.0,3.0,2.0,1.0,2.0,38.0,456.0,456.0,1.0,3.0,2.0,2.0,2.0,5.0,,2.0,1.0,,1.0,6.0,6.0,6.0,1.12,2.0,1.0,44.0,2.0,5.0,1.0,2.0,2.0,2.0,2.0,1.0,2.0,2.0,1.0,2.0,2.0,2.0,28553.716489,29523.136387,1.0,43.0,1.0,554.0,,,2.0,2.0,2.0,2.0,1.0,4.0,60.0,,1.0,1.0,170.0,128.0,78.0,2.0,128.0,72.0,2.0,132.0,72.0,2.0,,,,130.0,72.0,2.0,,,,,2.0,,,,2.0,,,,,,,,,2.0,,,,2.0,2.0,0.0,2.0,2.0,2.0,2.0,2.0,2.0,2.0,2.0,,,,,,,,,,,,,,,2.0,,,,,,,,,,,,,,,,,,,,,,,,,,,,,,,,,,,1.0,0.0,2.0,2.0,2.0,2.0,1.0,1.0,,,,,,,,,,,,,,,,,,,,,,,,,,,,,,,,,,,,,1.0,2.0,,,,,,,,1.0,,,,,,,,,2.0,,,,,,2.0,,,296.0,61.0,7.65,1.58,37.91,103.0,97.0,3.0
21122.0,3.0,2.0,1.0,2.0,37.0,444.0,445.0,1.0,3.0,2.0,2.0,1.0,5.0,,5.0,3.0,,1.0,6.0,7.0,7.0,1.42,2.0,2.0,37.0,2.0,5.0,1.0,5.0,1.0,2.0,2.0,1.0,2.0,2.0,1.0,2.0,2.0,1.0,27385.973159,28315.747303,1.0,40.0,1.0,653.0,,,1.0,2.0,2.0,2.0,1.0,3.0,92.0,,1.0,1.0,130.0,100.0,74.0,2.0,100.0,72.0,2.0,100.0,72.0,2.0,,,,100.0,72.0,2.0,,,,,2.0,,,,2.0,,,,,,,,,2.0,,,,2.0,2.0,0.0,2.0,2.0,2.0,2.0,2.0,2.0,2.0,2.0,,,,,,,,,,,,,,,2.0,,,,,,,,,,,,,,,,,,,,,,,,,,,,,,,,,,,1.0,0.0,2.0,2.0,2.0,2.0,2.0,2.0,,,,,,,,,,,,,,,,,,,,,,,,,,,,,,,,,,,,,,,,,,,,,,,,,,,,,,,2.0,,,,,,2.0,,,148.0,66.0,3.83,1.71,33.78,156.0,151.0,2.0
21125.0,3.0,2.0,1.0,1.0,36.0,437.0,438.0,1.0,3.0,2.0,2.0,2.0,2.0,,2.0,1.0,,1.0,5.0,3.0,3.0,0.59,,2.0,37.0,2.0,2.0,1.0,2.0,2.0,2.0,2.0,2.0,2.0,2.0,2.0,2.0,2.0,2.0,29497.650102,31274.382547,2.0,42.0,1.0,649.0,,,2.0,2.0,2.0,2.0,1.0,3.0,62.0,,1.0,1.0,150.0,112.0,68.0,2.0,114.0,70.0,2.0,116.0,66.0,2.0,,,,115.0,68.0,2.0,,,,,2.0,,,,2.0,,,,,,,,,2.0,,,,2.0,2.0,0.0,2.0,2.0,2.0,2.0,2.0,2.0,2.0,2.0,,,,,,,,,,,,,,,2.0,,,,,,,,,,,,,,,,,,,,,,,,,,,,,,,,,,,1.0,0.0,2.0,2.0,2.0,2.0,2.0,2.0,,,,,,,,,,,,,,,,,,,,,,,,,,,,,,,,,,,,,,,,,,,,,,,,,,,,,,,2.0,,,,,,2.0,,,141.0,59.0,3.65,1.53,96.2,136.0,115.0,3.0
21130.0,3.0,2.0,2.0,2.0,20.0,248.0,249.0,4.0,2.0,2.0,1.0,1.0,,,4.0,3.0,,5.0,4.0,11.0,11.0,3.98,2.0,2.0,45.0,,,1.0,,1.0,2.0,2.0,1.0,2.0,2.0,1.0,2.0,2.0,1.0,27010.103309,29163.288515,2.0,41.0,1.0,741.0,,,2.0,2.0,2.0,2.0,1.0,5.0,76.0,,1.0,1.0,130.0,108.0,70.0,2.0,112.0,62.0,2.0,106.0,58.0,2.0,,,,109.0,60.0,2.0,,,,,2.0,,,,2.0,,,,,,,,,2.0,,,,2.0,2.0,0.0,2.0,2.0,2.0,2.0,1.0,2.0,9.0,2.0,,,,,,,,,,,,,,,2.0,,,,,,,,,,,,,,,,,,,,,,,,,,,,,,,,,,,1.0,4.0,1.0,2.0,1.0,2.0,1.0,2.0,,,,,5.0,,,,,,,,,,,,,,1.0,,,,,,,,,,,,,,,,,,,2.0,,,5.0,,,,,,,,,,,,,,2.0,,,,,,2.0,,,191.0,53.0,4.94,1.37,27.4,158.0,,1.0
21142.0,3.0,2.0,2.0,2.0,31.0,373.0,374.0,3.0,1.0,2.0,1.0,1.0,,,2.0,1.0,,1.0,4.0,11.0,11.0,5.0,2.0,1.0,32.0,1.0,5.0,1.0,2.0,1.0,2.0,2.0,1.0,2.0,2.0,1.0,2.0,2.0,1.0,82275.985846,85621.334312,1.0,29.0,1.0,712.0,,,2.0,2.0,2.0,2.0,1.0,5.0,76.0,,1.0,1.0,130.0,120.0,72.0,2.0,106.0,72.0,2.0,112.0,72.0,2.0,,,,109.0,72.0,2.0,,,,,2.0,,,,2.0,,,,,,,,,2.0,,,,2.0,2.0,0.0,2.0,2.0,2.0,2.0,2.0,2.0,2.0,1.0,,,1.0,,,,,,,,,,30.0,,2.0,,,,,,,,,,,,,,,,,,,,,,,,,,,,,,,,,,,1.0,2.0,2.0,2.0,2.0,2.0,2.0,2.0,,,,,,,,,,,,,,,,,,,,,,,,,,,,,,,,,,,,,,,,,,,,,,,,,,,,,,,2.0,,,,,,2.0,,,163.0,72.0,4.22,1.86,28.42,126.0,121.0,1.0
21171.0,3.0,2.0,2.0,2.0,20.0,243.0,244.0,4.0,2.0,2.0,1.0,1.0,,,4.0,3.0,,5.0,1.0,1.0,1.0,0.1,2.0,2.0,20.0,1.0,4.0,5.0,,1.0,2.0,2.0,1.0,2.0,2.0,1.0,2.0,2.0,1.0,32656.406523,32357.726891,2.0,31.0,1.0,607.0,,,1.0,2.0,2.0,2.0,1.0,3.0,84.0,,1.0,1.0,120.0,88.0,50.0,2.0,86.0,56.0,2.0,88.0,52.0,2.0,,,,87.0,54.0,2.0,,,,,2.0,,,,2.0,,,,,,,,,2.0,,,,2.0,2.0,0.0,2.0,2.0,2.0,2.0,2.0,2.0,2.0,2.0,,,,,,,,,,,,,,,2.0,,,,,,,,,,,,,,,,,,,,,,,,,,,,,,,,,,,1.0,0.0,2.0,2.0,2.0,2.0,2.0,2.0,,,,,,,,,,,,,,,,,,,,,,,,,,,,,,,,,,,,,,,,,,,,,,,,,,,,,,,2.0,,,,,,2.0,,,171.0,58.0,4.42,1.5,35.7,166.0,163.0,2.0
21193.0,3.0,2.0,2.0,1.0,40.0,481.0,482.0,4.0,2.0,2.0,1.0,1.0,,,3.0,2.0,,1.0,5.0,11.0,11.0,4.18,,1.0,40.0,1.0,3.0,1.0,4.0,1.0,2.0,2.0,1.0,2.0,2.0,1.0,2.0,2.0,1.0,20714.12723,21676.060068,1.0,42.0,1.0,583.0,,,1.0,2.0,2.0,2.0,1.0,5.0,86.0,,1.0,1.0,170.0,138.0,96.0,2.0,136.0,90.0,2.0,124.0,86.0,2.0,,,,130.0,88.0,2.0,,,,,2.0,,,,2.0,,,,,,,,,2.0,,,,2.0,2.0,0.0,2.0,2.0,2.0,2.0,2.0,2.0,2.0,2.0,,,,,,,,,,,,,,,2.0,,,,,,,,,,,,,,,,,,,,,,,,,,,,,,,,,,,1.0,0.0,1.0,2.0,2.0,2.0,9.0,9.0,,,3.0,,,,,,,,,,,,,,,,,,,,,,,,,,,,,,,,,,,,,,,,,,,,,,,,,,,,2.0,,,,,,2.0,,,152.0,41.0,3.93,1.06,43.1,129.0,112.0,3.0
21194.0,3.0,2.0,1.0,2.0,29.0,353.0,354.0,4.0,2.0,2.0,1.0,1.0,,,3.0,2.0,,3.0,3.0,6.0,6.0,1.66,2.0,2.0,29.0,1.0,3.0,3.0,,1.0,2.0,2.0,1.0,2.0,2.0,,,,,37318.672675,38896.706511,2.0,36.0,1.0,664.0,,,1.0,2.0,2.0,2.0,1.0,5.0,90.0,,1.0,1.0,130.0,100.0,66.0,2.0,102.0,60.0,2.0,102.0,68.0,2.0,,,,102.0,64.0,2.0,,,,,2.0,,,,2.0,,,,,,,,,2.0,,,,2.0,2.0,0.0,2.0,2.0,2.0,2.0,1.0,2.0,2.0,2.0,,,,,,,,,,,,,,,2.0,,,,,,,,,,,,,,,,,,,,,,,,,,,,,,,,,,,1.0,2.0,1.0,2.0,2.0,1.0,2.0,2.0,,,,4.0,,,,,9.0,,,,,,,,,,,,,,,,,,,,,3.0,,,,,,,,,,,,,,,,,,,,,,,,,2.0,,,,,,2.0,,,137.0,51.0,3.54,1.32,27.15,167.0,158.0,1.0
21211.0,3.0,2.0,2.0,2.0,23.0,277.0,278.0,4.0,2.0,2.0,1.0,1.0,,,3.0,2.0,,5.0,3.0,13.0,13.0,,2.0,2.0,42.0,1.0,3.0,5.0,,1.0,2.0,2.0,1.0,2.0,2.0,1.0,2.0,2.0,1.0,24114.386001,25134.071706,1.0,42.0,1.0,598.0,,,2.0,2.0,2.0,2.0,1.0,4.0,98.0,,1.0,1.0,160.0,124.0,82.0,2.0,,,2.0,128.0,82.0,2.0,124.0,80.0,2.0,126.0,81.0,2.0,,,,,2.0,,,,2.0,,,,,,,,,2.0,,,,2.0,2.0,0.0,2.0,2.0,2.0,2.0,2.0,2.0,2.0,2.0,,,,,,,,,,,,,,,2.0,,,,,,,,,,,,,,,,,,,,,,,,,,,,,,,,,,,1.0,6.0,2.0,2.0,2.0,2.0,2.0,2.0,,,,,,,,,,,,,,,,,,,,,,,,,,,,,,,,,,,,,,,,,,,,,,,,,,,,,,,2.0,,,,,,2.0,,,153.0,57.0,3.96,1.47,26.3,150.0,134.0,1.0
21215.0,3.0,2.0,1.0,1.0,23.0,280.0,281.0,3.0,1.0,2.0,1.0,1.0,,,5.0,3.0,,5.0,3.0,11.0,11.0,5.0,,1.0,59.0,1.0,5.0,1.0,5.0,1.0,2.0,2.0,1.0,2.0,2.0,1.0,2.0,2.0,1.0,89285.09351,92730.105936,2.0,36.0,1.0,634.0,,,2.0,2.0,2.0,2.0,1.0,4.0,72.0,,1.0,1.0,150.0,130.0,88.0,2.0,132.0,76.0,2.0,126.0,80.0,2.0,,,,129.0,78.0,2.0,,,,,2.0,,,,2.0,,,,,,,,,2.0,,,,2.0,2.0,0.0,2.0,2.0,2.0,2.0,2.0,2.0,2.0,2.0,,,,,,,,,,,,,,,2.0,,,,,,,,,,,,,,,,,,,,,,,,,,,,,,,,,,,1.0,0.0,1.0,2.0,2.0,2.0,2.0,2.0,,,,,5.0,,,,9.0,,,,,,,,,,,,,,,,,,,,,,,,,,,,,,,,,,,,,,,,,,,,,,2.0,,,,,,2.0,,,224.0,50.0,5.79,1.29,36.19,147.0,138.0,1.0
21219.0,3.0,2.0,2.0,1.0,21.0,263.0,263.0,3.0,1.0,2.0,1.0,1.0,,,4.0,3.0,,5.0,3.0,12.0,6.0,3.12,,1.0,21.0,1.0,4.0,5.0,,1.0,2.0,2.0,1.0,2.0,2.0,1.0,2.0,2.0,1.0,64789.306859,67289.163872,2.0,30.0,1.0,698.0,,,2.0,2.0,2.0,2.0,1.0,4.0,80.0,,1.0,1.0,140.0,112.0,68.0,2.0,110.0,72.0,2.0,112.0,74.0,2.0,,,,111.0,73.0,2.0,,,,,2.0,,,,2.0,,,,,,,,,2.0,,,,2.0,2.0,0.0,2.0,2.0,2.0,2.0,2.0,2.0,2.0,2.0,,,,,,,,,,,,,,,2.0,,,,,,,,,,,,,,,,,,,,,,,,,,,,,,,,,,,1.0,1.0,1.0,2.0,2.0,2.0,2.0,2.0,,,,4.0,,,,,,,,,,,,,,,,,,,,,,,,,,,,,,,,,,,,,,,,,,,,,,,,,,,2.0,,,,,,2.0,,,208.0,43.0,5.38,1.11,44.39,146.0,143.0,3.0
21220.0,3.0,2.0,1.0,2.0,44.0,539.0,540.0,2.0,5.0,2.0,3.0,1.0,6.0,,4.0,3.0,,3.0,1.0,7.0,7.0,4.68,2.0,2.0,44.0,3.0,4.0,3.0,,1.0,2.0,2.0,1.0,2.0,2.0,1.0,2.0,2.0,1.0,97043.563351,104245.38986,1.0,35.0,1.0,907.0,,,2.0,2.0,2.0,2.0,1.0,3.0,68.0,,1.0,1.0,130.0,102.0,60.0,2.0,,,2.0,100.0,70.0,2.0,104.0,68.0,2.0,102.0,69.0,1.0,1.0,2.0,,,2.0,,,,2.0,,,,,,,,,2.0,,,,2.0,2.0,0.0,2.0,2.0,2.0,2.0,2.0,2.0,2.0,2.0,,,,,,,,,,,,,,,2.0,,,,,,,,,,,,,,,,,,,,,,,,,,,,,,,,,,,1.0,0.0,1.0,2.0,1.0,2.0,2.0,2.0,,,3.0,,,,,,,,,,,,,,,,,,3.0,,,,,,9.0,,,,,,,,,,,,,,,,,,,,,,,,,,,,2.0,,,,,,2.0,,,214.0,77.0,5.53,1.99,28.0,139.0,130.0,2.0
21221.0,3.0,2.0,1.0,1.0,23.0,276.0,276.0,1.0,3.0,1.0,1.0,1.0,,,3.0,2.0,,5.0,4.0,7.0,7.0,2.29,,1.0,47.0,1.0,2.0,3.0,,1.0,2.0,2.0,1.0,2.0,2.0,1.0,2.0,2.0,1.0,31324.793653,31235.972493,1.0,40.0,1.0,926.0,,,2.0,2.0,2.0,2.0,1.0,5.0,82.0,,1.0,1.0,140.0,114.0,82.0,2.0,116.0,84.0,2.0,112.0,86.0,2.0,,,,114.0,85.0,1.0,6.0,2.0,,,2.0,,,,2.0,,,,,,,,,2.0,,,,2.0,2.0,0.0,2.0,2.0,2.0,2.0,2.0,2.0,2.0,2.0,,,,,,,,,,,,,,,2.0,,,,,,,,,,,,,,,,,,,,,,,,,,,,,,,,,,,1.0,0.0,1.0,2.0,2.0,2.0,2.0,2.0,,,,,5.0,6.0,,,,,,,,,,,,,,,,,,,,,,,,,,,,,,,,,,,,,,,,,,,,,,,,,2.0,,,,,,2.0,,,210.0,49.0,5.43,1.27,49.82,145.0,134.0,3.0
21233.0,3.0,2.0,2.0,2.0,49.0,589.0,590.0,4.0,2.0,2.0,3.0,1.0,6.0,,2.0,1.0,,1.0,6.0,11.0,11.0,5.0,2.0,1.0,81.0,3.0,9.0,2.0,,1.0,2.0,2.0,1.0,2.0,2.0,1.0,2.0,2.0,1.0,25588.083104,27673.595926,2.0,41.0,1.0,639.0,,,1.0,2.0,2.0,2.0,1.0,5.0,76.0,,1.0,1.0,150.0,128.0,76.0,2.0,124.0,76.0,2.0,120.0,72.0,2.0,,,,122.0,74.0,2.0,,,,,2.0,,,,2.0,,,,,,,,,1.0,,,,2.0,2.0,0.0,2.0,2.0,2.0,2.0,1.0,2.0,2.0,1.0,,,1.0,,,,,,,,,,40.0,,2.0,,,,,,,,,,,,,,,,,,,,,,,,,,,,,,,,,,,1.0,2.0,2.0,2.0,2.0,2.0,2.0,2.0,,,,,,,,,,,,,,,,,,,,,,,,,,,,,,,,,,,,,,,,,,,,,,,,,,,,,,,2.0,,,,,,2.0,,,183.0,59.0,4.73,1.53,36.07,125.0,107.0,3.0
21256.0,3.0,2.0,2.0,1.0,27.0,328.0,329.0,1.0,3.0,2.0,2.0,2.0,3.0,,1.0,1.0,,5.0,6.0,9.0,9.0,2.38,,1.0,33.0,2.0,2.0,1.0,2.0,2.0,2.0,2.0,1.0,2.0,2.0,2.0,2.0,2.0,2.0,33741.19615,33645.523304,2.0,37.0,1.0,745.0,,,2.0,2.0,2.0,2.0,1.0,4.0,62.0,,1.0,1.0,140.0,,,2.0,,,2.0,100.0,66.0,2.0,104.0,66.0,2.0,104.0,66.0,2.0,,,,,2.0,,,,2.0,,,,,,,,,2.0,,,,2.0,2.0,0.0,2.0,2.0,2.0,2.0,2.0,2.0,2.0,2.0,,,,,,,,,,,,,,,2.0,,,,,,,,,,,,,,,,,,,,,,,,,,,,,,,,,,,1.0,0.0,1.0,2.0,2.0,2.0,2.0,2.0,1.0,,,,,,,,,,,,,,,,,,,,,,,,,,,,,,,,,,,,,,,,,,,,,,,,,,,,,,2.0,,,,,,2.0,,,176.0,55.0,4.55,1.42,36.59,168.0,152.0,1.0
21258.0,3.0,2.0,2.0,1.0,26.0,312.0,313.0,2.0,5.0,2.0,1.0,1.0,,,2.0,1.0,,5.0,3.0,,12.0,,,1.0,69.0,3.0,2.0,1.0,1.0,1.0,2.0,2.0,2.0,2.0,2.0,1.0,2.0,2.0,1.0,37600.051542,37074.598788,2.0,41.0,1.0,651.0,,,1.0,2.0,2.0,2.0,1.0,4.0,82.0,,1.0,1.0,170.0,126.0,82.0,2.0,134.0,90.0,2.0,130.0,92.0,2.0,,,,132.0,91.0,2.0,,,,,2.0,,,,2.0,,,,,,,,,2.0,,,,2.0,2.0,0.0,2.0,2.0,2.0,2.0,2.0,2.0,2.0,2.0,,,,,,,,,,,,,,,2.0,,,,,,,,,,,,,,,,,,,,,,,,,,,,,,,,,,,2.0,,2.0,2.0,1.0,2.0,2.0,2.0,,,,,,,,,,,,,,,,,,,,,3.0,,,,,,,,,,,,,,,,,,,,,,,,,,,,,,,,,,2.0,,,,,,2.0,,,284.0,66.0,7.34,1.71,34.05,156.0,146.0,1.0
21271.0,3.0,2.0,2.0,1.0,45.0,549.0,550.0,4.0,2.0,2.0,1.0,1.0,,,4.0,3.0,,4.0,3.0,8.0,8.0,2.87,,2.0,75.0,1.0,4.0,3.0,,1.0,2.0,2.0,1.0,2.0,2.0,1.0,2.0,2.0,1.0,24958.503516,26117.53879,2.0,33.0,1.0,666.0,,,2.0,2.0,2.0,2.0,1.0,4.0,90.0,,1.0,1.0,140.0,120.0,90.0,2.0,120.0,86.0,2.0,114.0,92.0,2.0,,,,117.0,89.0,2.0,,,,,2.0,,,,2.0,,,,,,,,,2.0,,,,2.0,2.0,0.0,2.0,2.0,2.0,2.0,1.0,2.0,2.0,2.0,,,,,,,,,,,,,,,2.0,,,,,,,,,,,,,,,,,,,,,,,,,,,,,,,,,,,1.0,2.0,1.0,2.0,2.0,2.0,2.0,2.0,1.0,,,,,,7.0,8.0,9.0,,,,,,,,,,,,,,,,,,,,,,,,,,,,,,,,,,,,,,,,,,,,,,2.0,,,,,,2.0,,,426.0,44.0,11.02,1.14,25.9,157.0,,1.0
21274.0,3.0,2.0,2.0,2.0,26.0,318.0,318.0,4.0,2.0,2.0,1.0,1.0,,,5.0,3.0,,5.0,2.0,9.0,6.0,3.33,2.0,2.0,26.0,1.0,5.0,5.0,,1.0,2.0,2.0,1.0,2.0,2.0,1.0,2.0,2.0,1.0,31640.596928,32561.767755,2.0,37.0,1.0,619.0,,,2.0,2.0,2.0,2.0,1.0,3.0,66.0,,1.0,1.0,140.0,110.0,74.0,2.0,108.0,74.0,2.0,,,2.0,108.0,80.0,2.0,108.0,77.0,2.0,,,,,2.0,,,,2.0,,,,,,,,,2.0,,,,2.0,2.0,0.0,2.0,2.0,2.0,2.0,2.0,2.0,2.0,2.0,,,,,,,,,,,,,,,2.0,,,,,,,,,,,,,,,,,,,,,,,,,,,,,,,,,,,1.0,0.0,1.0,2.0,1.0,2.0,1.0,2.0,1.0,,,,,,,,,,,,,,,,,,,,,,,,7.0,,,,,,,,,,,,1.0,,,,,,,,9.0,,,,,,,,,,2.0,,,,,,2.0,,,200.0,93.0,5.17,2.4,43.77,143.0,135.0,3.0
21285.0,3.0,2.0,2.0,2.0,22.0,269.0,269.0,3.0,1.0,2.0,1.0,1.0,,,4.0,3.0,,6.0,2.0,11.0,5.0,2.15,2.0,2.0,22.0,1.0,4.0,6.0,,1.0,2.0,2.0,1.0,2.0,2.0,1.0,2.0,2.0,1.0,59465.53132,63757.461774,2.0,29.0,1.0,535.0,,,1.0,2.0,2.0,2.0,1.0,3.0,68.0,,1.0,1.0,140.0,106.0,54.0,2.0,108.0,60.0,2.0,110.0,66.0,2.0,,,,109.0,63.0,2.0,,,,,2.0,,,,2.0,,,,,,,,,2.0,,,,2.0,2.0,0.0,2.0,2.0,2.0,2.0,2.0,2.0,2.0,2.0,,,,,,,,,,,,,,,2.0,,,,,,,,,,,,,,,,,,,,,,,,,,,,,,,,,,,1.0,0.0,1.0,1.0,2.0,2.0,1.0,2.0,,,3.0,,,,,,,,,,,,6.0,,,,,,,,,,,,,,,,,,,,,,,,3.0,4.0,,,,,,,,,,,,,,,2.0,,,,,,2.0,,,125.0,49.0,3.23,1.27,38.6,153.0,139.0,3.0
21286.0,3.0,2.0,1.0,1.0,41.0,493.0,494.0,1.0,3.0,2.0,2.0,2.0,2.0,,1.0,1.0,,1.0,7.0,6.0,3.0,0.35,,2.0,21.0,2.0,1.0,6.0,,2.0,2.0,2.0,2.0,2.0,2.0,2.0,2.0,2.0,2.0,15082.929674,16272.548128,2.0,40.0,1.0,784.0,,,1.0,2.0,2.0,2.0,1.0,4.0,76.0,,1.0,1.0,140.0,108.0,70.0,2.0,104.0,66.0,2.0,104.0,68.0,2.0,,,,104.0,67.0,2.0,,,,,2.0,,,,2.0,,,,,,,,,2.0,,,,2.0,2.0,0.0,2.0,2.0,2.0,2.0,2.0,2.0,2.0,2.0,,,,,,,,,,,,,,,2.0,,,,,,,,,,,,,,,,,,,,,,,,,,,,,,,,,,,1.0,0.0,2.0,2.0,2.0,2.0,2.0,2.0,,,,,,,,,,,,,,,,,,,,,,,,,,,,,,,,,,,,,,,,,,,,,,,,,,,,,,,2.0,,,,,,2.0,,,213.0,44.0,5.51,1.14,44.61,130.0,119.0,3.0
21287.0,3.0,2.0,2.0,1.0,37.0,455.0,456.0,3.0,1.0,2.0,1.0,1.0,,,3.0,2.0,,1.0,4.0,9.0,9.0,2.92,,1.0,37.0,1.0,3.0,1.0,4.0,1.0,2.0,2.0,1.0,2.0,2.0,1.0,2.0,2.0,1.0,87042.180001,94044.502055,2.0,37.0,1.0,698.0,,,1.0,2.0,2.0,1.0,1.0,4.0,92.0,,1.0,1.0,150.0,132.0,86.0,2.0,126.0,78.0,2.0,126.0,78.0,2.0,,,,126.0,78.0,2.0,,,,,2.0,,,,2.0,,,,,,,,,2.0,,,,2.0,2.0,0.0,2.0,2.0,2.0,2.0,1.0,2.0,2.0,2.0,,,,,,,,,,,,,,,2.0,,,,,,,,,,,,,,,,,,,,,,,,,,,,,,,,,,,1.0,0.0,2.0,2.0,2.0,2.0,2.0,2.0,,,,,,,,,,,,,,,,,,,,,,,,,,,,,,,,,,,,,,,,,,,,,,,,,,,,,,,2.0,,,,,,2.0,,,336.0,29.0,8.69,0.75,31.34,149.0,,1.0
21313.0,3.0,2.0,2.0,2.0,22.0,271.0,271.0,3.0,1.0,2.0,1.0,1.0,,,3.0,2.0,,5.0,2.0,3.0,3.0,0.96,2.0,2.0,22.0,1.0,3.0,5.0,,1.0,2.0,2.0,1.0,2.0,2.0,1.0,2.0,2.0,1.0,7304.89526,7310.233757,2.0,31.0,1.0,750.0,,,2.0,2.0,2.0,2.0,1.0,4.0,70.0,,1.0,1.0,130.0,108.0,66.0,2.0,114.0,72.0,2.0,108.0,64.0,2.0,,,,111.0,68.0,2.0,,,,,2.0,,,,2.0,,,,,,,,,2.0,,,,2.0,2.0,0.0,2.0,2.0,2.0,2.0,2.0,2.0,2.0,2.0,,,,,,,,,,,,,,,2.0,,,,,,,,,,,,,,,,,,,,,,,,,,,,,,,,,,,1.0,4.0,1.0,2.0,2.0,2.0,1.0,2.0,,,3.0,,,,,,,,,,,,,,,,,,,,,,,,,,,,,,,,,,,,3.0,,,,,,,,,,,,,,,,2.0,,,,,,2.0,,,145.0,42.0,3.75,1.09,38.66,124.0,113.0,3.0
21316.0,3.0,2.0,2.0,2.0,22.0,272.0,274.0,4.0,2.0,2.0,1.0,1.0,,,4.0,3.0,,5.0,6.0,9.0,9.0,2.42,2.0,2.0,49.0,1.0,4.0,4.0,,1.0,2.0,2.0,1.0,2.0,2.0,1.0,2.0,2.0,1.0,31640.596928,32978.531238,2.0,37.0,1.0,636.0,,,2.0,2.0,2.0,2.0,1.0,4.0,68.0,,1.0,1.0,150.0,120.0,54.0,2.0,124.0,50.0,2.0,118.0,58.0,2.0,,,,121.0,54.0,2.0,,,,,2.0,,,,2.0,,,,,,,,,2.0,,,,1.0,2.0,0.0,2.0,2.0,2.0,2.0,2.0,2.0,2.0,2.0,,,,13.0,,,,,,,,,,1.0,2.0,,,,,,,,,,,,,,,,,,,,,,,,,,,,,,,,,,,1.0,3.0,1.0,2.0,2.0,2.0,2.0,2.0,,,,4.0,,,,,9.0,,,,,,,,,,,,,,,,,,,,,,,,,,,,,,,,,,,,,,,,,,,,,,2.0,,,,,,2.0,,,151.0,55.0,3.9,1.42,33.03,140.0,127.0,2.0
21321.0,3.0,2.0,1.0,2.0,32.0,384.0,385.0,4.0,2.0,2.0,1.0,1.0,,,2.0,1.0,,5.0,4.0,3.0,3.0,0.64,2.0,2.0,32.0,1.0,2.0,5.0,,1.0,2.0,2.0,1.0,2.0,2.0,1.0,2.0,2.0,1.0,44951.882117,48175.849529,2.0,36.0,1.0,643.0,,,2.0,2.0,2.0,2.0,1.0,5.0,80.0,,1.0,1.0,140.0,122.0,60.0,2.0,116.0,56.0,2.0,112.0,58.0,2.0,,,,114.0,57.0,2.0,,,,,2.0,,,,2.0,,,,,,,,,2.0,,,,2.0,2.0,0.0,2.0,2.0,2.0,2.0,2.0,2.0,2.0,2.0,,,,,,,,,,,,,,,2.0,,,,,,,,,,,,,,,,,,,,,,,,,,,,,,,,,,,2.0,,2.0,1.0,2.0,2.0,2.0,2.0,,,,,,,,,,,2.0,,,,,,,,,,,,,,,,,,,,,,,,,,,,,,,,,,,,,,,,,,,,2.0,,,,,,2.0,,,147.0,48.0,3.8,1.24,21.28,160.0,155.0,1.0
21323.0,3.0,2.0,2.0,2.0,28.0,339.0,340.0,5.0,4.0,2.0,1.0,1.0,,,3.0,2.0,,5.0,1.0,1.0,1.0,0.45,2.0,2.0,28.0,1.0,3.0,5.0,,1.0,2.0,2.0,1.0,2.0,2.0,1.0,2.0,2.0,1.0,53947.940569,57841.638379,1.0,33.0,1.0,668.0,,,2.0,2.0,2.0,2.0,1.0,5.0,90.0,,1.0,1.0,120.0,100.0,74.0,2.0,100.0,70.0,2.0,100.0,60.0,2.0,,,,100.0,65.0,2.0,,,,,2.0,,,,2.0,,,,,,,,,2.0,,,,2.0,2.0,0.0,2.0,2.0,2.0,2.0,1.0,2.0,2.0,2.0,,,,,,,,,,,,,,,2.0,,,,,,,,,,,,,,,,,,,,,,,,,,,,,,,,,,,2.0,,2.0,2.0,2.0,2.0,2.0,2.0,,,,,,,,,,,,,,,,,,,,,,,,,,,,,,,,,,,,,,,,,,,,,,,,,,,,,,,2.0,,,,,,2.0,,,245.0,37.0,6.34,0.96,27.78,153.0,149.0,1.0
21325.0,3.0,2.0,2.0,1.0,32.0,387.0,388.0,3.0,1.0,2.0,1.0,1.0,,,5.0,3.0,,1.0,4.0,11.0,11.0,5.0,,2.0,32.0,1.0,4.0,1.0,5.0,1.0,2.0,2.0,1.0,2.0,2.0,1.0,2.0,2.0,1.0,67428.22769,72852.657154,2.0,29.0,1.0,623.0,,,2.0,2.0,2.0,2.0,1.0,4.0,74.0,,1.0,1.0,150.0,134.0,84.0,2.0,128.0,86.0,2.0,124.0,82.0,2.0,,,,126.0,84.0,2.0,,,,,2.0,,,,2.0,,,,,,,,,2.0,,,,2.0,2.0,0.0,2.0,2.0,2.0,2.0,2.0,1.0,2.0,2.0,2.0,,,,,,,,,,2.0,,,,2.0,,,,,,,,,,,,,,,,,,,,,,,,,,,,,,,,,,,1.0,0.0,2.0,2.0,2.0,2.0,1.0,1.0,,,,,,,,,,,,,,,,,,,,,,,,,,,,,,,,,,,,,,,,,,,,,9.0,,,,,,,,,9.0,2.0,,,,,,2.0,,,263.0,64.0,6.8,1.66,63.34,129.0,119.0,3.0
21332.0,3.0,2.0,2.0,1.0,41.0,501.0,502.0,3.0,1.0,2.0,1.0,1.0,,,5.0,3.0,,1.0,4.0,11.0,11.0,5.0,,2.0,37.0,1.0,5.0,1.0,5.0,1.0,2.0,2.0,1.0,2.0,2.0,1.0,2.0,2.0,1.0,98374.146497,101529.11369,1.0,29.0,1.0,725.0,,,2.0,2.0,2.0,2.0,1.0,4.0,70.0,,1.0,1.0,140.0,100.0,68.0,2.0,104.0,74.0,2.0,102.0,74.0,2.0,,,,103.0,74.0,2.0,,,,,2.0,,,,2.0,,,,,,,,,2.0,,,,2.0,2.0,0.0,2.0,2.0,2.0,2.0,2.0,2.0,2.0,2.0,,,,,,,,,,,,,,,2.0,,,,,,,,,,,,,,,,,,,,,,,,,,,,,,,,,,,1.0,1.0,2.0,2.0,1.0,2.0,1.0,2.0,,,,,,,,,,,,,,,,,,,,,,,,,,,9.0,,,,,,,,,,1.0,2.0,3.0,,,,,,9.0,,,,,,,,,,2.0,,,,,,2.0,,,229.0,45.0,5.92,1.16,41.87,136.0,121.0,3.0
21346.0,3.0,2.0,1.0,1.0,42.0,504.0,505.0,1.0,3.0,2.0,2.0,1.0,6.0,,4.0,3.0,,1.0,4.0,6.0,6.0,1.33,,1.0,42.0,2.0,4.0,1.0,2.0,1.0,2.0,2.0,1.0,2.0,2.0,2.0,2.0,2.0,2.0,16910.374274,17164.46652,2.0,42.0,1.0,561.0,,,2.0,2.0,2.0,2.0,1.0,4.0,62.0,,1.0,1.0,130.0,114.0,74.0,2.0,114.0,66.0,2.0,110.0,70.0,2.0,,,,112.0,68.0,2.0,,,,,2.0,,,,2.0,,,,,,,,,2.0,,,,2.0,2.0,0.0,2.0,2.0,2.0,2.0,1.0,2.0,2.0,2.0,,,,,,,,,,,,,,,2.0,,,,,,,,,,,,,,,,,,,,,,,,,,,,,,,,,,,1.0,0.0,2.0,2.0,2.0,2.0,1.0,2.0,,,,,,,,,,,,,,,,,,,,,,,,,,,,,,,,,,,,,1.0,2.0,,,,,,8.0,9.0,,,,,,,,,,2.0,,,,,,2.0,,,207.0,37.0,5.35,0.96,36.97,138.0,112.0,2.0
21352.0,3.0,2.0,1.0,1.0,44.0,528.0,529.0,1.0,3.0,2.0,2.0,2.0,2.0,,3.0,2.0,,1.0,7.0,8.0,4.0,0.96,,2.0,42.0,2.0,1.0,1.0,3.0,2.0,2.0,2.0,1.0,2.0,2.0,2.0,2.0,2.0,2.0,15082.929674,15309.563067,2.0,40.0,1.0,720.0,,,2.0,2.0,2.0,2.0,1.0,4.0,64.0,,1.0,1.0,150.0,110.0,62.0,2.0,106.0,60.0,2.0,106.0,68.0,2.0,,,,106.0,64.0,2.0,,,,,2.0,,,,2.0,,,,,,,,,2.0,,,,2.0,2.0,0.0,2.0,2.0,2.0,2.0,2.0,2.0,2.0,2.0,,,,,,,,,,,,,,,2.0,,,,,,,,,,,,,,,,,,,,,,,,,,,,,,,,,,,1.0,1.0,2.0,2.0,1.0,1.0,2.0,2.0,,,,,,,,,,,,,,,,,,,,,,,,,,,9.0,1.0,,,,,,,,,,,,,,,,,,,,,,,,,,,2.0,,,,,,2.0,,,235.0,43.0,6.08,1.11,34.28,149.0,130.0,2.0
21399.0,3.0,2.0,1.0,2.0,42.0,512.0,513.0,4.0,2.0,2.0,1.0,1.0,,,4.0,3.0,,1.0,2.0,11.0,11.0,5.0,2.0,1.0,43.0,1.0,4.0,1.0,4.0,1.0,2.0,2.0,1.0,2.0,2.0,1.0,2.0,2.0,1.0,29112.518471,30009.632491,1.0,37.0,1.0,511.0,,,2.0,2.0,2.0,2.0,1.0,4.0,80.0,,1.0,1.0,140.0,110.0,80.0,2.0,102.0,74.0,2.0,108.0,76.0,2.0,,,,105.0,75.0,2.0,,,,,2.0,,,,1.0,2.0,,,,,,,,2.0,,,,2.0,2.0,0.0,2.0,2.0,2.0,2.0,2.0,2.0,2.0,2.0,,,,,,,,,,,,,,,2.0,,,,,,,,,,,,,,,,,,,,,,,,,,,,,,,,,,,1.0,1.0,2.0,1.0,2.0,2.0,1.0,2.0,,,,,,,,,,,,,,5.0,,,,,,,,,,,,,,,,,,,,,,,,2.0,,,,,,,,,,,,,,,,,1.0,1.0,,,,,2.0,,,165.0,98.0,4.27,2.53,26.78,143.0,135.0,2.0
21409.0,3.0,2.0,1.0,2.0,45.0,551.0,551.0,1.0,3.0,2.0,2.0,1.0,5.0,,2.0,1.0,,1.0,5.0,4.0,4.0,0.88,2.0,1.0,45.0,2.0,2.0,1.0,2.0,2.0,2.0,2.0,2.0,2.0,2.0,2.0,2.0,2.0,2.0,19315.956297,19489.988601,1.0,43.0,1.0,347.0,,,2.0,2.0,2.0,2.0,1.0,3.0,76.0,,1.0,1.0,120.0,98.0,76.0,2.0,,,2.0,,,2.0,,,2.0,98.0,76.0,2.0,,,,,2.0,,,,2.0,,,,,,,,,1.0,,,,2.0,2.0,0.0,2.0,2.0,2.0,2.0,2.0,2.0,2.0,2.0,,,,,,,,,,,,,,,2.0,,,,,,,,,,,,,,,,,,,,,,,,,,,,,,,,,,,1.0,0.0,1.0,2.0,1.0,2.0,2.0,2.0,1.0,2.0,,,,,,,,,,,,,,,,,,,,,,,,8.0,,,,,,,,,,,,,,,,,,,,,,,,,,,,,2.0,,,,,,2.0,,,129.0,59.0,3.34,1.53,23.3,143.0,137.0,1.0
21413.0,3.0,2.0,2.0,1.0,23.0,284.0,284.0,3.0,1.0,2.0,1.0,1.0,,,4.0,3.0,,5.0,2.0,3.0,3.0,1.29,,1.0,23.0,1.0,4.0,5.0,,1.0,2.0,2.0,1.0,2.0,2.0,1.0,2.0,2.0,1.0,52265.570145,51894.609777,2.0,32.0,1.0,697.0,,,2.0,2.0,2.0,2.0,1.0,4.0,66.0,,1.0,1.0,150.0,122.0,64.0,2.0,,,2.0,112.0,62.0,2.0,120.0,62.0,2.0,116.0,62.0,1.0,6.0,2.0,,,2.0,,,,2.0,,,,,,,,,2.0,,,,2.0,2.0,0.0,2.0,2.0,2.0,2.0,2.0,2.0,2.0,2.0,,,,,,,,,,,,,,,2.0,,,,,,,,,,,,,,,,,,,,,,,,,,,,,,,,,,,1.0,2.0,2.0,2.0,2.0,2.0,1.0,2.0,,,,,,,,,,,,,,,,,,,,,,,,,,,,,,,,,,,,,1.0,,,,,,,,,,,,,,,,,,2.0,,,,,,2.0,,,182.0,27.0,4.71,0.7,38.17,149.0,141.0,2.0
21429.0,3.0,2.0,2.0,1.0,41.0,503.0,505.0,3.0,1.0,2.0,1.0,1.0,,,4.0,3.0,,1.0,4.0,11.0,11.0,4.62,,2.0,41.0,1.0,4.0,1.0,4.0,1.0,2.0,2.0,1.0,2.0,2.0,1.0,2.0,2.0,1.0,104523.222974,109645.610418,1.0,32.0,1.0,565.0,,,2.0,2.0,2.0,2.0,1.0,4.0,72.0,,1.0,1.0,160.0,118.0,78.0,2.0,112.0,78.0,2.0,130.0,74.0,2.0,,,,121.0,76.0,2.0,,,,,2.0,,,,2.0,,,,,,,,,2.0,,,,2.0,2.0,0.0,2.0,2.0,2.0,2.0,1.0,2.0,2.0,2.0,,,,,,,,,,,,,,,2.0,,,,,,,,,,,,,,,,,,,,,,,,,,,,,,,,,,,1.0,0.0,2.0,2.0,2.0,2.0,2.0,2.0,,,,,,,,,,,,,,,,,,,,,,,,,,,,,,,,,,,,,,,,,,,,,,,,,,,,,,,1.0,,2.0,,,,2.0,,,203.0,40.0,5.25,1.03,39.4,129.0,114.0,2.0
21431.0,3.0,2.0,2.0,2.0,24.0,289.0,290.0,3.0,1.0,2.0,1.0,1.0,,,5.0,3.0,,1.0,5.0,11.0,7.0,2.55,2.0,2.0,51.0,1.0,4.0,1.0,5.0,1.0,2.0,2.0,1.0,2.0,2.0,1.0,2.0,2.0,1.0,70491.501482,73788.600301,2.0,33.0,1.0,512.0,,,2.0,2.0,2.0,2.0,1.0,4.0,76.0,,1.0,1.0,120.0,108.0,58.0,2.0,108.0,64.0,2.0,112.0,62.0,2.0,,,,110.0,63.0,1.0,22.0,1.0,2.0,,2.0,,,,2.0,,,,,,,,,1.0,,,,2.0,2.0,0.0,2.0,2.0,2.0,2.0,1.0,2.0,2.0,2.0,,,,,,,,,,,,,,,2.0,,,,,,,,,,,,,,,,,,,,,,,,,,,,,,,,,,,1.0,3.0,1.0,2.0,1.0,2.0,1.0,1.0,,,3.0,4.0,,,,,,,,,,,,,,,,,3.0,,,,,,,,,,,,,,,,,2.0,,,,,,,,,,,4.0,,,,,,2.0,,,,,,2.0,,,198.0,49.0,5.12,1.27,33.65,129.0,121.0,2.0
21432.0,3.0,2.0,1.0,1.0,30.0,363.0,363.0,4.0,2.0,2.0,1.0,1.0,,,3.0,2.0,,4.0,1.0,6.0,6.0,2.85,,1.0,30.0,1.0,3.0,4.0,,1.0,2.0,2.0,1.0,2.0,2.0,1.0,2.0,2.0,1.0,25576.565285,26594.396719,2.0,42.0,1.0,633.0,,,2.0,2.0,2.0,1.0,1.0,4.0,76.0,,1.0,1.0,140.0,124.0,82.0,2.0,120.0,74.0,2.0,116.0,72.0,2.0,,,,118.0,73.0,1.0,7.0,1.0,2.0,,2.0,,,,2.0,,,,,,,,,2.0,,,,2.0,2.0,0.0,2.0,2.0,2.0,2.0,2.0,2.0,2.0,2.0,,,,,,,,,,,,,,,9.0,,,,,,,,,,,,,,,,,,,,,,,,,,,,,,,,,,,1.0,0.0,2.0,9.0,2.0,2.0,1.0,2.0,,,,,,,,,,,,,,,,,,,,,,,,,,,,,,,,,,,,,,,,,,,7.0,,,,,,,,,,,,9.0,,,,,,2.0,,,171.0,78.0,4.42,2.02,33.65,164.0,147.0,1.0
21444.0,3.0,2.0,2.0,1.0,32.0,393.0,394.0,4.0,2.0,1.0,1.0,1.0,,,3.0,2.0,,4.0,1.0,5.0,5.0,2.23,,1.0,32.0,1.0,3.0,4.0,,1.0,2.0,2.0,1.0,2.0,2.0,1.0,2.0,2.0,1.0,25175.844535,26177.729098,1.0,30.0,1.0,670.0,,,2.0,2.0,2.0,2.0,1.0,5.0,76.0,,1.0,1.0,160.0,130.0,72.0,2.0,,,2.0,124.0,74.0,2.0,,,2.0,124.0,74.0,1.0,1.0,2.0,,,2.0,,,,2.0,,,,,,,,,2.0,,,,2.0,2.0,0.0,2.0,2.0,2.0,2.0,2.0,2.0,2.0,2.0,,,,,,,,,,,,,,,2.0,,,,,,,,,,,,,,,,,,,,,,,,,,,,,,,,,,,1.0,0.0,1.0,2.0,1.0,2.0,1.0,2.0,,,,,,,,8.0,,,,,,,,,,,,,,,,,7.0,,,,,,,,,,,,1.0,,,,,,,,,,,,,,,,,,2.0,,,,,,2.0,,,166.0,60.0,4.29,1.55,32.58,157.0,143.0,1.0
21446.0,3.0,2.0,2.0,2.0,23.0,285.0,286.0,3.0,1.0,2.0,1.0,1.0,,,5.0,3.0,,5.0,1.0,4.0,4.0,1.93,2.0,2.0,23.0,1.0,5.0,5.0,,1.0,2.0,2.0,1.0,2.0,2.0,1.0,2.0,2.0,1.0,70491.501482,75579.232396,2.0,33.0,1.0,695.0,,,1.0,2.0,2.0,2.0,1.0,3.0,82.0,,1.0,1.0,120.0,100.0,50.0,2.0,96.0,54.0,2.0,102.0,48.0,2.0,,,,99.0,51.0,2.0,,,,,2.0,,,,2.0,,,,,,,,,2.0,,,,2.0,2.0,0.0,2.0,2.0,2.0,2.0,2.0,2.0,2.0,2.0,,,,,,,,,,,,,,,2.0,,,,,,,,,,,,,,,,,,,,,,,,,,,,,,,,,,,1.0,2.0,1.0,2.0,2.0,2.0,1.0,2.0,,,3.0,,,,,,,,,,,,,,,,,,,,,,,,,,,,,,,,,,,2.0,,,,,,,,,,,,,,,,,2.0,,,,,,2.0,,,209.0,71.0,5.4,1.84,38.8,149.0,138.0,3.0
21453.0,3.0,2.0,1.0,1.0,20.0,246.0,246.0,1.0,3.0,2.0,2.0,2.0,2.0,,2.0,1.0,,5.0,4.0,9.0,4.0,1.93,,1.0,20.0,2.0,2.0,5.0,,2.0,2.0,1.0,2.0,2.0,1.0,2.0,2.0,2.0,2.0,31774.612531,31684.515914,2.0,39.0,1.0,592.0,,,2.0,2.0,2.0,2.0,1.0,3.0,64.0,,1.0,1.0,140.0,114.0,62.0,2.0,,,2.0,112.0,56.0,2.0,,,2.0,112.0,56.0,2.0,,,,,2.0,,,,2.0,,,,,,,,,2.0,,,,2.0,2.0,0.0,2.0,2.0,2.0,2.0,2.0,2.0,2.0,2.0,,,,,,,,,,,,,,,2.0,,,,,,,,,,,,,,,,,,,,,,,,,,,,,,,,,,,1.0,5.0,2.0,2.0,2.0,2.0,2.0,2.0,,,,,,,,,,,,,,,,,,,,,,,,,,,,,,,,,,,,,,,,,,,,,,,,,,,,,,,2.0,,,,,,2.0,,,191.0,64.0,4.94,1.66,55.7,144.0,134.0,3.0
21466.0,3.0,2.0,1.0,1.0,28.0,339.0,340.0,1.0,3.0,2.0,2.0,2.0,4.0,,1.0,1.0,,1.0,5.0,3.0,3.0,0.59,,2.0,29.0,2.0,2.0,1.0,1.0,2.0,2.0,2.0,1.0,2.0,2.0,2.0,2.0,2.0,1.0,29348.026612,29264.810557,2.0,42.0,1.0,790.0,,,2.0,2.0,2.0,2.0,1.0,4.0,76.0,,1.0,1.0,150.0,124.0,66.0,2.0,122.0,76.0,2.0,116.0,74.0,2.0,,,,119.0,75.0,2.0,,,,,2.0,,,,2.0,,,,,,,,,1.0,,,,2.0,2.0,0.0,2.0,2.0,2.0,2.0,2.0,2.0,2.0,2.0,,,,,,,,,,,,,,,2.0,,,,,,,,,,,,,,,,,,,,,,,,,,,,,,,,,,,1.0,0.0,1.0,2.0,2.0,2.0,2.0,2.0,,,,,5.0,,,,,,,,,,,,,,,,,,,,,,,,,,,,,,,,,,,,,,,,,,,,,,,,,,2.0,,,,,,2.0,,,187.0,37.0,4.84,0.96,40.48,155.0,149.0,2.0
21476.0,3.0,2.0,2.0,2.0,47.0,570.0,571.0,3.0,1.0,2.0,1.0,1.0,,,4.0,3.0,,1.0,3.0,10.0,10.0,4.47,2.0,1.0,48.0,1.0,3.0,1.0,4.0,1.0,2.0,2.0,1.0,2.0,2.0,1.0,2.0,2.0,1.0,123125.057476,127044.107073,2.0,34.0,1.0,714.0,,,2.0,2.0,2.0,2.0,1.0,4.0,94.0,,1.0,1.0,180.0,144.0,88.0,2.0,,,2.0,140.0,90.0,2.0,136.0,86.0,2.0,138.0,88.0,1.0,25.0,2.0,,,2.0,,,,2.0,,,,,,,,,2.0,,,,2.0,2.0,0.0,2.0,2.0,2.0,2.0,2.0,2.0,2.0,1.0,,,1.0,,,,,,,,,,34.0,,2.0,,,,,,,,,,,,,,,,,,,,,,,,,,,,,,,,,,,1.0,0.0,1.0,2.0,2.0,2.0,1.0,2.0,,,3.0,,,,,,9.0,,,,,,,,,,,,,,,,,,,,,,,,,,,,1.0,,,,,,,,,,,,,,,,,,2.0,,,,,,2.0,,,127.0,53.0,3.28,1.37,28.46,136.0,130.0,2.0
21477.0,3.0,2.0,2.0,1.0,20.0,242.0,242.0,3.0,1.0,2.0,1.0,1.0,,,3.0,2.0,,5.0,3.0,9.0,9.0,3.93,,1.0,54.0,1.0,4.0,1.0,4.0,1.0,2.0,2.0,1.0,2.0,2.0,1.0,2.0,2.0,1.0,64789.306859,67289.163872,1.0,33.0,1.0,658.0,,,1.0,2.0,2.0,2.0,1.0,3.0,66.0,,1.0,1.0,130.0,106.0,56.0,2.0,106.0,58.0,2.0,108.0,60.0,2.0,,,,107.0,59.0,2.0,,,,,2.0,,,,2.0,,,,,,,,,2.0,,,,2.0,2.0,0.0,2.0,2.0,2.0,2.0,2.0,2.0,2.0,2.0,,,,,,,,,,,,,,,2.0,,,,,,,,,,,,,,,,,,,,,,,,,,,,,,,,,,,1.0,1.0,1.0,1.0,2.0,1.0,1.0,1.0,,,,4.0,,,,,9.0,,,,,,6.0,,,,,,,,,,,,,,,,,5.0,,,,,,,,4.0,,,,,,,,,4.0,,,,,,2.0,,,,,,2.0,,,127.0,47.0,3.28,1.22,49.1,156.0,142.0,3.0
21490.0,3.0,2.0,2.0,2.0,25.0,311.0,312.0,3.0,1.0,2.0,1.0,1.0,,,5.0,3.0,,5.0,3.0,11.0,11.0,5.0,2.0,1.0,54.0,1.0,4.0,1.0,4.0,1.0,2.0,2.0,1.0,2.0,2.0,1.0,2.0,2.0,1.0,59465.53132,62246.912464,2.0,29.0,1.0,652.0,,,2.0,2.0,2.0,2.0,1.0,3.0,52.0,,1.0,1.0,140.0,114.0,56.0,2.0,,,2.0,114.0,52.0,2.0,110.0,58.0,2.0,112.0,55.0,2.0,,,,,2.0,,,,2.0,,,,,,,,,2.0,,,,2.0,2.0,0.0,2.0,2.0,2.0,2.0,2.0,2.0,2.0,2.0,,,,,,,,,,,,,,,2.0,,,,,,,,,,,,,,,,,,,,,,,,,,,,,,,,,,,1.0,0.0,2.0,1.0,2.0,9.0,1.0,2.0,,,,,,,,,,,,,,,6.0,,,,,,,,,,,,,,,,,,,,,,1.0,2.0,,,,,,,,,,,,,,,,,2.0,,,,,,2.0,,,215.0,83.0,5.56,2.15,46.35,128.0,113.0,3.0
21506.0,3.0,2.0,2.0,1.0,39.0,476.0,477.0,3.0,1.0,2.0,1.0,1.0,,,3.0,2.0,,1.0,3.0,7.0,7.0,2.29,,1.0,39.0,1.0,3.0,1.0,4.0,1.0,2.0,2.0,1.0,2.0,2.0,1.0,2.0,2.0,1.0,84402.121847,89719.775286,2.0,30.0,1.0,848.0,,,1.0,2.0,2.0,2.0,1.0,5.0,72.0,,1.0,1.0,140.0,114.0,74.0,2.0,106.0,76.0,2.0,112.0,74.0,2.0,,,,109.0,75.0,2.0,,,,,2.0,,,,1.0,2.0,,,,,,,,2.0,,,,2.0,2.0,0.0,2.0,2.0,2.0,2.0,1.0,2.0,2.0,2.0,,,,,,,,,,,,,,,2.0,,,,,,,,,,,,,,,,,,,,,,,,,,,,,,,,,,,1.0,6.0,1.0,1.0,2.0,2.0,1.0,2.0,,2.0,,,5.0,,,,9.0,,,,4.0,,,,,,,,,,,,,,,,,,,,,,,,,,,,,,,,9.0,,,,,,,,,,2.0,,,,,,2.0,,,182.0,41.0,4.71,1.06,33.83,151.0,144.0,1.0
21509.0,3.0,2.0,2.0,2.0,42.0,510.0,511.0,3.0,1.0,2.0,1.0,1.0,,,4.0,3.0,,1.0,4.0,9.0,9.0,2.92,2.0,1.0,54.0,1.0,4.0,1.0,4.0,1.0,2.0,2.0,1.0,2.0,2.0,1.0,2.0,2.0,1.0,111730.146992,117178.325732,2.0,37.0,1.0,612.0,,,2.0,2.0,2.0,2.0,1.0,3.0,74.0,,1.0,1.0,130.0,102.0,68.0,2.0,100.0,72.0,2.0,,,2.0,100.0,72.0,2.0,100.0,72.0,2.0,,,,,2.0,,,,2.0,,,,,,,,,2.0,,,,2.0,2.0,0.0,2.0,2.0,2.0,2.0,2.0,2.0,2.0,2.0,,,,,,,,,,,,,,,2.0,,,,,,,,,,,,,,,,,,,,,,,,,,,,,,,,,,,2.0,,1.0,2.0,2.0,2.0,2.0,2.0,,2.0,,,,,,,,,,,,,,,,,,,,,,,,,,,,,,,,,,,,,,,,,,,,,,,,,,,,,2.0,,,,,,2.0,,,177.0,67.0,4.58,1.73,36.34,140.0,130.0,3.0
21514.0,3.0,2.0,1.0,2.0,41.0,498.0,499.0,4.0,2.0,2.0,1.0,1.0,,,4.0,3.0,,1.0,4.0,11.0,11.0,5.0,2.0,2.0,41.0,1.0,4.0,1.0,3.0,1.0,2.0,2.0,1.0,2.0,2.0,1.0,2.0,2.0,1.0,29112.518471,30393.73077,1.0,37.0,1.0,648.0,,,1.0,2.0,2.0,2.0,1.0,4.0,62.0,,1.0,1.0,160.0,,,2.0,126.0,70.0,2.0,128.0,70.0,2.0,130.0,64.0,2.0,129.0,67.0,2.0,,,,,2.0,,,,2.0,,,,,,,,,2.0,,,,2.0,2.0,0.0,2.0,2.0,2.0,2.0,2.0,2.0,2.0,2.0,,,,,,,,,,,,,,,2.0,,,,,,,,,,,,,,,,,,,,,,,,,,,,,,,,,,,1.0,1.0,2.0,2.0,2.0,2.0,1.0,2.0,,,,,,,,,,,,,,,,,,,,,,,,,,,,,,,,,,,,,1.0,,,,,,,,,,,,,,,,,,1.0,1.0,,,,,2.0,,,191.0,60.0,4.94,1.55,35.27,113.0,103.0,3.0
21521.0,3.0,2.0,1.0,1.0,34.0,411.0,412.0,3.0,1.0,1.0,1.0,1.0,,,3.0,2.0,,1.0,4.0,11.0,11.0,4.62,,2.0,34.0,1.0,4.0,1.0,3.0,1.0,2.0,2.0,1.0,2.0,2.0,1.0,2.0,2.0,1.0,75600.75357,81682.641961,1.0,35.0,1.0,770.0,,,2.0,2.0,2.0,2.0,1.0,4.0,68.0,,1.0,1.0,140.0,116.0,72.0,2.0,118.0,80.0,2.0,118.0,74.0,2.0,,,,118.0,77.0,2.0,,,,,2.0,,,,2.0,,,,,,,,,1.0,,,,2.0,2.0,0.0,2.0,2.0,2.0,2.0,2.0,2.0,2.0,2.0,,,,,,,,,,,,,,,2.0,,,,,,,,,,,,,,,,,,,,,,,,,,,,,,,,,,,1.0,2.0,2.0,1.0,2.0,2.0,1.0,1.0,,,,,,,,,,,,,,5.0,6.0,,,,,,,,,,,,,,,,,,,,,,,2.0,,,,,,,,,2.0,,,,,,,,2.0,,,,,,2.0,,,,,,,34.54,157.0,132.0,1.0
21522.0,3.0,2.0,1.0,2.0,47.0,572.0,573.0,3.0,1.0,2.0,1.0,1.0,,,3.0,2.0,,1.0,3.0,11.0,11.0,5.0,2.0,1.0,54.0,3.0,3.0,1.0,3.0,1.0,2.0,2.0,1.0,2.0,2.0,1.0,2.0,2.0,1.0,99450.266841,104299.6548,1.0,39.0,1.0,522.0,,,1.0,2.0,2.0,2.0,1.0,4.0,60.0,,1.0,1.0,140.0,112.0,66.0,2.0,112.0,66.0,2.0,108.0,60.0,2.0,,,,110.0,63.0,2.0,,,,,2.0,,,,2.0,,,,,,,,,2.0,,,,1.0,2.0,0.0,2.0,2.0,2.0,2.0,1.0,2.0,2.0,2.0,,,,43.0,,,,,,,,,,2.0,2.0,,,,,,,,,,,,,,,,,,,,,,,,,,,,,,,,,,,1.0,2.0,1.0,1.0,2.0,2.0,2.0,2.0,1.0,2.0,,,5.0,,,,,1.0,,,,,,,,,,,,,,,,,,,,,,,,,,,,,,,,,,,,,,,,,,,,,2.0,,,,,,2.0,,,230.0,56.0,5.95,1.45,24.66,128.0,110.0,1.0
21534.0,3.0,2.0,2.0,1.0,31.0,372.0,372.0,1.0,3.0,2.0,2.0,2.0,2.0,,4.0,3.0,,1.0,3.0,5.0,5.0,1.44,,1.0,31.0,2.0,4.0,1.0,4.0,2.0,2.0,2.0,1.0,2.0,2.0,2.0,2.0,2.0,2.0,25846.427918,27509.763729,1.0,42.0,1.0,576.0,,,2.0,2.0,2.0,2.0,1.0,5.0,64.0,,1.0,1.0,150.0,118.0,74.0,2.0,116.0,70.0,2.0,120.0,78.0,2.0,,,,118.0,74.0,2.0,,,,,2.0,,,,2.0,,,,,,,,,1.0,,,,2.0,2.0,0.0,2.0,2.0,2.0,2.0,1.0,2.0,1.0,2.0,,2.0,,,,,,,,,,14.0,,,2.0,,,,,,,,,,,,,,,,,,,,,,,,,,,,,,,,,,,1.0,0.0,1.0,2.0,2.0,2.0,1.0,2.0,,,,,,6.0,,,,,,,,,,,,,,,,,,,,,,,,,,,,,,,1.0,,,,,,,,,,,,,,,,,,1.0,,,3.0,,,2.0,,,212.0,36.0,5.48,0.93,33.03,155.0,141.0,1.0
21547.0,3.0,2.0,1.0,1.0,21.0,259.0,260.0,1.0,3.0,2.0,1.0,1.0,,,3.0,2.0,,5.0,7.0,,,,,1.0,18.0,1.0,3.0,5.0,,1.0,2.0,2.0,1.0,2.0,2.0,1.0,2.0,2.0,1.0,26176.488723,27851.973779,2.0,40.0,1.0,738.0,,,2.0,2.0,2.0,2.0,1.0,4.0,56.0,,1.0,1.0,150.0,122.0,58.0,2.0,124.0,56.0,2.0,126.0,60.0,2.0,,,,125.0,58.0,2.0,,,,,2.0,,,,2.0,,,,,,,,,2.0,,,,2.0,2.0,0.0,2.0,2.0,2.0,2.0,2.0,2.0,2.0,2.0,,,,,,,,,,,,,,,2.0,,,,,,,,,,,,,,,,,,,,,,,,,,,,,,,,,,,1.0,5.0,1.0,2.0,1.0,2.0,2.0,2.0,,2.0,,,,,,,,,,,,,,,,,,,,,,,7.0,,,,,,,,,,,,,,,,,,,,,,,,,,,,,,9.0,,,,,,2.0,,,162.0,55.0,4.19,1.42,61.15,148.0,,3.0
21553.0,3.0,2.0,1.0,1.0,36.0,442.0,443.0,1.0,3.0,2.0,1.0,1.0,,,4.0,3.0,,5.0,1.0,8.0,8.0,5.0,,1.0,36.0,1.0,4.0,5.0,,1.0,2.0,2.0,1.0,2.0,2.0,1.0,2.0,2.0,1.0,37244.11396,42041.874784,1.0,34.0,1.0,866.0,,,2.0,2.0,2.0,2.0,1.0,4.0,54.0,,1.0,1.0,140.0,120.0,68.0,2.0,110.0,76.0,2.0,110.0,72.0,2.0,,,,110.0,74.0,2.0,,,,,2.0,,,,2.0,,,,,,,,,2.0,,,,2.0,2.0,0.0,2.0,2.0,2.0,2.0,2.0,2.0,2.0,2.0,,,,,,,,,,,,,,,2.0,,,,,,,,,,,,,,,,,,,,,,,,,,,,,,,,,,,1.0,2.0,1.0,2.0,2.0,2.0,2.0,2.0,1.0,,,,,,,,,,,,,,,,,,,,,,,,,,,,,,,,,,,,,,,,,,,,,,,,,,,,,,1.0,1.0,,,,5.0,2.0,,,294.0,40.0,7.6,1.03,37.09,144.0,138.0,2.0
21568.0,3.0,2.0,1.0,2.0,43.0,526.0,527.0,3.0,1.0,2.0,1.0,1.0,,,4.0,3.0,,1.0,3.0,11.0,11.0,5.0,2.0,1.0,45.0,1.0,3.0,1.0,4.0,1.0,2.0,2.0,1.0,2.0,2.0,1.0,2.0,2.0,1.0,122704.086565,126609.736729,1.0,34.0,1.0,671.0,,,1.0,2.0,2.0,2.0,1.0,3.0,70.0,,1.0,1.0,150.0,122.0,78.0,2.0,124.0,80.0,2.0,126.0,78.0,2.0,,,,125.0,79.0,2.0,,,,,1.0,,,,2.0,,,,,,,,,2.0,,,,2.0,2.0,0.0,2.0,2.0,2.0,2.0,2.0,2.0,2.0,2.0,,,,,,,,,,,,,,,2.0,,,,,,,,,,,,,,,,,,,,,,,,,,,,,,,,,,,1.0,0.0,2.0,1.0,1.0,2.0,1.0,2.0,,,,,,,,,,,,,,,,,,9.0,1.0,,,,,,,,,,,,,,,,,,1.0,,,,,,,,,,,,,,,,,,2.0,,,,,,2.0,,,176.0,90.0,4.55,2.33,36.28,115.0,107.0,3.0
21576.0,3.0,2.0,2.0,2.0,48.0,587.0,588.0,5.0,4.0,2.0,3.0,2.0,2.0,,2.0,1.0,,1.0,3.0,4.0,3.0,1.29,2.0,2.0,48.0,3.0,2.0,1.0,,1.0,2.0,1.0,1.0,2.0,1.0,1.0,2.0,1.0,,41531.945473,44541.417978,2.0,41.0,1.0,664.0,,,2.0,2.0,2.0,2.0,1.0,3.0,68.0,,1.0,1.0,170.0,146.0,98.0,2.0,140.0,96.0,2.0,136.0,98.0,2.0,,,,138.0,97.0,2.0,,,,,2.0,,,,2.0,,,,,,,,,1.0,,,,2.0,2.0,0.0,2.0,2.0,2.0,2.0,1.0,2.0,2.0,2.0,,,,,,,,,,,,,,,2.0,,,,,,,,,,,,,,,,,,,,,,,,,,,,,,,,,,,1.0,0.0,2.0,2.0,2.0,2.0,1.0,2.0,,,,,,,,,,,,,,,,,,,,,,,,,,,,,,,,,,,,,,2.0,,,,,,,,,,,,,,,,,2.0,,,,,,2.0,,,192.0,53.0,4.97,1.37,33.37,116.0,111.0,3.0
21583.0,3.0,2.0,1.0,1.0,43.0,521.0,521.0,4.0,2.0,2.0,3.0,1.0,6.0,,5.0,3.0,,1.0,6.0,7.0,7.0,1.62,,1.0,43.0,3.0,5.0,1.0,4.0,1.0,2.0,2.0,1.0,2.0,2.0,1.0,2.0,2.0,1.0,23606.492536,24702.742458,1.0,35.0,1.0,600.0,,,2.0,2.0,2.0,2.0,1.0,4.0,80.0,,1.0,1.0,130.0,112.0,78.0,2.0,110.0,82.0,2.0,116.0,82.0,2.0,,,,113.0,82.0,2.0,,,,,2.0,,,,2.0,,,,,,,,,2.0,,,,2.0,2.0,0.0,2.0,2.0,2.0,2.0,2.0,2.0,2.0,2.0,,,,,,,,,,,,,,,2.0,,,,,,,,,,,,,,,,,,,,,,,,,,,,,,,,,,,1.0,0.0,1.0,2.0,2.0,2.0,1.0,2.0,,,3.0,,,,,,,,,,,,,,,,,,,,,,,,,,,,,,,,,,1.0,,,,,,,,,,,,,,,,,,2.0,,,,,,2.0,,,191.0,40.0,4.94,1.03,44.6,125.0,119.0,3.0
21618.0,3.0,2.0,2.0,1.0,43.0,526.0,527.0,4.0,2.0,2.0,3.0,2.0,4.0,,1.0,1.0,,1.0,7.0,2.0,2.0,0.18,,1.0,43.0,3.0,1.0,1.0,4.0,1.0,2.0,2.0,1.0,2.0,2.0,1.0,2.0,2.0,1.0,20714.12723,21676.060068,1.0,42.0,1.0,537.0,,,2.0,2.0,2.0,2.0,1.0,4.0,68.0,,1.0,1.0,150.0,108.0,64.0,2.0,106.0,72.0,2.0,104.0,68.0,2.0,,,,105.0,70.0,2.0,,,,,2.0,,,,2.0,,,,,,,,,2.0,,,,2.0,2.0,0.0,2.0,2.0,2.0,2.0,2.0,2.0,2.0,2.0,,,,,,,,,,,,,,,2.0,,,,,,,,,,,,,,,,,,,,,,,,,,,,,,,,,,,1.0,0.0,1.0,2.0,2.0,2.0,2.0,2.0,,2.0,,,5.0,,,,,,,,,,,,,,,,,,,,,,,,,,,,,,,,,,,,,,,,,,,,,,,,,,2.0,,,,,,2.0,,,210.0,49.0,5.43,1.27,37.29,153.0,139.0,2.0
21645.0,3.0,2.0,2.0,1.0,39.0,473.0,474.0,4.0,2.0,1.0,1.0,1.0,,,3.0,2.0,,1.0,5.0,11.0,11.0,4.64,,1.0,39.0,1.0,3.0,1.0,4.0,1.0,2.0,2.0,1.0,2.0,2.0,1.0,2.0,2.0,1.0,25166.897986,26503.360561,1.0,33.0,1.0,887.0,,,2.0,2.0,2.0,2.0,1.0,4.0,60.0,,1.0,1.0,130.0,108.0,62.0,2.0,112.0,62.0,2.0,106.0,72.0,2.0,,,,109.0,67.0,2.0,,,,,2.0,,,,2.0,,,,,,,,,2.0,,,,2.0,2.0,0.0,2.0,2.0,2.0,2.0,2.0,2.0,2.0,2.0,,,,,,,,,,,,,,,2.0,,,,,,,,,,,,,,,,,,,,,,,,,,,,,,,,,,,1.0,2.0,2.0,2.0,1.0,2.0,1.0,1.0,,,,,,,,,,,,,,,,,,,,,,,,,,,9.0,,,,,,,,,,,2.0,,,5.0,,,,,,2.0,,,,,,,,2.0,,,,,,2.0,,,224.0,51.0,5.79,1.32,39.03,142.0,129.0,2.0
21675.0,3.0,2.0,2.0,1.0,31.0,376.0,377.0,3.0,1.0,2.0,1.0,1.0,,,5.0,3.0,,1.0,5.0,10.0,10.0,3.25,,2.0,29.0,1.0,5.0,1.0,5.0,1.0,2.0,2.0,1.0,2.0,2.0,1.0,2.0,2.0,1.0,74496.463409,80489.514464,2.0,30.0,1.0,908.0,,,1.0,2.0,2.0,2.0,1.0,4.0,56.0,,1.0,1.0,140.0,,,2.0,114.0,58.0,1.0,108.0,70.0,1.0,104.0,66.0,2.0,106.0,68.0,2.0,,,,,2.0,,,,2.0,,,,,,,,,2.0,,,,2.0,2.0,0.0,2.0,2.0,2.0,2.0,2.0,2.0,2.0,2.0,,,,,,,,,,,,,,,2.0,,,,,,,,,,,,,,,,,,,,,,,,,,,,,,,,,,,1.0,0.0,1.0,2.0,2.0,2.0,2.0,2.0,,,3.0,4.0,,,,,,,,,,,,,,,,,,,,,,,,,,,,,,,,,,,,,,,,,,,,,,,,,,,2.0,,,,,,2.0,,,164.0,42.0,4.24,1.09,35.72,156.0,143.0,2.0
21705.0,3.0,2.0,1.0,1.0,33.0,396.0,397.0,1.0,3.0,2.0,2.0,2.0,5.0,,1.0,1.0,,1.0,3.0,11.0,11.0,5.0,,1.0,33.0,2.0,1.0,1.0,4.0,1.0,2.0,2.0,1.0,2.0,2.0,1.0,2.0,2.0,1.0,31484.49519,33510.666408,1.0,40.0,1.0,775.0,,,2.0,2.0,2.0,2.0,1.0,4.0,78.0,,1.0,1.0,140.0,110.0,82.0,2.0,106.0,84.0,2.0,116.0,82.0,2.0,,,,111.0,83.0,2.0,,,,,2.0,,,,2.0,,,,,,,,,2.0,,,,2.0,2.0,0.0,2.0,2.0,2.0,2.0,2.0,2.0,2.0,2.0,,,,,,,,,,,,,,,2.0,,,,,,,,,,,,,,,,,,,,,,,,,,,,,,,,,,,1.0,0.0,1.0,2.0,2.0,2.0,2.0,2.0,1.0,2.0,,,,,,,,,,,,,,,,,,,,,,,,,,,,,,,,,,,,,,,,,,,,,,,,,,,,,2.0,,,,,,2.0,,,144.0,32.0,3.72,0.83,55.75,130.0,120.0,3.0
21714.0,3.0,2.0,1.0,1.0,28.0,345.0,346.0,5.0,4.0,2.0,3.0,2.0,5.0,,2.0,1.0,,6.0,3.0,6.0,1.0,0.0,,2.0,26.0,3.0,2.0,6.0,,1.0,2.0,2.0,1.0,2.0,2.0,1.0,2.0,2.0,1.0,72062.929619,76534.730478,2.0,39.0,1.0,671.0,,,2.0,2.0,2.0,1.0,1.0,4.0,78.0,,1.0,1.0,150.0,122.0,48.0,2.0,126.0,52.0,2.0,126.0,46.0,2.0,,,,126.0,49.0,2.0,,,,,2.0,,,,2.0,,,,,,,,,2.0,,,,2.0,2.0,0.0,2.0,2.0,2.0,2.0,2.0,2.0,2.0,2.0,,,,,,,,,,,,,,,2.0,,,,,,,,,,,,,,,,,,,,,,,,,,,,,,,,,,,1.0,0.0,1.0,2.0,1.0,2.0,2.0,2.0,1.0,,,,,,,,9.0,,,,,,,,,,1.0,,,,,,,,,,,,,,,,,,,,,,,,,,,,,,,,,,,,2.0,,,,,,2.0,,,243.0,52.0,6.28,1.34,39.92,179.0,171.0,2.0
21719.0,3.0,2.0,2.0,2.0,35.0,425.0,427.0,3.0,1.0,2.0,1.0,1.0,,,4.0,3.0,,1.0,5.0,8.0,8.0,2.18,2.0,1.0,39.0,1.0,3.0,1.0,4.0,1.0,2.0,2.0,1.0,2.0,2.0,1.0,2.0,2.0,1.0,101777.787624,105916.080981,2.0,32.0,1.0,538.0,,,2.0,2.0,2.0,2.0,1.0,3.0,66.0,,1.0,1.0,130.0,102.0,60.0,2.0,100.0,66.0,2.0,108.0,58.0,2.0,,,,104.0,62.0,2.0,,,,,2.0,,,,2.0,,,,,,,,,2.0,,,,2.0,2.0,0.0,2.0,2.0,2.0,2.0,2.0,2.0,2.0,2.0,,,,,,,,,,,,,,,1.0,33.0,,,,,,,,,,,,,,,,,,,,,,,,,,,34.0,,,,,,,1.0,2.0,2.0,2.0,2.0,2.0,1.0,2.0,,,,,,,,,,,,,,,,,,,,,,,,,,,,,,,,,,,,,,2.0,,,,,,,,,,,,,,,,,2.0,,,,,,2.0,,,146.0,62.0,3.78,1.6,37.6,133.0,122.0,3.0
21724.0,3.0,2.0,2.0,1.0,44.0,532.0,532.0,3.0,1.0,1.0,1.0,1.0,,,3.0,2.0,,6.0,3.0,12.0,12.0,,,1.0,44.0,1.0,3.0,6.0,,1.0,2.0,2.0,1.0,2.0,2.0,1.0,2.0,2.0,1.0,98374.146497,101529.11369,1.0,29.0,1.0,621.0,,,2.0,2.0,2.0,2.0,1.0,4.0,64.0,,1.0,1.0,150.0,128.0,74.0,2.0,128.0,78.0,2.0,130.0,82.0,2.0,,,,129.0,80.0,2.0,,,,,2.0,,,,2.0,,,,,,,,,2.0,,,,2.0,2.0,0.0,2.0,2.0,2.0,2.0,2.0,2.0,2.0,2.0,,,,,,,,,,,,,,,2.0,,,,,,,,,,,,,,,,,,,,,,,,,,,,,,,,,,,1.0,1.0,1.0,2.0,2.0,1.0,1.0,2.0,,,,,,,,,9.0,,,,,,,,,,,,,,,,,,,1.0,,,,,,,,,,,,,,,,,9.0,,,,,,,,,,2.0,,,,,,2.0,,,249.0,57.0,6.44,1.47,47.23,133.0,129.0,3.0
21740.0,3.0,2.0,2.0,1.0,32.0,387.0,388.0,3.0,1.0,2.0,1.0,1.0,,,3.0,2.0,,5.0,3.0,3.0,3.0,0.86,,2.0,61.0,1.0,3.0,1.0,,1.0,2.0,2.0,1.0,2.0,2.0,1.0,2.0,2.0,1.0,36812.305848,39131.620583,2.0,30.0,1.0,951.0,,,2.0,2.0,2.0,2.0,1.0,4.0,62.0,,1.0,1.0,150.0,112.0,58.0,2.0,118.0,56.0,2.0,112.0,66.0,2.0,,,,115.0,61.0,2.0,,,,,2.0,,,,2.0,,,,,,,,,2.0,,,,2.0,2.0,0.0,2.0,2.0,2.0,2.0,2.0,2.0,2.0,2.0,,,,,,,,,,,,,,,2.0,,,,,,,,,,,,,,,,,,,,,,,,,,,,,,,,,,,1.0,0.0,1.0,2.0,2.0,1.0,2.0,1.0,1.0,,,,,,,,,,,,,,,,,,,,,,,,,,,,,3.0,,,,,,,,,,,,,,,,,2.0,,,,,,,,2.0,,,,,,2.0,,,202.0,44.0,5.22,1.14,37.03,144.0,131.0,2.0
21741.0,3.0,2.0,2.0,1.0,34.0,409.0,411.0,3.0,1.0,2.0,1.0,1.0,,,5.0,3.0,,1.0,4.0,11.0,11.0,5.0,,2.0,34.0,1.0,5.0,1.0,5.0,1.0,2.0,2.0,1.0,2.0,2.0,1.0,2.0,2.0,1.0,79930.623785,86360.839224,2.0,33.0,1.0,698.0,,,2.0,2.0,2.0,2.0,1.0,4.0,72.0,,1.0,1.0,140.0,120.0,70.0,2.0,126.0,74.0,2.0,124.0,70.0,2.0,,,,125.0,72.0,2.0,,,,,2.0,,,,2.0,,,,,,,,,2.0,,,,2.0,2.0,0.0,2.0,2.0,2.0,2.0,2.0,2.0,2.0,2.0,,,,,,,,,,,,,,,2.0,,,,,,,,,,,,,,,,,,,,,,,,,,,,,,,,,,,1.0,2.0,2.0,1.0,2.0,2.0,2.0,2.0,,,,,,,,,,,,,4.0,,,,,,,,,,,,,,,,,,,,,,,,,,,,,,,,,,,,,,,,,,1.0,,,3.0,,,2.0,,,191.0,41.0,4.94,1.06,32.21,167.0,157.0,1.0
21774.0,3.0,2.0,2.0,1.0,26.0,316.0,317.0,4.0,2.0,2.0,1.0,1.0,,,2.0,1.0,,6.0,4.0,6.0,3.0,0.94,,2.0,28.0,1.0,4.0,,,1.0,2.0,2.0,1.0,2.0,2.0,1.0,2.0,2.0,1.0,22247.223144,25279.535253,1.0,41.0,1.0,776.0,,,2.0,2.0,2.0,2.0,1.0,4.0,54.0,,1.0,1.0,130.0,112.0,54.0,2.0,124.0,60.0,2.0,112.0,64.0,2.0,,,,118.0,62.0,2.0,,,,,2.0,,,,2.0,,,,,,,,,2.0,,,,1.0,2.0,0.0,2.0,2.0,2.0,2.0,2.0,2.0,2.0,2.0,,,,18.0,,,,,,,,,,9.0,2.0,,,,,,,,,,,,,,,,,,,,,,,,,,,,,,,,,,,1.0,0.0,1.0,2.0,2.0,2.0,1.0,1.0,,,3.0,4.0,,,,,,,,,,,,,,,,,,,,,,,,,,,,,,,,,1.0,,,4.0,,,,,,,,,,,,,,9.0,2.0,,,,,,2.0,,,167.0,40.0,4.32,1.03,50.3,168.0,136.0,3.0
21781.0,3.0,2.0,1.0,1.0,36.0,436.0,437.0,5.0,4.0,2.0,1.0,1.0,,,4.0,3.0,,1.0,4.0,11.0,11.0,4.35,,1.0,36.0,1.0,4.0,1.0,3.0,1.0,2.0,2.0,1.0,2.0,2.0,1.0,2.0,2.0,1.0,82872.693643,89539.591122,1.0,38.0,1.0,777.0,,,2.0,2.0,2.0,2.0,1.0,5.0,84.0,,1.0,1.0,150.0,136.0,88.0,2.0,134.0,88.0,2.0,130.0,86.0,2.0,,,,132.0,87.0,2.0,,,,,2.0,,,,2.0,,,,,,,,,2.0,,,,2.0,2.0,0.0,2.0,2.0,2.0,2.0,1.0,2.0,2.0,2.0,,,,,,,,,,,,,,,2.0,,,,,,,,,,,,,,,,,,,,,,,,,,,,,,,,,,,1.0,0.0,1.0,2.0,2.0,2.0,2.0,2.0,1.0,,3.0,,,,,8.0,,,,,,,,,,,,,,,,,,,,,,,,,,,,,,,,,,,,,,,,,,,,,,,2.0,,,,,,2.0,,,258.0,42.0,6.67,1.09,32.1,156.0,143.0,1.0
21783.0,3.0,2.0,2.0,1.0,37.0,451.0,451.0,4.0,2.0,2.0,1.0,1.0,,,4.0,3.0,,5.0,1.0,5.0,5.0,2.67,,1.0,37.0,1.0,4.0,5.0,,1.0,2.0,2.0,1.0,2.0,2.0,1.0,2.0,2.0,1.0,5937.57818,6173.866894,1.0,42.0,1.0,740.0,,,2.0,2.0,2.0,2.0,1.0,4.0,64.0,,1.0,1.0,150.0,116.0,70.0,2.0,122.0,78.0,2.0,118.0,84.0,2.0,,,,120.0,81.0,2.0,,,,,2.0,,,,2.0,,,,,,,,,2.0,,,,2.0,2.0,0.0,2.0,2.0,2.0,2.0,2.0,2.0,2.0,2.0,,,,,,,,,,,,,,,2.0,,,,,,,,,,,,,,,,,,,,,,,,,,,,,,,,,,,1.0,3.0,1.0,2.0,2.0,2.0,1.0,2.0,1.0,,,,,,,,,,,,,,,,,,,,,,,,,,,,,,,,,,,,1.0,,,,,,,,,,,,,,,,,,2.0,,,,,,2.0,,,198.0,33.0,5.12,0.85,35.82,144.0,127.0,2.0
21795.0,3.0,2.0,1.0,1.0,33.0,402.0,403.0,3.0,1.0,2.0,1.0,1.0,,,5.0,3.0,,5.0,5.0,11.0,11.0,5.0,,1.0,54.0,1.0,4.0,2.0,,1.0,2.0,2.0,1.0,2.0,2.0,1.0,2.0,2.0,1.0,75600.75357,81682.641961,1.0,35.0,1.0,750.0,,,2.0,2.0,2.0,2.0,1.0,4.0,58.0,,1.0,1.0,140.0,118.0,72.0,2.0,112.0,70.0,2.0,118.0,68.0,2.0,,,,115.0,69.0,1.0,1.0,2.0,,,2.0,,,,2.0,,,,,,,,,2.0,,,,2.0,2.0,0.0,2.0,2.0,2.0,2.0,2.0,2.0,2.0,2.0,,,,,,,,,,,,,,,2.0,,,,,,,,,,,,,,,,,,,,,,,,,,,,,,,,,,,1.0,5.0,2.0,2.0,2.0,1.0,2.0,1.0,,,,,,,,,,,,,,,,,,,,,,,,,,,,1.0,,,,,,,,,,,,,,,,,,,2.0,,,,,,,,2.0,,,,,,2.0,,,164.0,35.0,4.24,0.91,46.63,140.0,123.0,3.0
21796.0,3.0,2.0,1.0,1.0,43.0,519.0,520.0,3.0,1.0,2.0,3.0,1.0,6.0,,5.0,3.0,,5.0,1.0,10.0,10.0,5.0,,1.0,43.0,3.0,5.0,5.0,,1.0,2.0,2.0,1.0,2.0,2.0,1.0,2.0,2.0,1.0,90301.082132,97025.215549,1.0,39.0,1.0,569.0,,,2.0,2.0,2.0,2.0,1.0,5.0,64.0,,1.0,1.0,140.0,104.0,66.0,2.0,108.0,62.0,2.0,112.0,64.0,2.0,,,,110.0,63.0,2.0,,,,,2.0,,,,2.0,,,,,,,,,2.0,,,,2.0,2.0,0.0,2.0,2.0,2.0,2.0,2.0,2.0,2.0,2.0,,,,,,,,,,,,,,,2.0,,,,,,,,,,,,,,,,,,,,,,,,,,,,,,,,,,,1.0,0.0,2.0,2.0,1.0,2.0,2.0,2.0,,,,,,,,,,,,,,,,,,,,2.0,,,,,,,,,,,,,,,,,,,,,,,,,,,,,,,,,,,2.0,,,,,,1.0,62.0,,216.0,34.0,5.59,0.88,39.25,123.0,104.0,2.0
21806.0,3.0,2.0,2.0,2.0,37.0,451.0,453.0,4.0,2.0,2.0,1.0,1.0,,,4.0,3.0,,2.0,3.0,8.0,8.0,3.6,3.0,2.0,37.0,1.0,4.0,2.0,,1.0,2.0,2.0,1.0,2.0,2.0,,,,,32534.784677,33659.358183,2.0,41.0,1.0,712.0,,,2.0,2.0,2.0,2.0,1.0,3.0,86.0,,1.0,1.0,160.0,122.0,64.0,2.0,128.0,70.0,2.0,124.0,62.0,2.0,,,,126.0,66.0,2.0,,,,,2.0,,,,2.0,,,,,,,,,2.0,,,,2.0,2.0,0.0,2.0,2.0,2.0,2.0,2.0,2.0,2.0,2.0,,,,,,,,,,,,,,,2.0,,,,,,,,,,,,,,,,,,,,,,,,,,,,,,,,,,,1.0,0.0,2.0,2.0,2.0,2.0,1.0,1.0,,,,,,,,,,,,,,,,,,,,,,,,,,,,,,,,,,,,,,2.0,,,,,,,,1.0,,,,,,,,,1.0,,,3.0,,,2.0,,,,,,,34.42,142.0,134.0,2.0
21813.0,3.0,2.0,1.0,2.0,20.0,243.0,243.0,3.0,1.0,2.0,1.0,1.0,,,3.0,2.0,,5.0,3.0,6.0,6.0,1.98,2.0,2.0,55.0,1.0,5.0,1.0,4.0,1.0,1.0,2.0,1.0,2.0,2.0,1.0,2.0,2.0,1.0,69461.642774,71536.670295,2.0,34.0,1.0,645.0,,,2.0,2.0,2.0,2.0,1.0,5.0,76.0,,1.0,1.0,130.0,,,2.0,,,2.0,118.0,76.0,2.0,,,2.0,118.0,76.0,2.0,,,,,2.0,,,,2.0,,,,,,,,,2.0,,,,2.0,2.0,0.0,2.0,2.0,2.0,2.0,1.0,2.0,2.0,2.0,,,,,,,,,,,,,,,2.0,,,,,,,,,,,,,,,,,,,,,,,,,,,,,,,,,,,2.0,,1.0,1.0,2.0,2.0,2.0,1.0,,,3.0,,,,,,,,,,,,,,,9.0,,,,,,,,,,,,,,,,,,,,,,,,,,,,,,,,,,,,9.0,1.0,,,,,5.0,2.0,,,188.0,30.0,4.86,0.78,32.46,144.0,,2.0
21823.0,3.0,2.0,2.0,1.0,33.0,407.0,408.0,1.0,3.0,2.0,1.0,1.0,,,3.0,2.0,,1.0,6.0,11.0,10.0,3.67,,2.0,62.0,1.0,4.0,1.0,3.0,1.0,2.0,2.0,1.0,2.0,2.0,1.0,2.0,2.0,1.0,41153.061276,46454.369972,1.0,31.0,1.0,470.0,,,1.0,2.0,2.0,2.0,1.0,4.0,62.0,,1.0,1.0,140.0,112.0,70.0,2.0,106.0,64.0,2.0,106.0,68.0,2.0,,,,106.0,66.0,1.0,23.0,1.0,1.0,2.0,2.0,,,,2.0,,,,,,,,,2.0,,,,2.0,2.0,0.0,2.0,2.0,2.0,2.0,2.0,2.0,2.0,2.0,,,,,,,,,,,,,,,2.0,,,,,,,,,,,,,,,,,,,,,,,,,,,,,,,,,,,1.0,1.0,1.0,2.0,1.0,2.0,2.0,1.0,,,3.0,,,,,,,,,,,,,,,,,,3.0,,,,,,,,,,,,,,,,,,,,,,,,,,2.0,,,,,,,,2.0,,,,,,2.0,,,204.0,48.0,5.28,1.24,31.91,167.0,147.0,1.0
21824.0,3.0,2.0,2.0,1.0,32.0,390.0,391.0,3.0,1.0,2.0,1.0,1.0,,,5.0,3.0,,1.0,2.0,11.0,11.0,5.0,,2.0,40.0,1.0,5.0,1.0,5.0,1.0,2.0,2.0,1.0,2.0,2.0,1.0,2.0,2.0,1.0,87042.180001,96326.685252,2.0,37.0,1.0,695.0,,,2.0,2.0,2.0,2.0,1.0,3.0,46.0,,1.0,1.0,150.0,116.0,68.0,2.0,116.0,66.0,2.0,124.0,72.0,2.0,,,,120.0,69.0,2.0,,,,,2.0,,,,2.0,,,,,,,,,2.0,,,,2.0,2.0,0.0,2.0,2.0,2.0,2.0,2.0,2.0,2.0,2.0,,,,,,,,,,,,,,,2.0,,,,,,,,,,,,,,,,,,,,,,,,,,,,,,,,,,,1.0,0.0,1.0,2.0,2.0,2.0,2.0,2.0,,,,4.0,,,,,,,,,,,,,,,,,,,,,,,,,,,,,,,,,,,,,,,,,,,,,,,,,,,2.0,,,,,,2.0,,,127.0,49.0,3.28,1.27,65.6,119.0,90.0,3.0
21832.0,3.0,2.0,1.0,2.0,48.0,577.0,578.0,3.0,1.0,2.0,3.0,1.0,4.0,,4.0,3.0,,1.0,2.0,7.0,7.0,3.3,2.0,1.0,53.0,3.0,4.0,1.0,4.0,1.0,2.0,1.0,1.0,2.0,1.0,1.0,1.0,1.0,,97043.563351,104245.38986,1.0,35.0,1.0,780.0,,,2.0,2.0,2.0,2.0,1.0,3.0,58.0,,1.0,1.0,170.0,146.0,92.0,2.0,142.0,92.0,2.0,140.0,90.0,2.0,,,,141.0,91.0,2.0,,,,,2.0,,,,2.0,,,,,,,,,2.0,,,,2.0,2.0,0.0,2.0,2.0,2.0,2.0,2.0,2.0,2.0,2.0,,,,,,,,,,,,,,,2.0,,,,,,,,,,,,,,,,,,,,,,,,,,,,,,,,,,,1.0,0.0,2.0,2.0,2.0,2.0,2.0,2.0,,,,,,,,,,,,,,,,,,,,,,,,,,,,,,,,,,,,,,,,,,,,,,,,,,,,,,,2.0,,,,,,2.0,,,178.0,67.0,4.6,1.73,35.27,107.0,95.0,3.0
21838.0,3.0,2.0,1.0,1.0,31.0,381.0,382.0,2.0,5.0,2.0,3.0,2.0,3.0,,2.0,1.0,,5.0,2.0,3.0,3.0,1.04,,1.0,31.0,3.0,2.0,5.0,,1.0,2.0,2.0,2.0,2.0,2.0,1.0,2.0,2.0,2.0,32495.235985,34107.872907,2.0,43.0,1.0,662.0,,,2.0,2.0,2.0,2.0,1.0,3.0,56.0,,1.0,1.0,150.0,116.0,56.0,2.0,120.0,72.0,2.0,,,2.0,118.0,58.0,2.0,119.0,65.0,2.0,,,,,2.0,,,,2.0,,,,,,,,,2.0,,,,2.0,2.0,0.0,2.0,2.0,2.0,2.0,2.0,2.0,2.0,2.0,,,,,,,,,,,,,,,2.0,,,,,,,,,,,,,,,,,,,,,,,,,,,,,,,,,,,1.0,0.0,2.0,2.0,2.0,2.0,2.0,2.0,,,,,,,,,,,,,,,,,,,,,,,,,,,,,,,,,,,,,,,,,,,,,,,,,,,,,,,2.0,,,,,,2.0,,,222.0,48.0,5.74,1.24,47.04,133.0,,3.0
21842.0,3.0,2.0,1.0,1.0,35.0,422.0,423.0,4.0,2.0,2.0,1.0,1.0,,,3.0,2.0,,1.0,5.0,6.0,6.0,1.27,,1.0,35.0,1.0,3.0,1.0,5.0,1.0,2.0,2.0,1.0,2.0,2.0,1.0,2.0,2.0,1.0,34682.094144,36523.851555,2.0,36.0,1.0,604.0,,,2.0,2.0,2.0,2.0,1.0,4.0,70.0,,1.0,1.0,130.0,112.0,52.0,2.0,108.0,58.0,2.0,114.0,60.0,2.0,,,,111.0,59.0,1.0,1.0,2.0,,,2.0,,,,2.0,,,,,,,,,2.0,,,,2.0,2.0,0.0,2.0,2.0,2.0,2.0,2.0,2.0,2.0,2.0,,,,,,,,,,,,,,,2.0,,,,,,,,,,,,,,,,,,,,,,,,,,,,,,,,,,,1.0,0.0,1.0,2.0,2.0,2.0,2.0,2.0,1.0,,,,,,,,,,,,,,,,,,,,,,,,,,,,,,,,,,,,,,,,,,,,,,,,,,,,,,2.0,,,,,,2.0,,,183.0,35.0,4.73,0.91,39.95,176.0,,2.0
21855.0,3.0,2.0,1.0,1.0,29.0,357.0,358.0,4.0,2.0,2.0,1.0,1.0,,,5.0,3.0,,5.0,1.0,9.0,9.0,5.0,,1.0,29.0,1.0,5.0,5.0,,1.0,2.0,2.0,1.0,2.0,2.0,1.0,2.0,2.0,1.0,23090.402645,25007.935339,1.0,30.0,1.0,1004.0,,,2.0,2.0,2.0,2.0,1.0,4.0,74.0,,1.0,1.0,160.0,134.0,94.0,2.0,130.0,88.0,2.0,140.0,94.0,2.0,,,,135.0,91.0,1.0,5.0,2.0,,,2.0,,,,2.0,,,,,,,,,2.0,,,,2.0,2.0,0.0,2.0,2.0,2.0,2.0,2.0,2.0,2.0,2.0,,,,,,,,,,,,,,,2.0,,,,,,,,,,,,,,,,,,,,,,,,,,,,,,,,,,,1.0,4.0,1.0,2.0,1.0,2.0,1.0,2.0,1.0,,,,,,,,,,,,,,,,,,,,,,,,,8.0,,,,,,,,,,,1.0,,,,,,,,,,,,,,,,,,1.0,1.0,,,,,2.0,,,263.0,50.0,6.8,1.29,37.4,155.0,150.0,2.0
21861.0,3.0,2.0,1.0,2.0,23.0,287.0,288.0,2.0,5.0,2.0,3.0,2.0,3.0,,4.0,3.0,,5.0,3.0,6.0,6.0,1.6,2.0,2.0,23.0,3.0,4.0,5.0,,1.0,2.0,2.0,1.0,2.0,2.0,1.0,2.0,2.0,1.0,74344.782371,77822.110687,2.0,36.0,1.0,598.0,,,2.0,2.0,2.0,2.0,1.0,4.0,80.0,,1.0,1.0,140.0,126.0,72.0,2.0,120.0,76.0,2.0,122.0,74.0,2.0,,,,121.0,75.0,2.0,,,,,2.0,,,,2.0,,,,,,,,,2.0,,,,2.0,2.0,0.0,2.0,2.0,2.0,2.0,2.0,2.0,2.0,2.0,,,,,,,,,,,,,,,2.0,,,,,,,,,,,,,,,,,,,,,,,,,,,,,,,,,,,1.0,1.0,1.0,2.0,2.0,2.0,9.0,9.0,,,3.0,,,,,,,,,,,,,,,,,,,,,,,,,,,,,,,,,,,,,,,,,,,,,,,,,,,,2.0,,,,,,2.0,,,156.0,81.0,4.03,2.09,31.51,157.0,161.0,2.0
21912.0,3.0,2.0,1.0,1.0,22.0,264.0,265.0,5.0,4.0,2.0,1.0,1.0,,,4.0,3.0,,5.0,4.0,7.0,3.0,1.29,,1.0,21.0,1.0,4.0,5.0,,1.0,2.0,2.0,1.0,2.0,2.0,1.0,2.0,2.0,1.0,31277.823055,32484.659324,2.0,43.0,1.0,598.0,,,1.0,2.0,2.0,2.0,1.0,3.0,84.0,,1.0,1.0,140.0,116.0,56.0,2.0,,,2.0,104.0,64.0,2.0,,,2.0,104.0,64.0,2.0,,,,,2.0,,,,2.0,,,,,,,,,2.0,,,,2.0,2.0,0.0,2.0,2.0,2.0,2.0,2.0,2.0,2.0,2.0,,,,,,,,,,,,,,,2.0,,,,,,,,,,,,,,,,,,,,,,,,,,,,,,,,,,,1.0,1.0,1.0,2.0,1.0,2.0,1.0,2.0,,,,,,,,,9.0,,,,,,,,,,,,,,,,,,9.0,,,,,,,,,,,2.0,,,,,,,,,,,,,,,,,2.0,,,,,,2.0,,,186.0,67.0,4.81,1.73,44.56,170.0,166.0,3.0
21923.0,3.0,2.0,2.0,1.0,22.0,268.0,269.0,4.0,2.0,2.0,1.0,1.0,,,2.0,1.0,,5.0,6.0,5.0,5.0,0.89,,1.0,22.0,1.0,2.0,5.0,,1.0,2.0,2.0,1.0,2.0,2.0,1.0,2.0,2.0,1.0,20554.304715,22546.153395,1.0,42.0,1.0,635.0,,,2.0,2.0,2.0,2.0,1.0,5.0,72.0,,1.0,1.0,150.0,124.0,74.0,2.0,,,2.0,124.0,68.0,2.0,124.0,74.0,2.0,124.0,71.0,2.0,,,,,2.0,,,,2.0,,,,,,,,,2.0,,,,2.0,2.0,0.0,2.0,2.0,2.0,2.0,2.0,2.0,2.0,2.0,,,,,,,,,,,,,,,2.0,,,,,,,,,,,,,,,,,,,,,,,,,,,,,,,,,,,1.0,0.0,2.0,2.0,2.0,2.0,1.0,2.0,,,,,,,,,,,,,,,,,,,,,,,,,,,,,,,,,,,,,1.0,,,,,,,,,,,,,,,,,,2.0,,,,,,2.0,,,207.0,65.0,5.35,1.68,33.38,167.0,149.0,1.0
21927.0,3.0,2.0,2.0,2.0,23.0,285.0,286.0,1.0,3.0,2.0,2.0,2.0,2.0,,4.0,3.0,,1.0,7.0,7.0,7.0,1.41,1.0,1.0,25.0,2.0,3.0,1.0,3.0,2.0,2.0,2.0,2.0,2.0,2.0,2.0,2.0,2.0,2.0,7526.407996,7576.136128,2.0,41.0,1.0,742.0,,,2.0,2.0,2.0,2.0,1.0,3.0,74.0,,1.0,1.0,140.0,112.0,84.0,2.0,,,2.0,112.0,80.0,2.0,108.0,80.0,2.0,110.0,80.0,2.0,,,,,2.0,,,,2.0,,,,,,,,,2.0,,,,2.0,2.0,0.0,2.0,2.0,2.0,2.0,2.0,2.0,2.0,2.0,,,,,,,,,,,,,,,2.0,,,,,,,,,,,,,,,,,,,,,,,,,,,,,,,,,,,2.0,,1.0,2.0,2.0,2.0,1.0,2.0,,,,4.0,,,,,9.0,,,,,,,,,,,,,,,,,,,,,,,,,,,,,2.0,,,,,,,,,,,,,,,,,2.0,,,,,,2.0,,,264.0,70.0,6.83,1.81,34.84,136.0,134.0,2.0
21928.0,3.0,2.0,2.0,1.0,40.0,491.0,491.0,4.0,2.0,2.0,1.0,1.0,,,5.0,3.0,,5.0,2.0,11.0,11.0,5.0,,1.0,40.0,1.0,5.0,5.0,,1.0,2.0,2.0,1.0,2.0,2.0,1.0,2.0,2.0,1.0,22420.209153,23164.878727,1.0,41.0,1.0,806.0,,,2.0,2.0,2.0,2.0,1.0,5.0,74.0,,1.0,1.0,130.0,110.0,82.0,2.0,110.0,84.0,2.0,110.0,84.0,2.0,,,,110.0,84.0,1.0,8.0,2.0,,,2.0,,,,2.0,,,,,,,,,2.0,,,,2.0,2.0,0.0,2.0,2.0,2.0,2.0,1.0,2.0,2.0,2.0,,,,,,,,,,,,,,,2.0,,,,,,,,,,,,,,,,,,,,,,,,,,,,,,,,,,,1.0,0.0,2.0,1.0,1.0,2.0,2.0,2.0,,,,,,,,,,,,3.0,4.0,,,,,,,,,,,,7.0,,,,,,,,,,,,,,,,,,,,,,,,,,,,,,1.0,1.0,,,,5.0,2.0,,,336.0,38.0,8.69,0.98,36.78,135.0,123.0,2.0
21935.0,3.0,2.0,1.0,2.0,33.0,399.0,399.0,4.0,2.0,2.0,1.0,1.0,,,4.0,3.0,,5.0,4.0,6.0,6.0,1.91,2.0,2.0,33.0,1.0,4.0,5.0,,1.0,2.0,2.0,1.0,2.0,2.0,1.0,2.0,2.0,1.0,34895.801536,36101.984219,2.0,35.0,1.0,614.0,,,2.0,2.0,2.0,2.0,1.0,5.0,78.0,,1.0,1.0,160.0,140.0,80.0,2.0,136.0,84.0,2.0,142.0,82.0,2.0,,,,139.0,83.0,2.0,,,,,2.0,,,,1.0,2.0,,,,,,,,2.0,,,,2.0,2.0,0.0,2.0,2.0,2.0,2.0,2.0,2.0,2.0,2.0,,,,,,,,,,,,,,,2.0,,,,,,,,,,,,,,,,,,,,,,,,,,,,,,,,,,,1.0,4.0,2.0,2.0,2.0,2.0,2.0,2.0,,,,,,,,,,,,,,,,,,,,,,,,,,,,,,,,,,,,,,,,,,,,,,,,,,,,,,,2.0,,,,,,2.0,,,166.0,60.0,4.29,1.55,47.32,114.0,110.0,3.0
21944.0,3.0,2.0,2.0,1.0,20.0,246.0,247.0,4.0,2.0,2.0,1.0,1.0,,,2.0,1.0,,5.0,3.0,11.0,8.0,5.0,,2.0,56.0,1.0,4.0,3.0,,1.0,2.0,2.0,1.0,2.0,2.0,1.0,2.0,2.0,1.0,26969.397877,29582.911703,2.0,37.0,1.0,673.0,,,1.0,2.0,2.0,2.0,1.0,4.0,48.0,,1.0,1.0,160.0,128.0,58.0,2.0,132.0,50.0,2.0,130.0,64.0,2.0,,,,131.0,57.0,2.0,,,,,2.0,,,,2.0,,,,,,,,,1.0,,,,2.0,2.0,0.0,2.0,2.0,2.0,2.0,2.0,2.0,2.0,2.0,,,,,,,,,,,,,,,2.0,,,,,,,,,,,,,,,,,,,,,,,,,,,,,,,,,,,1.0,0.0,1.0,2.0,2.0,2.0,2.0,2.0,1.0,,,,,,,,,,,,,,,,,,,,,,,,,,,,,,,,,,,,,,,,,,,,,,,,,,,,,,2.0,,,,,,2.0,,,221.0,53.0,5.72,1.37,36.8,170.0,148.0,1.0
21949.0,3.0,2.0,2.0,2.0,34.0,414.0,414.0,5.0,1.0,2.0,1.0,1.0,,,5.0,3.0,,1.0,4.0,11.0,11.0,4.24,2.0,1.0,37.0,1.0,4.0,1.0,5.0,1.0,2.0,2.0,1.0,2.0,2.0,1.0,2.0,2.0,1.0,68999.693052,71805.226342,2.0,30.0,1.0,707.0,,,2.0,2.0,2.0,2.0,1.0,5.0,72.0,,1.0,1.0,140.0,112.0,70.0,2.0,110.0,66.0,2.0,108.0,58.0,2.0,,,,109.0,62.0,2.0,,,,,2.0,,,,2.0,,,,,,,,,2.0,,,,2.0,2.0,0.0,2.0,2.0,2.0,2.0,1.0,2.0,2.0,1.0,,,1.0,,,,,,,,,,24.0,,2.0,,,,,,,,,,,,,,,,,,,,,,,,,,,,,,,,,,,1.0,5.0,1.0,1.0,2.0,2.0,1.0,2.0,,,,,5.0,,,,,,,3.0,,,,,,,,,,,,,,,,,,,,,,,,,1.0,2.0,,4.0,,,,,,,,,,,,,,,2.0,,,,,,2.0,,,177.0,81.0,4.58,2.09,29.53,138.0,129.0,2.0
21952.0,3.0,2.0,2.0,1.0,21.0,253.0,253.0,4.0,2.0,2.0,1.0,1.0,,,2.0,1.0,,5.0,3.0,99.0,99.0,,,1.0,21.0,1.0,2.0,5.0,,1.0,2.0,2.0,1.0,2.0,2.0,1.0,2.0,2.0,1.0,5445.738701,5973.46696,1.0,42.0,1.0,555.0,,,2.0,2.0,2.0,2.0,1.0,3.0,64.0,,1.0,1.0,140.0,116.0,64.0,2.0,114.0,66.0,2.0,112.0,70.0,2.0,,,,113.0,68.0,2.0,,,,,2.0,,,,2.0,,,,,,,,,2.0,,,,2.0,2.0,0.0,2.0,2.0,2.0,2.0,2.0,2.0,2.0,2.0,,,,,,,,,,,,,,,2.0,,,,,,,,,,,,,,,,,,,,,,,,,,,,,,,,,,,2.0,,2.0,2.0,2.0,2.0,2.0,2.0,,,,,,,,,,,,,,,,,,,,,,,,,,,,,,,,,,,,,,,,,,,,,,,,,,,,,,,2.0,,,,,,2.0,,,154.0,71.0,3.98,1.84,58.85,148.0,126.0,3.0
21991.0,3.0,2.0,1.0,1.0,28.0,346.0,346.0,1.0,3.0,2.0,2.0,2.0,4.0,,3.0,2.0,,1.0,3.0,5.0,5.0,1.44,,1.0,28.0,2.0,3.0,1.0,3.0,2.0,2.0,2.0,2.0,2.0,2.0,2.0,2.0,2.0,2.0,31779.530919,31812.609984,1.0,38.0,1.0,618.0,,,2.0,2.0,2.0,2.0,1.0,4.0,56.0,,1.0,1.0,150.0,122.0,76.0,2.0,116.0,88.0,2.0,,,2.0,,,2.0,116.0,88.0,2.0,,,,,2.0,,,,2.0,,,,,,,,,2.0,,,,2.0,2.0,0.0,2.0,2.0,2.0,2.0,2.0,2.0,2.0,2.0,,,,,,,,,,,,,,,2.0,,,,,,,,,,,,,,,,,,,,,,,,,,,,,,,,,,,1.0,4.0,2.0,2.0,1.0,2.0,1.0,9.0,,,,,,,,,,,,,,,,,,,1.0,,,,,,,,,,,,,,,,,,1.0,,,,,,,,,,,,,,,,,,2.0,,,,,,2.0,,,273.0,40.0,7.06,1.03,43.39,161.0,135.0,2.0
21995.0,3.0,2.0,1.0,1.0,32.0,384.0,385.0,4.0,2.0,2.0,3.0,2.0,2.0,,4.0,3.0,,4.0,1.0,6.0,6.0,2.78,,1.0,32.0,3.0,4.0,4.0,,1.0,2.0,2.0,1.0,2.0,2.0,1.0,2.0,2.0,1.0,25175.844535,26177.729098,1.0,30.0,1.0,722.0,,,2.0,2.0,2.0,2.0,1.0,4.0,78.0,,1.0,1.0,150.0,104.0,76.0,2.0,104.0,76.0,2.0,112.0,58.0,1.0,,,,108.0,67.0,2.0,,,,,2.0,,,,2.0,,,,,,,,,2.0,,,,2.0,2.0,0.0,2.0,2.0,2.0,2.0,2.0,2.0,2.0,2.0,,,,,,,,,,,,,,,2.0,,,,,,,,,,,,,,,,,,,,,,,,,,,,,,,,,,,1.0,0.0,2.0,2.0,2.0,2.0,2.0,2.0,,,,,,,,,,,,,,,,,,,,,,,,,,,,,,,,,,,,,,,,,,,,,,,,,,,,,,,2.0,,,,,,2.0,,,175.0,63.0,4.53,1.63,37.25,162.0,159.0,2.0
22002.0,3.0,2.0,2.0,2.0,22.0,275.0,276.0,3.0,1.0,2.0,1.0,1.0,,,4.0,3.0,,1.0,5.0,10.0,4.0,1.2,2.0,1.0,64.0,1.0,4.0,1.0,3.0,1.0,2.0,2.0,1.0,2.0,2.0,1.0,2.0,2.0,1.0,79227.699186,81594.468092,2.0,31.0,1.0,646.0,,,2.0,2.0,2.0,2.0,1.0,3.0,78.0,,1.0,1.0,120.0,98.0,58.0,2.0,98.0,60.0,2.0,94.0,66.0,2.0,,,,96.0,63.0,2.0,,,,,2.0,,,,2.0,,,,,,,,,2.0,,,,2.0,2.0,0.0,2.0,2.0,2.0,2.0,2.0,2.0,2.0,2.0,,,,,,,,,,,,,,,2.0,,,,,,,,,,,,,,,,,,,,,,,,,,,,,,,,,,,1.0,0.0,1.0,2.0,2.0,2.0,1.0,2.0,,,,,5.0,,,,,,,,,,,,,,,,,,,,,,,,,,,,,,,,,,,,5.0,,,,,,,,,,,,,,2.0,,,,,,2.0,,,137.0,37.0,3.54,0.96,37.74,137.0,116.0,3.0
22012.0,3.0,2.0,2.0,2.0,31.0,372.0,374.0,4.0,2.0,2.0,1.0,1.0,,,5.0,3.0,,5.0,1.0,9.0,9.0,5.0,2.0,2.0,31.0,1.0,5.0,5.0,,1.0,2.0,2.0,1.0,2.0,2.0,1.0,2.0,2.0,1.0,35810.067762,36579.663108,1.0,36.0,1.0,607.0,,,2.0,2.0,2.0,2.0,1.0,4.0,66.0,,1.0,1.0,140.0,112.0,64.0,2.0,118.0,60.0,2.0,122.0,58.0,2.0,,,,120.0,59.0,1.0,25.0,2.0,,,2.0,,,,2.0,,,,,,,,,2.0,,,,2.0,2.0,0.0,2.0,2.0,2.0,2.0,1.0,2.0,2.0,2.0,,,,,,,,,,,,,,,2.0,,,,,,,,,,,,,,,,,,,,,,,,,,,,,,,,,,,1.0,2.0,2.0,2.0,1.0,2.0,1.0,2.0,,,,,,,,,,,,,,,,,,,,,,,,,,8.0,,,,,,,,,,,,2.0,,,,,,,,,,,,,,,,,2.0,,,,,,2.0,,,202.0,60.0,5.22,1.55,29.31,160.0,150.0,2.0
22025.0,3.0,2.0,1.0,2.0,30.0,362.0,363.0,3.0,1.0,2.0,1.0,1.0,,,4.0,3.0,,1.0,3.0,6.0,6.0,1.91,2.0,2.0,30.0,1.0,4.0,1.0,3.0,1.0,2.0,2.0,1.0,2.0,2.0,1.0,2.0,2.0,1.0,93503.004395,97304.844373,2.0,39.0,1.0,574.0,,,1.0,2.0,2.0,2.0,1.0,3.0,94.0,,1.0,1.0,140.0,,,2.0,114.0,64.0,2.0,114.0,74.0,2.0,114.0,66.0,2.0,114.0,70.0,2.0,,,,,2.0,,,,2.0,,,,,,,,,2.0,,,,2.0,2.0,0.0,2.0,2.0,2.0,2.0,2.0,2.0,2.0,2.0,,,,,,,,,,,,,,,2.0,,,,,,,,,,,,,,,,,,,,,,,,,,,,,,,,,,,1.0,0.0,2.0,2.0,2.0,2.0,2.0,2.0,,,,,,,,,,,,,,,,,,,,,,,,,,,,,,,,,,,,,,,,,,,,,,,,,,,,,,,2.0,,,,,,2.0,,,168.0,55.0,4.34,1.42,27.8,160.0,157.0,1.0
22059.0,3.0,2.0,1.0,2.0,25.0,310.0,312.0,3.0,1.0,2.0,1.0,1.0,,,5.0,3.0,,6.0,2.0,11.0,10.0,5.0,2.0,2.0,25.0,1.0,5.0,6.0,,1.0,2.0,2.0,1.0,2.0,2.0,1.0,2.0,2.0,1.0,66672.951867,71485.078594,1.0,35.0,1.0,617.0,,,1.0,2.0,2.0,2.0,1.0,3.0,80.0,,1.0,1.0,140.0,114.0,64.0,2.0,106.0,60.0,2.0,,,2.0,,,2.0,106.0,60.0,2.0,,,,,2.0,,,,2.0,,,,,,,,,2.0,,,,2.0,2.0,0.0,2.0,2.0,2.0,2.0,2.0,2.0,2.0,2.0,,,,,,,,,,,,,,,2.0,,,,,,,,,,,,,,,,,,,,,,,,,,,,,,,,,,,1.0,3.0,2.0,1.0,2.0,2.0,9.0,2.0,,,,,,,,,,,,,,5.0,,,,,,,,,,,,,,,,,,,,,,,,,,,,,,,,,,,,,,,,,2.0,,,,,,2.0,,,283.0,77.0,7.32,1.99,32.4,155.0,143.0,2.0
22064.0,3.0,2.0,2.0,2.0,26.0,316.0,318.0,4.0,2.0,2.0,1.0,1.0,,,3.0,2.0,,5.0,2.0,5.0,5.0,1.68,2.0,2.0,26.0,1.0,3.0,5.0,,1.0,2.0,2.0,1.0,2.0,2.0,1.0,2.0,2.0,1.0,31640.596928,32561.767755,2.0,37.0,1.0,812.0,,,2.0,2.0,2.0,2.0,1.0,5.0,86.0,,1.0,1.0,150.0,120.0,78.0,2.0,,,2.0,122.0,80.0,2.0,118.0,80.0,2.0,120.0,80.0,2.0,,,,,2.0,,,,2.0,,,,,,,,,2.0,,,,2.0,2.0,0.0,2.0,2.0,2.0,2.0,1.0,2.0,2.0,2.0,,,,,,,,,,,,,,,2.0,,,,,,,,,,,,,,,,,,,,,,,,,,,,,,,,,,,1.0,0.0,2.0,2.0,2.0,2.0,1.0,1.0,,,,,,,,,,,,,,,,,,,,,,,,,,,,,,,,,,,,,,,3.0,,,,,,,,,3.0,,,,,,,2.0,,,,,,2.0,,,211.0,44.0,5.46,1.14,46.07,124.0,115.0,3.0
22070.0,3.0,2.0,1.0,1.0,29.0,351.0,351.0,3.0,1.0,2.0,1.0,1.0,,,5.0,3.0,,1.0,4.0,7.0,7.0,1.9,,1.0,29.0,1.0,5.0,1.0,5.0,1.0,2.0,2.0,1.0,2.0,2.0,1.0,2.0,2.0,1.0,83135.41979,84949.152961,1.0,34.0,1.0,735.0,,,2.0,2.0,2.0,2.0,1.0,4.0,50.0,,1.0,1.0,150.0,122.0,60.0,2.0,128.0,52.0,2.0,,,2.0,,,2.0,128.0,52.0,1.0,7.0,2.0,,,2.0,,,,2.0,,,,,,,,,2.0,,,,2.0,2.0,0.0,2.0,2.0,2.0,2.0,2.0,2.0,2.0,2.0,,,,,,,,,,,,,,,2.0,,,,,,,,,,,,,,,,,,,,,,,,,,,,,,,,,,,1.0,3.0,1.0,2.0,2.0,2.0,2.0,2.0,,,,4.0,,,,,,,,,,,,,,,,,,,,,,,,,,,,,,,,,,,,,,,,,,,,,,,,,,,2.0,,,,,,2.0,,,141.0,41.0,3.65,1.06,60.65,131.0,114.0,3.0
22075.0,3.0,2.0,2.0,1.0,43.0,519.0,519.0,3.0,1.0,2.0,1.0,1.0,,,4.0,3.0,,1.0,4.0,11.0,11.0,5.0,,1.0,43.0,1.0,4.0,1.0,3.0,1.0,2.0,2.0,1.0,2.0,2.0,1.0,2.0,2.0,1.0,78590.374314,82441.866213,2.0,29.0,1.0,621.0,,,1.0,2.0,2.0,2.0,1.0,4.0,90.0,,1.0,1.0,130.0,104.0,70.0,2.0,100.0,74.0,2.0,104.0,76.0,2.0,,,,102.0,75.0,2.0,,,,,2.0,,,,2.0,,,,,,,,,2.0,,,,2.0,2.0,0.0,2.0,2.0,2.0,2.0,1.0,2.0,2.0,2.0,,,,,,,,,,,,,,,2.0,,,,,,,,,,,,,,,,,,,,,,,,,,,,,,,,,,,1.0,0.0,2.0,2.0,2.0,2.0,1.0,2.0,,,,,,,,,,,,,,,,,,,,,,,,,,,,,,,,,,,,,,2.0,,,,,,,,,,,,,,,,,1.0,1.0,,,,,2.0,,,251.0,72.0,6.49,1.86,34.58,140.0,131.0,2.0
22083.0,3.0,2.0,2.0,1.0,20.0,248.0,249.0,3.0,1.0,2.0,1.0,1.0,,,4.0,3.0,,5.0,4.0,8.0,8.0,2.65,,1.0,47.0,1.0,3.0,3.0,,1.0,2.0,2.0,1.0,2.0,2.0,1.0,2.0,2.0,1.0,61559.503246,62902.523023,2.0,30.0,1.0,660.0,,,2.0,2.0,2.0,2.0,1.0,4.0,62.0,,1.0,1.0,130.0,102.0,56.0,2.0,106.0,64.0,2.0,102.0,60.0,2.0,,,,104.0,62.0,2.0,,,,,2.0,,,,2.0,,,,,,,,,2.0,,,,2.0,2.0,0.0,2.0,2.0,2.0,2.0,2.0,2.0,2.0,2.0,,,,,,,,,,,,,,,2.0,,,,,,,,,,,,,,,,,,,,,,,,,,,,,,,,,,,1.0,1.0,1.0,2.0,1.0,2.0,1.0,2.0,,,3.0,,,,,,,,,,,,,,,,,,,,,,7.0,,,,,,,,,,,,,,3.0,,,,,,,,,,,,,,,,2.0,,,,,,,,,177.0,37.0,4.58,0.96,40.47,144.0,130.0,2.0
22094.0,3.0,2.0,2.0,2.0,32.0,392.0,393.0,1.0,3.0,2.0,2.0,2.0,5.0,,2.0,1.0,,1.0,4.0,6.0,6.0,1.36,2.0,1.0,32.0,2.0,2.0,1.0,2.0,1.0,2.0,2.0,1.0,2.0,2.0,1.0,2.0,2.0,1.0,32824.385915,34426.011744,1.0,31.0,1.0,511.0,,,2.0,2.0,2.0,2.0,1.0,4.0,68.0,,1.0,1.0,150.0,114.0,70.0,2.0,116.0,72.0,2.0,112.0,74.0,2.0,,,,114.0,73.0,2.0,,,,,2.0,,,,2.0,,,,,,,,,2.0,,,,2.0,2.0,0.0,2.0,2.0,2.0,2.0,2.0,2.0,2.0,2.0,,,,,,,,,,,,,,,2.0,,,,,,,,,,,,,,,,,,,,,,,,,,,,,,,,,,,2.0,,1.0,2.0,2.0,2.0,2.0,2.0,,,,,5.0,,,,,,,,,,,,,,,,,,,,,,,,,,,,,,,,,,,,,,,,,,,,,,,,,,2.0,,,,,,2.0,,,182.0,33.0,4.71,0.85,49.74,120.0,110.0,3.0
22098.0,3.0,2.0,1.0,2.0,37.0,455.0,456.0,1.0,3.0,2.0,2.0,1.0,7.0,,4.0,3.0,,1.0,3.0,11.0,,,2.0,1.0,33.0,2.0,1.0,1.0,4.0,1.0,2.0,2.0,1.0,2.0,2.0,1.0,2.0,2.0,1.0,28211.38374,29169.181187,1.0,40.0,1.0,805.0,,,2.0,2.0,2.0,2.0,1.0,5.0,72.0,,1.0,1.0,130.0,112.0,70.0,2.0,112.0,66.0,2.0,106.0,60.0,2.0,,,,109.0,63.0,2.0,,,,,2.0,,,,2.0,,,,,,,,,2.0,,,,2.0,2.0,0.0,2.0,2.0,2.0,2.0,2.0,2.0,2.0,2.0,,,,,,,,,,,,,,,2.0,,,,,,,,,,,,,,,,,,,,,,,,,,,,,,,,,,,1.0,3.0,1.0,2.0,2.0,2.0,1.0,2.0,1.0,,3.0,,,,,8.0,,,,,,,,,,,,,,,,,,,,,,,,,,,,,,2.0,,,,,,8.0,,,,,,,,,,,2.0,,,,,,2.0,,,207.0,41.0,5.35,1.06,38.69,114.0,106.0,3.0
22111.0,3.0,2.0,1.0,1.0,35.0,429.0,430.0,2.0,5.0,2.0,3.0,2.0,7.0,,2.0,1.0,,1.0,4.0,6.0,6.0,1.7,,2.0,34.0,2.0,3.0,1.0,2.0,2.0,2.0,2.0,1.0,2.0,2.0,2.0,2.0,2.0,2.0,68261.42702,73752.885251,2.0,40.0,1.0,508.0,,,2.0,2.0,2.0,2.0,1.0,3.0,58.0,,1.0,1.0,130.0,116.0,68.0,2.0,108.0,80.0,2.0,110.0,74.0,2.0,,,,109.0,77.0,2.0,,,,,2.0,,,,2.0,,,,,,,,,2.0,,,,2.0,2.0,0.0,2.0,2.0,2.0,2.0,2.0,2.0,2.0,2.0,,,,,,,,,,,,,,,2.0,,,,,,,,,,,,,,,,,,,,,,,,,,,,,,,,,,,1.0,4.0,2.0,2.0,1.0,2.0,2.0,2.0,,,,,,,,,,,,,,,,,,,1.0,,,,,,,,,,,,,,,,,,,,,,,,,,,,,,,,,,,,2.0,,,,,,2.0,,,197.0,59.0,5.09,1.53,37.15,163.0,147.0,2.0
22115.0,3.0,2.0,2.0,2.0,40.0,483.0,484.0,3.0,1.0,2.0,1.0,1.0,,,4.0,3.0,,5.0,2.0,6.0,6.0,2.16,2.0,2.0,40.0,1.0,4.0,5.0,,1.0,2.0,2.0,1.0,2.0,2.0,1.0,2.0,2.0,1.0,90859.018144,91098.18363,2.0,30.0,1.0,677.0,,,1.0,2.0,2.0,2.0,1.0,4.0,60.0,,1.0,1.0,120.0,90.0,64.0,2.0,86.0,58.0,2.0,94.0,62.0,2.0,,,,90.0,60.0,2.0,,,,,1.0,,,,2.0,,,,,,,,,2.0,,,,2.0,2.0,0.0,2.0,2.0,2.0,2.0,2.0,2.0,2.0,2.0,,,,,,,,,,,,,,,1.0,14.0,,,,,,,,39.0,,,,,,,,,,,,,,,,,,,,,,,,,,1.0,30.0,1.0,2.0,9.0,9.0,1.0,9.0,,,,,,,,,9.0,,,,,,,,,,,,,,,,,,,,,,,,,,,,1.0,,,,,,,,,,,,,,,,,,2.0,,,,,,2.0,,,151.0,52.0,3.9,1.34,32.85,131.0,123.0,3.0
22163.0,3.0,2.0,1.0,1.0,27.0,324.0,326.0,4.0,2.0,2.0,1.0,1.0,,,5.0,3.0,,5.0,7.0,5.0,5.0,0.91,,2.0,43.0,1.0,2.0,4.0,,1.0,2.0,2.0,1.0,2.0,2.0,1.0,2.0,2.0,1.0,23457.92968,25731.158909,2.0,42.0,1.0,614.0,,,2.0,2.0,2.0,2.0,1.0,4.0,78.0,,1.0,1.0,170.0,154.0,86.0,2.0,146.0,94.0,2.0,152.0,96.0,2.0,,,,149.0,95.0,1.0,1.0,2.0,,,2.0,,,,2.0,,,,,,,,,1.0,,,,2.0,2.0,0.0,2.0,2.0,2.0,2.0,2.0,2.0,2.0,2.0,,,,,,,,,,,,,,,2.0,,,,,,,,,,,,,,,,,,,,,,,,,,,,,,,,,,,1.0,10.0,2.0,2.0,2.0,2.0,2.0,2.0,,,,,,,,,,,,,,,,,,,,,,,,,,,,,,,,,,,,,,,,,,,,,,,,,,,,,,,2.0,,,,,,2.0,,,,,,,42.34,180.0,166.0,2.0
22164.0,3.0,2.0,1.0,2.0,23.0,281.0,282.0,4.0,2.0,2.0,1.0,1.0,,,5.0,3.0,,5.0,3.0,11.0,8.0,5.0,2.0,2.0,52.0,1.0,4.0,1.0,,1.0,2.0,2.0,1.0,2.0,2.0,1.0,2.0,2.0,1.0,29729.215649,30986.326496,1.0,36.0,1.0,653.0,,,1.0,2.0,2.0,2.0,1.0,3.0,76.0,,1.0,1.0,130.0,104.0,58.0,2.0,106.0,60.0,2.0,104.0,58.0,2.0,,,,105.0,59.0,2.0,,,,,2.0,,,,2.0,,,,,,,,,2.0,,,,2.0,2.0,0.0,2.0,2.0,2.0,2.0,2.0,2.0,2.0,2.0,,,,,,,,,,,,,,,2.0,,,,,,,,,,,,,,,,,,,,,,,,,,,,,,,,,,,1.0,0.0,1.0,2.0,2.0,1.0,1.0,2.0,,,3.0,,5.0,,,,,,,,,,,,,,,,,,,,,,,,,3.0,,5.0,,,,,1.0,,,,,,,,,,,,,,,,,,2.0,,,,,,2.0,,,173.0,64.0,4.47,1.66,30.18,169.0,154.0,1.0
22179.0,3.0,2.0,1.0,2.0,35.0,431.0,432.0,4.0,2.0,2.0,1.0,1.0,,,1.0,1.0,,2.0,3.0,3.0,3.0,0.69,2.0,2.0,35.0,1.0,1.0,2.0,,1.0,2.0,2.0,1.0,2.0,2.0,1.0,2.0,2.0,1.0,44951.882117,46223.776094,2.0,36.0,1.0,720.0,,,1.0,2.0,2.0,2.0,1.0,4.0,78.0,,1.0,1.0,150.0,118.0,76.0,2.0,120.0,78.0,2.0,118.0,78.0,2.0,,,,119.0,78.0,2.0,,,,,2.0,,,,2.0,,,,,,,,,2.0,,,,2.0,2.0,0.0,2.0,2.0,2.0,2.0,2.0,2.0,2.0,2.0,,,,,,,,,,,,,,,2.0,,,,,,,,,,,,,,,,,,,,,,,,,,,,,,,,,,,1.0,2.0,1.0,2.0,2.0,1.0,1.0,1.0,,,,,,,,,9.0,,,,,,,,,,,,,,,,,,,,,,,,,,,9.0,1.0,,,,,,,8.0,,,,,,,,,8.0,,2.0,,,,,,2.0,,,160.0,67.0,4.14,1.73,30.23,137.0,134.0,2.0
22186.0,3.0,2.0,2.0,1.0,22.0,268.0,268.0,3.0,1.0,2.0,1.0,1.0,,,3.0,2.0,,5.0,3.0,12.0,12.0,,,1.0,44.0,1.0,3.0,6.0,,1.0,2.0,2.0,1.0,2.0,2.0,1.0,2.0,2.0,1.0,73404.22245,75005.653867,1.0,29.0,1.0,871.0,,,2.0,2.0,2.0,2.0,1.0,5.0,84.0,,1.0,1.0,130.0,104.0,50.0,2.0,102.0,54.0,2.0,108.0,50.0,2.0,,,,105.0,52.0,2.0,,,,,2.0,,,,2.0,,,,,,,,,2.0,,,,2.0,2.0,0.0,2.0,2.0,2.0,2.0,2.0,2.0,2.0,2.0,,,,,,,,,,,,,,,2.0,,,,,,,,,,,,,,,,,,,,,,,,,,,,,,,,,,,1.0,0.0,1.0,2.0,2.0,2.0,1.0,1.0,,,3.0,4.0,,,,,,,,,,,,,,,,,,,,,,,,,,,,,,,,,,,,,,,,,9.0,,,,,,,,,9.0,2.0,,,,,,2.0,,,162.0,46.0,4.19,1.19,34.91,155.0,143.0,1.0
22194.0,3.0,2.0,1.0,1.0,46.0,557.0,558.0,3.0,1.0,2.0,1.0,1.0,,,4.0,3.0,,1.0,3.0,11.0,11.0,5.0,,1.0,46.0,1.0,4.0,1.0,4.0,1.0,2.0,2.0,1.0,2.0,2.0,1.0,2.0,2.0,1.0,92888.97928,97441.205355,2.0,35.0,1.0,607.0,,,1.0,2.0,2.0,2.0,1.0,4.0,78.0,,1.0,1.0,140.0,106.0,76.0,2.0,104.0,80.0,2.0,106.0,80.0,2.0,,,,105.0,80.0,2.0,,,,,2.0,,,,2.0,,,,,,,,,2.0,,,,2.0,2.0,0.0,2.0,2.0,2.0,2.0,1.0,2.0,2.0,2.0,,,,,,,,,,,,,,,2.0,,,,,,,,,,,,,,,,,,,,,,,,,,,,,,,,,,,1.0,0.0,2.0,2.0,1.0,2.0,1.0,1.0,,,,,,,,,,,,,,,,,,,,,,,,,7.0,8.0,,,,,,,,,,,,2.0,,,,,,,,,2.0,,,,,,,,2.0,,,,,,2.0,,,241.0,49.0,6.23,1.27,43.04,126.0,118.0,3.0
22206.0,3.0,2.0,1.0,2.0,25.0,306.0,307.0,3.0,1.0,2.0,1.0,1.0,,,4.0,3.0,,1.0,2.0,7.0,7.0,3.47,2.0,1.0,31.0,3.0,4.0,1.0,4.0,1.0,2.0,2.0,1.0,2.0,2.0,1.0,2.0,2.0,1.0,72300.337808,77518.621658,1.0,38.0,1.0,616.0,,,2.0,2.0,2.0,2.0,1.0,3.0,78.0,,1.0,1.0,140.0,110.0,78.0,2.0,102.0,76.0,2.0,,,2.0,,,2.0,102.0,76.0,2.0,,,,,2.0,,,,2.0,,,,,,,,,1.0,,,,2.0,2.0,0.0,2.0,2.0,2.0,2.0,2.0,2.0,2.0,2.0,,,,,,,,,,,,,,,2.0,,,,,,,,,,,,,,,,,,,,,,,,,,,,,,,,,,,1.0,0.0,2.0,2.0,2.0,2.0,1.0,2.0,,,,,,,,,,,,,,,,,,,,,,,,,,,,,,,,,,,,,,,3.0,,,,,,,,,,,,,,,,2.0,,,,,,2.0,,,247.0,71.0,6.39,1.84,46.6,130.0,127.0,3.0
22230.0,3.0,2.0,1.0,1.0,23.0,277.0,277.0,1.0,3.0,2.0,2.0,2.0,3.0,,2.0,1.0,,5.0,3.0,,5.0,2.15,,2.0,26.0,3.0,2.0,1.0,7.0,2.0,2.0,2.0,1.0,2.0,2.0,,,,,37182.325694,37755.360566,2.0,39.0,1.0,610.0,,,2.0,2.0,2.0,2.0,1.0,3.0,80.0,,1.0,1.0,130.0,,,2.0,104.0,68.0,2.0,,,2.0,102.0,70.0,2.0,102.0,70.0,1.0,8.0,1.0,2.0,,2.0,,,,2.0,,,,,,,,,1.0,,,,2.0,2.0,0.0,2.0,2.0,2.0,2.0,2.0,2.0,2.0,2.0,,,,,,,,,,,,,,,2.0,,,,,,,,,,,,,,,,,,,,,,,,,,,,,,,,,,,1.0,0.0,9.0,1.0,2.0,2.0,1.0,1.0,,,,,,,,,,,,3.0,,,,,,,,,,,,,,,,,,,,,,,,,1.0,,,,,,,,,1.0,,,,,,,,,2.0,,,,,,2.0,,,213.0,70.0,5.51,1.81,37.54,175.0,174.0,2.0
22234.0,3.0,2.0,2.0,1.0,29.0,351.0,351.0,3.0,1.0,2.0,1.0,1.0,,,3.0,2.0,,3.0,4.0,5.0,5.0,1.28,,1.0,67.0,1.0,2.0,1.0,2.0,1.0,2.0,2.0,1.0,2.0,2.0,1.0,2.0,2.0,1.0,44971.347531,47905.403207,2.0,31.0,1.0,853.0,,,2.0,2.0,2.0,2.0,1.0,5.0,70.0,,1.0,1.0,150.0,112.0,84.0,2.0,114.0,74.0,2.0,118.0,78.0,2.0,,,,116.0,76.0,2.0,,,,,2.0,,,,2.0,,,,,,,,,2.0,,,,2.0,2.0,0.0,2.0,2.0,2.0,2.0,2.0,2.0,2.0,2.0,,,,,,,,,,,,,,,2.0,,,,,,,,,,,,,,,,,,,,,,,,,,,,,,,,,,,1.0,2.0,1.0,2.0,2.0,1.0,2.0,2.0,,,,,,,,,9.0,,,,,,,,,,,,,,,,,,,,2.0,,,,,,,,,,,,,,,,,,,,,,,,,,2.0,,,,,,2.0,,,201.0,75.0,5.2,1.94,48.28,156.0,145.0,3.0
22236.0,3.0,2.0,1.0,1.0,25.0,305.0,305.0,4.0,2.0,2.0,1.0,1.0,,,5.0,3.0,,1.0,2.0,10.0,10.0,5.0,,2.0,25.0,1.0,5.0,1.0,5.0,1.0,2.0,2.0,1.0,2.0,2.0,1.0,2.0,2.0,1.0,25401.435382,27510.886808,1.0,38.0,1.0,577.0,,,2.0,2.0,2.0,2.0,1.0,5.0,68.0,,1.0,1.0,150.0,122.0,74.0,2.0,124.0,76.0,2.0,126.0,72.0,2.0,,,,125.0,74.0,2.0,,,,,2.0,,,,2.0,,,,,,,,,2.0,,,,2.0,2.0,0.0,2.0,2.0,2.0,2.0,2.0,2.0,2.0,2.0,,,,,,,,,,,,,,,2.0,,,,,,,,,,,,,,,,,,,,,,,,,,,,,,,,,,,1.0,0.0,1.0,2.0,1.0,2.0,1.0,2.0,,,3.0,,5.0,,,,,,,,,,,,,,,,,,,,,,9.0,,,,,,,,,,,,,,,,7.0,,9.0,,,,,,,,,,2.0,,,,,,2.0,,,206.0,43.0,5.33,1.11,36.38,164.0,145.0,1.0
22251.0,3.0,2.0,2.0,1.0,24.0,291.0,292.0,3.0,1.0,2.0,1.0,1.0,,,3.0,2.0,,1.0,4.0,6.0,6.0,1.75,,2.0,22.0,1.0,3.0,1.0,3.0,1.0,2.0,2.0,1.0,2.0,2.0,1.0,2.0,2.0,1.0,78130.600612,79835.145585,2.0,33.0,1.0,645.0,,,2.0,2.0,2.0,2.0,1.0,4.0,66.0,,1.0,1.0,140.0,112.0,72.0,2.0,114.0,74.0,2.0,108.0,78.0,2.0,,,,111.0,76.0,2.0,,,,,2.0,,,,2.0,,,,,,,,,2.0,,,,2.0,2.0,0.0,2.0,2.0,2.0,2.0,2.0,2.0,2.0,2.0,,,,,,,,,,,,,,,2.0,,,,,,,,,,,,,,,,,,,,,,,,,,,,,,,,,,,1.0,0.0,1.0,1.0,2.0,2.0,2.0,2.0,,,3.0,4.0,5.0,,,,,,,,,5.0,,,,,,,,,,,,,,,,,,,,,,,,,,,,,,,,,,,,,,,,,2.0,,,,,,2.0,,,199.0,41.0,5.15,1.06,43.34,168.0,168.0,2.0
22261.0,3.0,2.0,1.0,2.0,42.0,510.0,510.0,1.0,3.0,2.0,1.0,1.0,,,3.0,2.0,,1.0,6.0,8.0,8.0,1.98,2.0,1.0,39.0,3.0,4.0,1.0,3.0,1.0,2.0,2.0,1.0,2.0,2.0,1.0,2.0,2.0,1.0,18792.034181,19035.05651,2.0,39.0,1.0,589.0,,,2.0,2.0,2.0,2.0,1.0,4.0,96.0,1.0,2.0,1.0,150.0,118.0,86.0,2.0,,,2.0,118.0,84.0,2.0,116.0,88.0,2.0,117.0,86.0,2.0,,,,,2.0,,,,2.0,,,,,,,,,2.0,,,,2.0,2.0,0.0,2.0,2.0,2.0,2.0,2.0,2.0,2.0,2.0,,,,,,,,,,,,,,,2.0,,,,,,,,,,,,,,,,,,,,,,,,,,,,,,,,,,,1.0,0.0,1.0,2.0,2.0,2.0,2.0,2.0,1.0,,3.0,,,,,,9.0,,,,,,,,,,,,,,,,,,,,,,,,,,,,,,,,,,,,,,,,,,,,,,2.0,,,,,,2.0,,,250.0,53.0,6.47,1.37,21.9,153.0,,1.0
22264.0,3.0,2.0,2.0,1.0,47.0,567.0,568.0,4.0,2.0,1.0,1.0,1.0,,,4.0,3.0,,3.0,2.0,11.0,11.0,5.0,,2.0,71.0,,,2.0,,1.0,2.0,2.0,1.0,2.0,2.0,1.0,2.0,2.0,1.0,23269.9449,27192.682246,1.0,30.0,1.0,760.0,,,2.0,2.0,2.0,2.0,1.0,4.0,74.0,,1.0,1.0,170.0,142.0,86.0,2.0,142.0,92.0,2.0,,,2.0,,,2.0,142.0,92.0,2.0,,,,,2.0,,,,2.0,,,,,,,,,1.0,,,,2.0,2.0,0.0,2.0,2.0,2.0,2.0,1.0,1.0,2.0,2.0,2.0,,,,,,,,,,43.0,,,,2.0,,,,,,,,,,,,,,,,,,,,,,,,,,,,,,,,,,,1.0,4.0,1.0,2.0,2.0,2.0,1.0,2.0,,2.0,,,,,,,,,,,,,,,,,,,,,,,,,,,,,,,,,,,,,,,,,7.0,,,,,,,,,,,,1.0,1.0,,,,,2.0,,,,,,,47.91,116.0,106.0,3.0
22272.0,3.0,2.0,2.0,2.0,48.0,584.0,585.0,4.0,2.0,2.0,1.0,1.0,,,5.0,3.0,,1.0,2.0,10.0,10.0,5.0,2.0,2.0,48.0,1.0,5.0,1.0,4.0,1.0,2.0,2.0,1.0,2.0,2.0,1.0,2.0,2.0,1.0,35955.033043,35685.098291,2.0,32.0,1.0,698.0,,,2.0,2.0,2.0,2.0,1.0,4.0,88.0,,1.0,1.0,150.0,124.0,82.0,2.0,126.0,72.0,2.0,,,2.0,126.0,76.0,2.0,126.0,74.0,2.0,,,,,2.0,,,,2.0,,,,,,,,,2.0,,,,2.0,2.0,0.0,2.0,2.0,2.0,2.0,2.0,2.0,2.0,2.0,,,,,,,,,,,,,,,2.0,,,,,,,,,,,,,,,,,,,,,,,,,,,,,,,,,,,1.0,2.0,2.0,2.0,2.0,2.0,2.0,2.0,,,,,,,,,,,,,,,,,,,,,,,,,,,,,,,,,,,,,,,,,,,,,,,,,,,,,,,2.0,,,,,,2.0,,,191.0,41.0,4.94,1.06,28.22,129.0,116.0,2.0
22280.0,3.0,2.0,2.0,2.0,31.0,372.0,372.0,3.0,1.0,2.0,1.0,1.0,,,2.0,1.0,,1.0,5.0,8.0,8.0,2.18,2.0,1.0,40.0,1.0,2.0,1.0,2.0,1.0,2.0,2.0,1.0,2.0,2.0,1.0,2.0,2.0,1.0,87573.602383,95007.469692,2.0,31.0,1.0,572.0,,,2.0,2.0,2.0,2.0,1.0,3.0,74.0,,1.0,1.0,130.0,112.0,70.0,2.0,112.0,72.0,2.0,114.0,72.0,2.0,,,,113.0,72.0,2.0,,,,,2.0,,,,1.0,3.0,,,,,,,,2.0,,,,2.0,2.0,0.0,2.0,2.0,2.0,2.0,2.0,2.0,2.0,2.0,,,,,,,,,,,,,,,2.0,,,,,,,,,,,,,,,,,,,,,,,,,,,,,,,,,,,2.0,,1.0,2.0,2.0,2.0,2.0,1.0,,,3.0,,,,,,,,,,,,,,,,,,,,,,,,,,,,,,,,,,,,,,,,,,,1.0,,,,,,,,,2.0,,,,,,2.0,,,295.0,44.0,7.63,1.14,31.74,137.0,119.0,2.0
22285.0,3.0,2.0,2.0,1.0,46.0,558.0,559.0,3.0,1.0,2.0,1.0,1.0,,,3.0,2.0,,1.0,5.0,11.0,11.0,4.09,,1.0,46.0,1.0,3.0,1.0,,1.0,2.0,2.0,1.0,2.0,2.0,,,,,121691.680591,125594.466776,2.0,32.0,1.0,531.0,,,2.0,2.0,2.0,2.0,1.0,4.0,58.0,,1.0,1.0,150.0,116.0,74.0,2.0,118.0,74.0,2.0,116.0,78.0,2.0,,,,117.0,76.0,2.0,,,,,2.0,,,,2.0,,,,,,,,,1.0,,,,2.0,2.0,0.0,2.0,2.0,2.0,2.0,2.0,2.0,2.0,2.0,,,,,,,,,,,,,,,2.0,,,,,,,,,,,,,,,,,,,,,,,,,,,,,,,,,,,1.0,0.0,2.0,2.0,2.0,2.0,2.0,2.0,,,,,,,,,,,,,,,,,,,,,,,,,,,,,,,,,,,,,,,,,,,,,,,,,,,,,,,2.0,,,,,,2.0,,,239.0,31.0,6.18,0.8,34.6,140.0,127.0,2.0
22344.0,3.0,2.0,1.0,2.0,30.0,360.0,361.0,4.0,2.0,2.0,1.0,1.0,,,3.0,2.0,,5.0,7.0,9.0,3.0,0.78,2.0,2.0,30.0,1.0,3.0,5.0,,1.0,2.0,2.0,1.0,2.0,2.0,1.0,2.0,2.0,1.0,35810.067762,37047.852301,1.0,36.0,1.0,624.0,,,1.0,2.0,2.0,2.0,1.0,4.0,68.0,,1.0,1.0,140.0,120.0,64.0,2.0,124.0,66.0,2.0,124.0,64.0,2.0,,,,124.0,65.0,2.0,,,,,2.0,,,,2.0,,,,,,,,,2.0,,,,1.0,2.0,0.0,2.0,2.0,2.0,2.0,2.0,2.0,2.0,2.0,,,,28.0,,,,,,,,,,2.0,2.0,,,,,,,,,,,,,,,,,,,,,,,,,,,,,,,,,,,1.0,7.0,2.0,2.0,2.0,2.0,2.0,2.0,,,,,,,,,,,,,,,,,,,,,,,,,,,,,,,,,,,,,,,,,,,,,,,,,,,,,,,2.0,,,,,,2.0,,,198.0,44.0,5.12,1.14,33.74,144.0,131.0,2.0
22348.0,3.0,2.0,2.0,1.0,24.0,298.0,299.0,2.0,5.0,2.0,3.0,2.0,4.0,,4.0,3.0,,5.0,6.0,10.0,10.0,2.58,,1.0,23.0,3.0,3.0,5.0,,1.0,2.0,2.0,1.0,2.0,2.0,1.0,2.0,2.0,1.0,65324.140175,67844.633415,2.0,41.0,1.0,583.0,,,2.0,2.0,2.0,2.0,1.0,4.0,80.0,,1.0,1.0,150.0,120.0,56.0,2.0,118.0,62.0,2.0,120.0,66.0,2.0,,,,119.0,64.0,2.0,,,,,2.0,,,,2.0,,,,,,,,,2.0,,,,2.0,2.0,0.0,2.0,2.0,2.0,2.0,2.0,2.0,2.0,2.0,,,,,,,,,,,,,,,2.0,,,,,,,,,,,,,,,,,,,,,,,,,,,,,,,,,,,1.0,1.0,2.0,2.0,1.0,2.0,2.0,2.0,,,,,,,,,,,,,,,,,,,,,,,,,7.0,,,,,,,,,,,,,,,,,,,,,,,,,,,,,,2.0,,,,,,2.0,,,138.0,52.0,3.57,1.34,44.56,157.0,147.0,3.0
22370.0,3.0,2.0,1.0,1.0,36.0,435.0,436.0,1.0,3.0,2.0,2.0,2.0,2.0,,1.0,1.0,,1.0,7.0,,13.0,,,1.0,36.0,2.0,1.0,1.0,,2.0,2.0,2.0,2.0,2.0,2.0,2.0,2.0,2.0,2.0,31941.550819,36135.585568,1.0,38.0,1.0,786.0,,,1.0,2.0,2.0,2.0,1.0,4.0,82.0,,1.0,1.0,150.0,,,2.0,112.0,82.0,1.0,114.0,84.0,2.0,120.0,82.0,1.0,117.0,83.0,2.0,,,,,2.0,,,,2.0,,,,,,,,,2.0,,,,2.0,2.0,0.0,2.0,2.0,2.0,2.0,2.0,2.0,2.0,2.0,,,,,,,,,,,,,,,2.0,,,,,,,,,,,,,,,,,,,,,,,,,,,,,,,,,,,1.0,0.0,2.0,2.0,1.0,2.0,2.0,2.0,,,,,,,,,,,,,,,,,,,,,3.0,,,,,,,,,,,,,,,,,,,,,,,,,,,,,,,,,,2.0,,,,,,2.0,,,232.0,53.0,6.0,1.37,37.99,149.0,140.0,2.0
22375.0,3.0,2.0,2.0,1.0,43.0,520.0,521.0,3.0,1.0,2.0,1.0,1.0,,,4.0,3.0,,1.0,3.0,9.0,9.0,4.08,,1.0,43.0,1.0,4.0,1.0,4.0,1.0,2.0,2.0,1.0,2.0,2.0,1.0,2.0,2.0,1.0,82500.207596,85146.080091,2.0,30.0,1.0,655.0,,,2.0,2.0,2.0,2.0,1.0,4.0,78.0,,1.0,1.0,150.0,126.0,82.0,2.0,120.0,76.0,2.0,124.0,76.0,2.0,,,,122.0,76.0,2.0,,,,,2.0,,,,2.0,,,,,,,,,2.0,,,,2.0,2.0,0.0,2.0,2.0,2.0,2.0,2.0,2.0,2.0,2.0,,,,,,,,,,,,,,,2.0,,,,,,,,,,,,,,,,,,,,,,,,,,,,,,,,,,,1.0,0.0,2.0,2.0,2.0,2.0,2.0,2.0,,,,,,,,,,,,,,,,,,,,,,,,,,,,,,,,,,,,,,,,,,,,,,,,,,,,,,,1.0,1.0,,,,,2.0,,,224.0,59.0,5.79,1.53,31.86,151.0,136.0,1.0
22391.0,3.0,2.0,2.0,1.0,29.0,355.0,355.0,4.0,2.0,2.0,1.0,1.0,,,4.0,3.0,,5.0,4.0,8.0,2.0,1.03,,1.0,29.0,1.0,4.0,5.0,,1.0,2.0,2.0,1.0,2.0,2.0,1.0,2.0,2.0,1.0,23022.518333,25253.553309,2.0,41.0,1.0,607.0,,,2.0,2.0,2.0,2.0,1.0,3.0,56.0,,1.0,1.0,120.0,100.0,74.0,2.0,106.0,68.0,2.0,106.0,68.0,2.0,,,,106.0,68.0,1.0,9.0,2.0,,,2.0,,,,2.0,,,,,,,,,2.0,,,,2.0,2.0,0.0,2.0,2.0,2.0,2.0,2.0,2.0,2.0,2.0,,,,,,,,,,,,,,,2.0,,,,,,,,,,,,,,,,,,,,,,,,,,,,,,,,,,,1.0,4.0,1.0,2.0,1.0,2.0,1.0,1.0,,,,,,,,8.0,9.0,,,,,,,,,,,,,,,,,,9.0,,,,,,,,,,,,,,,,,8.0,9.0,1.0,,,,,,,,,2.0,,,,,,2.0,,,150.0,68.0,3.88,1.76,44.93,160.0,150.0,3.0
22404.0,3.0,2.0,2.0,2.0,42.0,505.0,505.0,3.0,1.0,2.0,1.0,1.0,,,5.0,3.0,,1.0,4.0,11.0,11.0,3.98,2.0,1.0,42.0,1.0,4.0,1.0,5.0,1.0,2.0,2.0,1.0,2.0,2.0,1.0,2.0,2.0,1.0,90859.018144,93751.045208,2.0,30.0,1.0,725.0,,,1.0,2.0,2.0,2.0,1.0,4.0,70.0,,1.0,1.0,120.0,104.0,64.0,2.0,110.0,58.0,2.0,102.0,66.0,2.0,,,,106.0,62.0,2.0,,,,,2.0,,,,2.0,,,,,,,,,2.0,,,,1.0,2.0,0.0,2.0,2.0,2.0,2.0,1.0,2.0,2.0,2.0,,,,40.0,,,,,,,,,,1.0,2.0,,,,,,,,,,,,,,,,,,,,,,,,,,,,,,,,,,,1.0,1.0,2.0,2.0,1.0,2.0,1.0,2.0,,,,,,,,,,,,,,,,,,,1.0,,,,,,,,,,,,,,,,,,,,,,,,,8.0,,,,,,,,,,,2.0,,,,,,2.0,,,149.0,47.0,3.85,1.22,38.15,110.0,102.0,3.0
22414.0,3.0,2.0,2.0,1.0,25.0,311.0,312.0,3.0,1.0,2.0,3.0,1.0,6.0,,5.0,3.0,,5.0,5.0,11.0,6.0,2.69,,1.0,29.0,3.0,5.0,5.0,,1.0,2.0,2.0,1.0,2.0,2.0,1.0,2.0,2.0,1.0,58642.087621,60904.757823,2.0,29.0,1.0,536.0,,,1.0,2.0,2.0,2.0,1.0,4.0,90.0,,1.0,1.0,130.0,110.0,78.0,2.0,112.0,72.0,2.0,,,2.0,,,2.0,112.0,72.0,2.0,,,,,2.0,,,,1.0,2.0,,,,,,,,2.0,,,,2.0,2.0,0.0,2.0,2.0,2.0,2.0,2.0,2.0,2.0,2.0,,,,,,,,,,,,,,,2.0,,,,,,,,,,,,,,,,,,,,,,,,,,,,,,,,,,,1.0,0.0,2.0,1.0,2.0,1.0,2.0,2.0,,,,,,,,,,,,,,,,,,9.0,,,,,,,,,,1.0,,,,,,,,,,,,,,,,,,,,,,,,,,,2.0,,,,,,2.0,,,219.0,29.0,5.66,0.75,42.83,147.0,129.0,2.0
22424.0,3.0,2.0,1.0,2.0,24.0,288.0,289.0,3.0,1.0,2.0,1.0,1.0,,,3.0,2.0,,1.0,4.0,,99.0,,2.0,2.0,52.0,1.0,2.0,3.0,,1.0,2.0,2.0,1.0,2.0,2.0,1.0,2.0,2.0,1.0,59368.487124,62145.329221,1.0,38.0,1.0,715.0,,,1.0,2.0,2.0,2.0,1.0,4.0,96.0,,1.0,1.0,150.0,120.0,72.0,2.0,124.0,76.0,2.0,122.0,76.0,2.0,,,,123.0,76.0,2.0,,,,,2.0,,,,2.0,,,,,,,,,1.0,,,,2.0,2.0,0.0,2.0,2.0,2.0,2.0,2.0,2.0,2.0,2.0,,,,,,,,,,,,,,,2.0,,,,,,,,,,,,,,,,,,,,,,,,,,,,,,,,,,,2.0,,2.0,2.0,2.0,2.0,1.0,2.0,,,,,,,,,,,,,,,,,,,,,,,,,,,,,,,,,,,,,,,3.0,,,,,,,,,,,,,,,,2.0,,,,,,2.0,,,226.0,35.0,5.84,0.91,37.9,133.0,127.0,3.0
22433.0,3.0,2.0,1.0,1.0,44.0,530.0,531.0,1.0,3.0,2.0,2.0,2.0,4.0,,4.0,3.0,,1.0,3.0,3.0,3.0,0.89,,1.0,44.0,2.0,4.0,1.0,,2.0,2.0,1.0,1.0,2.0,2.0,2.0,2.0,2.0,2.0,25669.244882,26054.946345,2.0,38.0,1.0,669.0,,,2.0,2.0,2.0,2.0,1.0,4.0,76.0,,1.0,1.0,150.0,108.0,78.0,2.0,112.0,88.0,2.0,114.0,76.0,2.0,,,,113.0,82.0,2.0,,,,,2.0,,,,2.0,,,,,,,,,2.0,,,,1.0,2.0,0.0,2.0,2.0,2.0,2.0,1.0,2.0,2.0,2.0,,,,43.0,,,,,,,,,,3.0,2.0,,,,,,,,,,,,,,,,,,,,,,,,,,,,,,,,,,,1.0,0.0,1.0,2.0,2.0,2.0,2.0,2.0,,,,,5.0,,,,,,,,,,,,,,,,,,,,,,,,,,,,,,,,,,,,,,,,,,,,,,,,,,1.0,,2.0,,,,2.0,,,220.0,61.0,5.69,1.58,44.62,145.0,,3.0
22446.0,3.0,2.0,2.0,1.0,25.0,306.0,307.0,3.0,1.0,2.0,1.0,1.0,,,3.0,2.0,,5.0,4.0,,12.0,,,1.0,60.0,1.0,5.0,1.0,3.0,1.0,2.0,2.0,1.0,2.0,2.0,1.0,2.0,2.0,1.0,61559.503246,62902.523023,2.0,30.0,1.0,752.0,,,1.0,2.0,2.0,2.0,1.0,4.0,44.0,,1.0,1.0,140.0,102.0,72.0,2.0,100.0,74.0,2.0,102.0,72.0,2.0,,,,101.0,73.0,2.0,,,,,2.0,,,,2.0,,,,,,,,,2.0,,,,2.0,2.0,0.0,2.0,2.0,2.0,2.0,2.0,2.0,2.0,2.0,,,,,,,,,,,,,,,2.0,,,,,,,,,,,,,,,,,,,,,,,,,,,,,,,,,,,1.0,0.0,2.0,2.0,2.0,2.0,2.0,2.0,,,,,,,,,,,,,,,,,,,,,,,,,,,,,,,,,,,,,,,,,,,,,,,,,,,,,,,2.0,,,,,,2.0,,,187.0,82.0,4.84,2.12,46.06,157.0,209.0,3.0
22449.0,3.0,2.0,1.0,2.0,28.0,336.0,337.0,1.0,3.0,2.0,1.0,1.0,,,5.0,3.0,,5.0,3.0,10.0,6.0,2.64,2.0,2.0,54.0,1.0,3.0,2.0,,1.0,2.0,2.0,1.0,2.0,2.0,1.0,2.0,2.0,1.0,33647.258445,35920.948335,1.0,34.0,1.0,671.0,,,2.0,2.0,2.0,2.0,1.0,4.0,76.0,,1.0,1.0,140.0,120.0,68.0,2.0,118.0,68.0,2.0,118.0,68.0,2.0,,,,118.0,68.0,2.0,,,,,2.0,,,,2.0,,,,,,,,,2.0,,,,2.0,2.0,0.0,2.0,2.0,2.0,2.0,2.0,2.0,2.0,2.0,,,,,,,,,,,,,,,2.0,,,,,,,,,,,,,,,,,,,,,,,,,,,,,,,,,,,1.0,1.0,2.0,2.0,1.0,2.0,2.0,1.0,,,,,,,,,,,,,,,,,,,1.0,,,,,,,,,,,,,,,,,,,,,,,,,,,1.0,,,,,,,,,2.0,,,,,,2.0,,,198.0,41.0,5.12,1.06,29.17,138.0,134.0,1.0
22460.0,3.0,2.0,1.0,1.0,20.0,250.0,251.0,3.0,1.0,2.0,1.0,1.0,,,4.0,3.0,,5.0,1.0,1.0,1.0,0.32,,1.0,20.0,1.0,4.0,5.0,,1.0,2.0,2.0,1.0,2.0,2.0,1.0,2.0,2.0,1.0,30941.533268,32915.225399,2.0,43.0,1.0,690.0,,,2.0,2.0,2.0,2.0,1.0,4.0,78.0,,1.0,1.0,150.0,116.0,62.0,2.0,,,2.0,116.0,58.0,2.0,136.0,66.0,2.0,126.0,62.0,2.0,,,,,2.0,,,,2.0,,,,,,,,,2.0,,,,2.0,2.0,0.0,2.0,2.0,2.0,2.0,2.0,2.0,2.0,2.0,,,,,,,,,,,,,,,2.0,,,,,,,,,,,,,,,,,,,,,,,,,,,,,,,,,,,2.0,,1.0,2.0,2.0,2.0,1.0,2.0,,,,,5.0,6.0,,,,,,,,,,,,,,,,,,,,,,,,,,,,,,,,,,,5.0,6.0,,,,,,,,,,,,,1.0,,,3.0,,,2.0,,,121.0,59.0,3.13,1.53,57.26,159.0,,3.0
22466.0,3.0,2.0,1.0,1.0,29.0,353.0,353.0,1.0,3.0,2.0,1.0,1.0,,,2.0,1.0,,1.0,2.0,7.0,7.0,2.8,,2.0,29.0,2.0,3.0,1.0,2.0,1.0,2.0,2.0,1.0,2.0,2.0,1.0,2.0,2.0,1.0,26176.488723,26197.625111,2.0,40.0,1.0,832.0,,,1.0,2.0,2.0,2.0,1.0,4.0,52.0,,1.0,1.0,150.0,116.0,70.0,2.0,116.0,64.0,2.0,116.0,62.0,2.0,,,,116.0,63.0,2.0,,,,,2.0,,,,2.0,,,,,,,,,2.0,,,,2.0,2.0,0.0,2.0,2.0,2.0,2.0,2.0,2.0,2.0,2.0,,,,,,,,,,,,,,,2.0,,,,,,,,,,,,,,,,,,,,,,,,,,,,,,,,,,,1.0,0.0,1.0,1.0,2.0,2.0,2.0,2.0,,2.0,,,5.0,,,,9.0,,,3.0,,,,,,,,,,,,,,,,,,,,,,,,,,,,,,,,,,,,,,,,,,,2.0,,,,,,2.0,,,214.0,76.0,5.53,1.97,45.52,157.0,142.0,3.0
22485.0,3.0,2.0,1.0,2.0,20.0,246.0,246.0,3.0,1.0,2.0,1.0,1.0,,,3.0,2.0,,5.0,5.0,11.0,11.0,3.6,2.0,1.0,39.0,1.0,2.0,1.0,2.0,1.0,2.0,2.0,1.0,2.0,2.0,1.0,2.0,2.0,1.0,74555.024987,79805.767091,1.0,37.0,1.0,497.0,,,1.0,2.0,2.0,2.0,1.0,3.0,98.0,,1.0,1.0,140.0,118.0,70.0,2.0,,,2.0,,,2.0,,,2.0,118.0,70.0,2.0,,,,,2.0,,,,2.0,,,,,,,,,2.0,,,,2.0,2.0,0.0,2.0,2.0,2.0,2.0,2.0,2.0,2.0,2.0,,,,,,,,,,,,,,,2.0,,,,,,,,,,,,,,,,,,,,,,,,,,,,,,,,,,,2.0,,2.0,2.0,2.0,2.0,2.0,2.0,,,,,,,,,,,,,,,,,,,,,,,,,,,,,,,,,,,,,,,,,,,,,,,,,,,,,,,2.0,,,,,,2.0,,,140.0,72.0,3.62,1.86,37.27,150.0,149.0,3.0
22501.0,3.0,2.0,1.0,1.0,37.0,444.0,445.0,1.0,3.0,2.0,1.0,1.0,,,2.0,1.0,,1.0,7.0,8.0,7.0,1.86,,1.0,37.0,1.0,2.0,1.0,2.0,1.0,2.0,2.0,1.0,2.0,2.0,1.0,2.0,2.0,1.0,37244.11396,38602.509609,1.0,34.0,1.0,657.0,,,2.0,2.0,2.0,2.0,1.0,4.0,50.0,,1.0,1.0,150.0,132.0,76.0,2.0,130.0,82.0,2.0,128.0,80.0,2.0,,,,129.0,81.0,2.0,,,,,2.0,,,,2.0,,,,,,,,,2.0,,,,2.0,2.0,0.0,2.0,2.0,2.0,2.0,2.0,2.0,2.0,2.0,,,,,,,,,,,,,,,2.0,,,,,,,,,,,,,,,,,,,,,,,,,,,,,,,,,,,1.0,0.0,2.0,2.0,2.0,2.0,1.0,9.0,,,,,,,,,,,,,,,,,,,,,,,,,,,,,,,,,,,,,,2.0,,,,,,,,,,,,,,,,,9.0,,,,,,2.0,,,189.0,64.0,4.89,1.66,32.28,160.0,137.0,1.0
22506.0,3.0,2.0,2.0,2.0,20.0,251.0,251.0,3.0,1.0,2.0,1.0,1.0,,,4.0,3.0,,5.0,3.0,,99.0,,2.0,2.0,72.0,1.0,3.0,2.0,,1.0,2.0,2.0,1.0,2.0,2.0,1.0,2.0,2.0,1.0,74434.953907,76658.549143,1.0,29.0,1.0,772.0,,,1.0,2.0,2.0,1.0,1.0,4.0,78.0,,1.0,1.0,140.0,108.0,54.0,2.0,108.0,60.0,2.0,108.0,58.0,2.0,,,,108.0,59.0,1.0,12.0,1.0,1.0,1.0,2.0,,,,2.0,,,,,,,,,2.0,,,,2.0,2.0,0.0,2.0,2.0,2.0,2.0,1.0,1.0,2.0,2.0,9.0,,,,,,,,,,8.0,,,,2.0,,,,,,,,,,,,,,,,,,,,,,,,,,,,,,,,,,,1.0,4.0,1.0,2.0,2.0,2.0,2.0,1.0,,,3.0,,,,,,,,,,,,,,,,,,,,,,,,,,,,,,,,,,,,,,,,,,,,,,4.0,,,,,,1.0,,,3.0,,,2.0,,,200.0,87.0,5.17,2.25,32.82,145.0,,2.0
22519.0,3.0,2.0,2.0,1.0,34.0,408.0,408.0,4.0,2.0,2.0,1.0,1.0,,,3.0,2.0,,5.0,3.0,8.0,8.0,3.06,,1.0,56.0,1.0,4.0,1.0,3.0,1.0,2.0,2.0,1.0,2.0,2.0,1.0,2.0,2.0,1.0,32404.092894,32440.989677,2.0,34.0,1.0,718.0,,,2.0,2.0,2.0,2.0,1.0,4.0,98.0,,1.0,1.0,160.0,148.0,78.0,2.0,152.0,68.0,2.0,,,2.0,,,2.0,152.0,68.0,2.0,,,,,2.0,,,,2.0,,,,,,,,,2.0,,,,2.0,2.0,0.0,2.0,2.0,2.0,2.0,2.0,2.0,2.0,2.0,,,,,,,,,,,,,,,2.0,,,,,,,,,,,,,,,,,,,,,,,,,,,,,,,,,,,1.0,0.0,1.0,2.0,1.0,2.0,1.0,1.0,,2.0,3.0,4.0,5.0,6.0,,,9.0,,,,,,,,,,,2.0,,,,,,,,,,,,,,,,,,,,,,,,,9.0,,,,,,,,,9.0,2.0,,,,,,2.0,,,231.0,88.0,5.97,2.28,46.09,140.0,135.0,3.0
22522.0,3.0,2.0,2.0,1.0,30.0,363.0,364.0,3.0,1.0,2.0,1.0,1.0,,,5.0,3.0,,5.0,1.0,11.0,11.0,5.0,,1.0,30.0,1.0,5.0,5.0,,1.0,2.0,2.0,1.0,2.0,2.0,1.0,2.0,2.0,1.0,81784.036681,90507.672945,1.0,36.0,1.0,652.0,,,1.0,2.0,2.0,2.0,1.0,4.0,62.0,,1.0,1.0,160.0,120.0,68.0,2.0,128.0,72.0,2.0,122.0,66.0,2.0,,,,125.0,69.0,2.0,,,,,2.0,,,,2.0,,,,,,,,,2.0,,,,2.0,2.0,0.0,2.0,2.0,2.0,2.0,2.0,2.0,2.0,2.0,,,,,,,,,,,,,,,2.0,,,,,,,,,,,,,,,,,,,,,,,,,,,,,,,,,,,1.0,0.0,2.0,2.0,2.0,2.0,1.0,1.0,,,,,,,,,,,,,,,,,,,,,,,,,,,,,,,,,,,,,,2.0,,,,,,,,,2.0,,,,,,,,2.0,,,,,,2.0,,,136.0,65.0,3.52,1.68,47.95,143.0,129.0,3.0
22533.0,3.0,2.0,1.0,1.0,27.0,332.0,333.0,5.0,4.0,2.0,1.0,1.0,,,4.0,3.0,,5.0,1.0,8.0,8.0,4.83,,1.0,27.0,1.0,4.0,5.0,,1.0,2.0,2.0,1.0,2.0,2.0,1.0,2.0,2.0,1.0,70064.647843,74533.917125,2.0,35.0,1.0,645.0,,,1.0,2.0,2.0,2.0,1.0,4.0,86.0,,1.0,1.0,150.0,,,2.0,108.0,66.0,2.0,104.0,80.0,2.0,110.0,74.0,2.0,107.0,77.0,2.0,,,,,2.0,,,,2.0,,,,,,,,,2.0,,,,2.0,2.0,0.0,2.0,2.0,2.0,2.0,2.0,2.0,2.0,2.0,,,,,,,,,,,,,,,2.0,,,,,,,,,,,,,,,,,,,,,,,,,,,,,,,,,,,1.0,0.0,1.0,2.0,2.0,2.0,2.0,2.0,1.0,,,,,,,,,,,,,,,,,,,,,,,,,,,,,,,,,,,,,,,,,,,,,,,,,,,,,,2.0,,,,,,2.0,,,240.0,45.0,6.21,1.16,46.9,149.0,140.0,3.0
22547.0,3.0,2.0,2.0,1.0,28.0,339.0,339.0,1.0,3.0,2.0,2.0,2.0,2.0,,3.0,2.0,,2.0,2.0,3.0,3.0,1.14,,1.0,28.0,2.0,3.0,2.0,,2.0,2.0,2.0,2.0,2.0,2.0,2.0,2.0,2.0,2.0,33741.19615,33768.440715,2.0,37.0,1.0,599.0,,,2.0,2.0,2.0,2.0,1.0,3.0,66.0,,1.0,1.0,140.0,,,2.0,106.0,50.0,2.0,106.0,50.0,2.0,104.0,58.0,2.0,105.0,54.0,2.0,,,,,2.0,,,,2.0,,,,,,,,,2.0,,,,2.0,2.0,0.0,2.0,2.0,2.0,2.0,2.0,2.0,2.0,2.0,,,,,,,,,,,,,,,2.0,,,,,,,,,,,,,,,,,,,,,,,,,,,,,,,,,,,2.0,,2.0,2.0,2.0,2.0,2.0,2.0,,,,,,,,,,,,,,,,,,,,,,,,,,,,,,,,,,,,,,,,,,,,,,,,,,,,,,,2.0,,,,,,2.0,,,127.0,23.0,3.28,0.59,51.74,144.0,136.0,3.0
22549.0,3.0,2.0,1.0,2.0,31.0,376.0,377.0,1.0,3.0,2.0,2.0,1.0,6.0,,5.0,3.0,,1.0,5.0,11.0,11.0,4.46,2.0,2.0,31.0,2.0,5.0,1.0,5.0,1.0,2.0,2.0,1.0,2.0,2.0,1.0,2.0,2.0,1.0,28553.716489,29523.136387,1.0,43.0,1.0,901.0,,,2.0,2.0,2.0,2.0,1.0,3.0,70.0,,1.0,1.0,120.0,104.0,68.0,2.0,104.0,68.0,2.0,98.0,64.0,2.0,,,,101.0,66.0,2.0,,,,,2.0,,,,2.0,,,,,,,,,2.0,,,,2.0,2.0,0.0,2.0,2.0,2.0,2.0,2.0,2.0,2.0,2.0,,,,,,,,,,,,,,,2.0,,,,,,,,,,,,,,,,,,,,,,,,,,,,,,,,,,,1.0,10.0,1.0,2.0,1.0,2.0,1.0,2.0,,2.0,,,,,,,,,,,,,,,,,,,,,,,,,9.0,,,,,,,,,,,,,,,,,8.0,,,,,,,,,,,2.0,,,,,,2.0,,,154.0,64.0,3.98,1.66,41.04,131.0,124.0,3.0
22577.0,3.0,2.0,2.0,1.0,45.0,542.0,543.0,2.0,5.0,2.0,3.0,1.0,6.0,,4.0,3.0,,1.0,6.0,6.0,5.0,1.11,,1.0,45.0,3.0,4.0,1.0,3.0,1.0,2.0,2.0,1.0,2.0,2.0,1.0,2.0,2.0,1.0,37472.087143,39308.488119,1.0,36.0,1.0,941.0,,,1.0,2.0,2.0,2.0,1.0,4.0,82.0,,1.0,1.0,150.0,138.0,78.0,2.0,136.0,82.0,2.0,136.0,82.0,2.0,,,,136.0,82.0,2.0,,,,,2.0,,,,2.0,,,,,,,,,2.0,,,,2.0,2.0,0.0,2.0,2.0,2.0,2.0,2.0,2.0,2.0,2.0,,,,,,,,,,,,,,,2.0,,,,,,,,,,,,,,,,,,,,,,,,,,,,,,,,,,,1.0,0.0,1.0,2.0,2.0,2.0,2.0,2.0,,,3.0,,,,,,,,,,,,,,,,,,,,,,,,,,,,,,,,,,,,,,,,,,,,,,,,,,,,1.0,,2.0,,,,2.0,,,242.0,38.0,6.26,0.98,54.76,122.0,114.0,3.0
22583.0,3.0,2.0,1.0,2.0,36.0,432.0,433.0,4.0,2.0,2.0,1.0,1.0,,,3.0,2.0,,5.0,5.0,3.0,2.0,0.34,2.0,1.0,18.0,1.0,2.0,6.0,,1.0,2.0,2.0,1.0,2.0,2.0,1.0,2.0,2.0,1.0,35810.067762,36823.298073,1.0,36.0,1.0,641.0,,,2.0,2.0,2.0,2.0,1.0,4.0,68.0,,1.0,1.0,150.0,120.0,74.0,2.0,118.0,74.0,2.0,122.0,76.0,2.0,,,,120.0,75.0,1.0,12.0,9.0,,,2.0,,,,2.0,,,,,,,,,2.0,,,,2.0,2.0,0.0,2.0,2.0,2.0,2.0,2.0,2.0,2.0,2.0,,,,,,,,,,,,,,,2.0,,,,,,,,,,,,,,,,,,,,,,,,,,,,,,,,,,,1.0,0.0,2.0,1.0,2.0,2.0,2.0,2.0,,,,,,,,,,,,,4.0,,,,,,,,,,,,,,,,,,,,,,,,,,,,,,,,,,,,,,,,,,2.0,,,,,,2.0,,,148.0,53.0,3.83,1.37,47.17,122.0,120.0,3.0
22586.0,3.0,2.0,2.0,2.0,32.0,390.0,390.0,3.0,1.0,2.0,1.0,1.0,,,4.0,3.0,,3.0,1.0,6.0,6.0,3.22,2.0,2.0,32.0,1.0,4.0,3.0,,1.0,2.0,2.0,1.0,2.0,2.0,1.0,2.0,2.0,1.0,68999.693052,69773.36285,2.0,30.0,1.0,680.0,,,2.0,2.0,2.0,2.0,1.0,3.0,92.0,,1.0,1.0,140.0,106.0,64.0,2.0,112.0,62.0,2.0,110.0,60.0,2.0,,,,111.0,61.0,2.0,,,,,2.0,,,,2.0,,,,,,,,,2.0,,,,2.0,2.0,0.0,2.0,2.0,2.0,2.0,2.0,2.0,2.0,2.0,,,,,,,,,,,,,,,2.0,,,,,,,,,,,,,,,,,,,,,,,,,,,,,,,,,,,1.0,2.0,1.0,2.0,2.0,2.0,2.0,2.0,,,,4.0,,,,,,,,,,,,,,,,,,,,,,,,,,,,,,,,,,,,,,,,,,,,,,,,,,,2.0,,,,,,2.0,,,238.0,70.0,6.15,1.81,26.12,165.0,158.0,1.0
22611.0,3.0,2.0,1.0,1.0,49.0,599.0,600.0,3.0,1.0,2.0,1.0,1.0,,,3.0,2.0,,1.0,3.0,11.0,11.0,5.0,,1.0,49.0,1.0,3.0,1.0,3.0,1.0,2.0,2.0,1.0,2.0,2.0,1.0,2.0,2.0,1.0,111415.606522,114988.827697,1.0,34.0,1.0,812.0,,,1.0,2.0,2.0,2.0,1.0,4.0,62.0,,1.0,1.0,140.0,114.0,74.0,2.0,112.0,72.0,2.0,112.0,72.0,2.0,,,,112.0,72.0,2.0,,,,,2.0,,,,2.0,,,,,,,,,2.0,,,,2.0,2.0,0.0,2.0,2.0,2.0,2.0,2.0,2.0,2.0,2.0,,,,,,,,,,,,,,,2.0,,,,,,,,,,,,,,,,,,,,,,,,,,,,,,,,,,,1.0,0.0,2.0,2.0,2.0,1.0,2.0,2.0,,,,,,,,,,,,,,,,,,,,,,,,,,,,1.0,,,,,,,,,,,,,,,,,,,,,,,,,,,2.0,,,,,,1.0,60.0,,241.0,53.0,6.23,1.37,40.95,129.0,126.0,3.0
22612.0,3.0,2.0,1.0,2.0,22.0,267.0,267.0,4.0,2.0,2.0,1.0,1.0,,,4.0,3.0,,5.0,2.0,4.0,4.0,1.24,2.0,2.0,47.0,1.0,4.0,4.0,,1.0,2.0,2.0,1.0,2.0,2.0,1.0,2.0,2.0,,27520.929505,28322.162094,2.0,42.0,1.0,736.0,,,1.0,2.0,2.0,2.0,1.0,3.0,98.0,,1.0,1.0,150.0,134.0,58.0,2.0,124.0,60.0,2.0,120.0,66.0,2.0,,,,122.0,63.0,2.0,,,,,2.0,,,,2.0,,,,,,,,,2.0,,,,2.0,2.0,0.0,2.0,2.0,2.0,2.0,2.0,2.0,2.0,2.0,,,,,,,,,,,,,,,2.0,,,,,,,,,,,,,,,,,,,,,,,,,,,,,,,,,,,2.0,,1.0,2.0,2.0,2.0,2.0,2.0,,,,,,,,,9.0,,,,,,,,,,,,,,,,,,,,,,,,,,,,,,,,,,,,,,,,,,,,,,2.0,,,,,,2.0,,,181.0,112.0,4.68,2.9,38.15,147.0,145.0,3.0
22619.0,3.0,2.0,2.0,2.0,43.0,524.0,525.0,3.0,1.0,2.0,1.0,1.0,,,4.0,3.0,,1.0,4.0,5.0,5.0,1.27,2.0,1.0,43.0,1.0,3.0,1.0,4.0,1.0,2.0,2.0,1.0,2.0,2.0,1.0,2.0,2.0,1.0,50213.954371,51812.255981,2.0,31.0,1.0,626.0,,,1.0,2.0,2.0,2.0,1.0,3.0,96.0,,1.0,1.0,120.0,94.0,52.0,2.0,90.0,56.0,2.0,92.0,54.0,2.0,,,,91.0,55.0,2.0,,,,,2.0,,,,2.0,,,,,,,,,2.0,,,,2.0,2.0,0.0,2.0,2.0,2.0,2.0,2.0,2.0,2.0,2.0,,,,,,,,,,,,,,,2.0,,,,,,,,,,,,,,,,,,,,,,,,,,,,,,,,,,,2.0,,1.0,2.0,2.0,1.0,2.0,1.0,,,3.0,,,,,,,,,,,,,,,,,,,,,,,,,1.0,,,,,,,,,,,,,,,,,,1.0,,,,,,,,,2.0,,,,,,2.0,,,214.0,73.0,5.53,1.89,28.15,150.0,148.0,2.0
22635.0,3.0,2.0,1.0,2.0,33.0,397.0,398.0,1.0,3.0,2.0,2.0,2.0,3.0,,2.0,1.0,,1.0,5.0,6.0,6.0,1.54,2.0,2.0,33.0,2.0,2.0,1.0,3.0,1.0,2.0,2.0,1.0,2.0,2.0,2.0,2.0,2.0,2.0,25657.767389,26528.867663,2.0,42.0,1.0,547.0,,,2.0,2.0,2.0,2.0,1.0,4.0,82.0,,1.0,1.0,140.0,110.0,78.0,2.0,110.0,70.0,2.0,106.0,74.0,2.0,,,,108.0,72.0,2.0,,,,,2.0,,,,2.0,,,,,,,,,2.0,,,,2.0,2.0,0.0,2.0,2.0,2.0,2.0,2.0,2.0,2.0,2.0,,,,,,,,,,,,,,,2.0,,,,,,,,,,,,,,,,,,,,,,,,,,,,,,,,,,,2.0,,1.0,1.0,1.0,1.0,2.0,2.0,,,3.0,,,,,,,,,3.0,,,,,,,,,3.0,,,,,,,1.0,,,,,,,,,,,,,,,,,,,,,,,,,,,2.0,,,,,,2.0,,,200.0,73.0,5.17,1.89,41.06,134.0,124.0,3.0
22659.0,3.0,2.0,2.0,2.0,48.0,577.0,578.0,3.0,1.0,2.0,1.0,1.0,,,5.0,3.0,,3.0,2.0,8.0,8.0,3.71,2.0,2.0,48.0,1.0,5.0,3.0,,1.0,2.0,2.0,1.0,2.0,2.0,1.0,2.0,2.0,1.0,108341.283275,108626.466806,1.0,29.0,1.0,720.0,,,1.0,2.0,2.0,2.0,1.0,4.0,58.0,,1.0,1.0,160.0,,,2.0,146.0,84.0,2.0,138.0,86.0,2.0,152.0,94.0,2.0,145.0,90.0,2.0,,,,,2.0,,,,2.0,,,,,,,,,1.0,,,,2.0,2.0,0.0,2.0,2.0,2.0,2.0,2.0,2.0,2.0,2.0,,,,,,,,,,,,,,,1.0,15.0,,,,,,,,,28.0,,,,,,,,,,,,,,,,,,,,,,,,,1.0,0.0,1.0,2.0,2.0,2.0,1.0,2.0,1.0,,,,,,,,,,,,,,,,,,,,,,,,,,,,,,,,,,,,1.0,,,,,,,,,,,,,,,,,,1.0,1.0,,,,,2.0,,,205.0,65.0,5.3,1.68,34.17,120.0,92.0,3.0
22665.0,3.0,2.0,1.0,2.0,23.0,279.0,279.0,3.0,1.0,2.0,1.0,1.0,,,4.0,3.0,,5.0,1.0,6.0,6.0,2.79,2.0,2.0,23.0,1.0,4.0,5.0,,1.0,2.0,2.0,1.0,2.0,2.0,1.0,2.0,2.0,1.0,90538.821858,97073.470052,2.0,36.0,1.0,688.0,,,2.0,2.0,2.0,2.0,1.0,3.0,52.0,,1.0,1.0,140.0,124.0,64.0,2.0,108.0,54.0,2.0,112.0,62.0,2.0,,,,110.0,58.0,2.0,,,,,2.0,,,,2.0,,,,,,,,,2.0,,,,2.0,2.0,0.0,2.0,2.0,2.0,2.0,2.0,2.0,2.0,2.0,,,,,,,,,,,,,,,2.0,,,,,,,,,,,,,,,,,,,,,,,,,,,,,,,,,,,1.0,0.0,1.0,2.0,2.0,2.0,2.0,2.0,,,,4.0,,,,,,,,,,,,,,,,,,,,,,,,,,,,,,,,,,,,,,,,,,,,,,,,,,,2.0,,,,,,2.0,,,152.0,81.0,3.93,2.09,41.58,148.0,121.0,3.0
22683.0,3.0,2.0,1.0,1.0,38.0,463.0,464.0,1.0,3.0,2.0,2.0,1.0,6.0,,3.0,2.0,,1.0,4.0,6.0,6.0,1.52,,1.0,38.0,2.0,3.0,1.0,2.0,1.0,2.0,2.0,1.0,2.0,2.0,,,,,32827.000313,34939.567874,1.0,43.0,1.0,427.0,,,2.0,2.0,2.0,2.0,1.0,4.0,66.0,,1.0,1.0,140.0,128.0,84.0,2.0,124.0,82.0,2.0,114.0,78.0,2.0,,,,119.0,80.0,2.0,,,,,2.0,,,,2.0,,,,,,,,,2.0,,,,2.0,2.0,0.0,2.0,2.0,2.0,2.0,1.0,2.0,2.0,2.0,,,,,,,,,,,,,,,2.0,,,,,,,,,,,,,,,,,,,,,,,,,,,,,,,,,,,1.0,0.0,1.0,2.0,2.0,2.0,2.0,2.0,,2.0,,,,,,,,,,,,,,,,,,,,,,,,,,,,,,,,,,,,,,,,,,,,,,,,,,,,,2.0,,,,,,2.0,,,248.0,22.0,6.41,0.57,45.24,122.0,118.0,3.0
22687.0,3.0,2.0,1.0,1.0,28.0,336.0,336.0,1.0,3.0,2.0,2.0,1.0,6.0,,3.0,2.0,,1.0,2.0,7.0,7.0,3.14,,1.0,28.0,2.0,3.0,1.0,,1.0,2.0,2.0,1.0,2.0,2.0,1.0,2.0,2.0,1.0,37055.197408,39340.425,1.0,34.0,1.0,672.0,,,2.0,2.0,2.0,2.0,1.0,5.0,62.0,,1.0,1.0,130.0,114.0,70.0,2.0,114.0,62.0,2.0,116.0,64.0,2.0,,,,115.0,63.0,2.0,,,,,2.0,,,,2.0,,,,,,,,,2.0,,,,2.0,2.0,0.0,2.0,2.0,2.0,2.0,1.0,2.0,2.0,2.0,,,,,,,,,,,,,,,2.0,,,,,,,,,,,,,,,,,,,,,,,,,,,,,,,,,,,1.0,4.0,1.0,2.0,2.0,2.0,2.0,2.0,1.0,2.0,,,,,,,,,,,,,,,,,,,,,,,,,,,,,,,,,,,,,,,,,,,,,,,,,,,,,2.0,,,,,,2.0,,,231.0,35.0,5.97,0.91,38.26,150.0,,2.0
22689.0,3.0,2.0,1.0,2.0,28.0,345.0,346.0,3.0,1.0,2.0,1.0,1.0,,,5.0,3.0,,5.0,2.0,9.0,5.0,2.45,2.0,2.0,28.0,1.0,4.0,5.0,,1.0,2.0,2.0,1.0,2.0,2.0,1.0,2.0,2.0,1.0,72300.337808,77518.621658,1.0,38.0,1.0,642.0,,,2.0,2.0,2.0,2.0,1.0,5.0,88.0,,1.0,1.0,140.0,,,2.0,120.0,70.0,2.0,114.0,72.0,2.0,,,2.0,114.0,72.0,2.0,,,,,2.0,,,,2.0,,,,,,,,,2.0,,,,2.0,2.0,0.0,2.0,2.0,2.0,2.0,1.0,2.0,2.0,2.0,,,,,,,,,,,,,,,2.0,,,,,,,,,,,,,,,,,,,,,,,,,,,,,,,,,,,1.0,3.0,1.0,1.0,2.0,2.0,2.0,2.0,,,,,,,,,9.0,,,3.0,,,,,,,,,,,,,,,,,,,,,,,,,,,,,,,,,,,,,,,,,,,2.0,,,,,,2.0,,,147.0,57.0,3.8,1.47,29.1,130.0,122.0,1.0
22694.0,3.0,2.0,1.0,1.0,42.0,508.0,508.0,4.0,2.0,1.0,1.0,1.0,,,4.0,3.0,,4.0,3.0,11.0,7.0,4.45,,1.0,42.0,1.0,4.0,4.0,,1.0,2.0,2.0,1.0,2.0,2.0,,,,,23606.492536,24702.742458,1.0,35.0,1.0,757.0,,,1.0,2.0,2.0,2.0,1.0,4.0,68.0,,1.0,1.0,170.0,146.0,84.0,2.0,136.0,76.0,2.0,144.0,78.0,2.0,,,,140.0,77.0,2.0,,,,,2.0,,,,2.0,,,,,,,,,2.0,,,,2.0,2.0,0.0,2.0,2.0,2.0,2.0,2.0,2.0,2.0,2.0,,,,,,,,,,,,,,,2.0,,,,,,,,,,,,,,,,,,,,,,,,,,,,,,,,,,,1.0,0.0,2.0,2.0,1.0,2.0,1.0,2.0,,,,,,,,,,,,,,,,,,,1.0,,,,,,,,,,,,,,,,,,,,,,,,7.0,,,,,,,,,,,,2.0,,,,,,2.0,,,246.0,51.0,6.36,1.32,35.29,152.0,136.0,2.0
22713.0,3.0,2.0,1.0,1.0,46.0,563.0,563.0,1.0,3.0,2.0,2.0,2.0,6.0,,1.0,1.0,,1.0,7.0,7.0,7.0,1.41,,1.0,46.0,2.0,1.0,1.0,1.0,2.0,2.0,2.0,2.0,2.0,2.0,2.0,2.0,2.0,2.0,25669.244882,27693.825521,2.0,38.0,1.0,838.0,,,2.0,2.0,2.0,2.0,1.0,4.0,70.0,,1.0,1.0,160.0,124.0,78.0,2.0,124.0,74.0,2.0,,,2.0,124.0,78.0,2.0,124.0,76.0,2.0,,,,,2.0,,,,2.0,,,,,,,,,2.0,,,,2.0,2.0,0.0,2.0,2.0,2.0,2.0,1.0,2.0,2.0,2.0,,,,,,,,,,,,,,,2.0,,,,,,,,,,,,,,,,,,,,,,,,,,,,,,,,,,,1.0,0.0,2.0,2.0,2.0,2.0,2.0,2.0,,,,,,,,,,,,,,,,,,,,,,,,,,,,,,,,,,,,,,,,,,,,,,,,,,,,,,,2.0,,,,,,2.0,,,206.0,32.0,5.33,0.83,26.53,164.0,142.0,1.0
22718.0,3.0,2.0,2.0,1.0,20.0,242.0,242.0,4.0,2.0,2.0,1.0,1.0,,,3.0,2.0,,5.0,4.0,11.0,11.0,5.0,,1.0,41.0,1.0,3.0,1.0,4.0,1.0,2.0,2.0,1.0,2.0,2.0,1.0,2.0,2.0,1.0,23090.402645,25328.016063,1.0,30.0,1.0,652.0,,,2.0,2.0,2.0,2.0,1.0,4.0,78.0,,1.0,1.0,160.0,132.0,78.0,2.0,,,2.0,134.0,80.0,2.0,128.0,78.0,2.0,131.0,79.0,2.0,,,,,2.0,,,,2.0,,,,,,,,,2.0,,,,2.0,2.0,0.0,2.0,2.0,2.0,2.0,2.0,2.0,2.0,2.0,,,,,,,,,,,,,,,2.0,,,,,,,,,,,,,,,,,,,,,,,,,,,,,,,,,,,1.0,1.0,2.0,9.0,9.0,9.0,9.0,9.0,,,,,,,,,,,,,,,,,,,,,,,,,,,,,,,,,,,,,,,,,,,,,,,,,,,,,,,2.0,,,,,,2.0,,,135.0,52.0,3.49,1.34,53.63,138.0,123.0,3.0
22749.0,3.0,2.0,1.0,2.0,33.0,407.0,409.0,4.0,2.0,2.0,3.0,2.0,3.0,,2.0,1.0,,1.0,5.0,11.0,11.0,5.0,2.0,1.0,36.0,3.0,4.0,1.0,2.0,1.0,2.0,2.0,1.0,2.0,2.0,1.0,2.0,2.0,1.0,33102.647144,34246.848967,1.0,35.0,1.0,594.0,,,2.0,2.0,2.0,2.0,1.0,4.0,78.0,,1.0,1.0,150.0,126.0,68.0,2.0,114.0,74.0,2.0,112.0,74.0,2.0,,,,113.0,74.0,1.0,23.0,1.0,2.0,,2.0,,,,2.0,,,,,,,,,2.0,,,,2.0,2.0,0.0,2.0,2.0,2.0,2.0,2.0,2.0,2.0,2.0,,,,,,,,,,,,,,,2.0,,,,,,,,,,,,,,,,,,,,,,,,,,,,,,,,,,,1.0,0.0,1.0,2.0,2.0,2.0,2.0,2.0,,,3.0,,,,,,,,,,,,,,,,,,,,,,,,,,,,,,,,,,,,,,,,,,,,,,,,,,,,2.0,,,,,,2.0,,,224.0,51.0,5.79,1.32,28.52,154.0,140.0,1.0
22757.0,3.0,2.0,2.0,2.0,33.0,397.0,398.0,3.0,1.0,2.0,1.0,1.0,,,4.0,3.0,,5.0,1.0,1.0,1.0,0.33,2.0,2.0,33.0,1.0,4.0,5.0,,1.0,2.0,2.0,1.0,2.0,2.0,1.0,2.0,2.0,1.0,72645.671949,78704.703263,1.0,30.0,1.0,681.0,,,1.0,2.0,2.0,2.0,1.0,4.0,68.0,3.0,2.0,1.0,150.0,,,2.0,134.0,82.0,2.0,128.0,72.0,2.0,122.0,72.0,2.0,125.0,72.0,1.0,1.0,2.0,,,2.0,,,,2.0,,,,,,,,,2.0,,,,2.0,2.0,0.0,2.0,2.0,2.0,2.0,1.0,2.0,2.0,2.0,,,,,,,,,,,,,,,2.0,,,,,,,,,,,,,,,,,,,,,,,,,,,,,,,,,,,2.0,,1.0,2.0,2.0,2.0,2.0,2.0,,,,,5.0,,,,,,,,,,,,,,,,,,,,,,,,,,,,,,,,,,,,,,,,,,,,,,,,,,2.0,,,,,,2.0,,,219.0,61.0,5.66,1.58,40.93,105.0,105.0,3.0
22766.0,3.0,2.0,1.0,2.0,44.0,529.0,530.0,3.0,1.0,2.0,1.0,1.0,,,4.0,3.0,,6.0,5.0,8.0,5.0,1.17,2.0,2.0,44.0,1.0,4.0,6.0,,1.0,2.0,2.0,1.0,2.0,2.0,1.0,2.0,2.0,1.0,45816.349907,48050.444018,2.0,39.0,1.0,771.0,,,1.0,2.0,2.0,2.0,1.0,5.0,60.0,,1.0,1.0,180.0,166.0,92.0,2.0,158.0,96.0,2.0,,,2.0,148.0,88.0,2.0,153.0,92.0,2.0,,,,,2.0,,,,2.0,,,,,,,,,2.0,,,,2.0,2.0,0.0,2.0,2.0,2.0,2.0,2.0,2.0,2.0,2.0,,,,,,,,,,,,,,,2.0,,,,,,,,,,,,,,,,,,,,,,,,,,,,,,,,,,,1.0,0.0,1.0,1.0,2.0,2.0,1.0,1.0,1.0,,,,5.0,,,,,,,,4.0,,,,,,,,,,,,,,,,,,,,,,,,1.0,2.0,,,,,,,,,,,,,,,8.0,,2.0,,,,,,2.0,,,174.0,56.0,4.5,1.45,21.42,157.0,,1.0
22786.0,3.0,2.0,1.0,2.0,38.0,466.0,466.0,1.0,3.0,2.0,1.0,1.0,,,3.0,2.0,,1.0,2.0,7.0,7.0,3.3,2.0,1.0,43.0,1.0,3.0,1.0,3.0,1.0,2.0,2.0,1.0,2.0,2.0,1.0,2.0,2.0,1.0,29706.542643,32575.422498,1.0,34.0,1.0,797.0,,,2.0,2.0,2.0,2.0,1.0,4.0,68.0,,1.0,1.0,150.0,118.0,68.0,2.0,110.0,68.0,2.0,116.0,66.0,2.0,,,,113.0,67.0,1.0,28.0,2.0,,,2.0,,,,1.0,2.0,,,,,,,,1.0,,,,2.0,2.0,0.0,2.0,2.0,2.0,2.0,2.0,2.0,2.0,2.0,,,,,,,,,,,,,,,1.0,39.0,,,,,,,,,,,,,,,,,,,,,,,,,,,,,,,,,18.0,1.0,0.0,1.0,2.0,2.0,2.0,2.0,2.0,1.0,,,,,,,,,,,,,,,,,,,,,,,,,,,,,,,,,,,,,,,,,,,,,,,,,,,,,,2.0,,,,,,2.0,,,225.0,64.0,5.82,1.66,30.35,143.0,134.0,2.0
22793.0,3.0,2.0,2.0,2.0,36.0,440.0,441.0,3.0,1.0,2.0,1.0,1.0,,,4.0,3.0,,1.0,4.0,11.0,11.0,4.08,2.0,2.0,36.0,1.0,4.0,1.0,4.0,1.0,2.0,2.0,1.0,2.0,2.0,1.0,2.0,2.0,,72619.856408,76812.716088,2.0,30.0,1.0,697.0,,,1.0,2.0,2.0,2.0,1.0,5.0,70.0,,1.0,1.0,140.0,108.0,76.0,2.0,114.0,74.0,2.0,114.0,78.0,2.0,,,,114.0,76.0,2.0,,,,,2.0,,,,2.0,,,,,,,,,2.0,,,,2.0,2.0,0.0,2.0,2.0,2.0,2.0,1.0,2.0,2.0,2.0,,,,,,,,,,,,,,,2.0,,,,,,,,,,,,,,,,,,,,,,,,,,,,,,,,,,,1.0,0.0,2.0,2.0,2.0,2.0,2.0,2.0,,,,,,,,,,,,,,,,,,,,,,,,,,,,,,,,,,,,,,,,,,,,,,,,,,,,,,,2.0,,,,,,2.0,,,221.0,60.0,5.72,1.55,36.27,116.0,112.0,3.0
22798.0,3.0,2.0,1.0,2.0,47.0,566.0,567.0,1.0,3.0,2.0,2.0,2.0,6.0,,3.0,2.0,,1.0,5.0,8.0,8.0,2.27,2.0,2.0,47.0,2.0,3.0,1.0,3.0,1.0,2.0,1.0,2.0,2.0,1.0,2.0,2.0,2.0,2.0,26347.068942,26687.794484,1.0,34.0,1.0,576.0,,,2.0,2.0,2.0,2.0,1.0,4.0,64.0,,1.0,1.0,140.0,100.0,64.0,2.0,102.0,62.0,2.0,96.0,62.0,2.0,,,,99.0,62.0,2.0,,,,,2.0,,,,2.0,,,,,,,,,2.0,,,,2.0,2.0,0.0,2.0,2.0,2.0,2.0,2.0,2.0,2.0,2.0,,,,,,,,,,,,,,,2.0,,,,,,,,,,,,,,,,,,,,,,,,,,,,,,,,,,,1.0,0.0,1.0,2.0,2.0,2.0,2.0,2.0,,2.0,,,,,,,,,,,,,,,,,,,,,,,,,,,,,,,,,,,,,,,,,,,,,,,,,,,,,2.0,,,,,,2.0,,,230.0,39.0,5.95,1.01,34.4,117.0,104.0,3.0
22809.0,3.0,2.0,2.0,2.0,42.0,514.0,515.0,3.0,1.0,2.0,1.0,1.0,,,4.0,3.0,,3.0,1.0,2.0,2.0,0.64,2.0,2.0,42.0,1.0,4.0,3.0,,1.0,2.0,2.0,1.0,2.0,2.0,1.0,2.0,2.0,1.0,39563.833669,39667.976369,2.0,30.0,1.0,674.0,,,1.0,2.0,2.0,2.0,1.0,4.0,60.0,,1.0,1.0,140.0,106.0,60.0,2.0,106.0,54.0,2.0,112.0,54.0,2.0,,,,109.0,54.0,2.0,,,,,2.0,,,,2.0,,,,,,,,,2.0,,,,2.0,2.0,0.0,2.0,2.0,2.0,2.0,2.0,1.0,2.0,2.0,2.0,,,,,,,,,,39.0,,,,2.0,,,,,,,,,,,,,,,,,,,,,,,,,,,,,,,,,,,2.0,,2.0,2.0,2.0,1.0,9.0,2.0,,,,,,,,,,,,,,,,,,,,,,,,,,,,1.0,,,,,,,8.0,,,,,,,,,,,,,,,,,,,,2.0,,,,,,9.0,,,224.0,42.0,5.79,1.09,22.93,143.0,130.0,1.0
22848.0,3.0,2.0,2.0,2.0,24.0,293.0,294.0,5.0,4.0,2.0,3.0,2.0,2.0,,4.0,3.0,,5.0,5.0,6.0,6.0,1.17,2.0,1.0,27.0,3.0,4.0,1.0,4.0,1.0,2.0,2.0,1.0,2.0,2.0,,,,,92078.203046,94828.85503,2.0,32.0,1.0,601.0,,,1.0,2.0,2.0,2.0,1.0,3.0,78.0,,1.0,1.0,150.0,122.0,70.0,2.0,122.0,74.0,2.0,114.0,78.0,2.0,,,,118.0,76.0,2.0,,,,,2.0,,,,2.0,,,,,,,,,2.0,,,,2.0,2.0,0.0,2.0,2.0,2.0,2.0,2.0,2.0,2.0,2.0,,,,,,,,,,,,,,,2.0,,,,,,,,,,,,,,,,,,,,,,,,,,,,,,,,,,,1.0,1.0,2.0,2.0,2.0,2.0,2.0,2.0,,,,,,,,,,,,,,,,,,,,,,,,,,,,,,,,,,,,,,,,,,,,,,,,,,,,,,,2.0,,,,,,2.0,,,133.0,37.0,3.44,0.96,49.4,131.0,119.0,3.0
22858.0,3.0,2.0,1.0,2.0,31.0,374.0,375.0,1.0,3.0,2.0,1.0,1.0,,,4.0,3.0,,1.0,5.0,10.0,10.0,3.25,2.0,1.0,32.0,1.0,5.0,1.0,4.0,1.0,2.0,2.0,1.0,2.0,2.0,1.0,2.0,2.0,1.0,27385.973159,28315.747303,1.0,40.0,1.0,642.0,,,2.0,2.0,2.0,2.0,1.0,4.0,72.0,,1.0,1.0,130.0,106.0,70.0,2.0,108.0,72.0,2.0,112.0,76.0,2.0,,,,110.0,74.0,2.0,,,,,2.0,,,,2.0,,,,,,,,,2.0,,,,2.0,2.0,0.0,2.0,2.0,2.0,2.0,2.0,2.0,2.0,2.0,,,,,,,,,,,,,,,2.0,,,,,,,,,,,,,,,,,,,,,,,,,,,,,,,,,,,2.0,,1.0,2.0,2.0,2.0,2.0,2.0,1.0,,,4.0,5.0,,,,9.0,,,,,,,,,,,,,,,,,,,,,,,,,,,,,,,,,,,,,,,,,,,,,,2.0,,,,,,2.0,,,232.0,56.0,6.0,1.45,27.4,155.0,144.0,1.0
22873.0,3.0,2.0,2.0,2.0,24.0,291.0,292.0,1.0,3.0,2.0,1.0,1.0,,,3.0,2.0,,6.0,4.0,6.0,3.0,0.92,2.0,1.0,21.0,1.0,1.0,6.0,,1.0,2.0,2.0,1.0,2.0,2.0,1.0,2.0,2.0,1.0,37178.698627,37961.594798,1.0,31.0,1.0,510.0,,,2.0,2.0,2.0,2.0,1.0,4.0,68.0,,1.0,1.0,120.0,94.0,54.0,2.0,96.0,50.0,2.0,92.0,50.0,2.0,,,,94.0,50.0,2.0,,,,,2.0,,,,2.0,,,,,,,,,1.0,,,,2.0,2.0,0.0,2.0,2.0,2.0,2.0,1.0,2.0,2.0,2.0,,,,,,,,,,,,,,,2.0,,,,,,,,,,,,,,,,,,,,,,,,,,,,,,,,,,,1.0,0.0,1.0,2.0,2.0,2.0,2.0,2.0,1.0,,,,,,,,,,,,,,,,,,,,,,,,,,,,,,,,,,,,,,,,,,,,,,,,,,,,,,2.0,,,,,,2.0,,,140.0,44.0,3.62,1.14,42.71,126.0,120.0,3.0
22875.0,3.0,2.0,2.0,1.0,46.0,555.0,556.0,3.0,1.0,2.0,1.0,1.0,,,3.0,2.0,,1.0,3.0,11.0,11.0,5.0,,2.0,46.0,1.0,5.0,1.0,3.0,1.0,2.0,2.0,1.0,2.0,2.0,1.0,2.0,2.0,1.0,82500.207596,85146.080091,2.0,30.0,1.0,764.0,,,2.0,2.0,2.0,2.0,1.0,4.0,64.0,,1.0,1.0,140.0,116.0,76.0,2.0,114.0,72.0,2.0,114.0,80.0,2.0,,,,114.0,76.0,2.0,,,,,2.0,,,,2.0,,,,,,,,,2.0,,,,2.0,2.0,0.0,2.0,2.0,2.0,2.0,2.0,2.0,2.0,2.0,,,,,,,,,,,,,,,2.0,,,,,,,,,,,,,,,,,,,,,,,,,,,,,,,,,,,1.0,0.0,2.0,2.0,2.0,2.0,2.0,2.0,,,,,,,,,,,,,,,,,,,,,,,,,,,,,,,,,,,,,,,,,,,,,,,,,,,,,,,2.0,,,,,,2.0,,,167.0,57.0,4.32,1.47,41.78,114.0,,3.0
22885.0,3.0,2.0,1.0,2.0,24.0,293.0,293.0,1.0,3.0,2.0,2.0,2.0,5.0,,2.0,1.0,,6.0,7.0,6.0,6.0,1.36,2.0,1.0,59.0,2.0,1.0,1.0,1.0,1.0,2.0,2.0,2.0,2.0,2.0,1.0,2.0,2.0,1.0,28191.231968,30162.465351,1.0,38.0,1.0,826.0,,,2.0,2.0,2.0,2.0,1.0,5.0,92.0,,1.0,1.0,130.0,106.0,12.0,2.0,104.0,34.0,2.0,112.0,14.0,2.0,,,,108.0,24.0,2.0,,,,,2.0,,,,2.0,,,,,,,,,2.0,,,,2.0,2.0,0.0,2.0,2.0,2.0,2.0,2.0,2.0,2.0,2.0,,,,,,,,,,,,,,,2.0,,,,,,,,,,,,,,,,,,,,,,,,,,,,,,,,,,,1.0,0.0,2.0,2.0,2.0,2.0,2.0,2.0,,,,,,,,,,,,,,,,,,,,,,,,,,,,,,,,,,,,,,,,,,,,,,,,,,,,,,,2.0,,,,,,9.0,,,165.0,44.0,4.27,1.14,29.6,136.0,131.0,1.0
22886.0,3.0,2.0,1.0,1.0,23.0,279.0,281.0,4.0,2.0,2.0,3.0,2.0,2.0,,3.0,2.0,,5.0,4.0,,12.0,,,1.0,63.0,,,1.0,,1.0,2.0,2.0,1.0,2.0,2.0,1.0,2.0,2.0,1.0,23424.353605,26617.109421,1.0,35.0,1.0,679.0,,,2.0,2.0,2.0,2.0,1.0,4.0,60.0,,1.0,1.0,140.0,118.0,74.0,2.0,112.0,68.0,2.0,110.0,68.0,2.0,,,,111.0,68.0,2.0,,,,,2.0,,,,2.0,,,,,,,,,2.0,,,,2.0,2.0,0.0,2.0,2.0,2.0,2.0,2.0,2.0,2.0,2.0,,,,,,,,,,,,,,,2.0,,,,,,,,,,,,,,,,,,,,,,,,,,,,,,,,,,,1.0,0.0,1.0,2.0,1.0,2.0,2.0,2.0,99.0,,,,,,,,,,,,,,,,,,,,,,,,7.0,,,,,,,,,,,,,,,,,,,,,,,,,,,,,,2.0,,,,,,2.0,,,136.0,37.0,3.52,0.96,49.06,135.0,128.0,3.0
22896.0,3.0,2.0,1.0,2.0,34.0,409.0,410.0,3.0,1.0,2.0,1.0,1.0,,,4.0,3.0,,1.0,5.0,6.0,6.0,1.21,2.0,2.0,34.0,1.0,4.0,1.0,2.0,1.0,2.0,2.0,1.0,2.0,2.0,,,,,49526.738211,52386.26829,1.0,38.0,1.0,792.0,,,1.0,2.0,2.0,2.0,1.0,5.0,82.0,,1.0,1.0,150.0,124.0,92.0,2.0,,,2.0,122.0,88.0,1.0,126.0,88.0,2.0,124.0,88.0,1.0,1.0,2.0,,,2.0,,,,2.0,,,,,,,,,2.0,,,,2.0,2.0,0.0,2.0,2.0,2.0,2.0,1.0,2.0,2.0,2.0,,,,,,,,,,,,,,,2.0,,,,,,,,,,,,,,,,,,,,,,,,,,,,,,,,,,,2.0,,1.0,1.0,1.0,1.0,2.0,2.0,,,3.0,,,,,,9.0,,,,,,,,,9.0,,,,4.0,,6.0,,,,,,,4.0,,,,,,,,,,,,,,,,,,,,,,,,2.0,,,,,,2.0,,,224.0,27.0,5.79,0.7,46.1,121.0,119.0,3.0
22915.0,3.0,2.0,2.0,2.0,22.0,265.0,266.0,3.0,1.0,2.0,1.0,1.0,,,5.0,3.0,,5.0,4.0,11.0,11.0,4.35,2.0,1.0,55.0,1.0,5.0,1.0,4.0,1.0,2.0,2.0,1.0,2.0,2.0,1.0,2.0,2.0,1.0,65699.068919,68772.011302,1.0,33.0,1.0,771.0,,,2.0,2.0,2.0,2.0,1.0,3.0,76.0,,1.0,1.0,120.0,94.0,66.0,2.0,94.0,66.0,2.0,100.0,74.0,2.0,,,,97.0,70.0,2.0,,,,,2.0,,,,2.0,,,,,,,,,2.0,,,,2.0,2.0,0.0,2.0,2.0,2.0,2.0,2.0,2.0,2.0,2.0,,,,,,,,,,,,,,,2.0,,,,,,,,,,,,,,,,,,,,,,,,,,,,,,,,,,,1.0,2.0,2.0,2.0,1.0,1.0,2.0,2.0,,,,,,,,,,,,,,,,,,,,2.0,,,,,,8.0,,,,,,5.0,,,,,,,,,,,,,,,,,,,,,,,1.0,,,3.0,,,2.0,,,147.0,52.0,3.8,1.34,37.7,154.0,143.0,3.0
22919.0,3.0,2.0,2.0,1.0,29.0,358.0,359.0,5.0,4.0,2.0,3.0,2.0,2.0,,3.0,2.0,,1.0,2.0,2.0,2.0,0.47,,1.0,29.0,3.0,3.0,1.0,3.0,1.0,2.0,1.0,1.0,2.0,1.0,1.0,2.0,1.0,,37600.051542,39998.475862,2.0,41.0,1.0,554.0,,,2.0,2.0,2.0,2.0,1.0,4.0,70.0,,1.0,1.0,130.0,104.0,66.0,2.0,102.0,62.0,2.0,100.0,64.0,2.0,,,,101.0,63.0,2.0,,,,,2.0,,,,1.0,2.0,,,,,,,,2.0,,,,2.0,2.0,0.0,2.0,2.0,2.0,2.0,2.0,2.0,2.0,2.0,,,,,,,,,,,,,,,2.0,,,,,,,,,,,,,,,,,,,,,,,,,,,,,,,,,,,1.0,0.0,1.0,2.0,2.0,2.0,2.0,2.0,,,,,,,,,9.0,,,,,,,,,,,,,,,,,,,,,,,,,,,,,,,,,,,,,,,,,,,,,,2.0,,,,,,2.0,,,174.0,30.0,4.5,0.78,39.5,172.0,170.0,2.0
22926.0,3.0,2.0,2.0,2.0,36.0,433.0,433.0,4.0,2.0,1.0,3.0,1.0,6.0,,5.0,3.0,,5.0,5.0,11.0,8.0,3.28,2.0,2.0,36.0,3.0,5.0,5.0,,1.0,2.0,2.0,1.0,2.0,2.0,1.0,2.0,2.0,1.0,32630.716906,33553.988865,1.0,30.0,1.0,498.0,,,1.0,2.0,2.0,2.0,1.0,4.0,82.0,,1.0,1.0,150.0,126.0,82.0,2.0,128.0,82.0,2.0,122.0,80.0,2.0,,,,125.0,81.0,2.0,,,,,2.0,,,,2.0,,,,,,,,,2.0,,,,2.0,2.0,0.0,2.0,2.0,2.0,2.0,2.0,2.0,2.0,2.0,,,,,,,,,,,,,,,2.0,,,,,,,,,,,,,,,,,,,,,,,,,,,,,,,,,,,1.0,3.0,2.0,2.0,2.0,2.0,1.0,2.0,,,,,,,,,,,,,,,,,,,,,,,,,,,,,,,,,,,,,1.0,,3.0,,,,,,,,,,,,,,,,2.0,,,,,,2.0,,,,,,,35.11,133.0,128.0,3.0
22939.0,3.0,2.0,2.0,2.0,32.0,385.0,386.0,4.0,2.0,2.0,1.0,1.0,,,4.0,3.0,,1.0,6.0,11.0,11.0,3.4,2.0,1.0,33.0,1.0,2.0,1.0,4.0,1.0,2.0,2.0,1.0,2.0,2.0,1.0,2.0,2.0,1.0,29046.773616,30050.78309,1.0,42.0,1.0,594.0,,,2.0,2.0,2.0,2.0,1.0,3.0,78.0,,1.0,1.0,140.0,110.0,64.0,2.0,,,2.0,106.0,66.0,2.0,110.0,70.0,2.0,108.0,68.0,2.0,,,,,2.0,,,,2.0,,,,,,,,,2.0,,,,2.0,2.0,0.0,2.0,2.0,2.0,2.0,2.0,2.0,2.0,2.0,,,,,,,,,,,,,,,2.0,,,,,,,,,,,,,,,,,,,,,,,,,,,,,,,,,,,1.0,1.0,1.0,2.0,2.0,2.0,1.0,2.0,,2.0,,,,,,,9.0,,,,,,,,,,,,,,,,,,,,,,,,,,,,,2.0,,,,,,,,,,,,,,,,,2.0,,,,,,2.0,,,188.0,50.0,4.86,1.29,36.06,149.0,131.0,3.0
22944.0,3.0,2.0,1.0,2.0,22.0,266.0,266.0,4.0,2.0,2.0,1.0,1.0,,,2.0,1.0,,5.0,2.0,4.0,4.0,1.31,2.0,2.0,42.0,1.0,2.0,5.0,,1.0,2.0,2.0,1.0,2.0,2.0,1.0,2.0,2.0,1.0,30730.404004,35768.266913,1.0,37.0,1.0,532.0,,,1.0,2.0,2.0,2.0,1.0,4.0,86.0,,1.0,1.0,150.0,118.0,78.0,2.0,120.0,80.0,2.0,120.0,72.0,2.0,,,,120.0,76.0,2.0,,,,,2.0,,,,2.0,,,,,,,,,2.0,,,,2.0,2.0,0.0,2.0,2.0,2.0,2.0,2.0,2.0,2.0,2.0,,,,,,,,,,,,,,,2.0,,,,,,,,,,,,,,,,,,,,,,,,,,,,,,,,,,,1.0,0.0,1.0,2.0,1.0,2.0,1.0,2.0,1.0,,,,,,,,,,,,,,,,,,1.0,,,,,,,,,,,,,,,,,,1.0,,,,,,,,,,,,,,,,,,2.0,,,,,,2.0,,,129.0,52.0,3.34,1.34,32.36,149.0,130.0,2.0
22952.0,3.0,2.0,1.0,1.0,45.0,546.0,547.0,3.0,1.0,2.0,1.0,1.0,,,4.0,3.0,,1.0,4.0,9.0,9.0,2.99,,2.0,41.0,1.0,3.0,1.0,4.0,1.0,2.0,2.0,1.0,2.0,2.0,1.0,2.0,2.0,1.0,90301.082132,94726.48269,1.0,39.0,1.0,611.0,,,2.0,2.0,2.0,2.0,1.0,4.0,52.0,,1.0,1.0,170.0,,,2.0,134.0,76.0,2.0,132.0,84.0,2.0,130.0,86.0,2.0,131.0,85.0,2.0,,,,,2.0,,,,2.0,,,,,,,,,1.0,,,,2.0,2.0,0.0,2.0,2.0,2.0,2.0,2.0,2.0,2.0,2.0,,,,,,,,,,,,,,,2.0,,,,,,,,,,,,,,,,,,,,,,,,,,,,,,,,,,,1.0,0.0,2.0,2.0,2.0,2.0,9.0,2.0,,,,,,,,,,,,,,,,,,,,,,,,,,,,,,,,,,,,,,,,,,,,,,,,,,,,,,,2.0,,,,,,2.0,,,229.0,89.0,5.92,2.3,42.2,129.0,114.0,3.0
22957.0,3.0,2.0,2.0,1.0,33.0,407.0,408.0,4.0,2.0,2.0,1.0,1.0,,,3.0,2.0,,1.0,5.0,9.0,9.0,2.59,,2.0,33.0,1.0,4.0,1.0,3.0,1.0,2.0,2.0,1.0,2.0,2.0,1.0,2.0,2.0,1.0,27002.702715,28436.653837,2.0,33.0,1.0,931.0,,,2.0,2.0,2.0,2.0,1.0,4.0,70.0,,1.0,1.0,180.0,138.0,98.0,2.0,138.0,92.0,2.0,134.0,96.0,2.0,,,,136.0,94.0,1.0,5.0,2.0,,,2.0,,,,2.0,,,,,,,,,2.0,,,,2.0,2.0,0.0,2.0,2.0,2.0,2.0,2.0,2.0,2.0,2.0,,,,,,,,,,,,,,,2.0,,,,,,,,,,,,,,,,,,,,,,,,,,,,,,,,,,,1.0,0.0,2.0,2.0,2.0,2.0,2.0,2.0,,,,,,,,,,,,,,,,,,,,,,,,,,,,,,,,,,,,,,,,,,,,,,,,,,,,,,,2.0,,,,,,2.0,,,136.0,44.0,3.52,1.14,36.8,152.0,147.0,2.0
22959.0,3.0,2.0,1.0,2.0,31.0,373.0,374.0,3.0,1.0,2.0,1.0,1.0,,,5.0,3.0,,1.0,2.0,11.0,11.0,5.0,2.0,2.0,31.0,1.0,5.0,1.0,5.0,1.0,2.0,2.0,1.0,2.0,2.0,1.0,2.0,2.0,1.0,82131.867657,88982.09761,2.0,30.0,1.0,525.0,,,1.0,2.0,2.0,2.0,1.0,3.0,76.0,,1.0,1.0,150.0,118.0,76.0,2.0,106.0,76.0,2.0,110.0,72.0,2.0,,,,108.0,74.0,1.0,15.0,2.0,,,2.0,,,,2.0,,,,,,,,,2.0,,,,2.0,2.0,0.0,2.0,2.0,2.0,2.0,1.0,2.0,2.0,2.0,,,,,,,,,,,,,,,2.0,,,,,,,,,,,,,,,,,,,,,,,,,,,,,,,,,,,1.0,0.0,2.0,1.0,2.0,1.0,2.0,2.0,,,,,,,,,,,,3.0,,,,,,,,,,,,,,,,1.0,,3.0,,,,,,,,,,,,,,,,,,,,,,,,,2.0,,,,,,2.0,,,282.0,73.0,7.29,1.89,32.78,156.0,149.0,2.0
22972.0,3.0,2.0,1.0,1.0,24.0,289.0,290.0,1.0,3.0,2.0,1.0,1.0,,,2.0,1.0,,5.0,3.0,6.0,3.0,1.5,,1.0,24.0,1.0,2.0,5.0,,1.0,2.0,2.0,1.0,2.0,2.0,1.0,2.0,2.0,1.0,26176.488723,26102.265534,2.0,40.0,1.0,760.0,,,2.0,2.0,2.0,2.0,1.0,4.0,72.0,,1.0,1.0,170.0,142.0,52.0,2.0,146.0,44.0,2.0,144.0,42.0,2.0,,,,145.0,43.0,1.0,1.0,1.0,2.0,,2.0,,,,2.0,,,,,,,,,2.0,,,,2.0,2.0,0.0,2.0,2.0,2.0,2.0,2.0,2.0,2.0,2.0,,,,,,,,,,,,,,,2.0,,,,,,,,,,,,,,,,,,,,,,,,,,,,,,,,,,,1.0,3.0,2.0,2.0,1.0,2.0,2.0,2.0,,,,,,,,,,,,,,,,,,,,2.0,,,,,,,,,,,,,,,,,,,,,,,,,,,,,,,,,,,2.0,,,,,,2.0,,,113.0,41.0,2.92,1.06,35.25,166.0,145.0,1.0
22976.0,3.0,2.0,1.0,1.0,30.0,360.0,362.0,1.0,3.0,2.0,1.0,1.0,,,3.0,2.0,,1.0,3.0,8.0,8.0,3.28,,1.0,30.0,1.0,3.0,1.0,3.0,1.0,2.0,2.0,1.0,2.0,2.0,1.0,2.0,2.0,1.0,31484.49519,33510.666408,1.0,40.0,1.0,665.0,,,2.0,2.0,2.0,2.0,1.0,4.0,84.0,,1.0,1.0,120.0,96.0,68.0,2.0,100.0,64.0,2.0,102.0,58.0,2.0,,,,101.0,61.0,2.0,,,,,2.0,,,,2.0,,,,,,,,,2.0,,,,2.0,2.0,0.0,2.0,2.0,2.0,2.0,2.0,2.0,2.0,2.0,,,,,,,,,,,,,,,2.0,,,,,,,,,,,,,,,,,,,,,,,,,,,,,,,,,,,1.0,0.0,1.0,2.0,1.0,9.0,2.0,2.0,,2.0,,,,,,,,,,,,,,,,,,,,,,,,,9.0,,,,,,,,,,,,,,,,,,,,,,,,,,,,2.0,,,,,,2.0,,,207.0,48.0,5.35,1.24,39.2,178.0,153.0,2.0
22979.0,3.0,2.0,2.0,2.0,37.0,450.0,451.0,4.0,2.0,2.0,1.0,1.0,,,3.0,2.0,,1.0,2.0,2.0,2.0,0.77,2.0,2.0,37.0,1.0,3.0,1.0,4.0,1.0,2.0,2.0,1.0,2.0,2.0,1.0,2.0,2.0,1.0,38112.405434,38931.480394,2.0,37.0,1.0,580.0,,,2.0,2.0,2.0,2.0,1.0,4.0,62.0,,1.0,1.0,140.0,106.0,50.0,2.0,106.0,60.0,2.0,104.0,60.0,2.0,,,,105.0,60.0,2.0,,,,,2.0,,,,2.0,,,,,,,,,1.0,,,,2.0,2.0,0.0,2.0,2.0,2.0,2.0,2.0,2.0,2.0,2.0,,,,,,,,,,,,,,,2.0,,,,,,,,,,,,,,,,,,,,,,,,,,,,,,,,,,,1.0,2.0,1.0,1.0,2.0,2.0,2.0,2.0,1.0,,,,,,,,,1.0,,,,,,,,,,,,,,,,,,,,,,,,,,,,,,,,,,,,,,,,,,,,,2.0,,,,,,2.0,,,116.0,41.0,3.0,1.06,31.68,135.0,122.0,2.0
22981.0,3.0,2.0,1.0,1.0,40.0,491.0,491.0,4.0,2.0,2.0,1.0,1.0,,,3.0,2.0,,6.0,5.0,3.0,3.0,1.4,,1.0,40.0,1.0,3.0,6.0,,1.0,2.0,2.0,1.0,2.0,2.0,1.0,2.0,2.0,1.0,23640.329686,24738.150955,2.0,42.0,1.0,546.0,,,1.0,2.0,2.0,2.0,1.0,5.0,66.0,,1.0,1.0,140.0,126.0,78.0,2.0,126.0,78.0,2.0,116.0,80.0,2.0,,,,121.0,79.0,2.0,,,,,2.0,,,,2.0,,,,,,,,,2.0,,,,2.0,2.0,0.0,2.0,2.0,2.0,2.0,2.0,2.0,2.0,2.0,,,,,,,,,,,,,,,2.0,,,,,,,,,,,,,,,,,,,,,,,,,,,,,,,,,,,1.0,0.0,2.0,2.0,2.0,2.0,2.0,2.0,,,,,,,,,,,,,,,,,,,,,,,,,,,,,,,,,,,,,,,,,,,,,,,,,,,,,,,2.0,,,,,,2.0,,,198.0,36.0,5.12,0.93,37.9,138.0,133.0,2.0
22982.0,3.0,2.0,1.0,1.0,24.0,295.0,296.0,3.0,1.0,2.0,1.0,1.0,,,3.0,2.0,,1.0,2.0,11.0,11.0,5.0,,1.0,24.0,1.0,3.0,1.0,4.0,1.0,2.0,2.0,1.0,2.0,2.0,1.0,2.0,2.0,1.0,83420.639252,82828.552511,2.0,34.0,1.0,620.0,,,2.0,2.0,2.0,2.0,1.0,4.0,74.0,,1.0,1.0,150.0,,,2.0,,,2.0,118.0,60.0,2.0,120.0,64.0,2.0,120.0,64.0,2.0,,,,,2.0,,,,2.0,,,,,,,,,2.0,,,,1.0,2.0,0.0,2.0,2.0,2.0,2.0,2.0,2.0,2.0,2.0,,,,18.0,,,,,,,,,,9.0,2.0,,,,,,,,,,,,,,,,,,,,,,,,,,,,,,,,,,,1.0,30.0,1.0,2.0,2.0,2.0,1.0,1.0,,,,,5.0,,,,,,,,,,,,,,,,,,,,,,,,,,,,,,,,1.0,,,,,,,,,1.0,,,,,,,,,2.0,,,,,,2.0,,,211.0,32.0,5.46,0.83,33.94,167.0,162.0,1.0
22989.0,3.0,2.0,2.0,2.0,24.0,294.0,295.0,4.0,2.0,2.0,1.0,1.0,,,5.0,3.0,,5.0,1.0,6.0,6.0,3.44,2.0,2.0,24.0,1.0,5.0,5.0,,1.0,2.0,2.0,1.0,2.0,2.0,1.0,2.0,2.0,1.0,31640.596928,32561.767755,2.0,37.0,1.0,627.0,,,1.0,2.0,2.0,2.0,1.0,3.0,82.0,,1.0,1.0,160.0,,,2.0,120.0,80.0,2.0,120.0,70.0,2.0,122.0,80.0,2.0,121.0,75.0,2.0,,,,,2.0,,,,2.0,,,,,,,,,2.0,,,,2.0,2.0,0.0,2.0,2.0,2.0,2.0,2.0,2.0,2.0,2.0,,,,,,,,,,,,,,,2.0,,,,,,,,,,,,,,,,,,,,,,,,,,,,,,,,,,,1.0,3.0,1.0,2.0,2.0,2.0,1.0,1.0,,2.0,,,,,,,,,,,,,,,,,,,,,,,,,,,,,,,,,,,,2.0,,,5.0,,,8.0,,,,3.0,,,,,,9.0,2.0,,,,,,2.0,,,184.0,65.0,4.76,1.68,30.16,153.0,143.0,1.0
22997.0,3.0,2.0,1.0,1.0,21.0,263.0,264.0,3.0,1.0,2.0,1.0,1.0,,,3.0,2.0,,5.0,4.0,,,,,1.0,69.0,1.0,5.0,1.0,3.0,1.0,2.0,2.0,1.0,2.0,2.0,1.0,2.0,2.0,1.0,78130.600612,79835.145585,2.0,31.0,1.0,527.0,,,2.0,2.0,2.0,2.0,1.0,3.0,66.0,,1.0,1.0,130.0,106.0,70.0,2.0,122.0,72.0,2.0,108.0,66.0,2.0,,,,115.0,69.0,1.0,4.0,2.0,,,2.0,,,,2.0,,,,,,,,,2.0,,,,2.0,2.0,0.0,2.0,2.0,2.0,2.0,2.0,2.0,2.0,2.0,,,,,,,,,,,,,,,2.0,,,,,,,,,,,,,,,,,,,,,,,,,,,,,,,,,,,1.0,0.0,1.0,2.0,2.0,1.0,2.0,2.0,,,,,,,,,9.0,,,,,,,,,,,,,,,,,,,,,,,5.0,,,,9.0,,,,,,,,,,,,,,,,,,,1.0,,,,,5.0,2.0,,,170.0,66.0,4.4,1.71,43.02,176.0,169.0,2.0
22998.0,3.0,2.0,2.0,2.0,26.0,314.0,315.0,4.0,2.0,2.0,1.0,1.0,,,2.0,1.0,,5.0,3.0,1.0,1.0,0.26,2.0,2.0,26.0,1.0,2.0,5.0,,1.0,2.0,2.0,1.0,2.0,2.0,1.0,2.0,2.0,1.0,24114.386001,24981.729216,1.0,42.0,1.0,649.0,,,2.0,2.0,2.0,2.0,1.0,5.0,78.0,,1.0,1.0,150.0,132.0,82.0,2.0,126.0,88.0,2.0,,,2.0,126.0,88.0,2.0,126.0,88.0,2.0,,,,,2.0,,,,2.0,,,,,,,,,2.0,,,,2.0,2.0,0.0,2.0,2.0,2.0,2.0,2.0,2.0,2.0,2.0,,,,,,,,,,,,,,,2.0,,,,,,,,,,,,,,,,,,,,,,,,,,,,,,,,,,,2.0,,2.0,2.0,2.0,2.0,1.0,2.0,,,,,,,,,,,,,,,,,,,,,,,,,,,,,,,,,,,,,1.0,,3.0,,,,,,,,,,,,,,,,2.0,,,,,,2.0,,,185.0,74.0,4.78,1.91,24.69,133.0,121.0,1.0
23011.0,3.0,2.0,1.0,1.0,21.0,253.0,254.0,3.0,1.0,2.0,1.0,1.0,,,4.0,3.0,,5.0,2.0,2.0,2.0,0.54,,1.0,21.0,1.0,4.0,5.0,,1.0,2.0,2.0,1.0,2.0,2.0,1.0,2.0,2.0,1.0,58728.424912,62474.581547,2.0,40.0,1.0,667.0,,,1.0,2.0,2.0,2.0,1.0,4.0,68.0,,1.0,1.0,130.0,100.0,64.0,2.0,98.0,66.0,2.0,96.0,66.0,2.0,,,,97.0,66.0,1.0,14.0,1.0,2.0,,2.0,,,,2.0,,,,,,,,,2.0,,,,2.0,2.0,0.0,2.0,2.0,2.0,2.0,2.0,2.0,2.0,2.0,,,,,,,,,,,,,,,2.0,,,,,,,,,,,,,,,,,,,,,,,,,,,,,,,,,,,1.0,3.0,1.0,1.0,9.0,9.0,1.0,2.0,,,,4.0,,,,,,,,3.0,,,,,,,,,,,,,,,,,,,,,,,,,,,,4.0,,,,,,,,,,,,,,,2.0,,,,,,2.0,,,136.0,39.0,3.52,1.01,44.63,150.0,137.0,3.0
23020.0,3.0,2.0,1.0,1.0,22.0,268.0,269.0,3.0,1.0,2.0,1.0,1.0,,,3.0,2.0,,1.0,3.0,5.0,5.0,1.53,,2.0,24.0,1.0,3.0,1.0,3.0,1.0,2.0,2.0,1.0,2.0,2.0,1.0,2.0,2.0,1.0,48016.251375,49063.803286,2.0,34.0,1.0,544.0,,,2.0,2.0,2.0,2.0,1.0,3.0,74.0,,1.0,1.0,150.0,112.0,74.0,2.0,110.0,68.0,2.0,116.0,76.0,2.0,,,,113.0,72.0,2.0,,,,,2.0,,,,2.0,,,,,,,,,2.0,,,,2.0,2.0,0.0,2.0,2.0,2.0,2.0,2.0,2.0,2.0,2.0,,,,,,,,,,,,,,,2.0,,,,,,,,,,,,,,,,,,,,,,,,,,,,,,,,,,,1.0,3.0,2.0,1.0,2.0,2.0,2.0,2.0,,,,,,,,,,,,,4.0,,,,,,,,,,,,,,,,,,,,,,,,,,,,,,,,,,,,,,,,,,2.0,,,,,,2.0,,,120.0,38.0,3.1,0.98,40.06,167.0,153.0,2.0
23030.0,3.0,2.0,2.0,1.0,36.0,434.0,436.0,3.0,1.0,2.0,1.0,1.0,,,5.0,3.0,,5.0,2.0,11.0,11.0,5.0,,1.0,36.0,1.0,5.0,5.0,,1.0,2.0,2.0,1.0,2.0,2.0,1.0,2.0,2.0,1.0,74522.946063,82472.06549,1.0,30.0,1.0,536.0,,,2.0,2.0,2.0,2.0,1.0,4.0,76.0,,1.0,1.0,150.0,108.0,76.0,2.0,106.0,72.0,2.0,108.0,66.0,2.0,,,,107.0,69.0,1.0,5.0,1.0,2.0,,2.0,,,,2.0,,,,,,,,,2.0,,,,2.0,2.0,0.0,2.0,2.0,2.0,2.0,2.0,2.0,2.0,2.0,,,,,,,,,,,,,,,2.0,,,,,,,,,,,,,,,,,,,,,,,,,,,,,,,,,,,1.0,1.0,1.0,2.0,2.0,2.0,2.0,2.0,,,,4.0,,,,,,,,,,,,,,,,,,,,,,,,,,,,,,,,,,,,,,,,,,,,,,,,,,,2.0,,,,,,2.0,,,143.0,51.0,3.7,1.32,48.3,136.0,122.0,3.0
23038.0,3.0,2.0,1.0,1.0,42.0,507.0,508.0,1.0,3.0,2.0,2.0,1.0,6.0,,1.0,1.0,,1.0,7.0,5.0,5.0,0.66,,1.0,42.0,2.0,1.0,1.0,1.0,2.0,2.0,2.0,2.0,2.0,2.0,2.0,2.0,2.0,2.0,18819.019808,20303.310575,1.0,43.0,1.0,570.0,,,2.0,2.0,2.0,2.0,1.0,4.0,60.0,,1.0,1.0,150.0,108.0,58.0,2.0,106.0,62.0,2.0,112.0,72.0,2.0,,,,109.0,67.0,2.0,,,,,2.0,,,,2.0,,,,,,,,,2.0,,,,2.0,2.0,0.0,2.0,2.0,2.0,2.0,2.0,2.0,2.0,2.0,,,,,,,,,,,,,,,2.0,,,,,,,,,,,,,,,,,,,,,,,,,,,,,,,,,,,1.0,0.0,2.0,2.0,1.0,2.0,2.0,2.0,,,,,,,,,,,,,,,,,,,,,,,5.0,,7.0,,,,,,,,,,,,,,,,,,,,,,,,,,,,,,2.0,,,,,,2.0,,,263.0,46.0,6.8,1.19,33.11,145.0,122.0,2.0
23041.0,3.0,2.0,1.0,1.0,37.0,455.0,455.0,1.0,3.0,1.0,2.0,1.0,6.0,,4.0,3.0,,6.0,2.0,11.0,7.0,4.08,,2.0,45.0,1.0,4.0,6.0,,1.0,2.0,2.0,1.0,2.0,2.0,1.0,2.0,2.0,1.0,26309.942929,27996.577937,2.0,40.0,1.0,637.0,,,2.0,2.0,2.0,2.0,1.0,4.0,64.0,,1.0,1.0,160.0,134.0,68.0,2.0,136.0,68.0,2.0,130.0,60.0,2.0,,,,133.0,64.0,2.0,,,,,2.0,,,,2.0,,,,,,,,,2.0,,,,2.0,2.0,0.0,2.0,2.0,2.0,2.0,2.0,2.0,2.0,2.0,,,,,,,,,,,,,,,2.0,,,,,,,,,,,,,,,,,,,,,,,,,,,,,,,,,,,1.0,0.0,1.0,2.0,2.0,2.0,2.0,2.0,1.0,,,,,,,,,,,,,,,,,,,,,,,,,,,,,,,,,,,,,,,,,,,,,,,,,,,,,,2.0,,,,,,2.0,,,191.0,23.0,4.94,0.59,50.75,132.0,119.0,3.0
23042.0,3.0,2.0,1.0,1.0,36.0,442.0,443.0,3.0,1.0,2.0,1.0,1.0,,,4.0,3.0,,6.0,2.0,10.0,9.0,5.0,,1.0,36.0,1.0,4.0,6.0,,1.0,2.0,2.0,1.0,2.0,2.0,1.0,2.0,2.0,1.0,81968.983288,90712.347204,2.0,34.0,1.0,534.0,,,1.0,2.0,2.0,2.0,1.0,3.0,78.0,,1.0,1.0,150.0,116.0,74.0,2.0,112.0,78.0,2.0,112.0,76.0,2.0,,,,112.0,77.0,2.0,,,,,2.0,,,,2.0,,,,,,,,,2.0,,,,2.0,2.0,0.0,2.0,2.0,2.0,2.0,2.0,2.0,2.0,2.0,,,,,,,,,,,,,,,2.0,,,,,,,,,,,,,,,,,,,,,,,,,,,,,,,,,,,1.0,1.0,2.0,2.0,2.0,2.0,9.0,2.0,,,,,,,,,,,,,,,,,,,,,,,,,,,,,,,,,,,,,,,,,,,,,,,,,,,,,,,2.0,,,,,,2.0,,,186.0,54.0,4.81,1.4,36.55,163.0,150.0,2.0
23044.0,3.0,2.0,2.0,1.0,46.0,557.0,558.0,3.0,1.0,1.0,1.0,1.0,,,4.0,3.0,,1.0,3.0,10.0,10.0,5.0,,1.0,46.0,1.0,4.0,1.0,3.0,1.0,2.0,2.0,1.0,2.0,2.0,1.0,2.0,2.0,1.0,86859.560553,91116.301875,1.0,30.0,1.0,593.0,,,1.0,2.0,2.0,2.0,1.0,4.0,74.0,,1.0,1.0,160.0,,,2.0,124.0,70.0,2.0,140.0,76.0,2.0,134.0,84.0,2.0,137.0,80.0,2.0,,,,,2.0,,,,2.0,,,,,,,,,2.0,,,,2.0,2.0,0.0,2.0,2.0,2.0,2.0,2.0,2.0,1.0,2.0,,1.0,,,,,,,,,,37.0,,,1.0,39.0,,,,,,,,,,,,,,,,,,,,,,,,,,,,,,,,,24.0,1.0,2.0,2.0,2.0,2.0,2.0,2.0,1.0,,,,,,,,,,,,,,,,,,,,,,,,,,,,,,,,,,,,,,,,,,,,,,,2.0,,,,,,,,2.0,,,,,,2.0,,,242.0,50.0,6.26,1.29,37.3,141.0,136.0,2.0
23053.0,3.0,2.0,1.0,1.0,25.0,305.0,306.0,4.0,2.0,2.0,1.0,1.0,,,4.0,3.0,,6.0,5.0,5.0,4.0,0.98,,2.0,22.0,1.0,3.0,6.0,,1.0,2.0,2.0,1.0,2.0,2.0,1.0,2.0,2.0,1.0,26193.579546,28731.911421,1.0,37.0,1.0,651.0,,,2.0,2.0,2.0,2.0,1.0,4.0,60.0,,1.0,1.0,150.0,,,2.0,112.0,62.0,2.0,,,2.0,110.0,72.0,2.0,110.0,72.0,2.0,,,,,2.0,,,,2.0,,,,,,,,,2.0,,,,2.0,2.0,0.0,2.0,2.0,2.0,2.0,2.0,2.0,2.0,2.0,,,,,,,,,,,,,,,2.0,,,,,,,,,,,,,,,,,,,,,,,,,,,,,,,,,,,1.0,1.0,1.0,1.0,2.0,9.0,9.0,9.0,,,,,,,,,9.0,,,,,,,,,9.0,,,,,,,,,,,,,,,,,,,,,,,,,,,,,,,,,,,,,9.0,,,,,,2.0,,,139.0,47.0,3.59,1.22,40.07,149.0,130.0,2.0
23059.0,3.0,2.0,1.0,2.0,39.0,469.0,471.0,3.0,1.0,2.0,1.0,1.0,,,4.0,3.0,,1.0,2.0,11.0,11.0,5.0,2.0,1.0,40.0,1.0,5.0,1.0,4.0,1.0,2.0,2.0,1.0,2.0,2.0,1.0,2.0,2.0,1.0,73696.328891,79842.990522,1.0,35.0,1.0,635.0,,,2.0,2.0,2.0,2.0,1.0,4.0,56.0,,1.0,1.0,130.0,108.0,74.0,2.0,108.0,70.0,2.0,116.0,76.0,2.0,,,,112.0,73.0,2.0,,,,,2.0,,,,2.0,,,,,,,,,2.0,,,,2.0,2.0,0.0,2.0,2.0,2.0,2.0,2.0,2.0,2.0,2.0,,,,,,,,,,,,,,,2.0,,,,,,,,,,,,,,,,,,,,,,,,,,,,,,,,,,,1.0,2.0,2.0,2.0,2.0,2.0,2.0,2.0,,,,,,,,,,,,,,,,,,,,,,,,,,,,,,,,,,,,,,,,,,,,,,,,,,,,,,,1.0,,2.0,3.0,,,2.0,,,190.0,66.0,4.91,1.71,31.4,146.0,140.0,2.0
23066.0,3.0,2.0,2.0,2.0,21.0,255.0,255.0,3.0,1.0,2.0,1.0,1.0,,,2.0,1.0,,1.0,3.0,6.0,6.0,1.83,2.0,1.0,25.0,1.0,5.0,1.0,2.0,1.0,2.0,2.0,1.0,2.0,2.0,1.0,2.0,2.0,1.0,74434.953907,76658.549143,1.0,29.0,1.0,763.0,,,2.0,2.0,2.0,2.0,1.0,4.0,68.0,,1.0,1.0,130.0,104.0,62.0,2.0,100.0,58.0,2.0,100.0,58.0,2.0,,,,100.0,58.0,2.0,,,,,2.0,,,,2.0,,,,,,,,,2.0,,,,2.0,2.0,0.0,2.0,2.0,2.0,2.0,2.0,2.0,2.0,2.0,,,,,,,,,,,,,,,2.0,,,,,,,,,,,,,,,,,,,,,,,,,,,,,,,,,,,1.0,1.0,1.0,2.0,1.0,2.0,2.0,2.0,,,3.0,,,,,,,,,,,,,,,,,,,,,,,8.0,,,,,,,,,,,,,,,,,,,,,,,,,,,,,2.0,,,,,,2.0,,,162.0,50.0,4.19,1.29,32.14,135.0,122.0,2.0
23068.0,3.0,2.0,1.0,1.0,41.0,493.0,493.0,1.0,3.0,2.0,1.0,1.0,,,4.0,3.0,,1.0,4.0,10.0,10.0,3.71,,1.0,41.0,1.0,4.0,1.0,4.0,1.0,2.0,2.0,1.0,2.0,2.0,1.0,2.0,2.0,1.0,25669.244882,26054.946345,2.0,38.0,1.0,641.0,,,2.0,2.0,2.0,2.0,1.0,4.0,74.0,,1.0,1.0,160.0,114.0,72.0,2.0,,,2.0,116.0,70.0,2.0,112.0,72.0,2.0,114.0,71.0,2.0,,,,,2.0,,,,2.0,,,,,,,,,2.0,,,,2.0,2.0,0.0,2.0,2.0,2.0,2.0,2.0,2.0,2.0,2.0,,,,,,,,,,,,,,,2.0,,,,,,,,,,,,,,,,,,,,,,,,,,,,,,,,,,,1.0,0.0,1.0,2.0,2.0,2.0,1.0,1.0,1.0,2.0,,,5.0,,,,,,,,,,,,,,,,,,,,,,,,,,,,,,,,,,,,,,7.0,,,,,,,,6.0,,,,2.0,,,,,,2.0,,,165.0,52.0,4.27,1.34,37.95,140.0,114.0,2.0
23070.0,3.0,2.0,1.0,1.0,23.0,282.0,283.0,3.0,1.0,2.0,1.0,1.0,,,3.0,2.0,,5.0,2.0,9.0,9.0,4.4,,2.0,55.0,1.0,4.0,3.0,,1.0,2.0,2.0,1.0,2.0,2.0,1.0,2.0,2.0,1.0,58728.424912,62474.581547,2.0,40.0,1.0,758.0,,,1.0,2.0,2.0,2.0,1.0,4.0,66.0,,1.0,1.0,150.0,132.0,68.0,2.0,132.0,72.0,2.0,,,2.0,,,2.0,132.0,72.0,2.0,,,,,2.0,,,,2.0,,,,,,,,,2.0,,,,2.0,2.0,0.0,2.0,2.0,2.0,2.0,2.0,2.0,2.0,2.0,,,,,,,,,,,,,,,2.0,,,,,,,,,,,,,,,,,,,,,,,,,,,,,,,,,,,1.0,2.0,1.0,1.0,1.0,1.0,1.0,1.0,,,,,,,,,9.0,,,,,,,,,9.0,,,,,,,,,9.0,,,3.0,,,,,,,,,,4.0,,6.0,,,,,,,4.0,5.0,,,,,2.0,,,,,,2.0,,,119.0,37.0,3.08,0.96,34.91,184.0,179.0,1.0
23074.0,3.0,2.0,1.0,1.0,26.0,318.0,318.0,1.0,3.0,2.0,2.0,2.0,4.0,,1.0,1.0,,5.0,6.0,6.0,6.0,1.01,,2.0,25.0,2.0,3.0,1.0,,2.0,2.0,2.0,1.0,2.0,2.0,,,,,31779.530919,31812.609984,1.0,38.0,1.0,529.0,,,2.0,2.0,2.0,2.0,1.0,4.0,94.0,,1.0,1.0,150.0,118.0,58.0,2.0,118.0,62.0,2.0,116.0,60.0,2.0,,,,117.0,61.0,2.0,,,,,2.0,,,,2.0,,,,,,,,,1.0,,,,2.0,2.0,0.0,2.0,2.0,2.0,2.0,2.0,2.0,2.0,2.0,,,,,,,,,,,,,,,2.0,,,,,,,,,,,,,,,,,,,,,,,,,,,,,,,,,,,1.0,3.0,2.0,2.0,2.0,2.0,2.0,2.0,,,,,,,,,,,,,,,,,,,,,,,,,,,,,,,,,,,,,,,,,,,,,,,,,,,,,,,2.0,,,,,,2.0,,,,,,,44.23,156.0,145.0,3.0
23079.0,3.0,2.0,1.0,1.0,48.0,579.0,580.0,3.0,1.0,2.0,1.0,1.0,,,3.0,2.0,,1.0,4.0,11.0,11.0,4.51,,1.0,48.0,1.0,3.0,1.0,5.0,1.0,2.0,2.0,1.0,2.0,2.0,1.0,2.0,2.0,1.0,95538.223374,100220.281407,2.0,39.0,1.0,664.0,,,2.0,2.0,2.0,2.0,1.0,4.0,64.0,,1.0,1.0,150.0,124.0,72.0,2.0,124.0,76.0,2.0,128.0,76.0,2.0,,,,126.0,76.0,2.0,,,,,2.0,,,,2.0,,,,,,,,,2.0,,,,2.0,2.0,0.0,2.0,2.0,2.0,2.0,2.0,2.0,2.0,2.0,,,,,,,,,,,,,,,2.0,,,,,,,,,,,,,,,,,,,,,,,,,,,,,,,,,,,1.0,0.0,1.0,2.0,2.0,2.0,2.0,2.0,,,,4.0,,,,,,,,,,,,,,,,,,,,,,,,,,,,,,,,,,,,,,,,,,,,,,,,,,,2.0,,,,,,2.0,,,241.0,50.0,6.23,1.29,46.84,121.0,,3.0
23090.0,3.0,2.0,2.0,2.0,34.0,409.0,411.0,1.0,3.0,2.0,2.0,2.0,4.0,,2.0,1.0,,1.0,2.0,8.0,8.0,3.71,2.0,1.0,34.0,2.0,2.0,1.0,2.0,2.0,2.0,2.0,1.0,2.0,2.0,1.0,2.0,2.0,1.0,23324.82779,23484.961824,1.0,42.0,1.0,568.0,,,2.0,2.0,2.0,2.0,1.0,4.0,54.0,,1.0,1.0,140.0,104.0,60.0,2.0,104.0,62.0,2.0,104.0,62.0,2.0,,,,104.0,62.0,2.0,,,,,2.0,,,,2.0,,,,,,,,,2.0,,,,2.0,2.0,0.0,2.0,2.0,2.0,2.0,2.0,2.0,2.0,2.0,,,,,,,,,,,,,,,2.0,,,,,,,,,,,,,,,,,,,,,,,,,,,,,,,,,,,1.0,0.0,1.0,2.0,1.0,2.0,2.0,2.0,,,,,,6.0,,,,,,,,,,,,,,,,,,,,,9.0,,,,,,,,,,,,,,,,,,,,,,,,,,,,2.0,,,,,,2.0,,,269.0,26.0,6.96,0.67,50.65,105.0,103.0,3.0
23095.0,3.0,2.0,1.0,1.0,23.0,278.0,278.0,2.0,5.0,2.0,1.0,1.0,,,2.0,1.0,,5.0,3.0,4.0,3.0,0.99,,2.0,69.0,3.0,1.0,4.0,,1.0,2.0,2.0,2.0,2.0,2.0,1.0,2.0,2.0,1.0,42635.275376,45280.969383,1.0,43.0,1.0,807.0,,,2.0,2.0,2.0,2.0,1.0,4.0,74.0,,1.0,1.0,130.0,112.0,70.0,2.0,108.0,68.0,2.0,104.0,72.0,2.0,,,,106.0,70.0,2.0,,,,,2.0,,,,2.0,,,,,,,,,2.0,,,,2.0,2.0,0.0,2.0,2.0,2.0,2.0,1.0,2.0,2.0,2.0,,,,,,,,,,,,,,,2.0,,,,,,,,,,,,,,,,,,,,,,,,,,,,,,,,,,,1.0,0.0,1.0,1.0,1.0,2.0,1.0,2.0,,,3.0,,,,,,,,,,,,,,,9.0,,,,,,,,,9.0,,,,,,,,,,1.0,,,,,,,,,,,,,,,,,,2.0,,,,,,2.0,,,226.0,38.0,5.84,0.98,41.57,153.0,145.0,2.0
23110.0,3.0,2.0,2.0,1.0,38.0,459.0,459.0,3.0,1.0,2.0,1.0,1.0,,,4.0,3.0,,1.0,3.0,11.0,11.0,5.0,,1.0,38.0,1.0,4.0,1.0,4.0,1.0,2.0,2.0,1.0,2.0,2.0,1.0,2.0,2.0,1.0,70782.749552,75242.33094,2.0,30.0,1.0,771.0,,,2.0,2.0,2.0,2.0,1.0,4.0,72.0,,1.0,1.0,160.0,130.0,94.0,2.0,126.0,90.0,2.0,132.0,94.0,2.0,,,,129.0,92.0,2.0,,,,,2.0,,,,2.0,,,,,,,,,2.0,,,,2.0,2.0,0.0,2.0,2.0,2.0,2.0,2.0,2.0,2.0,2.0,,,,,,,,,,,,,,,1.0,36.0,,,,,,,,,,,,,,,,,,,,,,,,,,,,,,37.0,,,,1.0,5.0,2.0,1.0,2.0,2.0,2.0,2.0,,,,,,,,,,,,,4.0,,,,,,,,,,,,,,,,,,,,,,,,,,,,,,,,,,,,,,,,,,2.0,,,,,,2.0,,,169.0,45.0,4.37,1.16,37.6,136.0,125.0,2.0
23139.0,3.0,2.0,2.0,2.0,22.0,270.0,270.0,4.0,2.0,1.0,1.0,1.0,,,4.0,3.0,,5.0,3.0,7.0,3.0,1.11,2.0,2.0,22.0,1.0,4.0,5.0,,1.0,2.0,2.0,1.0,2.0,2.0,1.0,2.0,2.0,1.0,32598.68556,33977.133001,1.0,32.0,1.0,524.0,,,2.0,2.0,2.0,2.0,1.0,3.0,66.0,,1.0,1.0,140.0,108.0,70.0,2.0,106.0,70.0,2.0,106.0,72.0,2.0,,,,106.0,71.0,2.0,,,,,2.0,,,,2.0,,,,,,,,,2.0,,,,2.0,2.0,0.0,2.0,2.0,2.0,2.0,2.0,2.0,2.0,2.0,,,,,,,,,,,,,,,2.0,,,,,,,,,,,,,,,,,,,,,,,,,,,,,,,,,,,1.0,1.0,2.0,2.0,2.0,2.0,2.0,2.0,,,,,,,,,,,,,,,,,,,,,,,,,,,,,,,,,,,,,,,,,,,,,,,,,,,,,,,2.0,,,,,,2.0,,,185.0,54.0,4.78,1.4,50.55,146.0,140.0,3.0
23141.0,3.0,2.0,1.0,1.0,42.0,508.0,509.0,3.0,1.0,2.0,1.0,1.0,,,4.0,3.0,,6.0,2.0,11.0,8.0,5.0,,1.0,42.0,1.0,4.0,6.0,,1.0,2.0,2.0,1.0,2.0,2.0,1.0,2.0,2.0,1.0,95322.660492,102420.718141,1.0,36.0,1.0,659.0,,,2.0,2.0,2.0,2.0,1.0,4.0,74.0,,1.0,1.0,140.0,116.0,80.0,2.0,120.0,86.0,2.0,116.0,88.0,2.0,,,,118.0,87.0,2.0,,,,,2.0,,,,2.0,,,,,,,,,2.0,,,,2.0,2.0,0.0,2.0,2.0,2.0,2.0,1.0,2.0,2.0,2.0,,,,,,,,,,,,,,,2.0,,,,,,,,,,,,,,,,,,,,,,,,,,,,,,,,,,,1.0,2.0,2.0,2.0,2.0,2.0,2.0,2.0,,,,,,,,,,,,,,,,,,,,,,,,,,,,,,,,,,,,,,,,,,,,,,,,,,,,,,,2.0,,,,,,2.0,,,274.0,38.0,7.09,0.98,43.04,130.0,124.0,3.0
23154.0,3.0,2.0,2.0,1.0,21.0,257.0,257.0,4.0,2.0,2.0,1.0,1.0,,,2.0,1.0,,5.0,4.0,,13.0,,,1.0,23.0,,,99.0,,1.0,2.0,2.0,1.0,2.0,2.0,1.0,2.0,2.0,1.0,5351.093507,5834.072929,1.0,42.0,1.0,616.0,,,2.0,2.0,2.0,2.0,1.0,4.0,62.0,,1.0,1.0,150.0,,,2.0,116.0,64.0,2.0,,,2.0,,,2.0,116.0,64.0,2.0,,,,,2.0,,,,2.0,,,,,,,,,2.0,,,,2.0,2.0,0.0,2.0,2.0,2.0,2.0,2.0,2.0,2.0,2.0,,,,,,,,,,,,,,,2.0,,,,,,,,,,,,,,,,,,,,,,,,,,,,,,,,,,,1.0,0.0,1.0,2.0,1.0,2.0,2.0,2.0,,,,,5.0,,,,,,,,,,,,,,,,,,,,,,9.0,,,,,,,,,,,,,,,,,,,,,,,,,,,,1.0,,2.0,,,,2.0,,,161.0,95.0,4.16,2.46,56.05,142.0,126.0,3.0
23175.0,3.0,2.0,2.0,1.0,25.0,306.0,307.0,3.0,1.0,2.0,1.0,1.0,,,4.0,3.0,,5.0,2.0,8.0,8.0,3.71,,2.0,48.0,1.0,5.0,3.0,,1.0,2.0,2.0,1.0,2.0,2.0,1.0,2.0,2.0,1.0,73404.22245,72883.228278,1.0,29.0,1.0,840.0,,,2.0,2.0,2.0,2.0,1.0,5.0,92.0,,1.0,1.0,170.0,156.0,62.0,2.0,144.0,70.0,2.0,154.0,56.0,2.0,,,,149.0,63.0,2.0,,,,,2.0,,,,2.0,,,,,,,,,2.0,,,,2.0,2.0,0.0,2.0,2.0,2.0,2.0,2.0,2.0,2.0,2.0,,,,,,,,,,,,,,,2.0,,,,,,,,,,,,,,,,,,,,,,,,,,,,,,,,,,,1.0,5.0,9.0,2.0,2.0,2.0,2.0,2.0,,,,,,,,,,,,,,,,,,,,,,,,,,,,,,,,,,,,,,,,,,,,,,,,,,,,,,,1.0,,2.0,,,,2.0,,,188.0,33.0,4.86,0.85,44.17,140.0,135.0,2.0
23181.0,3.0,2.0,1.0,2.0,34.0,419.0,419.0,4.0,2.0,2.0,1.0,1.0,,,4.0,3.0,,1.0,5.0,11.0,11.0,3.71,2.0,1.0,35.0,1.0,5.0,1.0,4.0,1.0,2.0,2.0,1.0,2.0,2.0,1.0,2.0,2.0,1.0,37016.040475,38295.509782,1.0,37.0,1.0,535.0,,,1.0,2.0,2.0,2.0,1.0,3.0,88.0,,1.0,1.0,130.0,98.0,64.0,2.0,96.0,58.0,2.0,102.0,62.0,2.0,,,,99.0,60.0,2.0,,,,,2.0,,,,2.0,,,,,,,,,2.0,,,,2.0,2.0,0.0,2.0,2.0,2.0,2.0,2.0,2.0,2.0,2.0,,,,,,,,,,,,,,,9.0,,,,,,,,,,,,,,,,,,,,,,,,,,,,,,,,,,,1.0,0.0,1.0,1.0,2.0,2.0,1.0,2.0,,,,,,6.0,,,,,,,,5.0,,,,,,,,,,,,,,,,,,,,,,,,,,,5.0,,,,,,,,,,,,,,2.0,,,,,,2.0,,,154.0,64.0,3.98,1.66,29.86,162.0,161.0,2.0
23192.0,3.0,2.0,1.0,2.0,21.0,254.0,255.0,1.0,3.0,2.0,1.0,1.0,,,4.0,3.0,,5.0,3.0,2.0,2.0,0.7,2.0,2.0,20.0,,,5.0,,1.0,2.0,2.0,1.0,2.0,2.0,1.0,2.0,2.0,1.0,26702.082542,26878.507296,2.0,40.0,1.0,803.0,,,1.0,2.0,2.0,2.0,1.0,3.0,66.0,,1.0,1.0,120.0,94.0,66.0,2.0,98.0,60.0,2.0,96.0,62.0,2.0,,,,97.0,61.0,2.0,,,,,2.0,,,,2.0,,,,,,,,,2.0,,,,2.0,2.0,0.0,2.0,2.0,2.0,2.0,2.0,2.0,2.0,2.0,,,,,,,,,,,,,,,2.0,,,,,,,,,,,,,,,,,,,,,,,,,,,,,,,,,,,1.0,0.0,1.0,1.0,1.0,2.0,2.0,1.0,,,,,5.0,,,,,,,3.0,,,,,,,1.0,2.0,,,,,,,,,,,,,,,,,,,,,,,,,,,2.0,,,,,,,,2.0,,,,,,2.0,,,165.0,75.0,4.27,1.94,50.39,136.0,128.0,3.0
23196.0,3.0,2.0,1.0,2.0,36.0,433.0,434.0,4.0,2.0,2.0,3.0,2.0,2.0,,3.0,2.0,,1.0,6.0,1.0,1.0,0.14,2.0,1.0,50.0,3.0,2.0,1.0,3.0,1.0,2.0,2.0,1.0,2.0,2.0,1.0,2.0,2.0,1.0,33102.647144,34246.848967,1.0,35.0,1.0,561.0,,,2.0,2.0,2.0,2.0,1.0,4.0,66.0,,1.0,1.0,120.0,106.0,64.0,2.0,100.0,66.0,2.0,106.0,62.0,2.0,,,,103.0,64.0,2.0,,,,,2.0,,,,2.0,,,,,,,,,2.0,,,,2.0,2.0,0.0,2.0,2.0,2.0,2.0,2.0,2.0,2.0,2.0,,,,,,,,,,,,,,,2.0,,,,,,,,,,,,,,,,,,,,,,,,,,,,,,,,,,,1.0,0.0,2.0,2.0,2.0,2.0,2.0,2.0,,,,,,,,,,,,,,,,,,,,,,,,,,,,,,,,,,,,,,,,,,,,,,,,,,,,,,,2.0,,,,,,2.0,,,197.0,66.0,5.09,1.71,31.02,136.0,121.0,2.0
23205.0,3.0,2.0,1.0,2.0,22.0,270.0,271.0,1.0,3.0,2.0,2.0,2.0,2.0,,1.0,1.0,,1.0,6.0,11.0,5.0,1.57,2.0,1.0,44.0,2.0,2.0,1.0,1.0,2.0,2.0,2.0,2.0,2.0,2.0,2.0,2.0,2.0,2.0,29739.495068,29820.065785,1.0,39.0,1.0,574.0,,,2.0,2.0,2.0,2.0,1.0,4.0,74.0,,1.0,1.0,140.0,,,2.0,108.0,62.0,2.0,,,2.0,110.0,52.0,2.0,110.0,52.0,2.0,,,,,2.0,,,,2.0,,,,,,,,,2.0,,,,2.0,2.0,0.0,2.0,2.0,2.0,2.0,2.0,2.0,2.0,2.0,,,,,,,,,,,,,,,2.0,,,,,,,,,,,,,,,,,,,,,,,,,,,,,,,,,,,1.0,0.0,2.0,2.0,2.0,1.0,2.0,2.0,,,,,,,,,,,,,,,,,,,,,,,,,,,,,,3.0,,,,,,,,,,,,,,,,,,,,,,,,,2.0,,,,,,2.0,,,213.0,55.0,5.51,1.42,29.85,141.0,140.0,1.0
23218.0,3.0,2.0,2.0,2.0,28.0,341.0,343.0,3.0,1.0,2.0,1.0,1.0,,,5.0,3.0,,5.0,4.0,,12.0,,2.0,1.0,51.0,1.0,3.0,1.0,3.0,1.0,2.0,2.0,1.0,2.0,2.0,1.0,2.0,2.0,1.0,59465.53132,62246.912464,2.0,29.0,1.0,545.0,,,2.0,2.0,2.0,2.0,1.0,3.0,64.0,,1.0,1.0,130.0,104.0,60.0,2.0,104.0,62.0,2.0,104.0,64.0,2.0,,,,104.0,63.0,2.0,,,,,2.0,,,,2.0,,,,,,,,,2.0,,,,2.0,2.0,0.0,2.0,2.0,2.0,2.0,2.0,2.0,2.0,2.0,,,,,,,,,,,,,,,2.0,,,,,,,,,,,,,,,,,,,,,,,,,,,,,,,,,,,1.0,2.0,1.0,2.0,2.0,2.0,1.0,1.0,,,3.0,,,,,,,,,,,,,,,,,,,,,,,,,,,,,,,,,,,,,,,,,,9.0,,,,4.0,,,,,9.0,1.0,,,,,5.0,2.0,,,238.0,57.0,6.15,1.47,34.07,165.0,153.0,2.0
23220.0,3.0,2.0,1.0,1.0,30.0,361.0,362.0,1.0,3.0,1.0,1.0,1.0,,,5.0,3.0,,1.0,5.0,11.0,11.0,4.46,,2.0,31.0,2.0,5.0,1.0,5.0,1.0,2.0,2.0,1.0,2.0,2.0,1.0,2.0,2.0,1.0,32827.000313,34939.567874,1.0,43.0,1.0,679.0,,,1.0,2.0,2.0,2.0,1.0,4.0,60.0,,1.0,1.0,140.0,102.0,60.0,2.0,104.0,56.0,2.0,94.0,64.0,2.0,,,,99.0,60.0,2.0,,,,,2.0,,,,2.0,,,,,,,,,2.0,,,,2.0,2.0,0.0,2.0,2.0,2.0,2.0,2.0,2.0,2.0,2.0,,,,,,,,,,,,,,,2.0,,,,,,,,,,,,,,,,,,,,,,,,,,,,,,,,,,,1.0,2.0,1.0,1.0,2.0,2.0,2.0,2.0,,2.0,,,,,,,,,,,,,6.0,,,,,,,,,,,,,,,,,,,,,,,,,,,,,,,,,,,,,,,,1.0,,,,,5.0,2.0,,,251.0,45.0,6.49,1.16,37.68,159.0,146.0,2.0
23236.0,3.0,2.0,1.0,1.0,49.0,589.0,590.0,4.0,2.0,2.0,1.0,1.0,,,4.0,3.0,,6.0,5.0,11.0,10.0,5.0,,1.0,49.0,1.0,4.0,6.0,,1.0,2.0,2.0,1.0,2.0,2.0,1.0,2.0,2.0,1.0,25594.98551,26783.578048,2.0,39.0,1.0,619.0,,,2.0,2.0,2.0,2.0,1.0,5.0,66.0,,1.0,1.0,170.0,136.0,80.0,2.0,134.0,82.0,2.0,140.0,78.0,2.0,,,,137.0,80.0,2.0,,,,,2.0,,,,2.0,,,,,,,,,2.0,,,,2.0,2.0,0.0,2.0,2.0,2.0,2.0,2.0,2.0,2.0,2.0,,,,,,,,,,,,,,,2.0,,,,,,,,,,,,,,,,,,,,,,,,,,,,,,,,,,,1.0,0.0,2.0,1.0,2.0,2.0,1.0,1.0,,,,,,,,,,,,,,5.0,,,,,,,,,,,,,,,,,,,,,,,1.0,,,,,,,,,1.0,,,,,,,,,1.0,,,,,5.0,2.0,,,210.0,69.0,5.43,1.78,37.62,141.0,121.0,2.0
23272.0,3.0,2.0,1.0,1.0,23.0,279.0,280.0,1.0,3.0,2.0,2.0,2.0,3.0,,3.0,2.0,,5.0,3.0,6.0,6.0,2.1,,1.0,56.0,2.0,1.0,1.0,1.0,2.0,2.0,2.0,2.0,2.0,2.0,2.0,2.0,2.0,2.0,31779.530919,31689.420356,1.0,38.0,1.0,597.0,,,2.0,2.0,2.0,2.0,1.0,4.0,66.0,,1.0,1.0,150.0,114.0,80.0,2.0,110.0,76.0,2.0,112.0,84.0,2.0,,,,111.0,80.0,2.0,,,,,2.0,,,,2.0,,,,,,,,,2.0,,,,2.0,2.0,0.0,2.0,2.0,2.0,2.0,2.0,2.0,2.0,2.0,,,,,,,,,,,,,,,2.0,,,,,,,,,,,,,,,,,,,,,,,,,,,,,,,,,,,1.0,0.0,2.0,2.0,2.0,2.0,2.0,2.0,,,,,,,,,,,,,,,,,,,,,,,,,,,,,,,,,,,,,,,,,,,,,,,,,,,,,,,2.0,,,,,,2.0,,,147.0,37.0,3.8,0.96,43.41,154.0,125.0,2.0
23291.0,3.0,2.0,2.0,1.0,30.0,365.0,366.0,3.0,1.0,2.0,1.0,1.0,,,4.0,3.0,,3.0,1.0,9.0,9.0,5.0,,1.0,30.0,1.0,4.0,3.0,,1.0,2.0,2.0,1.0,2.0,2.0,1.0,2.0,2.0,1.0,79930.623785,88456.562545,2.0,33.0,1.0,631.0,,,1.0,2.0,2.0,2.0,1.0,5.0,54.0,,1.0,1.0,150.0,118.0,58.0,2.0,122.0,64.0,2.0,112.0,56.0,2.0,,,,117.0,60.0,1.0,2.0,1.0,2.0,,2.0,,,,2.0,,,,,,,,,2.0,,,,1.0,2.0,0.0,2.0,2.0,2.0,2.0,2.0,2.0,2.0,2.0,,,,18.0,,,,,,,,,,3.0,2.0,,,,,,,,,,,,,,,,,,,,,,,,,,,,,,,,,,,1.0,51.0,1.0,2.0,1.0,2.0,1.0,1.0,,,,,,,,8.0,,,,,,,,,,,,,,,,,,8.0,,,,,,,,,,,,,,,,,,,9.0,,,,,,,,,9.0,2.0,,,,,,2.0,,,219.0,47.0,5.66,1.22,42.83,142.0,129.0,3.0
23300.0,3.0,2.0,1.0,2.0,23.0,278.0,278.0,1.0,3.0,2.0,2.0,2.0,2.0,,1.0,1.0,,1.0,3.0,4.0,4.0,0.96,1.0,2.0,25.0,2.0,3.0,1.0,1.0,2.0,2.0,2.0,2.0,2.0,2.0,2.0,2.0,2.0,2.0,2621.820846,2639.143619,2.0,40.0,1.0,491.0,,,1.0,2.0,2.0,2.0,1.0,3.0,96.0,,1.0,1.0,130.0,102.0,56.0,2.0,100.0,60.0,2.0,100.0,60.0,2.0,,,,100.0,60.0,2.0,,,,,2.0,,,,2.0,,,,,,,,,2.0,,,,2.0,2.0,0.0,2.0,2.0,2.0,2.0,2.0,2.0,2.0,2.0,,,,,,,,,,,,,,,2.0,,,,,,,,,,,,,,,,,,,,,,,,,,,,,,,,,,,1.0,5.0,1.0,2.0,2.0,2.0,2.0,2.0,,2.0,,,,,,,,,,,,,,,,,,,,,,,,,,,,,,,,,,,,,,,,,,,,,,,,,,,,,2.0,,,,,,2.0,,,148.0,60.0,3.83,1.55,30.79,147.0,148.0,2.0
23305.0,3.0,2.0,2.0,1.0,33.0,406.0,407.0,3.0,1.0,2.0,1.0,1.0,,,2.0,1.0,,5.0,3.0,7.0,7.0,2.29,,2.0,59.0,1.0,4.0,1.0,4.0,1.0,2.0,2.0,1.0,2.0,2.0,1.0,2.0,2.0,1.0,74496.463409,80489.514464,1.0,33.0,1.0,680.0,,,2.0,2.0,2.0,2.0,1.0,4.0,68.0,,1.0,1.0,150.0,124.0,70.0,2.0,130.0,74.0,2.0,132.0,74.0,2.0,,,,131.0,74.0,2.0,,,,,2.0,,,,2.0,,,,,,,,,2.0,,,,2.0,2.0,0.0,2.0,2.0,2.0,2.0,2.0,2.0,2.0,2.0,,,,,,,,,,,,,,,2.0,,,,,,,,,,,,,,,,,,,,,,,,,,,,,,,,,,,1.0,4.0,1.0,1.0,1.0,2.0,2.0,2.0,,,3.0,,,,,,,,,,,,,,,9.0,,,,,,,,8.0,,,,,,,,,,,,,,,,,,,,,,,,,,,,,2.0,,,,,,2.0,,,118.0,69.0,3.05,1.78,39.04,154.0,144.0,2.0
23306.0,3.0,2.0,2.0,1.0,21.0,253.0,254.0,3.0,1.0,2.0,1.0,1.0,,,3.0,2.0,,5.0,3.0,9.0,5.0,2.34,,1.0,20.0,1.0,3.0,5.0,,1.0,2.0,2.0,1.0,2.0,2.0,1.0,2.0,2.0,1.0,64789.306859,67289.163872,1.0,33.0,1.0,677.0,,,1.0,2.0,2.0,2.0,1.0,3.0,68.0,,1.0,1.0,140.0,114.0,64.0,2.0,108.0,64.0,2.0,106.0,60.0,2.0,,,,107.0,62.0,1.0,12.0,2.0,,,2.0,,,,2.0,,,,,,,,,2.0,,,,2.0,2.0,0.0,2.0,2.0,2.0,2.0,2.0,2.0,2.0,2.0,,,,,,,,,,,,,,,2.0,,,,,,,,,,,,,,,,,,,,,,,,,,,,,,,,,,,1.0,2.0,2.0,2.0,2.0,2.0,2.0,2.0,,,,,,,,,,,,,,,,,,,,,,,,,,,,,,,,,,,,,,,,,,,,,,,,,,,,,,,2.0,,,,,,2.0,,,157.0,63.0,4.06,1.63,42.29,168.0,157.0,2.0
23310.0,3.0,2.0,1.0,1.0,31.0,377.0,378.0,1.0,3.0,2.0,2.0,2.0,6.0,,2.0,1.0,,1.0,4.0,3.0,3.0,0.64,,1.0,31.0,2.0,2.0,1.0,1.0,1.0,2.0,2.0,2.0,2.0,2.0,,,,,24082.337881,25532.889735,1.0,43.0,1.0,519.0,,,2.0,2.0,2.0,2.0,1.0,3.0,54.0,,1.0,1.0,140.0,108.0,76.0,2.0,112.0,68.0,2.0,108.0,70.0,2.0,,,,110.0,69.0,2.0,,,,,2.0,,,,2.0,,,,,,,,,2.0,,,,2.0,2.0,0.0,2.0,2.0,2.0,2.0,2.0,2.0,2.0,2.0,,,,,,,,,,,,,,,2.0,,,,,,,,,,,,,,,,,,,,,,,,,,,,,,,,,,,1.0,0.0,2.0,2.0,2.0,2.0,2.0,2.0,,,,,,,,,,,,,,,,,,,,,,,,,,,,,,,,,,,,,,,,,,,,,,,,,,,,,,,2.0,,,,,,2.0,,,,,,,55.7,139.0,124.0,3.0
23318.0,3.0,2.0,1.0,2.0,28.0,340.0,342.0,3.0,1.0,2.0,1.0,1.0,,,5.0,3.0,,6.0,2.0,11.0,11.0,5.0,2.0,1.0,28.0,1.0,5.0,6.0,,1.0,2.0,2.0,1.0,2.0,2.0,1.0,2.0,2.0,1.0,68326.456957,73257.925573,1.0,39.0,1.0,610.0,,,2.0,2.0,2.0,2.0,1.0,3.0,76.0,,1.0,1.0,120.0,88.0,66.0,2.0,88.0,64.0,2.0,88.0,62.0,2.0,,,,88.0,63.0,1.0,5.0,2.0,,,2.0,,,,2.0,,,,,,,,,2.0,,,,2.0,2.0,0.0,2.0,2.0,2.0,2.0,2.0,2.0,2.0,2.0,,,,,,,,,,,,,,,2.0,,,,,,,,,,,,,,,,,,,,,,,,,,,,,,,,,,,1.0,10.0,1.0,2.0,1.0,2.0,2.0,2.0,,,,4.0,,,,,,,,,,,,,,,,,3.0,,,,,,,,,,,,,,,,,,,,,,,,,,,,,,,,,,2.0,,,,,,2.0,,,177.0,90.0,4.58,2.33,30.8,158.0,144.0,2.0
23323.0,3.0,2.0,1.0,2.0,21.0,259.0,259.0,3.0,1.0,2.0,1.0,1.0,,,3.0,2.0,,5.0,5.0,6.0,6.0,1.36,2.0,1.0,46.0,1.0,4.0,1.0,,1.0,2.0,2.0,1.0,2.0,2.0,1.0,2.0,2.0,1.0,57713.284708,60412.708027,2.0,35.0,1.0,636.0,,,2.0,2.0,2.0,2.0,1.0,3.0,80.0,,1.0,1.0,130.0,110.0,66.0,2.0,108.0,80.0,2.0,,,2.0,106.0,78.0,2.0,107.0,79.0,1.0,12.0,2.0,,,2.0,,,,2.0,,,,,,,,,2.0,,,,2.0,2.0,0.0,2.0,2.0,2.0,2.0,2.0,2.0,2.0,2.0,,,,,,,,,,,,,,,2.0,,,,,,,,,,,,,,,,,,,,,,,,,,,,,,,,,,,1.0,5.0,2.0,2.0,2.0,2.0,2.0,2.0,,,,,,,,,,,,,,,,,,,,,,,,,,,,,,,,,,,,,,,,,,,,,,,,,,,,,,,2.0,,,,,,2.0,,,168.0,72.0,4.34,1.86,47.6,136.0,121.0,3.0
23336.0,3.0,2.0,1.0,1.0,31.0,380.0,381.0,4.0,2.0,2.0,1.0,1.0,,,4.0,3.0,,6.0,3.0,6.0,3.0,1.34,,1.0,31.0,1.0,4.0,6.0,,1.0,2.0,2.0,1.0,2.0,2.0,,,,,28559.289181,30075.901248,1.0,37.0,1.0,540.0,,,2.0,2.0,1.0,2.0,1.0,4.0,76.0,,1.0,1.0,160.0,112.0,62.0,2.0,118.0,66.0,2.0,114.0,66.0,2.0,,,,116.0,66.0,2.0,,,,,2.0,,,,2.0,,,,,,,,,2.0,,,,2.0,2.0,0.0,2.0,2.0,2.0,2.0,2.0,2.0,2.0,2.0,,,,,,,,,,,,,,,2.0,,,,,,,,,,,,,,,,,,,,,,,,,,,,,,,,,,,1.0,2.0,2.0,2.0,2.0,2.0,2.0,2.0,,,,,,,,,,,,,,,,,,,,,,,,,,,,,,,,,,,,,,,,,,,,,,,,,,,,,,,2.0,,,,,,2.0,,,223.0,71.0,5.77,1.84,107.0,133.0,136.0,3.0
23355.0,3.0,2.0,1.0,2.0,22.0,268.0,269.0,4.0,2.0,2.0,1.0,1.0,,,4.0,3.0,,5.0,1.0,4.0,4.0,1.72,2.0,2.0,22.0,1.0,4.0,5.0,,1.0,2.0,2.0,1.0,2.0,2.0,,,,,28970.199554,29813.625572,2.0,35.0,1.0,561.0,,,2.0,2.0,2.0,2.0,1.0,4.0,82.0,,1.0,1.0,140.0,112.0,64.0,2.0,110.0,70.0,2.0,110.0,62.0,2.0,,,,110.0,66.0,2.0,,,,,2.0,,,,2.0,,,,,,,,,2.0,,,,2.0,2.0,0.0,2.0,2.0,2.0,2.0,2.0,2.0,2.0,2.0,,,,,,,,,,,,,,,2.0,,,,,,,,,,,,,,,,,,,,,,,,,,,,,,,,,,,1.0,5.0,2.0,2.0,2.0,2.0,2.0,1.0,,,,,,,,,,,,,,,,,,,,,,,,,,,,,,,,,,,,,,,,,,,,,,,,,,,,,,9.0,2.0,,,,,,2.0,,,190.0,65.0,4.91,1.68,26.6,165.0,,1.0
23359.0,3.0,2.0,1.0,2.0,25.0,302.0,303.0,5.0,4.0,2.0,3.0,1.0,4.0,,4.0,3.0,,1.0,3.0,8.0,8.0,3.01,2.0,1.0,29.0,3.0,4.0,1.0,4.0,1.0,2.0,2.0,1.0,2.0,2.0,1.0,2.0,2.0,1.0,68326.456957,71522.290154,1.0,39.0,1.0,543.0,,,2.0,2.0,2.0,2.0,1.0,3.0,72.0,,1.0,1.0,150.0,124.0,76.0,2.0,122.0,82.0,2.0,108.0,66.0,2.0,,,,115.0,74.0,2.0,,,,,2.0,,,,2.0,,,,,,,,,2.0,,,,2.0,2.0,0.0,2.0,2.0,2.0,2.0,2.0,2.0,2.0,1.0,,,2.0,,,,,,,,,,7.0,,2.0,,,,,,,,,,,,,,,,,,,,,,,,,,,,,,,,,,,1.0,4.0,9.0,9.0,9.0,9.0,9.0,9.0,,,,,,,,,,,,,,,,,,,,,,,,,,,,,,,,,,,,,,,,,,,,,,,,,,,,,,,9.0,,,,,,2.0,,,143.0,63.0,3.7,1.63,33.96,153.0,143.0,2.0
23381.0,3.0,2.0,1.0,2.0,49.0,594.0,595.0,3.0,1.0,2.0,1.0,1.0,,,3.0,2.0,,2.0,2.0,4.0,4.0,1.36,2.0,2.0,49.0,1.0,3.0,2.0,,1.0,2.0,2.0,1.0,2.0,2.0,1.0,2.0,2.0,1.0,53613.822755,53754.948823,2.0,34.0,1.0,527.0,,,2.0,2.0,2.0,2.0,1.0,4.0,78.0,,1.0,1.0,150.0,118.0,82.0,2.0,116.0,78.0,2.0,114.0,68.0,2.0,,,,115.0,73.0,2.0,,,,,2.0,,,,2.0,,,,,,,,,1.0,,,,2.0,2.0,0.0,2.0,2.0,2.0,2.0,2.0,2.0,2.0,2.0,,,,,,,,,,,,,,,2.0,,,,,,,,,,,,,,,,,,,,,,,,,,,,,,,,,,,1.0,0.0,1.0,2.0,2.0,2.0,2.0,2.0,1.0,,,,5.0,,,,,,,,,,,,,,,,,,,,,,,,,,,,,,,,,,,,,,,,,,,,,,,,,,2.0,,,,,,2.0,,,230.0,49.0,5.95,1.27,38.57,132.0,130.0,3.0
23388.0,3.0,2.0,1.0,1.0,46.0,561.0,562.0,3.0,1.0,1.0,1.0,1.0,,,4.0,3.0,,1.0,2.0,11.0,11.0,5.0,,2.0,52.0,1.0,4.0,1.0,4.0,1.0,2.0,2.0,1.0,2.0,2.0,1.0,2.0,2.0,1.0,92888.97928,99805.816541,2.0,35.0,1.0,562.0,,,1.0,2.0,2.0,2.0,1.0,5.0,78.0,,1.0,1.0,140.0,106.0,74.0,2.0,100.0,72.0,2.0,100.0,74.0,2.0,,,,100.0,73.0,2.0,,,,,2.0,,,,2.0,,,,,,,,,2.0,,,,2.0,2.0,0.0,2.0,2.0,2.0,2.0,2.0,2.0,2.0,2.0,,,,,,,,,,,,,,,2.0,,,,,,,,,,,,,,,,,,,,,,,,,,,,,,,,,,,1.0,1.0,2.0,1.0,2.0,2.0,2.0,2.0,,,,,,,,,,1.0,,,,,,,,,,,,,,,,,,,,,,,,,,,,,,,,,,,,,,,,,,,,,2.0,,,,,,2.0,,,232.0,54.0,6.0,1.4,36.7,133.0,,2.0
23397.0,3.0,2.0,1.0,1.0,21.0,261.0,261.0,3.0,1.0,2.0,1.0,1.0,,,4.0,3.0,,5.0,4.0,11.0,11.0,4.08,,1.0,46.0,1.0,4.0,1.0,4.0,1.0,2.0,2.0,1.0,2.0,2.0,1.0,2.0,2.0,1.0,67380.312372,69980.141798,1.0,39.0,1.0,555.0,,,1.0,2.0,2.0,2.0,1.0,4.0,58.0,,1.0,1.0,150.0,116.0,70.0,2.0,120.0,70.0,2.0,116.0,74.0,2.0,,,,118.0,72.0,2.0,,,,,2.0,,,,2.0,,,,,,,,,2.0,,,,2.0,2.0,0.0,2.0,2.0,2.0,2.0,2.0,2.0,2.0,2.0,,,,,,,,,,,,,,,2.0,,,,,,,,,,,,,,,,,,,,,,,,,,,,,,,,,,,1.0,5.0,2.0,2.0,2.0,2.0,2.0,2.0,,,,,,,,,,,,,,,,,,,,,,,,,,,,,,,,,,,,,,,,,,,,,,,,,,,,,,,2.0,,,,,,2.0,,,172.0,60.0,4.45,1.55,42.2,147.0,,2.0
23415.0,3.0,2.0,2.0,1.0,46.0,553.0,554.0,3.0,1.0,2.0,1.0,1.0,,,3.0,2.0,,3.0,4.0,10.0,9.0,3.83,,1.0,46.0,1.0,3.0,3.0,,1.0,2.0,2.0,1.0,2.0,2.0,1.0,2.0,2.0,1.0,104708.297342,108066.407727,2.0,31.0,1.0,719.0,,,2.0,2.0,2.0,2.0,1.0,4.0,80.0,,1.0,1.0,130.0,116.0,80.0,2.0,116.0,84.0,2.0,116.0,78.0,2.0,,,,116.0,81.0,2.0,,,,,2.0,,,,2.0,,,,,,,,,2.0,,,,2.0,2.0,0.0,2.0,2.0,2.0,2.0,2.0,2.0,2.0,2.0,,,,,,,,,,,,,,,2.0,,,,,,,,,,,,,,,,,,,,,,,,,,,,,,,,,,,1.0,0.0,1.0,1.0,2.0,2.0,2.0,2.0,,,,4.0,,,,,,1.0,,,,,,,,,,,,,,,,,,,,,,,,,,,,,,,,,,,,,,,,,,,,,2.0,,,,,,2.0,,,241.0,32.0,6.23,0.83,27.52,157.0,,1.0
23418.0,3.0,2.0,2.0,2.0,21.0,255.0,256.0,3.0,1.0,2.0,1.0,1.0,,,3.0,2.0,,6.0,3.0,,1.0,0.22,2.0,2.0,21.0,1.0,3.0,6.0,,1.0,2.0,2.0,1.0,2.0,2.0,1.0,2.0,2.0,1.0,65056.800308,67000.241979,2.0,31.0,1.0,723.0,,,1.0,2.0,2.0,2.0,1.0,3.0,82.0,,1.0,1.0,130.0,106.0,74.0,2.0,98.0,70.0,2.0,102.0,74.0,2.0,,,,100.0,72.0,1.0,1.0,2.0,,,2.0,,,,2.0,,,,,,,,,2.0,,,,2.0,2.0,0.0,2.0,2.0,2.0,2.0,2.0,2.0,2.0,2.0,,,,,,,,,,,,,,,1.0,38.0,,,,,,,,,,,,,,,,,,,,,,,,,,,,,,,,20.0,,2.0,,1.0,1.0,2.0,9.0,1.0,9.0,,,,4.0,,,,,,,,,,,,,,9.0,,,,,,,,,,,,,,,,,,,,,3.0,4.0,,,,,,,,,,,,,,,9.0,,,,,,2.0,,,130.0,44.0,3.36,1.14,29.9,164.0,152.0,1.0
23430.0,3.0,2.0,1.0,1.0,34.0,419.0,420.0,3.0,1.0,1.0,1.0,1.0,,,4.0,3.0,,1.0,5.0,9.0,9.0,2.55,,1.0,34.0,1.0,4.0,1.0,3.0,1.0,2.0,2.0,1.0,2.0,2.0,1.0,2.0,2.0,1.0,84538.270972,91339.159911,1.0,31.0,1.0,648.0,,,2.0,2.0,2.0,2.0,1.0,4.0,64.0,,1.0,1.0,170.0,126.0,66.0,2.0,,,2.0,134.0,66.0,2.0,128.0,82.0,2.0,131.0,74.0,2.0,,,,,2.0,,,,2.0,,,,,,,,,2.0,,,,2.0,2.0,0.0,2.0,2.0,2.0,2.0,1.0,2.0,2.0,2.0,,,,,,,,,,,,,,,2.0,,,,,,,,,,,,,,,,,,,,,,,,,,,,,,,,,,,1.0,3.0,1.0,2.0,2.0,2.0,1.0,1.0,1.0,2.0,3.0,,,,,,,,,,,,,,,,,,,,,,,,,,,,,,,,,,,2.0,,,,,,,,,2.0,,,,,,,,2.0,,,,,,2.0,,,165.0,40.0,4.27,1.03,44.08,150.0,135.0,3.0
23442.0,3.0,2.0,2.0,2.0,27.0,324.0,324.0,4.0,2.0,2.0,1.0,1.0,,,4.0,3.0,,5.0,4.0,11.0,8.0,3.6,2.0,2.0,27.0,1.0,4.0,5.0,,1.0,2.0,2.0,1.0,2.0,2.0,1.0,2.0,2.0,1.0,31640.596928,32978.531238,2.0,37.0,1.0,744.0,,,1.0,2.0,2.0,2.0,1.0,4.0,100.0,,1.0,1.0,130.0,108.0,52.0,2.0,102.0,56.0,2.0,108.0,60.0,2.0,,,,105.0,58.0,2.0,,,,,2.0,,,,2.0,,,,,,,,,1.0,,,,2.0,2.0,0.0,2.0,2.0,2.0,2.0,2.0,2.0,2.0,2.0,,,,,,,,,,,,,,,2.0,,,,,,,,,,,,,,,,,,,,,,,,,,,,,,,,,,,1.0,6.0,1.0,2.0,2.0,2.0,1.0,2.0,,,3.0,,5.0,,,,,,,,,,,,,,,,,,,,,,,,,,,,,,,,1.0,,3.0,,,,,,,,,,,,,,,,2.0,,,,,,2.0,,,136.0,46.0,3.52,1.19,30.79,162.0,164.0,2.0
23449.0,3.0,2.0,2.0,2.0,37.0,453.0,453.0,3.0,1.0,2.0,1.0,1.0,,,5.0,3.0,,1.0,5.0,11.0,11.0,5.0,2.0,1.0,37.0,1.0,5.0,1.0,5.0,1.0,2.0,2.0,1.0,2.0,2.0,1.0,2.0,2.0,1.0,72619.856408,76812.716088,2.0,30.0,1.0,765.0,,,2.0,2.0,2.0,2.0,1.0,4.0,72.0,,1.0,1.0,140.0,116.0,80.0,2.0,112.0,72.0,2.0,110.0,66.0,2.0,,,,111.0,69.0,2.0,,,,,2.0,,,,2.0,,,,,,,,,2.0,,,,2.0,2.0,0.0,2.0,2.0,2.0,2.0,2.0,2.0,2.0,2.0,,,,,,,,,,,,,,,2.0,,,,,,,,,,,,,,,,,,,,,,,,,,,,,,,,,,,1.0,0.0,2.0,2.0,1.0,2.0,2.0,2.0,,,,,,,,,,,,,,,,,,,1.0,,,,,,,,,,,,,,,,,,,,,,,,,,,,,,,,,,,,2.0,,,,,,2.0,,,153.0,73.0,3.96,1.89,30.59,153.0,138.0,2.0
23451.0,3.0,2.0,2.0,2.0,47.0,573.0,574.0,3.0,1.0,2.0,1.0,1.0,,,5.0,3.0,,6.0,4.0,77.0,77.0,,2.0,1.0,43.0,1.0,4.0,6.0,,1.0,2.0,2.0,1.0,2.0,2.0,1.0,2.0,2.0,1.0,108341.283275,111789.767859,1.0,29.0,1.0,858.0,,,1.0,2.0,2.0,2.0,1.0,4.0,68.0,,1.0,1.0,150.0,136.0,76.0,2.0,132.0,74.0,2.0,130.0,72.0,2.0,,,,131.0,73.0,2.0,,,,,2.0,,,,2.0,,,,,,,,,2.0,,,,2.0,2.0,0.0,2.0,2.0,2.0,2.0,1.0,2.0,2.0,2.0,,,,,,,,,,,,,,,2.0,,,,,,,,,,,,,,,,,,,,,,,,,,,,,,,,,,,1.0,3.0,1.0,2.0,2.0,2.0,1.0,1.0,,,,,,,,,9.0,,,,,,,,,,,,,,,,,,,,,,,,,,,,1.0,,,,,,,,,,2.0,,,,,,,,2.0,,,,,,2.0,,,169.0,56.0,4.37,1.45,36.15,111.0,107.0,3.0
23454.0,3.0,2.0,1.0,1.0,45.0,540.0,541.0,3.0,1.0,2.0,1.0,1.0,,,3.0,2.0,,1.0,3.0,11.0,11.0,5.0,,1.0,45.0,1.0,3.0,1.0,4.0,1.0,2.0,2.0,1.0,2.0,2.0,1.0,2.0,2.0,1.0,111415.606522,114988.827697,1.0,34.0,1.0,626.0,,,2.0,2.0,2.0,2.0,1.0,4.0,82.0,,1.0,1.0,160.0,124.0,98.0,2.0,122.0,94.0,2.0,128.0,92.0,2.0,,,,125.0,93.0,2.0,,,,,2.0,,,,2.0,,,,,,,,,1.0,,,,2.0,2.0,0.0,2.0,2.0,2.0,2.0,2.0,2.0,2.0,2.0,,,,,,,,,,,,,,,2.0,,,,,,,,,,,,,,,,,,,,,,,,,,,,,,,,,,,1.0,0.0,2.0,2.0,1.0,2.0,2.0,1.0,,,,,,,,,,,,,,,,,,,1.0,,,,,,,,,,,,,,,,,,,,,,,,,,,,2.0,,,,,,,,2.0,,,,,,2.0,,,280.0,74.0,7.24,1.91,40.71,133.0,126.0,3.0
23455.0,3.0,2.0,1.0,1.0,28.0,338.0,340.0,1.0,3.0,2.0,1.0,1.0,,,5.0,3.0,,5.0,6.0,,,,,2.0,26.0,,,5.0,,1.0,2.0,2.0,,,,1.0,2.0,2.0,1.0,29348.026612,29264.810557,2.0,42.0,1.0,597.0,,,2.0,2.0,2.0,2.0,1.0,4.0,76.0,,1.0,1.0,140.0,118.0,70.0,2.0,116.0,56.0,2.0,120.0,60.0,2.0,,,,118.0,58.0,2.0,,,,,2.0,,,,2.0,,,,,,,,,2.0,,,,2.0,2.0,0.0,2.0,2.0,2.0,2.0,2.0,2.0,2.0,2.0,,,,,,,,,,,,,,,2.0,,,,,,,,,,,,,,,,,,,,,,,,,,,,,,,,,,,1.0,0.0,1.0,2.0,1.0,2.0,2.0,2.0,,,3.0,4.0,,,,,,,,,,,,,,,,,,,,,,,9.0,,,,,,,,,,,,,,,,,,,,,,,,,,,,2.0,,,,,,2.0,,,178.0,51.0,4.6,1.32,37.12,168.0,164.0,1.0
23463.0,3.0,2.0,2.0,2.0,24.0,297.0,299.0,3.0,1.0,2.0,1.0,1.0,,,3.0,2.0,,5.0,3.0,6.0,4.0,1.28,2.0,1.0,21.0,1.0,4.0,5.0,,1.0,2.0,2.0,1.0,2.0,2.0,1.0,2.0,2.0,1.0,70491.501482,73788.600301,2.0,33.0,1.0,709.0,,,1.0,2.0,2.0,2.0,1.0,3.0,72.0,,1.0,1.0,130.0,108.0,76.0,2.0,104.0,76.0,2.0,102.0,78.0,2.0,,,,103.0,77.0,2.0,,,,,2.0,,,,2.0,,,,,,,,,1.0,,,,2.0,2.0,0.0,2.0,2.0,2.0,2.0,2.0,2.0,2.0,2.0,,,,,,,,,,,,,,,2.0,,,,,,,,,,,,,,,,,,,,,,,,,,,,,,,,,,,1.0,3.0,2.0,2.0,2.0,2.0,1.0,2.0,,,,,,,,,,,,,,,,,,,,,,,,,,,,,,,,,,,,,,2.0,,,,,,,,,,,,,,,,,2.0,,,,,,2.0,,,148.0,58.0,3.83,1.5,35.37,132.0,122.0,2.0
23465.0,3.0,2.0,2.0,1.0,26.0,315.0,317.0,3.0,1.0,1.0,1.0,1.0,,,5.0,3.0,,6.0,2.0,6.0,4.0,1.61,,1.0,26.0,1.0,5.0,6.0,,1.0,2.0,2.0,1.0,2.0,2.0,1.0,2.0,2.0,1.0,75700.271552,80529.024834,2.0,37.0,1.0,773.0,,,1.0,2.0,2.0,2.0,1.0,4.0,74.0,,1.0,1.0,140.0,114.0,88.0,2.0,120.0,86.0,2.0,116.0,82.0,2.0,,,,118.0,84.0,2.0,,,,,2.0,,,,2.0,,,,,,,,,2.0,,,,2.0,2.0,0.0,2.0,2.0,2.0,2.0,2.0,2.0,2.0,2.0,,,,,,,,,,,,,,,2.0,,,,,,,,,,,,,,,,,,,,,,,,,,,,,,,,,,,1.0,0.0,1.0,2.0,2.0,2.0,2.0,2.0,,,3.0,,,,,,,,,,,,,,,,,,,,,,,,,,,,,,,,,,,,,,,,,,,,,,,,,,,,2.0,,,,,,2.0,,,190.0,61.0,4.91,1.58,48.76,149.0,133.0,3.0
23483.0,3.0,2.0,1.0,1.0,39.0,469.0,470.0,1.0,3.0,2.0,2.0,2.0,4.0,,4.0,3.0,,1.0,4.0,6.0,6.0,1.33,,1.0,39.0,2.0,4.0,1.0,4.0,2.0,2.0,2.0,2.0,2.0,2.0,1.0,2.0,2.0,1.0,44776.206113,47657.7597,2.0,38.0,1.0,621.0,,,1.0,2.0,2.0,2.0,1.0,4.0,84.0,,1.0,1.0,160.0,120.0,90.0,2.0,122.0,92.0,2.0,116.0,86.0,2.0,,,,119.0,89.0,2.0,,,,,2.0,,,,2.0,,,,,,,,,2.0,,,,2.0,2.0,0.0,2.0,2.0,2.0,2.0,2.0,2.0,2.0,2.0,,,,,,,,,,,,,,,2.0,,,,,,,,,,,,,,,,,,,,,,,,,,,,,,,,,,,1.0,0.0,1.0,2.0,2.0,2.0,2.0,2.0,1.0,2.0,,,,,,,,,,,,,,,,,,,,,,,,,,,,,,,,,,,,,,,,,,,,,,,,,,,,,2.0,,,,,,2.0,,,218.0,36.0,5.64,0.93,37.91,138.0,,2.0
23484.0,3.0,2.0,2.0,1.0,29.0,355.0,356.0,4.0,2.0,2.0,1.0,1.0,,,5.0,3.0,,5.0,2.0,5.0,5.0,1.84,,1.0,29.0,1.0,5.0,5.0,,1.0,2.0,2.0,1.0,2.0,2.0,1.0,2.0,2.0,1.0,24765.93297,26822.609368,2.0,33.0,1.0,643.0,,,1.0,2.0,2.0,2.0,1.0,4.0,58.0,,1.0,1.0,140.0,122.0,40.0,2.0,122.0,58.0,2.0,118.0,60.0,2.0,,,,120.0,59.0,2.0,,,,,2.0,,,,2.0,,,,,,,,,2.0,,,,2.0,2.0,0.0,2.0,2.0,2.0,2.0,2.0,2.0,2.0,2.0,,,,,,,,,,,,,,,2.0,,,,,,,,,,,,,,,,,,,,,,,,,,,,,,,,,,,1.0,0.0,1.0,2.0,2.0,2.0,2.0,1.0,,,,,5.0,,,,,,,,,,,,,,,,,,,,,,,,,,,,,,,,,,,,,,,,,,2.0,,,,,,,,2.0,,,,,,2.0,,,,,,,62.14,129.0,111.0,3.0
23485.0,3.0,2.0,1.0,2.0,21.0,258.0,258.0,5.0,4.0,2.0,1.0,1.0,,,4.0,3.0,,5.0,3.0,3.0,1.0,0.48,2.0,2.0,21.0,1.0,4.0,5.0,,1.0,2.0,2.0,1.0,2.0,2.0,1.0,2.0,2.0,1.0,59553.080946,62338.557049,2.0,40.0,1.0,519.0,,,2.0,2.0,2.0,2.0,1.0,3.0,74.0,,1.0,1.0,120.0,88.0,66.0,2.0,94.0,76.0,2.0,,,2.0,,,2.0,94.0,76.0,2.0,,,,,2.0,,,,2.0,,,,,,,,,1.0,,,,2.0,2.0,0.0,2.0,2.0,2.0,2.0,2.0,2.0,2.0,2.0,,,,,,,,,,,,,,,2.0,,,,,,,,,,,,,,,,,,,,,,,,,,,,,,,,,,,1.0,0.0,2.0,2.0,2.0,2.0,2.0,2.0,,,,,,,,,,,,,,,,,,,,,,,,,,,,,,,,,,,,,,,,,,,,,,,,,,,,,,,2.0,,,,,,2.0,,,185.0,66.0,4.78,1.71,36.46,146.0,136.0,2.0
23488.0,3.0,2.0,1.0,1.0,40.0,490.0,490.0,3.0,1.0,2.0,3.0,2.0,4.0,,4.0,3.0,,1.0,3.0,11.0,11.0,5.0,,1.0,40.0,3.0,4.0,1.0,4.0,1.0,2.0,2.0,1.0,2.0,2.0,1.0,2.0,2.0,1.0,78706.080972,82563.243327,2.0,40.0,1.0,692.0,,,2.0,2.0,2.0,2.0,1.0,4.0,64.0,,1.0,1.0,140.0,114.0,60.0,2.0,104.0,54.0,2.0,112.0,64.0,2.0,,,,108.0,59.0,2.0,,,,,2.0,,,,2.0,,,,,,,,,2.0,,,,2.0,2.0,0.0,2.0,2.0,2.0,2.0,2.0,2.0,2.0,2.0,,,,,,,,,,,,,,,2.0,,,,,,,,,,,,,,,,,,,,,,,,,,,,,,,,,,,1.0,0.0,2.0,2.0,2.0,2.0,2.0,2.0,,,,,,,,,,,,,,,,,,,,,,,,,,,,,,,,,,,,,,,,,,,,,,,,,,,,,,,1.0,1.0,,,,,2.0,,,202.0,42.0,5.22,1.09,40.82,133.0,119.0,3.0
23495.0,3.0,2.0,2.0,1.0,30.0,371.0,371.0,3.0,1.0,2.0,1.0,1.0,,,3.0,2.0,,1.0,3.0,11.0,11.0,4.91,,1.0,30.0,1.0,3.0,1.0,5.0,1.0,2.0,2.0,1.0,2.0,2.0,1.0,2.0,2.0,1.0,84402.121847,89719.775286,1.0,29.0,1.0,662.0,,,2.0,2.0,2.0,2.0,1.0,4.0,52.0,,1.0,1.0,160.0,118.0,82.0,2.0,124.0,82.0,2.0,120.0,80.0,2.0,,,,122.0,81.0,2.0,,,,,2.0,,,,2.0,,,,,,,,,2.0,,,,2.0,2.0,0.0,2.0,2.0,2.0,2.0,2.0,2.0,2.0,2.0,,,,,,,,,,,,,,,2.0,,,,,,,,,,,,,,,,,,,,,,,,,,,,,,,,,,,1.0,0.0,1.0,1.0,1.0,9.0,2.0,2.0,,,,,,6.0,,,,,,,,,,,,9.0,,,,,5.0,,,,,,,,,,,,,,,,,,,,,,,,,,,,,,,,2.0,,,,,,2.0,,,218.0,59.0,5.64,1.53,47.17,157.0,142.0,3.0
23509.0,3.0,2.0,2.0,2.0,21.0,260.0,261.0,4.0,2.0,2.0,1.0,1.0,,,2.0,1.0,,1.0,4.0,6.0,1.0,0.31,2.0,2.0,44.0,1.0,3.0,6.0,,1.0,2.0,2.0,1.0,2.0,2.0,1.0,2.0,2.0,1.0,29729.215649,30986.326496,1.0,36.0,1.0,545.0,,,2.0,2.0,2.0,2.0,1.0,3.0,68.0,,1.0,1.0,120.0,98.0,58.0,2.0,98.0,60.0,2.0,98.0,56.0,2.0,,,,98.0,58.0,2.0,,,,,2.0,,,,2.0,,,,,,,,,2.0,,,,2.0,2.0,0.0,2.0,2.0,2.0,2.0,2.0,2.0,2.0,2.0,,,,,,,,,,,,,,,2.0,,,,,,,,,,,,,,,,,,,,,,,,,,,,,,,,,,,1.0,0.0,2.0,2.0,2.0,2.0,2.0,2.0,,,,,,,,,,,,,,,,,,,,,,,,,,,,,,,,,,,,,,,,,,,,,,,,,,,,,,,2.0,,,,,,2.0,,,174.0,57.0,4.5,1.47,33.14,154.0,138.0,2.0
23530.0,3.0,2.0,2.0,2.0,38.0,467.0,468.0,3.0,1.0,2.0,1.0,1.0,,,5.0,3.0,,1.0,4.0,11.0,11.0,5.0,2.0,2.0,38.0,1.0,5.0,1.0,5.0,1.0,2.0,2.0,1.0,2.0,2.0,1.0,2.0,2.0,1.0,72619.856408,76812.716088,1.0,33.0,1.0,652.0,,,2.0,2.0,2.0,2.0,1.0,4.0,68.0,,1.0,1.0,140.0,118.0,78.0,2.0,114.0,78.0,2.0,120.0,78.0,2.0,,,,117.0,78.0,2.0,,,,,2.0,,,,2.0,,,,,,,,,2.0,,,,2.0,2.0,0.0,2.0,2.0,2.0,2.0,2.0,2.0,2.0,2.0,,,,,,,,,,,,,,,2.0,,,,,,,,,,,,,,,,,,,,,,,,,,,,,,,,,,,2.0,,2.0,2.0,2.0,2.0,2.0,2.0,,,,,,,,,,,,,,,,,,,,,,,,,,,,,,,,,,,,,,,,,,,,,,,,,,,,,,,2.0,,,,,,2.0,,,217.0,123.0,5.61,3.18,54.2,138.0,134.0,3.0
23542.0,3.0,2.0,2.0,1.0,20.0,245.0,245.0,3.0,1.0,2.0,1.0,1.0,,,2.0,1.0,,5.0,3.0,4.0,4.0,1.05,,1.0,20.0,1.0,2.0,5.0,,1.0,2.0,2.0,1.0,2.0,2.0,1.0,2.0,2.0,1.0,42250.882141,43172.65323,1.0,29.0,1.0,491.0,,,1.0,2.0,2.0,2.0,1.0,3.0,66.0,,1.0,1.0,140.0,,,2.0,114.0,50.0,2.0,,,2.0,,,2.0,114.0,50.0,2.0,,,,,2.0,,,,2.0,,,,,,,,,2.0,,,,2.0,2.0,0.0,2.0,2.0,2.0,2.0,2.0,2.0,2.0,2.0,,,,,,,,,,,,,,,2.0,,,,,,,,,,,,,,,,,,,,,,,,,,,,,,,,,,,1.0,0.0,2.0,2.0,1.0,2.0,2.0,2.0,,,,,,,,,,,,,,,,,,,,,,,,,7.0,,,,,,,,,,,,,,,,,,,,,,,,,,,,,,2.0,,,,,,2.0,,,131.0,55.0,3.39,1.42,46.38,164.0,151.0,3.0
23553.0,3.0,2.0,1.0,1.0,44.0,530.0,531.0,3.0,1.0,2.0,1.0,1.0,,,2.0,1.0,,1.0,4.0,4.0,4.0,0.89,,1.0,44.0,1.0,2.0,1.0,4.0,1.0,2.0,2.0,1.0,2.0,2.0,1.0,2.0,2.0,1.0,43476.090971,44870.417078,2.0,34.0,1.0,725.0,,,2.0,2.0,2.0,2.0,1.0,4.0,74.0,,1.0,1.0,170.0,134.0,72.0,2.0,124.0,70.0,2.0,,,2.0,132.0,76.0,2.0,128.0,73.0,2.0,,,,,2.0,,,,2.0,,,,,,,,,2.0,,,,2.0,2.0,0.0,2.0,2.0,2.0,2.0,2.0,2.0,2.0,2.0,,,,,,,,,,,,,,,2.0,,,,,,,,,,,,,,,,,,,,,,,,,,,,,,,,,,,1.0,0.0,1.0,1.0,2.0,2.0,2.0,2.0,1.0,,,,,,,,,,2.0,,,,,,,,,,,,,,,,,,,,,,,,,,,,,,,,,,,,,,,,,,,,2.0,,,,,,2.0,,,281.0,46.0,7.27,1.19,33.97,147.0,147.0,2.0
23554.0,3.0,2.0,2.0,2.0,27.0,328.0,329.0,3.0,1.0,2.0,1.0,1.0,,,4.0,3.0,,1.0,2.0,7.0,7.0,3.2,2.0,1.0,26.0,1.0,5.0,1.0,4.0,1.0,2.0,2.0,1.0,2.0,2.0,1.0,2.0,2.0,1.0,76763.243798,82303.638318,2.0,37.0,1.0,557.0,,,2.0,2.0,2.0,2.0,1.0,3.0,66.0,,1.0,1.0,140.0,114.0,68.0,2.0,106.0,70.0,2.0,108.0,66.0,2.0,,,,107.0,68.0,2.0,,,,,2.0,,,,2.0,,,,,,,,,1.0,,,,2.0,2.0,0.0,2.0,2.0,2.0,2.0,2.0,2.0,2.0,2.0,,,,,,,,,,,,,,,2.0,,,,,,,,,,,,,,,,,,,,,,,,,,,,,,,,,,,1.0,0.0,2.0,2.0,2.0,2.0,2.0,2.0,,,,,,,,,,,,,,,,,,,,,,,,,,,,,,,,,,,,,,,,,,,,,,,,,,,,,,,2.0,,,,,,2.0,,,175.0,58.0,4.53,1.5,46.31,157.0,149.0,3.0
23567.0,3.0,2.0,2.0,1.0,37.0,446.0,447.0,3.0,1.0,2.0,1.0,1.0,,,5.0,3.0,,1.0,3.0,11.0,11.0,5.0,,1.0,37.0,1.0,5.0,1.0,5.0,1.0,2.0,2.0,1.0,2.0,2.0,1.0,2.0,2.0,1.0,84402.121847,89719.775286,1.0,29.0,1.0,690.0,,,1.0,2.0,2.0,2.0,1.0,4.0,66.0,,1.0,1.0,130.0,110.0,58.0,2.0,112.0,62.0,2.0,110.0,60.0,2.0,,,,111.0,61.0,2.0,,,,,2.0,,,,2.0,,,,,,,,,2.0,,,,2.0,2.0,0.0,2.0,2.0,2.0,2.0,2.0,2.0,2.0,2.0,,,,,,,,,,,,,,,2.0,,,,,,,,,,,,,,,,,,,,,,,,,,,,,,,,,,,1.0,1.0,2.0,2.0,2.0,1.0,2.0,2.0,,,,,,,,,,,,,,,,,,,,,,,,,,,,,,,4.0,,,,,,,,,,,,,,,,,,,,,,,,2.0,,,,,,2.0,,,191.0,44.0,4.94,1.14,47.6,128.0,119.0,3.0
23568.0,3.0,2.0,1.0,1.0,24.0,289.0,290.0,1.0,3.0,2.0,1.0,1.0,,,2.0,1.0,,6.0,4.0,9.0,2.0,0.64,,2.0,24.0,1.0,3.0,6.0,,1.0,2.0,2.0,1.0,2.0,2.0,1.0,2.0,2.0,1.0,26176.488723,26203.735625,2.0,40.0,1.0,561.0,,,1.0,2.0,2.0,2.0,1.0,4.0,80.0,,1.0,1.0,160.0,,,2.0,128.0,84.0,2.0,,,2.0,,,2.0,128.0,84.0,2.0,,,,,2.0,,,,1.0,3.0,,,,,,,,1.0,,,,2.0,2.0,0.0,2.0,2.0,2.0,2.0,2.0,2.0,2.0,2.0,,,,,,,,,,,,,,,2.0,,,,,,,,,,,,,,,,,,,,,,,,,,,,,,,,,,,2.0,,1.0,2.0,2.0,2.0,2.0,2.0,,2.0,,,,,7.0,,,,,,,,,,,,,,,,,,,,,,,,,,,,,,,,,,,,,,,,,,,,,,,,2.0,,,,,,2.0,,,230.0,53.0,5.95,1.37,31.48,173.0,159.0,1.0
23573.0,3.0,2.0,2.0,1.0,39.0,479.0,480.0,3.0,1.0,2.0,1.0,1.0,,,5.0,3.0,,1.0,4.0,11.0,11.0,4.62,,1.0,39.0,1.0,5.0,1.0,5.0,1.0,2.0,2.0,1.0,2.0,2.0,1.0,2.0,2.0,1.0,74496.463409,80489.514464,1.0,33.0,1.0,911.0,,,2.0,2.0,2.0,2.0,1.0,4.0,62.0,,1.0,1.0,130.0,110.0,60.0,2.0,104.0,66.0,2.0,106.0,64.0,2.0,,,,105.0,65.0,2.0,,,,,2.0,,,,2.0,,,,,,,,,2.0,,,,2.0,2.0,0.0,2.0,2.0,2.0,2.0,2.0,2.0,2.0,2.0,,,,,,,,,,,,,,,2.0,,,,,,,,,,,,,,,,,,,,,,,,,,,,,,,,,,,1.0,3.0,1.0,2.0,2.0,2.0,2.0,2.0,,,3.0,,,,,,9.0,,,,,,,,,,,,,,,,,,,,,,,,,,,,,,,,,,,,,,,,,,,,,,2.0,,,,,,2.0,,,248.0,51.0,6.41,1.32,37.4,145.0,130.0,2.0
23580.0,3.0,2.0,2.0,2.0,43.0,524.0,526.0,4.0,2.0,2.0,1.0,1.0,,,5.0,3.0,,1.0,4.0,9.0,9.0,3.45,2.0,1.0,44.0,1.0,4.0,1.0,5.0,1.0,2.0,2.0,1.0,2.0,2.0,1.0,2.0,2.0,1.0,27525.77897,28737.160479,2.0,33.0,1.0,935.0,,,1.0,2.0,2.0,2.0,1.0,4.0,64.0,,1.0,1.0,150.0,134.0,76.0,2.0,138.0,78.0,2.0,134.0,76.0,2.0,,,,136.0,77.0,2.0,,,,,2.0,,,,2.0,,,,,,,,,2.0,,,,2.0,2.0,0.0,2.0,2.0,2.0,2.0,1.0,2.0,2.0,2.0,,,,,,,,,,,,,,,2.0,,,,,,,,,,,,,,,,,,,,,,,,,,,,,,,,,,,1.0,0.0,1.0,2.0,2.0,2.0,2.0,2.0,,,,,,6.0,7.0,8.0,,,,,,,,,,,,,,,,,,,,,,,,,,,,,,,,,,,,,,,,,,,,,,,2.0,,,,,,2.0,,,212.0,62.0,5.48,1.6,33.9,126.0,,3.0
23583.0,3.0,2.0,2.0,2.0,34.0,412.0,413.0,1.0,3.0,2.0,2.0,1.0,4.0,,1.0,1.0,,1.0,7.0,,8.0,2.06,2.0,1.0,41.0,1.0,4.0,1.0,1.0,1.0,2.0,2.0,1.0,2.0,2.0,1.0,2.0,2.0,1.0,32446.433777,35579.915898,2.0,32.0,1.0,781.0,,,1.0,2.0,2.0,2.0,1.0,5.0,70.0,,1.0,1.0,160.0,,,2.0,130.0,76.0,2.0,120.0,82.0,2.0,126.0,80.0,2.0,123.0,81.0,2.0,,,,,2.0,,,,2.0,,,,,,,,,2.0,,,,2.0,2.0,0.0,2.0,2.0,2.0,2.0,1.0,2.0,2.0,2.0,,,,,,,,,,,,,,,2.0,,,,,,,,,,,,,,,,,,,,,,,,,,,,,,,,,,,2.0,,1.0,2.0,2.0,2.0,2.0,2.0,,,3.0,,,,,,,,,,,,,,,,,,,,,,,,,,,,,,,,,,,,,,,,,,,,,,,,,,,,2.0,,,,,,2.0,,,132.0,42.0,3.41,1.09,26.13,138.0,131.0,1.0
23586.0,3.0,2.0,1.0,2.0,41.0,496.0,497.0,3.0,1.0,2.0,1.0,1.0,,,5.0,3.0,,1.0,5.0,11.0,11.0,3.63,2.0,2.0,41.0,1.0,5.0,1.0,3.0,1.0,2.0,2.0,1.0,2.0,2.0,1.0,2.0,2.0,1.0,102300.366262,107288.730598,2.0,35.0,1.0,564.0,,,1.0,2.0,2.0,2.0,1.0,4.0,70.0,,1.0,1.0,150.0,114.0,68.0,2.0,116.0,72.0,2.0,108.0,68.0,2.0,,,,112.0,70.0,2.0,,,,,2.0,,,,2.0,,,,,,,,,2.0,,,,2.0,2.0,0.0,2.0,2.0,2.0,2.0,1.0,2.0,2.0,2.0,,,,,,,,,,,,,,,2.0,,,,,,,,,,,,,,,,,,,,,,,,,,,,,,,,,,,1.0,1.0,1.0,2.0,2.0,1.0,2.0,1.0,,,3.0,,,,,,,,,,,,,,,,,,,,,,,,,1.0,,,,,,,,,,,,,,,,,,,,,,,6.0,,,,1.0,1.0,,,,,2.0,,,219.0,56.0,5.66,1.45,40.36,118.0,111.0,3.0
23587.0,3.0,2.0,1.0,2.0,29.0,357.0,357.0,1.0,3.0,2.0,2.0,2.0,6.0,,2.0,1.0,,1.0,6.0,6.0,6.0,0.99,2.0,1.0,32.0,1.0,2.0,1.0,2.0,1.0,2.0,2.0,1.0,2.0,2.0,,,,,23726.171384,23790.450708,1.0,43.0,1.0,506.0,,,2.0,2.0,2.0,2.0,1.0,4.0,74.0,,1.0,1.0,140.0,116.0,78.0,2.0,114.0,70.0,2.0,108.0,72.0,2.0,,,,111.0,71.0,2.0,,,,,2.0,,,,2.0,,,,,,,,,2.0,,,,2.0,2.0,0.0,2.0,2.0,2.0,2.0,2.0,2.0,2.0,2.0,,,,,,,,,,,,,,,2.0,,,,,,,,,,,,,,,,,,,,,,,,,,,,,,,,,,,2.0,,2.0,2.0,2.0,2.0,1.0,2.0,,,,,,,,,,,,,,,,,,,,,,,,,,,,,,,,,,,,,,,3.0,,5.0,,,,,,,,,,,,,,2.0,,,,,,2.0,,,165.0,52.0,4.27,1.34,28.56,174.0,164.0,1.0
23592.0,3.0,2.0,1.0,2.0,22.0,268.0,269.0,3.0,1.0,2.0,1.0,1.0,,,5.0,3.0,,6.0,2.0,8.0,5.0,2.15,2.0,1.0,22.0,1.0,5.0,,,1.0,2.0,2.0,1.0,2.0,2.0,,,,,59553.080946,63851.330304,2.0,40.0,1.0,841.0,,,2.0,2.0,2.0,2.0,1.0,3.0,72.0,,1.0,1.0,120.0,96.0,64.0,2.0,104.0,60.0,2.0,98.0,70.0,2.0,,,,101.0,65.0,1.0,12.0,2.0,,,2.0,,,,2.0,,,,,,,,,2.0,,,,2.0,2.0,0.0,2.0,2.0,2.0,2.0,2.0,2.0,2.0,2.0,,,,,,,,,,,,,,,2.0,,,,,,,,,,,,,,,,,,,,,,,,,,,,,,,,,,,1.0,1.0,1.0,2.0,2.0,2.0,1.0,2.0,,,,,,,,,9.0,,,,,,,,,,,,,,,,,,,,,,,,,,,,,2.0,,,,,,,,,,,,,,,,,2.0,,,,,,2.0,,,,,,,41.89,172.0,,3.0
23595.0,3.0,2.0,1.0,1.0,44.0,536.0,537.0,3.0,1.0,1.0,1.0,1.0,,,5.0,3.0,,5.0,1.0,8.0,8.0,4.83,,1.0,44.0,1.0,5.0,5.0,,1.0,2.0,2.0,1.0,2.0,2.0,1.0,2.0,2.0,1.0,92888.97928,99805.816541,2.0,35.0,1.0,760.0,,,2.0,2.0,2.0,2.0,1.0,5.0,58.0,,1.0,1.0,160.0,120.0,76.0,2.0,126.0,92.0,2.0,,,2.0,118.0,80.0,2.0,122.0,86.0,2.0,,,,,2.0,,,,2.0,,,,,,,,,2.0,,,,2.0,2.0,0.0,2.0,2.0,2.0,2.0,1.0,2.0,2.0,2.0,,,,,,,,,,,,,,,2.0,,,,,,,,,,,,,,,,,,,,,,,,,,,,,,,,,,,2.0,,1.0,2.0,2.0,2.0,2.0,2.0,,2.0,3.0,,5.0,,,,,,,,,,,,,,,,,,,,,,,,,,,,,,,,,,,,,,,,,,,,,,,,,,2.0,,,,,,2.0,,,271.0,36.0,7.01,0.93,45.3,119.0,,3.0
23596.0,3.0,2.0,2.0,1.0,33.0,405.0,406.0,3.0,1.0,2.0,1.0,1.0,,,5.0,3.0,,1.0,2.0,6.0,6.0,2.4,,2.0,45.0,1.0,4.0,1.0,5.0,1.0,2.0,2.0,1.0,2.0,2.0,1.0,2.0,2.0,1.0,67428.22769,74620.576664,2.0,29.0,1.0,755.0,,,2.0,2.0,2.0,2.0,1.0,5.0,78.0,,1.0,1.0,150.0,128.0,70.0,2.0,124.0,78.0,2.0,,,2.0,122.0,72.0,2.0,123.0,75.0,2.0,,,,,2.0,,,,2.0,,,,,,,,,1.0,,,,2.0,2.0,0.0,2.0,2.0,2.0,2.0,2.0,2.0,2.0,2.0,,,,,,,,,,,,,,,2.0,,,,,,,,,,,,,,,,,,,,,,,,,,,,,,,,,,,1.0,0.0,2.0,2.0,2.0,1.0,2.0,2.0,,,,,,,,,,,,,,,,,,,,,,,,,,,,1.0,,3.0,,,,,,,,,,,,,,,,,,,,,,,,,2.0,,,,,,2.0,,,203.0,46.0,5.25,1.19,38.09,147.0,,2.0
23601.0,3.0,2.0,2.0,1.0,31.0,380.0,381.0,3.0,1.0,2.0,1.0,1.0,,,3.0,2.0,,5.0,1.0,3.0,3.0,1.4,,1.0,31.0,1.0,3.0,5.0,,1.0,2.0,2.0,1.0,2.0,2.0,1.0,2.0,2.0,1.0,70782.749552,73113.20813,2.0,30.0,1.0,883.0,,,2.0,2.0,2.0,2.0,1.0,4.0,68.0,,1.0,1.0,150.0,120.0,72.0,2.0,118.0,70.0,2.0,124.0,66.0,2.0,,,,121.0,68.0,2.0,,,,,2.0,,,,2.0,,,,,,,,,2.0,,,,2.0,2.0,0.0,2.0,2.0,2.0,2.0,2.0,2.0,2.0,2.0,,,,,,,,,,,,,,,2.0,,,,,,,,,,,,,,,,,,,,,,,,,,,,,,,,,,,1.0,90.0,2.0,1.0,1.0,2.0,1.0,1.0,,,,,,,,,,,,3.0,,,,,,,,,,,,,7.0,,,,,,,,,,,,,2.0,,,,,,,,,2.0,,,,,,,,2.0,,,,,,2.0,,,,,,,49.1,153.0,138.0,3.0
23607.0,3.0,2.0,2.0,2.0,43.0,524.0,525.0,3.0,1.0,2.0,1.0,1.0,,,5.0,3.0,,1.0,4.0,11.0,11.0,5.0,2.0,1.0,51.0,1.0,3.0,1.0,5.0,1.0,2.0,2.0,1.0,2.0,2.0,1.0,2.0,2.0,1.0,95626.060917,100288.973175,1.0,33.0,1.0,624.0,,,1.0,2.0,2.0,2.0,1.0,3.0,64.0,,1.0,1.0,120.0,94.0,50.0,2.0,90.0,56.0,2.0,84.0,50.0,2.0,,,,87.0,53.0,2.0,,,,,2.0,,,,2.0,,,,,,,,,2.0,,,,2.0,2.0,0.0,2.0,2.0,2.0,2.0,2.0,2.0,2.0,2.0,,,,,,,,,,,,,,,2.0,,,,,,,,,,,,,,,,,,,,,,,,,,,,,,,,,,,2.0,,2.0,2.0,2.0,2.0,2.0,2.0,,,,,,,,,,,,,,,,,,,,,,,,,,,,,,,,,,,,,,,,,,,,,,,,,,,,,,,2.0,,,,,,2.0,,,249.0,104.0,6.44,2.69,40.81,113.0,106.0,3.0
23615.0,3.0,2.0,2.0,1.0,31.0,375.0,376.0,4.0,2.0,2.0,1.0,1.0,,,4.0,3.0,,1.0,2.0,8.0,8.0,3.6,,2.0,32.0,3.0,4.0,1.0,4.0,1.0,2.0,2.0,1.0,2.0,2.0,1.0,2.0,2.0,1.0,27002.702715,28077.287958,2.0,33.0,1.0,679.0,,,2.0,2.0,2.0,2.0,1.0,4.0,64.0,,1.0,1.0,150.0,126.0,74.0,2.0,120.0,76.0,2.0,118.0,80.0,2.0,,,,119.0,78.0,2.0,,,,,2.0,,,,2.0,,,,,,,,,2.0,,,,2.0,2.0,0.0,2.0,2.0,2.0,2.0,2.0,2.0,2.0,2.0,,,,,,,,,,,,,,,2.0,,,,,,,,,,,,,,,,,,,,,,,,,,,,,,,,,,,1.0,3.0,1.0,2.0,2.0,2.0,1.0,1.0,1.0,,3.0,,,,,,,,,,,,,,,,,,,,,,,,,,,,,,,,,,,,3.0,,,,,,9.0,,,,,,,,,9.0,2.0,,,,,,2.0,,,222.0,46.0,5.74,1.19,33.53,174.0,144.0,1.0
23624.0,3.0,2.0,1.0,1.0,20.0,241.0,242.0,3.0,1.0,2.0,1.0,1.0,,,4.0,3.0,,5.0,4.0,11.0,11.0,4.35,,2.0,51.0,1.0,4.0,1.0,5.0,1.0,2.0,2.0,1.0,2.0,2.0,1.0,2.0,2.0,1.0,71299.165259,74050.201301,1.0,38.0,1.0,560.0,,,2.0,2.0,2.0,2.0,1.0,4.0,58.0,,1.0,1.0,160.0,124.0,76.0,2.0,,,2.0,,,2.0,,,2.0,124.0,76.0,2.0,,,,,2.0,,,,2.0,,,,,,,,,2.0,,,,2.0,2.0,0.0,2.0,2.0,2.0,2.0,2.0,2.0,2.0,2.0,,,,,,,,,,,,,,,2.0,,,,,,,,,,,,,,,,,,,,,,,,,,,,,,,,,,,1.0,1.0,1.0,2.0,2.0,1.0,2.0,1.0,,,,,5.0,6.0,,,,,,,,,,,,,,,,,,,,,,1.0,,3.0,,,,,,,,,,,,,,,,,,,,,6.0,,,,1.0,,2.0,,,,2.0,,,142.0,45.0,3.67,1.16,44.59,164.0,160.0,3.0
23643.0,3.0,2.0,2.0,1.0,31.0,373.0,374.0,3.0,1.0,2.0,1.0,1.0,,,5.0,3.0,,6.0,2.0,11.0,7.0,3.9,,1.0,31.0,1.0,5.0,6.0,,1.0,2.0,2.0,1.0,2.0,2.0,1.0,2.0,2.0,1.0,74522.946063,82472.06549,1.0,30.0,1.0,558.0,,,2.0,2.0,2.0,2.0,1.0,4.0,64.0,,1.0,1.0,150.0,118.0,82.0,2.0,122.0,80.0,2.0,122.0,78.0,2.0,,,,122.0,79.0,2.0,,,,,2.0,,,,2.0,,,,,,,,,2.0,,,,2.0,2.0,0.0,2.0,2.0,2.0,2.0,2.0,2.0,2.0,2.0,,,,,,,,,,,,,,,2.0,,,,,,,,,,,,,,,,,,,,,,,,,,,,,,,,,,,1.0,0.0,1.0,2.0,2.0,2.0,2.0,2.0,,,3.0,,,,,,,,,,,,,,,,,,,,,,,,,,,,,,,,,,,,,,,,,,,,,,,,,,,,2.0,,,,,,2.0,,,306.0,62.0,7.91,1.6,44.76,155.0,180.0,3.0
23659.0,3.0,2.0,1.0,2.0,23.0,282.0,283.0,1.0,3.0,2.0,1.0,1.0,,,4.0,3.0,,5.0,4.0,10.0,10.0,3.71,2.0,1.0,50.0,1.0,5.0,1.0,5.0,1.0,2.0,2.0,1.0,2.0,2.0,1.0,2.0,2.0,1.0,45443.578298,45743.83099,2.0,38.0,1.0,613.0,,,2.0,2.0,2.0,2.0,1.0,4.0,88.0,,1.0,1.0,150.0,118.0,62.0,2.0,124.0,70.0,2.0,122.0,68.0,2.0,,,,123.0,69.0,2.0,,,,,2.0,,,,2.0,,,,,,,,,2.0,,,,2.0,2.0,0.0,2.0,2.0,2.0,2.0,1.0,2.0,2.0,1.0,,,1.0,,,,,,,,,,17.0,,2.0,,,,,,,,,,,,,,,,,,,,,,,,,,,,,,,,,,,1.0,0.0,1.0,2.0,1.0,2.0,2.0,2.0,,,,4.0,,6.0,,,,,,,,,,,,,,,,,,,7.0,,9.0,,,,,,,,,,,,,,,,,,,,,,,,,,,,2.0,,,,,,2.0,,,184.0,43.0,4.76,1.11,60.47,136.0,131.0,3.0
23662.0,3.0,2.0,1.0,2.0,20.0,242.0,243.0,5.0,2.0,2.0,3.0,1.0,4.0,,3.0,2.0,,5.0,5.0,11.0,10.0,4.3,2.0,2.0,53.0,3.0,3.0,1.0,,1.0,2.0,2.0,1.0,2.0,2.0,,,,,30730.404004,32029.85047,1.0,37.0,1.0,673.0,,,2.0,2.0,2.0,2.0,1.0,3.0,70.0,,1.0,1.0,140.0,,,2.0,108.0,56.0,2.0,110.0,50.0,2.0,110.0,52.0,2.0,110.0,51.0,2.0,,,,,2.0,,,,2.0,,,,,,,,,2.0,,,,2.0,2.0,0.0,2.0,2.0,2.0,2.0,2.0,2.0,2.0,2.0,,,,,,,,,,,,,,,2.0,,,,,,,,,,,,,,,,,,,,,,,,,,,,,,,,,,,1.0,0.0,2.0,2.0,2.0,2.0,9.0,2.0,,,,,,,,,,,,,,,,,,,,,,,,,,,,,,,,,,,,,,,,,,,,,,,,,,,,,,,2.0,,,,,,2.0,,,169.0,53.0,4.37,1.37,37.74,140.0,140.0,3.0
23667.0,3.0,2.0,2.0,1.0,47.0,572.0,573.0,3.0,1.0,1.0,1.0,1.0,,,5.0,3.0,,1.0,3.0,11.0,11.0,5.0,,1.0,47.0,1.0,5.0,1.0,5.0,1.0,2.0,2.0,1.0,2.0,2.0,1.0,2.0,2.0,1.0,101451.242925,106423.081317,2.0,37.0,1.0,563.0,,,1.0,2.0,2.0,2.0,1.0,4.0,70.0,,1.0,1.0,150.0,120.0,66.0,2.0,116.0,86.0,2.0,116.0,82.0,2.0,,,,116.0,84.0,2.0,,,,,2.0,,,,2.0,,,,,,,,,2.0,,,,2.0,2.0,0.0,2.0,2.0,2.0,2.0,2.0,2.0,2.0,2.0,,,,,,,,,,,,,,,2.0,,,,,,,,,,,,,,,,,,,,,,,,,,,,,,,,,,,1.0,0.0,1.0,2.0,2.0,2.0,2.0,2.0,,,,4.0,,,,,,,,,,,,,,,,,,,,,,,,,,,,,,,,,,,,,,,,,,,,,,,,,,,2.0,,,,,,2.0,,,173.0,55.0,4.47,1.42,46.39,136.0,131.0,3.0
23672.0,3.0,2.0,1.0,2.0,21.0,259.0,260.0,1.0,3.0,2.0,2.0,2.0,4.0,,4.0,3.0,,1.0,3.0,5.0,5.0,1.4,2.0,2.0,21.0,2.0,4.0,1.0,2.0,1.0,2.0,2.0,1.0,2.0,2.0,1.0,2.0,2.0,1.0,26702.082542,26878.507296,2.0,40.0,1.0,558.0,,,1.0,2.0,2.0,2.0,1.0,4.0,86.0,,1.0,1.0,130.0,106.0,58.0,2.0,106.0,56.0,2.0,96.0,60.0,2.0,,,,101.0,58.0,2.0,,,,,2.0,,,,2.0,,,,,,,,,2.0,,,,2.0,2.0,0.0,2.0,2.0,2.0,2.0,2.0,2.0,2.0,2.0,,,,,,,,,,,,,,,2.0,,,,,,,,,,,,,,,,,,,,,,,,,,,,,,,,,,,1.0,0.0,1.0,2.0,1.0,1.0,2.0,2.0,1.0,,3.0,4.0,,,,,9.0,,,,,,,,,,,,,,,,,8.0,,,,3.0,,,,,,9.0,,,,,,,,,,,,,,,,,,,2.0,,,,,,2.0,,,163.0,40.0,4.22,1.03,71.9,133.0,116.0,3.0
23690.0,3.0,2.0,2.0,2.0,38.0,457.0,457.0,4.0,2.0,2.0,1.0,1.0,,,2.0,1.0,,6.0,2.0,8.0,6.0,3.45,2.0,1.0,45.0,1.0,3.0,6.0,,1.0,2.0,2.0,1.0,2.0,2.0,1.0,2.0,2.0,1.0,32630.716906,33331.984717,1.0,30.0,1.0,624.0,,,1.0,2.0,2.0,2.0,2.0,4.0,86.0,,1.0,1.0,140.0,102.0,62.0,2.0,100.0,64.0,2.0,100.0,64.0,2.0,,,,100.0,64.0,2.0,,,,,2.0,,,,2.0,,,,,,,,,2.0,,,,2.0,2.0,0.0,2.0,2.0,2.0,2.0,2.0,1.0,2.0,2.0,1.0,,,,,,,,,,35.0,,,,1.0,14.0,,,,,,,,38.0,,,,,,,,,,,,,,,,,,,,,,,,,,1.0,175.0,2.0,2.0,1.0,2.0,1.0,2.0,,,,,,,,,,,,,,,,,,,,,,,,,7.0,,,,,,,,,,,,,,,,,,7.0,,,,,,,,,,,,1.0,,,,,5.0,2.0,,,,,,,28.46,130.0,126.0,1.0
23692.0,3.0,2.0,1.0,1.0,42.0,505.0,505.0,3.0,1.0,1.0,1.0,1.0,,,3.0,2.0,,3.0,2.0,11.0,7.0,4.45,,1.0,42.0,1.0,3.0,3.0,,1.0,2.0,2.0,1.0,2.0,2.0,1.0,2.0,2.0,1.0,94185.731777,101199.12975,1.0,40.0,1.0,650.0,,,1.0,2.0,2.0,2.0,1.0,4.0,96.0,,1.0,1.0,140.0,114.0,78.0,2.0,114.0,84.0,2.0,118.0,76.0,2.0,,,,116.0,80.0,2.0,,,,,2.0,,,,2.0,,,,,,,,,2.0,,,,2.0,2.0,0.0,2.0,2.0,2.0,2.0,2.0,2.0,2.0,2.0,,,,,,,,,,,,,,,2.0,,,,,,,,,,,,,,,,,,,,,,,,,,,,,,,,,,,1.0,0.0,2.0,2.0,2.0,2.0,2.0,2.0,,,,,,,,,,,,,,,,,,,,,,,,,,,,,,,,,,,,,,,,,,,,,,,,,,,,,,,2.0,,,,,,2.0,,,204.0,36.0,5.28,0.93,33.65,152.0,135.0,2.0
23713.0,3.0,2.0,1.0,1.0,44.0,538.0,539.0,4.0,2.0,2.0,3.0,1.0,4.0,,4.0,3.0,,1.0,4.0,,12.0,,,1.0,44.0,3.0,4.0,1.0,5.0,1.0,2.0,2.0,1.0,2.0,2.0,,,,,23269.9449,24350.566058,1.0,30.0,1.0,554.0,,,2.0,2.0,2.0,2.0,1.0,3.0,84.0,,1.0,1.0,160.0,132.0,86.0,2.0,134.0,78.0,2.0,130.0,84.0,2.0,,,,132.0,81.0,2.0,,,,,2.0,,,,2.0,,,,,,,,,1.0,,,,2.0,2.0,0.0,2.0,2.0,2.0,2.0,2.0,2.0,2.0,2.0,,,,,,,,,,,,,,,2.0,,,,,,,,,,,,,,,,,,,,,,,,,,,,,,,,,,,1.0,0.0,2.0,2.0,2.0,2.0,2.0,2.0,,,,,,,,,,,,,,,,,,,,,,,,,,,,,,,,,,,,,,,,,,,,,,,,,,,,,,,2.0,,,,,,2.0,,,204.0,45.0,5.28,1.16,38.3,141.0,126.0,2.0
23732.0,3.0,2.0,1.0,1.0,34.0,413.0,413.0,2.0,5.0,2.0,3.0,2.0,4.0,,2.0,1.0,,5.0,7.0,7.0,6.0,1.85,,2.0,57.0,3.0,1.0,1.0,1.0,2.0,2.0,2.0,2.0,2.0,2.0,2.0,2.0,2.0,2.0,85170.001781,95358.132084,2.0,43.0,1.0,543.0,,,2.0,2.0,2.0,2.0,1.0,3.0,90.0,,1.0,1.0,150.0,118.0,60.0,2.0,118.0,56.0,2.0,116.0,50.0,2.0,,,,117.0,53.0,2.0,,,,,2.0,,,,2.0,,,,,,,,,2.0,,,,2.0,2.0,0.0,2.0,2.0,2.0,2.0,2.0,2.0,2.0,2.0,,,,,,,,,,,,,,,2.0,,,,,,,,,,,,,,,,,,,,,,,,,,,,,,,,,,,1.0,0.0,2.0,2.0,2.0,2.0,2.0,2.0,,,,,,,,,,,,,,,,,,,,,,,,,,,,,,,,,,,,,,,,,,,,,,,,,,,,,,,2.0,,,,,,2.0,,,212.0,61.0,5.48,1.58,42.74,158.0,158.0,3.0
23734.0,3.0,2.0,1.0,1.0,20.0,244.0,244.0,3.0,1.0,2.0,1.0,1.0,,,3.0,2.0,,5.0,4.0,11.0,11.0,4.08,,1.0,46.0,1.0,4.0,1.0,4.0,1.0,2.0,2.0,1.0,2.0,2.0,1.0,2.0,2.0,1.0,67380.312372,69980.141798,1.0,39.0,1.0,569.0,,,2.0,2.0,2.0,2.0,1.0,4.0,74.0,,1.0,1.0,140.0,112.0,56.0,2.0,104.0,58.0,2.0,108.0,54.0,2.0,,,,106.0,56.0,2.0,,,,,2.0,,,,2.0,,,,,,,,,2.0,,,,2.0,2.0,0.0,2.0,2.0,2.0,2.0,2.0,2.0,2.0,2.0,,,,,,,,,,,,,,,2.0,,,,,,,,,,,,,,,,,,,,,,,,,,,,,,,,,,,1.0,0.0,2.0,2.0,2.0,2.0,2.0,2.0,,,,,,,,,,,,,,,,,,,,,,,,,,,,,,,,,,,,,,,,,,,,,,,,,,,,,,,2.0,,,,,,2.0,,,145.0,66.0,3.75,1.71,42.68,161.0,,2.0
23757.0,3.0,2.0,2.0,2.0,31.0,376.0,377.0,3.0,1.0,2.0,1.0,1.0,,,4.0,3.0,,5.0,2.0,7.0,5.0,2.56,2.0,2.0,31.0,1.0,4.0,5.0,,1.0,2.0,2.0,1.0,2.0,2.0,1.0,2.0,2.0,1.0,82275.985846,83198.518144,1.0,29.0,1.0,721.0,,,2.0,2.0,2.0,2.0,1.0,3.0,64.0,,1.0,1.0,150.0,118.0,78.0,2.0,108.0,72.0,2.0,116.0,72.0,2.0,,,,112.0,72.0,2.0,,,,,2.0,,,,2.0,,,,,,,,,2.0,,,,2.0,2.0,0.0,2.0,2.0,2.0,2.0,2.0,2.0,2.0,2.0,,,,,,,,,,,,,,,2.0,,,,,,,,,,,,,,,,,,,,,,,,,,,,,,,,,,,1.0,0.0,1.0,2.0,2.0,2.0,2.0,2.0,,,,,,,,,9.0,,,,,,,,,,,,,,,,,,,,,,,,,,,,,,,,,,,,,,,,,,,,,,2.0,,,,,,2.0,,,,,,,48.74,130.0,116.0,3.0
23768.0,3.0,2.0,2.0,1.0,33.0,398.0,400.0,4.0,2.0,2.0,1.0,1.0,,,3.0,2.0,,5.0,2.0,5.0,5.0,1.84,,2.0,49.0,1.0,3.0,4.0,,1.0,2.0,2.0,1.0,2.0,2.0,1.0,2.0,2.0,1.0,29405.176626,30575.369447,2.0,37.0,1.0,569.0,,,1.0,2.0,2.0,2.0,1.0,4.0,54.0,,1.0,1.0,150.0,122.0,72.0,2.0,114.0,62.0,2.0,116.0,62.0,2.0,,,,115.0,62.0,2.0,,,,,2.0,,,,2.0,,,,,,,,,2.0,,,,2.0,2.0,0.0,2.0,2.0,2.0,2.0,2.0,2.0,2.0,2.0,,,,,,,,,,,,,,,2.0,,,,,,,,,,,,,,,,,,,,,,,,,,,,,,,,,,,1.0,0.0,2.0,2.0,2.0,2.0,2.0,2.0,,,,,,,,,,,,,,,,,,,,,,,,,,,,,,,,,,,,,,,,,,,,,,,,,,,,,,,2.0,,,,,,2.0,,,269.0,43.0,6.96,1.11,35.19,149.0,134.0,1.0
23770.0,3.0,2.0,1.0,1.0,23.0,281.0,282.0,1.0,3.0,2.0,1.0,1.0,,,3.0,2.0,,5.0,4.0,6.0,6.0,1.97,,1.0,23.0,1.0,3.0,5.0,,1.0,2.0,2.0,1.0,2.0,2.0,1.0,2.0,2.0,1.0,38366.566655,40732.667576,1.0,34.0,1.0,821.0,,,2.0,2.0,2.0,2.0,1.0,5.0,80.0,,1.0,1.0,150.0,116.0,92.0,2.0,116.0,84.0,2.0,124.0,84.0,2.0,,,,120.0,84.0,2.0,,,,,2.0,,,,2.0,,,,,,,,,2.0,,,,2.0,2.0,0.0,2.0,2.0,2.0,2.0,2.0,2.0,2.0,2.0,,,,,,,,,,,,,,,2.0,,,,,,,,,,,,,,,,,,,,,,,,,,,,,,,,,,,2.0,,2.0,2.0,2.0,2.0,2.0,2.0,,,,,,,,,,,,,,,,,,,,,,,,,,,,,,,,,,,,,,,,,,,,,,,,,,,,,,,2.0,,,,,,2.0,,,,,,,50.05,143.0,135.0,3.0
23773.0,3.0,2.0,2.0,1.0,41.0,497.0,498.0,1.0,3.0,2.0,2.0,2.0,6.0,,1.0,1.0,,1.0,5.0,8.0,8.0,2.09,,2.0,46.0,2.0,1.0,1.0,1.0,2.0,2.0,2.0,1.0,2.0,2.0,2.0,2.0,2.0,2.0,14817.206395,14981.607493,1.0,42.0,1.0,591.0,,,2.0,2.0,2.0,2.0,1.0,4.0,76.0,,1.0,1.0,170.0,138.0,78.0,2.0,122.0,80.0,2.0,,,2.0,,,2.0,122.0,80.0,2.0,,,,,2.0,,,,2.0,,,,,,,,,2.0,,,,2.0,2.0,0.0,2.0,2.0,2.0,2.0,2.0,2.0,2.0,2.0,,,,,,,,,,,,,,,2.0,,,,,,,,,,,,,,,,,,,,,,,,,,,,,,,,,,,1.0,0.0,1.0,2.0,2.0,2.0,2.0,2.0,,2.0,,,,,,,9.0,,,,,,,,,,,,,,,,,,,,,,,,,,,,,,,,,,,,,,,,,,,,,,2.0,,,,,,2.0,,,181.0,36.0,4.68,0.93,46.04,141.0,,3.0
23776.0,3.0,2.0,1.0,2.0,22.0,265.0,266.0,3.0,1.0,2.0,1.0,1.0,,,4.0,3.0,,5.0,4.0,11.0,10.0,4.59,2.0,2.0,47.0,3.0,4.0,3.0,,1.0,2.0,2.0,1.0,2.0,2.0,1.0,2.0,2.0,1.0,74555.024987,78042.18698,1.0,37.0,1.0,632.0,,,1.0,2.0,2.0,2.0,1.0,3.0,86.0,,1.0,1.0,130.0,104.0,52.0,2.0,112.0,56.0,2.0,,,2.0,114.0,62.0,2.0,113.0,59.0,2.0,,,,,2.0,,,,2.0,,,,,,,,,2.0,,,,2.0,2.0,0.0,2.0,2.0,2.0,2.0,2.0,2.0,2.0,2.0,,,,,,,,,,,,,,,2.0,,,,,,,,,,,,,,,,,,,,,,,,,,,,,,,,,,,1.0,5.0,1.0,1.0,2.0,2.0,9.0,1.0,,2.0,,4.0,5.0,,,,,,,,,,,,,9.0,,,,,,,,,,,,,,,,,,,,,,,,,,,,,,,,,6.0,,,,2.0,,,,,,2.0,,,137.0,43.0,3.54,1.11,71.6,147.0,148.0,3.0
23782.0,3.0,2.0,2.0,1.0,31.0,380.0,381.0,3.0,1.0,1.0,3.0,1.0,7.0,,4.0,3.0,,1.0,2.0,11.0,11.0,5.0,,1.0,31.0,3.0,4.0,1.0,5.0,1.0,2.0,2.0,1.0,2.0,2.0,1.0,2.0,2.0,1.0,89677.848453,99243.491856,1.0,32.0,1.0,681.0,,,2.0,2.0,2.0,2.0,1.0,4.0,78.0,,1.0,1.0,160.0,130.0,70.0,2.0,130.0,78.0,2.0,,,2.0,122.0,70.0,2.0,126.0,74.0,2.0,,,,,2.0,,,,2.0,,,,,,,,,2.0,,,,2.0,2.0,0.0,2.0,2.0,2.0,2.0,2.0,2.0,2.0,2.0,,,,,,,,,,,,,,,2.0,,,,,,,,,,,,,,,,,,,,,,,,,,,,,,,,,,,1.0,0.0,1.0,2.0,2.0,2.0,2.0,1.0,,,3.0,,,,,,9.0,,,,,,,,,,,,,,,,,,,,,,,,,,,,,,,,,,,,,,2.0,,,,,,,,1.0,1.0,,,,,2.0,,,186.0,52.0,4.81,1.34,42.96,149.0,,3.0
23811.0,3.0,2.0,2.0,1.0,38.0,464.0,465.0,4.0,2.0,2.0,1.0,1.0,,,4.0,3.0,,1.0,5.0,11.0,11.0,3.71,,1.0,38.0,1.0,4.0,1.0,4.0,1.0,2.0,2.0,1.0,2.0,2.0,1.0,2.0,2.0,1.0,5937.57818,6252.887243,1.0,42.0,1.0,748.0,,,2.0,2.0,2.0,2.0,1.0,4.0,60.0,,1.0,1.0,140.0,,,2.0,110.0,66.0,2.0,,,2.0,,,1.0,110.0,66.0,2.0,,,,,2.0,,,,2.0,,,,,,,,,2.0,,,,2.0,2.0,0.0,2.0,2.0,2.0,2.0,2.0,2.0,2.0,2.0,,,,,,,,,,,,,,,2.0,,,,,,,,,,,,,,,,,,,,,,,,,,,,,,,,,,,1.0,0.0,1.0,2.0,2.0,2.0,2.0,1.0,,2.0,,,,,,,,,,,,,,,,,,,,,,,,,,,,,,,,,,,,,,,,,,,,,,,,,,7.0,,,2.0,,,,,,2.0,,,182.0,53.0,4.71,1.37,38.47,142.0,126.0,2.0
23819.0,3.0,2.0,2.0,2.0,36.0,440.0,441.0,3.0,1.0,2.0,1.0,1.0,,,3.0,2.0,,1.0,5.0,6.0,6.0,1.54,2.0,1.0,38.0,1.0,3.0,1.0,3.0,1.0,2.0,2.0,1.0,2.0,2.0,1.0,2.0,2.0,1.0,101777.787624,105916.080981,2.0,32.0,1.0,535.0,,,2.0,2.0,2.0,2.0,1.0,4.0,66.0,,1.0,1.0,130.0,104.0,72.0,2.0,104.0,68.0,1.0,100.0,62.0,2.0,,,,102.0,65.0,2.0,,,,,2.0,,,,2.0,,,,,,,,,2.0,,,,2.0,2.0,0.0,2.0,2.0,2.0,2.0,2.0,2.0,2.0,2.0,,,,,,,,,,,,,,,2.0,,,,,,,,,,,,,,,,,,,,,,,,,,,,,,,,,,,1.0,1.0,1.0,2.0,2.0,1.0,1.0,2.0,,,3.0,,5.0,,,,,,,,,,,,,,,,,,,,,,,,,,,5.0,,,,,1.0,,,,,,,,,,,,,,,,,,1.0,,,3.0,,,2.0,,,185.0,41.0,4.78,1.06,44.57,101.0,93.0,3.0
23829.0,3.0,2.0,1.0,2.0,37.0,446.0,446.0,4.0,2.0,2.0,1.0,1.0,,,2.0,1.0,,3.0,5.0,8.0,6.0,1.36,2.0,2.0,65.0,1.0,2.0,3.0,,1.0,2.0,2.0,1.0,2.0,2.0,1.0,2.0,2.0,1.0,35810.067762,36823.298073,1.0,36.0,1.0,652.0,,,1.0,2.0,2.0,2.0,1.0,4.0,62.0,,1.0,1.0,180.0,158.0,78.0,2.0,146.0,80.0,2.0,156.0,86.0,2.0,,,,151.0,83.0,1.0,1.0,1.0,1.0,2.0,2.0,,,,2.0,,,,,,,,,1.0,,,,1.0,2.0,0.0,2.0,2.0,2.0,2.0,2.0,2.0,2.0,2.0,,,,35.0,,,,,,,,,,1.0,2.0,,,,,,,,,,,,,,,,,,,,,,,,,,,,,,,,,,,1.0,3.0,1.0,2.0,1.0,2.0,2.0,2.0,,,3.0,,,,,,,,,,,,,,,,,,,,,,,,9.0,,,,,,,,,,,,,,,,,,,,,,,,,,,,2.0,,,,,,2.0,,,142.0,43.0,3.67,1.11,27.5,130.0,115.0,1.0
23834.0,3.0,2.0,1.0,2.0,49.0,591.0,593.0,1.0,3.0,2.0,2.0,1.0,2.0,,3.0,2.0,,1.0,1.0,3.0,3.0,1.5,2.0,2.0,49.0,2.0,3.0,1.0,,2.0,2.0,2.0,1.0,2.0,2.0,2.0,2.0,2.0,2.0,27334.981214,27682.025889,2.0,38.0,1.0,549.0,,,2.0,2.0,2.0,2.0,1.0,3.0,88.0,,1.0,1.0,140.0,118.0,70.0,2.0,114.0,68.0,2.0,114.0,70.0,2.0,,,,114.0,69.0,2.0,,,,,2.0,,,,2.0,,,,,,,,,2.0,,,,2.0,2.0,0.0,2.0,2.0,2.0,2.0,2.0,2.0,2.0,2.0,,,,,,,,,,,,,,,2.0,,,,,,,,,,,,,,,,,,,,,,,,,,,,,,,,,,,1.0,2.0,1.0,1.0,2.0,2.0,2.0,1.0,,,3.0,,,,,,,,,,,,,,,9.0,,,,,,,,,,,,,,,,,,,,,,,,,,,,,2.0,,,,,,,,2.0,,,,,,2.0,,,168.0,46.0,4.34,1.19,27.4,129.0,127.0,2.0
23849.0,3.0,2.0,2.0,1.0,41.0,492.0,493.0,3.0,1.0,2.0,1.0,1.0,,,4.0,3.0,,1.0,4.0,7.0,7.0,2.12,,1.0,41.0,1.0,4.0,1.0,4.0,1.0,2.0,2.0,1.0,2.0,2.0,1.0,2.0,2.0,1.0,121691.680591,125594.466776,2.0,32.0,1.0,602.0,,,1.0,2.0,2.0,2.0,1.0,5.0,76.0,,1.0,1.0,150.0,108.0,72.0,2.0,110.0,74.0,2.0,114.0,72.0,2.0,,,,112.0,73.0,2.0,,,,,2.0,,,,2.0,,,,,,,,,2.0,,,,2.0,2.0,0.0,2.0,2.0,2.0,2.0,1.0,2.0,2.0,2.0,,,,,,,,,,,,,,,2.0,,,,,,,,,,,,,,,,,,,,,,,,,,,,,,,,,,,1.0,0.0,2.0,2.0,2.0,2.0,2.0,2.0,,,,,,,,,,,,,,,,,,,,,,,,,,,,,,,,,,,,,,,,,,,,,,,,,,,,,,,2.0,,,,,,2.0,,,162.0,41.0,4.19,1.06,47.33,130.0,113.0,3.0
23850.0,3.0,2.0,1.0,2.0,43.0,526.0,527.0,1.0,3.0,2.0,2.0,1.0,4.0,,3.0,2.0,,2.0,5.0,6.0,5.0,1.47,2.0,2.0,43.0,2.0,3.0,2.0,,1.0,2.0,1.0,2.0,2.0,1.0,2.0,2.0,2.0,2.0,26347.068942,26687.794484,2.0,38.0,1.0,586.0,,,2.0,2.0,2.0,2.0,1.0,4.0,66.0,,1.0,1.0,180.0,146.0,82.0,2.0,,,2.0,146.0,88.0,2.0,,,2.0,146.0,88.0,2.0,,,,,2.0,,,,2.0,,,,,,,,,1.0,,,,1.0,2.0,0.0,2.0,2.0,2.0,2.0,1.0,2.0,2.0,1.0,,,1.0,40.0,,,,,,,,,35.0,1.0,2.0,,,,,,,,,,,,,,,,,,,,,,,,,,,,,,,,,,,2.0,,2.0,2.0,2.0,1.0,1.0,2.0,,,,,,,,,,,,,,,,,,,,,,,,,,,,1.0,,,,,,,,,1.0,,,,,,7.0,8.0,,,,,,,,,,,2.0,,,,,,2.0,,,192.0,39.0,4.97,1.01,30.03,114.0,96.0,2.0
23869.0,3.0,2.0,1.0,1.0,44.0,537.0,538.0,3.0,1.0,2.0,1.0,1.0,,,5.0,3.0,,1.0,4.0,10.0,10.0,3.45,,1.0,44.0,1.0,5.0,1.0,5.0,1.0,2.0,2.0,1.0,2.0,2.0,1.0,2.0,2.0,1.0,133947.827762,140512.231838,2.0,38.0,1.0,625.0,,,2.0,2.0,2.0,2.0,1.0,5.0,68.0,,1.0,1.0,150.0,120.0,72.0,2.0,,,2.0,116.0,74.0,2.0,118.0,68.0,2.0,117.0,71.0,2.0,,,,,2.0,,,,2.0,,,,,,,,,2.0,,,,2.0,2.0,0.0,2.0,2.0,2.0,2.0,2.0,2.0,2.0,2.0,,,,,,,,,,,,,,,1.0,32.0,,,,,,,,,,,,,,,,,,,,,,,,,,41.0,,,,,,,,1.0,2.0,2.0,2.0,1.0,2.0,1.0,2.0,,,,,,,,,,,,,,,,,,,1.0,,,,,,,,,,,,,,,,,,1.0,,,,,,,,,,,,,,,,,,2.0,,,,,,2.0,,,230.0,47.0,5.95,1.22,29.3,153.0,140.0,1.0
23870.0,3.0,2.0,2.0,1.0,32.0,387.0,388.0,1.0,3.0,2.0,2.0,2.0,4.0,,1.0,1.0,,1.0,7.0,4.0,3.0,0.65,,2.0,30.0,2.0,2.0,1.0,1.0,2.0,2.0,2.0,2.0,2.0,2.0,1.0,2.0,2.0,2.0,27975.22258,31648.464879,1.0,41.0,1.0,688.0,,,2.0,2.0,2.0,2.0,1.0,5.0,82.0,,1.0,1.0,130.0,108.0,68.0,2.0,108.0,66.0,2.0,114.0,70.0,2.0,,,,111.0,68.0,2.0,,,,,2.0,,,,2.0,,,,,,,,,2.0,,,,2.0,2.0,0.0,2.0,2.0,2.0,2.0,1.0,2.0,1.0,2.0,,2.0,,,,,,,,,,32.0,,,2.0,,,,,,,,,,,,,,,,,,,,,,,,,,,,,,,,,,,1.0,0.0,1.0,2.0,2.0,2.0,2.0,2.0,1.0,,,,,,,,,,,,,,,,,,,,,,,,,,,,,,,,,,,,,,,,,,,,,,,,,,,,,,2.0,,,,,,2.0,,,225.0,36.0,5.82,0.93,34.3,152.0,129.0,1.0
23880.0,3.0,2.0,1.0,2.0,28.0,343.0,344.0,5.0,4.0,2.0,1.0,1.0,,,4.0,3.0,,5.0,1.0,4.0,4.0,1.99,2.0,2.0,28.0,1.0,4.0,5.0,,1.0,2.0,2.0,1.0,2.0,2.0,1.0,2.0,2.0,1.0,57713.284708,61878.746595,2.0,35.0,1.0,713.0,,,1.0,2.0,2.0,2.0,1.0,3.0,92.0,,1.0,1.0,160.0,114.0,72.0,2.0,124.0,76.0,2.0,120.0,70.0,2.0,,,,122.0,73.0,2.0,,,,,2.0,,,,2.0,,,,,,,,,2.0,,,,2.0,2.0,0.0,2.0,2.0,2.0,2.0,2.0,2.0,2.0,2.0,,,,,,,,,,,,,,,2.0,,,,,,,,,,,,,,,,,,,,,,,,,,,,,,,,,,,1.0,4.0,2.0,2.0,2.0,2.0,1.0,2.0,,,,,,,,,,,,,,,,,,,,,,,,,,,,,,,,,,,,,,2.0,,,,,,,,,,,,,,,,,1.0,,,3.0,,,2.0,,,248.0,111.0,6.41,2.87,32.8,164.0,,2.0
23890.0,3.0,2.0,1.0,1.0,21.0,262.0,264.0,3.0,1.0,2.0,1.0,1.0,,,4.0,3.0,,5.0,4.0,7.0,3.0,1.07,,1.0,21.0,1.0,4.0,5.0,,1.0,2.0,2.0,1.0,2.0,2.0,1.0,2.0,2.0,1.0,30941.533268,32135.393994,2.0,43.0,1.0,590.0,,,1.0,2.0,2.0,2.0,1.0,3.0,64.0,,1.0,1.0,150.0,120.0,64.0,2.0,116.0,68.0,2.0,,,2.0,,,2.0,116.0,68.0,2.0,,,,,2.0,,,,2.0,,,,,,,,,2.0,,,,2.0,2.0,0.0,2.0,2.0,2.0,2.0,2.0,2.0,2.0,2.0,,,,,,,,,,,,,,,2.0,,,,,,,,,,,,,,,,,,,,,,,,,,,,,,,,,,,1.0,0.0,2.0,1.0,2.0,2.0,1.0,2.0,,,,,,,,,,,,3.0,,,,,,,,,,,,,,,,,,,,,,,,,,2.0,,,,,,,,,,,,,,,,,2.0,,,,,,2.0,,,145.0,67.0,3.75,1.73,49.87,142.0,130.0,3.0
23899.0,3.0,2.0,2.0,2.0,24.0,293.0,293.0,3.0,1.0,2.0,1.0,1.0,,,5.0,3.0,,1.0,2.0,6.0,6.0,2.4,2.0,1.0,25.0,1.0,3.0,1.0,5.0,1.0,2.0,2.0,1.0,2.0,2.0,1.0,2.0,2.0,1.0,92078.203046,92145.494802,2.0,32.0,1.0,568.0,,,1.0,2.0,2.0,2.0,1.0,4.0,70.0,,1.0,1.0,130.0,106.0,72.0,2.0,112.0,68.0,2.0,108.0,62.0,2.0,,,,110.0,65.0,2.0,,,,,2.0,,,,2.0,,,,,,,,,2.0,,,,2.0,2.0,0.0,2.0,2.0,2.0,2.0,2.0,2.0,2.0,2.0,,,,,,,,,,,,,,,2.0,,,,,,,,,,,,,,,,,,,,,,,,,,,,,,,,,,,1.0,5.0,2.0,2.0,2.0,2.0,2.0,2.0,,,,,,,,,,,,,,,,,,,,,,,,,,,,,,,,,,,,,,,,,,,,,,,,,,,,,,,2.0,,,,,,2.0,,,182.0,36.0,4.71,0.93,43.27,128.0,120.0,3.0
23910.0,3.0,2.0,2.0,1.0,37.0,444.0,445.0,3.0,1.0,2.0,1.0,1.0,,,3.0,2.0,,3.0,4.0,4.0,3.0,0.86,,2.0,64.0,1.0,5.0,2.0,,1.0,1.0,2.0,1.0,1.0,2.0,1.0,2.0,2.0,1.0,36812.305848,39131.620583,2.0,30.0,1.0,628.0,,,2.0,2.0,2.0,1.0,1.0,3.0,84.0,,1.0,1.0,140.0,116.0,70.0,2.0,118.0,66.0,2.0,112.0,68.0,2.0,,,,115.0,67.0,2.0,,,,,2.0,,,,2.0,,,,,,,,,2.0,,,,2.0,2.0,0.0,2.0,2.0,2.0,2.0,2.0,2.0,2.0,2.0,,,,,,,,,,,,,,,2.0,,,,,,,,,,,,,,,,,,,,,,,,,,,,,,,,,,,1.0,140.0,2.0,2.0,1.0,2.0,2.0,2.0,,,,,,,,,,,,,,,,,,,,,3.0,,,,,,,,,,,,,,,,,,,,,,,,,,,,,,,,,,2.0,,,,,,2.0,,,178.0,41.0,4.6,1.06,29.32,192.0,192.0,1.0
23912.0,3.0,2.0,2.0,2.0,25.0,300.0,300.0,3.0,1.0,2.0,1.0,1.0,,,5.0,3.0,,1.0,3.0,8.0,8.0,3.19,2.0,1.0,25.0,1.0,3.0,1.0,5.0,1.0,2.0,2.0,1.0,2.0,2.0,1.0,2.0,2.0,1.0,62423.912872,64288.702301,2.0,30.0,1.0,644.0,,,2.0,2.0,2.0,2.0,1.0,3.0,68.0,,1.0,1.0,130.0,102.0,74.0,2.0,100.0,70.0,2.0,98.0,68.0,2.0,,,,99.0,69.0,2.0,,,,,2.0,,,,2.0,,,,,,,,,2.0,,,,1.0,2.0,0.0,2.0,2.0,2.0,2.0,2.0,2.0,2.0,2.0,,,,20.0,,,,,,,,,,2.0,2.0,,,,,,,,,,,,,,,,,,,,,,,,,,,,,,,,,,,1.0,1.0,1.0,2.0,2.0,2.0,1.0,1.0,,2.0,,,,,,,,,,,,,,,,,,,,,,,,,,,,,,,,,,,,2.0,,,,,,,,,2.0,,,,,,,,2.0,,,,,,2.0,,,224.0,75.0,5.79,1.94,33.48,140.0,123.0,2.0
23913.0,3.0,2.0,1.0,1.0,40.0,485.0,486.0,3.0,1.0,1.0,1.0,1.0,,,3.0,2.0,,1.0,3.0,4.0,4.0,1.25,,1.0,40.0,1.0,3.0,1.0,3.0,1.0,2.0,2.0,1.0,2.0,2.0,1.0,2.0,2.0,1.0,47874.865781,49410.265439,1.0,31.0,1.0,680.0,,,2.0,2.0,2.0,2.0,1.0,3.0,62.0,,1.0,1.0,150.0,124.0,76.0,2.0,124.0,78.0,2.0,132.0,76.0,2.0,,,,128.0,77.0,2.0,,,,,2.0,,,,2.0,,,,,,,,,1.0,,,,2.0,2.0,0.0,2.0,2.0,2.0,2.0,2.0,2.0,2.0,2.0,,,,,,,,,,,,,,,1.0,25.0,26.0,,,,,,,,,,,,,,,,,,30.0,30.0,,,,,,,,,,,,,,1.0,3.0,2.0,1.0,1.0,2.0,2.0,2.0,,,,,,,,,,,,,,5.0,,,,,1.0,,,,,,,,,,,,,,,,,,,,,,,,,,,,,,,,,,,,9.0,,,,,,2.0,,,198.0,73.0,5.12,1.89,39.5,147.0,130.0,2.0
23926.0,3.0,2.0,2.0,2.0,31.0,378.0,378.0,4.0,2.0,2.0,1.0,1.0,,,5.0,3.0,,4.0,3.0,5.0,5.0,1.53,2.0,2.0,31.0,1.0,5.0,4.0,,1.0,2.0,2.0,1.0,2.0,2.0,1.0,2.0,2.0,1.0,34998.529911,36208.263428,2.0,33.0,1.0,801.0,,,1.0,2.0,2.0,2.0,1.0,5.0,76.0,,1.0,1.0,130.0,120.0,60.0,2.0,114.0,62.0,2.0,114.0,64.0,2.0,,,,114.0,63.0,2.0,,,,,2.0,,,,2.0,,,,,,,,,2.0,,,,2.0,2.0,0.0,2.0,2.0,2.0,2.0,1.0,2.0,2.0,2.0,,,,,,,,,,,,,,,2.0,,,,,,,,,,,,,,,,,,,,,,,,,,,,,,,,,,,1.0,150.0,2.0,2.0,1.0,2.0,1.0,2.0,,,,,,,,,,,,,,,,,,,1.0,,,,,,,,,,,,,,,,,,1.0,,,,,,,,,,,,,,,,,,2.0,,,,,,2.0,,,198.0,74.0,5.12,1.91,24.4,147.0,,1.0
23936.0,3.0,2.0,2.0,1.0,44.0,535.0,536.0,4.0,2.0,2.0,3.0,1.0,6.0,,5.0,3.0,,1.0,4.0,9.0,9.0,3.26,,1.0,44.0,3.0,5.0,1.0,4.0,1.0,2.0,2.0,1.0,2.0,2.0,1.0,2.0,2.0,1.0,23261.675636,24341.912782,1.0,33.0,1.0,785.0,,,1.0,2.0,2.0,2.0,1.0,3.0,56.0,,1.0,1.0,160.0,128.0,78.0,2.0,130.0,84.0,2.0,120.0,82.0,2.0,,,,125.0,83.0,2.0,,,,,2.0,,,,2.0,,,,,,,,,2.0,,,,2.0,2.0,0.0,2.0,2.0,2.0,2.0,2.0,2.0,2.0,2.0,,,,,,,,,,,,,,,2.0,,,,,,,,,,,,,,,,,,,,,,,,,,,,,,,,,,,1.0,0.0,2.0,2.0,2.0,2.0,2.0,2.0,,,,,,,,,,,,,,,,,,,,,,,,,,,,,,,,,,,,,,,,,,,,,,,,,,,,,,,2.0,,,,,,9.0,,,153.0,43.0,3.96,1.11,35.86,148.0,128.0,2.0
23948.0,3.0,2.0,1.0,2.0,20.0,250.0,251.0,1.0,3.0,2.0,1.0,1.0,,,4.0,3.0,,5.0,3.0,,12.0,,2.0,1.0,61.0,1.0,2.0,1.0,4.0,1.0,2.0,2.0,1.0,2.0,2.0,1.0,2.0,2.0,1.0,26702.082542,26878.507296,2.0,40.0,1.0,638.0,,,1.0,2.0,2.0,2.0,1.0,4.0,78.0,,1.0,1.0,130.0,100.0,60.0,2.0,104.0,58.0,2.0,98.0,60.0,2.0,,,,101.0,59.0,2.0,,,,,2.0,,,,2.0,,,,,,,,,2.0,,,,2.0,2.0,0.0,2.0,2.0,2.0,2.0,1.0,2.0,2.0,2.0,,,,,,,,,,,,,,,2.0,,,,,,,,,,,,,,,,,,,,,,,,,,,,,,,,,,,1.0,5.0,9.0,9.0,9.0,9.0,9.0,9.0,,,,,,,,,,,,,,,,,,,,,,,,,,,,,,,,,,,,,,,,,,,,,,,,,,,,,,,9.0,,,,,,9.0,,,155.0,49.0,4.01,1.27,29.61,170.0,155.0,1.0
23950.0,3.0,2.0,1.0,2.0,33.0,399.0,401.0,3.0,1.0,2.0,3.0,2.0,2.0,,4.0,3.0,,3.0,2.0,2.0,2.0,0.72,2.0,2.0,33.0,3.0,4.0,3.0,,1.0,2.0,2.0,1.0,2.0,2.0,,,,,37340.69302,40455.10331,1.0,43.0,1.0,524.0,,,2.0,2.0,2.0,2.0,1.0,3.0,82.0,,1.0,1.0,130.0,98.0,66.0,2.0,98.0,66.0,2.0,100.0,66.0,2.0,,,,99.0,66.0,2.0,,,,,2.0,,,,2.0,,,,,,,,,2.0,,,,2.0,2.0,0.0,2.0,2.0,2.0,2.0,2.0,2.0,2.0,2.0,,,,,,,,,,,,,,,2.0,,,,,,,,,,,,,,,,,,,,,,,,,,,,,,,,,,,1.0,2.0,2.0,2.0,2.0,2.0,2.0,2.0,,,,,,,,,,,,,,,,,,,,,,,,,,,,,,,,,,,,,,,,,,,,,,,,,,,,,,,2.0,,,,,,2.0,,,187.0,64.0,4.84,1.66,32.22,155.0,149.0,2.0
23961.0,3.0,2.0,1.0,2.0,39.0,470.0,471.0,3.0,1.0,2.0,1.0,1.0,,,2.0,1.0,,1.0,5.0,11.0,11.0,3.6,2.0,1.0,39.0,1.0,2.0,1.0,2.0,1.0,2.0,2.0,1.0,2.0,2.0,1.0,2.0,2.0,1.0,82408.7053,89136.519548,1.0,37.0,1.0,519.0,,,1.0,2.0,2.0,2.0,1.0,4.0,82.0,,1.0,1.0,140.0,112.0,68.0,2.0,104.0,66.0,2.0,110.0,68.0,2.0,,,,107.0,67.0,2.0,,,,,2.0,,,,2.0,,,,,,,,,2.0,,,,2.0,2.0,0.0,2.0,2.0,2.0,2.0,2.0,2.0,2.0,2.0,,,,,,,,,,,,,,,2.0,,,,,,,,,,,,,,,,,,,,,,,,,,,,,,,,,,,2.0,,2.0,2.0,2.0,2.0,2.0,2.0,,,,,,,,,,,,,,,,,,,,,,,,,,,,,,,,,,,,,,,,,,,,,,,,,,,,,,,2.0,,,,,,2.0,,,189.0,52.0,4.89,1.34,40.36,125.0,125.0,3.0
23972.0,3.0,2.0,2.0,1.0,23.0,278.0,279.0,4.0,2.0,2.0,1.0,1.0,,,3.0,2.0,,5.0,3.0,7.0,7.0,2.23,,2.0,50.0,1.0,3.0,3.0,,1.0,2.0,2.0,1.0,2.0,2.0,,,,,26969.397877,29582.911703,2.0,37.0,1.0,761.0,,,2.0,2.0,2.0,2.0,1.0,3.0,76.0,,1.0,1.0,150.0,122.0,60.0,2.0,120.0,62.0,2.0,,,2.0,130.0,68.0,2.0,125.0,65.0,2.0,,,,,2.0,,,,2.0,,,,,,,,,2.0,,,,2.0,2.0,0.0,2.0,2.0,2.0,2.0,2.0,2.0,2.0,2.0,,,,,,,,,,,,,,,2.0,,,,,,,,,,,,,,,,,,,,,,,,,,,,,,,,,,,1.0,0.0,2.0,2.0,2.0,2.0,2.0,2.0,,,,,,,,,,,,,,,,,,,,,,,,,,,,,,,,,,,,,,,,,,,,,,,,,,,,,,,2.0,,,,,,2.0,,,137.0,41.0,3.54,1.06,53.13,150.0,140.0,3.0
24008.0,3.0,2.0,1.0,1.0,30.0,370.0,371.0,1.0,3.0,2.0,2.0,2.0,2.0,,1.0,1.0,,5.0,3.0,6.0,4.0,1.83,,1.0,30.0,2.0,1.0,5.0,,1.0,2.0,1.0,1.0,2.0,1.0,,,,,24082.337881,25532.889735,2.0,43.0,1.0,615.0,,,2.0,2.0,2.0,2.0,1.0,4.0,70.0,,1.0,1.0,140.0,116.0,70.0,2.0,116.0,72.0,2.0,124.0,66.0,2.0,,,,120.0,69.0,2.0,,,,,2.0,,,,2.0,,,,,,,,,2.0,,,,2.0,2.0,0.0,2.0,2.0,2.0,2.0,2.0,2.0,2.0,2.0,,,,,,,,,,,,,,,2.0,,,,,,,,,,,,,,,,,,,,,,,,,,,,,,,,,,,1.0,0.0,2.0,2.0,2.0,2.0,2.0,2.0,,,,,,,,,,,,,,,,,,,,,,,,,,,,,,,,,,,,,,,,,,,,,,,,,,,,,,,2.0,,,,,,2.0,,,163.0,46.0,4.22,1.19,35.55,170.0,156.0,2.0
24010.0,3.0,2.0,2.0,1.0,44.0,536.0,537.0,3.0,1.0,2.0,1.0,1.0,,,3.0,2.0,,1.0,4.0,3.0,3.0,0.75,,1.0,44.0,1.0,3.0,1.0,3.0,1.0,2.0,2.0,1.0,2.0,2.0,1.0,2.0,2.0,1.0,40719.09698,42025.003254,2.0,31.0,1.0,810.0,,,1.0,2.0,2.0,2.0,1.0,5.0,82.0,,1.0,1.0,150.0,126.0,88.0,2.0,126.0,84.0,2.0,132.0,86.0,2.0,,,,129.0,85.0,2.0,,,,,2.0,,,,2.0,,,,,,,,,2.0,,,,2.0,2.0,0.0,2.0,2.0,2.0,2.0,2.0,2.0,2.0,2.0,,,,,,,,,,,,,,,2.0,,,,,,,,,,,,,,,,,,,,,,,,,,,,,,,,,,,1.0,3.0,1.0,2.0,2.0,2.0,1.0,1.0,1.0,,,,,,,8.0,9.0,,,,,,,,,,,,,,,,,,,,,,,,,,,,,,,,,,,8.0,,,,,,,,,8.0,,2.0,,,,,,2.0,,,265.0,31.0,6.85,0.8,37.0,135.0,126.0,2.0
24019.0,3.0,2.0,2.0,2.0,27.0,332.0,333.0,4.0,2.0,2.0,1.0,1.0,,,2.0,1.0,,5.0,6.0,7.0,4.0,0.82,2.0,2.0,27.0,1.0,2.0,5.0,,1.0,2.0,2.0,1.0,2.0,2.0,1.0,2.0,2.0,1.0,26100.524138,28181.19972,1.0,41.0,1.0,661.0,,,1.0,2.0,2.0,2.0,1.0,4.0,70.0,,1.0,1.0,140.0,,,2.0,112.0,66.0,2.0,108.0,62.0,2.0,,,2.0,108.0,62.0,2.0,,,,,2.0,,,,2.0,,,,,,,,,2.0,,,,2.0,2.0,0.0,2.0,2.0,2.0,2.0,2.0,2.0,2.0,2.0,,,,,,,,,,,,,,,2.0,,,,,,,,,,,,,,,,,,,,,,,,,,,,,,,,,,,1.0,5.0,1.0,2.0,2.0,2.0,2.0,2.0,1.0,,,,,,,,9.0,,,,,,,,,,,,,,,,,,,,,,,,,,,,,,,,,,,,,,,,,,,,,,2.0,,,,,,2.0,,,182.0,50.0,4.71,1.29,34.95,138.0,134.0,2.0
24020.0,3.0,2.0,2.0,1.0,42.0,513.0,514.0,3.0,1.0,2.0,1.0,1.0,,,4.0,3.0,,1.0,4.0,7.0,7.0,2.12,,1.0,42.0,1.0,4.0,1.0,4.0,1.0,2.0,2.0,1.0,2.0,2.0,1.0,2.0,2.0,1.0,104708.297342,108066.407727,2.0,31.0,1.0,774.0,,,2.0,2.0,2.0,2.0,1.0,5.0,80.0,,1.0,1.0,150.0,126.0,78.0,2.0,114.0,86.0,2.0,126.0,84.0,2.0,,,,120.0,85.0,2.0,,,,,2.0,,,,2.0,,,,,,,,,2.0,,,,2.0,2.0,0.0,2.0,2.0,2.0,2.0,2.0,2.0,2.0,2.0,,,,,,,,,,,,,,,2.0,,,,,,,,,,,,,,,,,,,,,,,,,,,,,,,,,,,1.0,1.0,2.0,2.0,2.0,2.0,1.0,2.0,,,,,,,,,,,,,,,,,,,,,,,,,,,,,,,,,,,,,1.0,,3.0,4.0,,,,,,,,,,,,,,,2.0,,,,,,2.0,,,141.0,36.0,3.65,0.93,45.15,133.0,126.0,3.0
24040.0,3.0,2.0,2.0,2.0,31.0,378.0,378.0,4.0,2.0,2.0,1.0,1.0,,,4.0,3.0,,1.0,4.0,8.0,8.0,2.39,2.0,2.0,31.0,1.0,4.0,1.0,3.0,1.0,2.0,2.0,1.0,2.0,2.0,1.0,2.0,2.0,1.0,34998.529911,36208.263428,2.0,33.0,1.0,654.0,,,2.0,2.0,2.0,2.0,1.0,4.0,82.0,,1.0,1.0,140.0,118.0,86.0,2.0,118.0,86.0,2.0,112.0,86.0,2.0,,,,115.0,86.0,2.0,,,,,2.0,,,,2.0,,,,,,,,,2.0,,,,1.0,2.0,0.0,2.0,2.0,2.0,2.0,2.0,2.0,2.0,2.0,,,,30.0,,,,,,,,,,9.0,2.0,,,,,,,,,,,,,,,,,,,,,,,,,,,,,,,,,,,1.0,0.0,2.0,2.0,2.0,2.0,2.0,2.0,,,,,,,,,,,,,,,,,,,,,,,,,,,,,,,,,,,,,,,,,,,,,,,,,,,,,,,2.0,,,,,,2.0,,,203.0,118.0,5.25,3.05,24.37,167.0,155.0,1.0
24049.0,3.0,2.0,2.0,2.0,23.0,279.0,279.0,4.0,2.0,2.0,1.0,1.0,,,5.0,3.0,,5.0,1.0,6.0,6.0,3.23,2.0,2.0,23.0,1.0,5.0,5.0,,1.0,2.0,2.0,1.0,2.0,2.0,1.0,2.0,2.0,1.0,27089.745435,27878.424715,1.0,30.0,1.0,612.0,,,2.0,2.0,2.0,2.0,1.0,4.0,80.0,,1.0,1.0,140.0,100.0,70.0,2.0,,,2.0,98.0,70.0,2.0,100.0,68.0,2.0,99.0,69.0,2.0,,,,,2.0,,,,2.0,,,,,,,,,2.0,,,,2.0,2.0,0.0,2.0,2.0,2.0,2.0,2.0,2.0,2.0,2.0,,,,,,,,,,,,,,,2.0,,,,,,,,,,,,,,,,,,,,,,,,,,,,,,,,,,,1.0,0.0,1.0,1.0,2.0,2.0,1.0,2.0,,2.0,,,,,,,,,,,4.0,,,,,,,,,,,,,,,,,,,,,,,,,,,,,,,,9.0,,,,,,,,,,2.0,,,,,,2.0,,,206.0,77.0,5.33,1.99,31.91,164.0,157.0,2.0
24050.0,3.0,2.0,1.0,2.0,35.0,430.0,431.0,3.0,1.0,2.0,1.0,1.0,,,4.0,3.0,,1.0,5.0,9.0,9.0,2.79,2.0,2.0,35.0,1.0,4.0,1.0,5.0,1.0,2.0,2.0,1.0,2.0,2.0,1.0,2.0,2.0,1.0,82408.7053,87166.744696,1.0,37.0,1.0,685.0,,,1.0,2.0,2.0,2.0,1.0,5.0,74.0,,1.0,1.0,140.0,110.0,66.0,2.0,,,2.0,112.0,62.0,2.0,110.0,64.0,2.0,111.0,63.0,2.0,,,,,2.0,,,,2.0,,,,,,,,,2.0,,,,2.0,2.0,0.0,2.0,2.0,2.0,2.0,1.0,2.0,2.0,1.0,,,1.0,,,,,,,,,,30.0,,2.0,,,,,,,,,,,,,,,,,,,,,,,,,,,,,,,,,,,1.0,3.0,1.0,2.0,2.0,2.0,1.0,1.0,1.0,,3.0,,,,,,,,,,,,,,,,,,,,,,,,,,,,,,,,,,,2.0,,,,,,,,1.0,,,,,,,,,2.0,,,,,,2.0,,,159.0,34.0,4.11,0.88,49.4,107.0,100.0,3.0
24051.0,3.0,2.0,1.0,2.0,31.0,372.0,374.0,1.0,3.0,2.0,2.0,2.0,5.0,,4.0,3.0,,1.0,5.0,8.0,8.0,2.32,1.0,1.0,34.0,2.0,5.0,1.0,4.0,1.0,2.0,2.0,1.0,2.0,2.0,,,,,5377.941231,5560.526333,1.0,40.0,1.0,603.0,,,2.0,2.0,2.0,2.0,1.0,4.0,84.0,,1.0,1.0,120.0,106.0,70.0,2.0,102.0,68.0,2.0,100.0,68.0,2.0,,,,101.0,68.0,2.0,,,,,2.0,,,,2.0,,,,,,,,,1.0,,,,2.0,2.0,0.0,2.0,2.0,2.0,2.0,1.0,2.0,2.0,2.0,,,,,,,,,,,,,,,2.0,,,,,,,,,,,,,,,,,,,,,,,,,,,,,,,,,,,2.0,,1.0,2.0,2.0,1.0,2.0,2.0,1.0,,,,,,,,,,,,,,,,,,,,,,,,,,,1.0,,,,,,,,,,,,,,,,,,,,,,,,,,,2.0,,,,,,1.0,63.0,,,,,,36.6,141.0,132.0,3.0
24053.0,3.0,2.0,2.0,1.0,48.0,576.0,576.0,1.0,3.0,2.0,2.0,1.0,99.0,,2.0,1.0,,5.0,3.0,4.0,4.0,1.65,,1.0,48.0,2.0,2.0,5.0,,2.0,2.0,2.0,2.0,2.0,2.0,,,,,23320.524128,24010.745794,2.0,32.0,1.0,1302.0,,,2.0,2.0,2.0,2.0,1.0,4.0,72.0,,1.0,1.0,190.0,144.0,84.0,2.0,150.0,82.0,2.0,148.0,92.0,2.0,,,,149.0,87.0,2.0,,,,,2.0,,,,2.0,,,,,,,,,2.0,,,,2.0,2.0,0.0,2.0,2.0,2.0,2.0,2.0,2.0,2.0,2.0,,,,,,,,,,,,,,,2.0,,,,,,,,,,,,,,,,,,,,,,,,,,,,,,,,,,,1.0,0.0,2.0,2.0,2.0,2.0,2.0,2.0,,,,,,,,,,,,,,,,,,,,,,,,,,,,,,,,,,,,,,,,,,,,,,,,,,,,,,,2.0,,,,,,2.0,,,143.0,47.0,3.7,1.22,52.12,130.0,119.0,3.0
24054.0,3.0,2.0,1.0,1.0,39.0,473.0,474.0,1.0,3.0,2.0,1.0,1.0,,,3.0,2.0,,1.0,3.0,7.0,7.0,2.68,,1.0,39.0,1.0,3.0,1.0,4.0,1.0,2.0,2.0,1.0,2.0,2.0,1.0,2.0,2.0,1.0,44776.206113,47657.7597,2.0,38.0,1.0,698.0,,,1.0,2.0,2.0,2.0,1.0,5.0,88.0,,1.0,1.0,170.0,148.0,86.0,2.0,146.0,90.0,2.0,,,2.0,140.0,88.0,2.0,143.0,89.0,2.0,,,,,2.0,,,,2.0,,,,,,,,,1.0,,,,2.0,2.0,0.0,2.0,2.0,2.0,2.0,1.0,2.0,2.0,2.0,,,,,,,,,,,,,,,2.0,,,,,,,,,,,,,,,,,,,,,,,,,,,,,,,,,,,1.0,14.0,1.0,2.0,2.0,2.0,9.0,2.0,1.0,,3.0,,,,,,9.0,,,,,,,,,,,,,,,,,,,,,,,,,,,,,,,,,,,,,,,,,,,,,,1.0,,2.0,,,,2.0,,,211.0,40.0,5.46,1.03,28.0,157.0,154.0,1.0
24071.0,3.0,2.0,2.0,2.0,34.0,418.0,418.0,1.0,3.0,2.0,2.0,2.0,3.0,,1.0,1.0,,6.0,5.0,5.0,1.0,0.0,2.0,1.0,40.0,2.0,1.0,6.0,,2.0,2.0,2.0,1.0,2.0,2.0,2.0,2.0,2.0,2.0,44963.69257,46310.216761,1.0,42.0,1.0,606.0,,,2.0,2.0,2.0,2.0,1.0,5.0,58.0,,1.0,1.0,140.0,106.0,68.0,2.0,104.0,66.0,1.0,100.0,64.0,1.0,,,,102.0,65.0,2.0,,,,,2.0,,,,2.0,,,,,,,,,1.0,,,,2.0,2.0,0.0,2.0,2.0,2.0,2.0,1.0,2.0,2.0,9.0,,,,,,,,,,,,,,,2.0,,,,,,,,,,,,,,,,,,,,,,,,,,,,,,,,,,,2.0,,2.0,2.0,2.0,1.0,2.0,2.0,,,,,,,,,,,,,,,,,,,,,,,,,,,,,,,4.0,,,,,,,,,,,,,,,,,,,,,,,,2.0,,,,,,2.0,,,196.0,37.0,5.07,0.96,36.98,110.0,102.0,3.0
24074.0,3.0,2.0,1.0,1.0,31.0,382.0,383.0,3.0,1.0,2.0,1.0,1.0,,,5.0,3.0,,5.0,1.0,8.0,8.0,5.0,,1.0,31.0,1.0,5.0,5.0,,1.0,2.0,2.0,1.0,2.0,2.0,1.0,2.0,2.0,1.0,102662.368594,113613.02838,2.0,36.0,1.0,625.0,,,2.0,2.0,2.0,2.0,1.0,4.0,60.0,,1.0,1.0,130.0,98.0,60.0,2.0,98.0,62.0,2.0,94.0,64.0,2.0,,,,96.0,63.0,1.0,5.0,1.0,2.0,,2.0,,,,2.0,,,,,,,,,2.0,,,,2.0,2.0,0.0,2.0,2.0,2.0,2.0,2.0,2.0,2.0,2.0,,,,,,,,,,,,,,,2.0,,,,,,,,,,,,,,,,,,,,,,,,,,,,,,,,,,,1.0,0.0,1.0,2.0,2.0,1.0,2.0,2.0,,,,,5.0,,,,,,,,,,,,,,,,,,,,,,,1.0,,,,,,,,,,,,,,,,,,,,,,,,,,,2.0,,,,,,2.0,,,194.0,57.0,5.02,1.47,37.94,182.0,161.0,2.0
24079.0,3.0,2.0,2.0,2.0,25.0,310.0,311.0,4.0,2.0,2.0,1.0,1.0,,,3.0,2.0,,5.0,7.0,3.0,3.0,0.4,2.0,2.0,46.0,1.0,2.0,5.0,,1.0,2.0,2.0,1.0,2.0,2.0,1.0,2.0,2.0,1.0,27010.103309,29211.715508,2.0,41.0,1.0,588.0,,,2.0,2.0,2.0,2.0,1.0,4.0,90.0,,1.0,1.0,140.0,,,2.0,116.0,90.0,1.0,,,2.0,,,2.0,116.0,90.0,2.0,,,,,2.0,,,,2.0,,,,,,,,,1.0,,,,2.0,2.0,0.0,2.0,2.0,2.0,2.0,1.0,2.0,2.0,2.0,,,,,,,,,,,,,,,2.0,,,,,,,,,,,,,,,,,,,,,,,,,,,,,,,,,,,1.0,0.0,1.0,2.0,2.0,2.0,2.0,2.0,,,3.0,,,,,,,,,,,,,,,,,,,,,,,,,,,,,,,,,,,,,,,,,,,,,,,,,,,,2.0,,,,,,2.0,,,181.0,35.0,4.68,0.91,23.84,152.0,147.0,1.0
24089.0,3.0,2.0,1.0,2.0,24.0,299.0,300.0,3.0,1.0,2.0,1.0,1.0,,,5.0,3.0,,6.0,2.0,7.0,5.0,2.47,2.0,1.0,25.0,1.0,4.0,6.0,,1.0,2.0,2.0,1.0,2.0,2.0,1.0,2.0,2.0,1.0,70284.593436,75357.390742,2.0,35.0,1.0,508.0,,,1.0,2.0,2.0,2.0,1.0,3.0,86.0,,1.0,1.0,150.0,112.0,84.0,2.0,110.0,84.0,2.0,112.0,72.0,2.0,,,,111.0,78.0,2.0,,,,,2.0,,,,2.0,,,,,,,,,2.0,,,,2.0,2.0,0.0,2.0,2.0,2.0,2.0,2.0,2.0,2.0,2.0,,,,,,,,,,,,,,,2.0,,,,,,,,,,,,,,,,,,,,,,,,,,,,,,,,,,,1.0,1.0,2.0,1.0,2.0,2.0,1.0,2.0,,,,,,,,,,,,,,5.0,,,,,,,,,,,,,,,,,,,,,,,,,,,,,,,9.0,,,,,,,,,,2.0,,,,,,2.0,,,182.0,100.0,4.71,2.59,32.82,159.0,140.0,2.0
24095.0,3.0,2.0,1.0,2.0,30.0,367.0,367.0,1.0,3.0,2.0,2.0,2.0,2.0,,1.0,1.0,,4.0,7.0,6.0,1.0,0.02,2.0,1.0,59.0,2.0,1.0,1.0,1.0,2.0,2.0,2.0,2.0,2.0,2.0,2.0,2.0,2.0,2.0,24889.5177,27353.260365,1.0,38.0,1.0,579.0,,,1.0,2.0,2.0,2.0,1.0,4.0,76.0,,1.0,1.0,140.0,114.0,74.0,2.0,120.0,78.0,2.0,114.0,74.0,2.0,,,,117.0,76.0,2.0,,,,,2.0,,,,2.0,,,,,,,,,2.0,,,,2.0,2.0,0.0,2.0,2.0,2.0,2.0,1.0,2.0,2.0,2.0,,,,,,,,,,,,,,,2.0,,,,,,,,,,,,,,,,,,,,,,,,,,,,,,,,,,,2.0,,1.0,2.0,2.0,2.0,2.0,2.0,,,,,5.0,,,,,,,,,,,,,,,,,,,,,,,,,,,,,,,,,,,,,,,,,,,,,,,,,,2.0,,,,,,2.0,,,181.0,50.0,4.68,1.29,29.5,147.0,119.0,2.0
24109.0,3.0,2.0,1.0,2.0,30.0,360.0,361.0,1.0,3.0,2.0,1.0,1.0,,,3.0,2.0,,4.0,3.0,3.0,3.0,0.94,2.0,2.0,30.0,1.0,3.0,4.0,,1.0,2.0,2.0,1.0,2.0,2.0,,,,,29706.542643,32575.422498,1.0,39.0,1.0,629.0,,,2.0,2.0,2.0,2.0,1.0,4.0,70.0,,1.0,1.0,140.0,114.0,64.0,2.0,114.0,60.0,2.0,110.0,60.0,2.0,,,,112.0,60.0,2.0,,,,,2.0,,,,2.0,,,,,,,,,2.0,,,,2.0,2.0,0.0,2.0,2.0,2.0,2.0,2.0,2.0,2.0,2.0,,,,,,,,,,,,,,,2.0,,,,,,,,,,,,,,,,,,,,,,,,,,,,,,,,,,,1.0,0.0,1.0,2.0,2.0,2.0,1.0,2.0,1.0,,,,,,,,,,,,,,,,,,,,,,,,,,,,,,,,,,,,,,,,,,,8.0,,,,,,,,,,,2.0,,,,,,2.0,,,175.0,35.0,4.53,0.91,31.52,149.0,127.0,2.0
24114.0,3.0,2.0,1.0,2.0,41.0,494.0,495.0,1.0,3.0,2.0,2.0,2.0,8.0,,3.0,2.0,,1.0,2.0,8.0,8.0,3.92,2.0,2.0,41.0,2.0,3.0,1.0,,1.0,2.0,2.0,1.0,2.0,2.0,1.0,2.0,2.0,1.0,20095.817637,21588.583869,2.0,40.0,1.0,674.0,,,2.0,2.0,2.0,2.0,1.0,4.0,56.0,,1.0,1.0,170.0,140.0,78.0,2.0,136.0,74.0,2.0,144.0,78.0,2.0,,,,140.0,76.0,2.0,,,,,2.0,,,,1.0,1.0,,,,,,,,2.0,,,,2.0,2.0,0.0,2.0,2.0,2.0,2.0,2.0,2.0,2.0,1.0,,,1.0,,,,,,,,,,29.0,,2.0,,,,,,,,,,,,,,,,,,,,,,,,,,,,,,,,,,,1.0,4.0,2.0,2.0,2.0,2.0,1.0,2.0,,,,,,,,,,,,,,,,,,,,,,,,,,,,,,,,,,,,,1.0,,,,,,,,,,,,,,,,,,2.0,,,,,,2.0,,,200.0,55.0,5.17,1.42,29.41,132.0,124.0,2.0
24118.0,3.0,2.0,2.0,2.0,32.0,391.0,392.0,3.0,1.0,2.0,1.0,1.0,,,5.0,3.0,,6.0,2.0,11.0,8.0,5.0,2.0,1.0,39.0,,,,,1.0,2.0,2.0,1.0,2.0,2.0,1.0,2.0,2.0,1.0,129333.498458,132898.491243,1.0,42.0,1.0,609.0,,,1.0,2.0,2.0,2.0,1.0,4.0,84.0,,1.0,1.0,150.0,,,2.0,118.0,72.0,2.0,,,2.0,122.0,74.0,2.0,122.0,74.0,2.0,,,,,2.0,,,,2.0,,,,,,,,,2.0,,,,2.0,2.0,0.0,2.0,2.0,2.0,2.0,1.0,2.0,2.0,2.0,,,,,,,,,,,,,,,2.0,,,,,,,,,,,,,,,,,,,,,,,,,,,,,,,,,,,1.0,3.0,2.0,2.0,2.0,2.0,1.0,2.0,,,,,,,,,,,,,,,,,,,,,,,,,,,,,,,,,,,,,,,3.0,,,,,,,,,,,,,,,,2.0,,,,,,2.0,,,186.0,36.0,4.81,0.93,51.28,133.0,126.0,3.0
24124.0,3.0,2.0,2.0,1.0,23.0,276.0,276.0,3.0,1.0,2.0,1.0,1.0,,,5.0,3.0,,5.0,6.0,11.0,3.0,1.07,,1.0,22.0,1.0,5.0,5.0,,1.0,2.0,2.0,1.0,2.0,2.0,1.0,2.0,2.0,1.0,58642.087621,60904.757823,2.0,29.0,1.0,656.0,,,2.0,2.0,2.0,2.0,1.0,3.0,92.0,,1.0,1.0,120.0,96.0,48.0,2.0,94.0,50.0,2.0,100.0,50.0,2.0,,,,97.0,50.0,1.0,2.0,1.0,1.0,2.0,2.0,,,,2.0,,,,,,,,,2.0,,,,2.0,2.0,0.0,2.0,2.0,2.0,2.0,2.0,2.0,2.0,2.0,,,,,,,,,,,,,,,2.0,,,,,,,,,,,,,,,,,,,,,,,,,,,,,,,,,,,1.0,3.0,2.0,2.0,2.0,2.0,2.0,2.0,,,,,,,,,,,,,,,,,,,,,,,,,,,,,,,,,,,,,,,,,,,,,,,,,,,,,,,2.0,,,,,,2.0,,,170.0,71.0,4.4,1.84,51.16,160.0,151.0,3.0
24131.0,3.0,2.0,1.0,2.0,43.0,520.0,521.0,3.0,1.0,2.0,1.0,1.0,,,5.0,3.0,,1.0,3.0,11.0,11.0,5.0,2.0,2.0,43.0,1.0,5.0,1.0,5.0,1.0,2.0,2.0,1.0,2.0,2.0,1.0,2.0,2.0,1.0,122704.086565,126609.736729,1.0,34.0,1.0,623.0,,,1.0,2.0,2.0,2.0,1.0,4.0,82.0,,1.0,1.0,120.0,98.0,60.0,2.0,98.0,60.0,2.0,92.0,60.0,2.0,,,,95.0,60.0,2.0,,,,,2.0,,,,2.0,,,,,,,,,2.0,,,,2.0,2.0,0.0,2.0,2.0,2.0,2.0,2.0,2.0,2.0,1.0,,,1.0,,,,,,,,,,20.0,,2.0,,,,,,,,,,,,,,,,,,,,,,,,,,,,,,,,,,,1.0,0.0,2.0,2.0,2.0,1.0,2.0,2.0,,,,,,,,,,,,,,,,,,,,,,,,,,,,,,,,5.0,,,,,,,,,,,,,,,,,,,,,,,2.0,,,,,,2.0,,,182.0,72.0,4.71,1.86,38.95,125.0,116.0,3.0
24132.0,3.0,2.0,1.0,2.0,48.0,583.0,584.0,4.0,2.0,2.0,1.0,1.0,,,4.0,3.0,,6.0,2.0,8.0,6.0,3.44,2.0,2.0,48.0,1.0,4.0,6.0,,1.0,2.0,2.0,1.0,2.0,2.0,1.0,2.0,2.0,1.0,35353.929854,36443.375488,2.0,36.0,1.0,612.0,,,1.0,2.0,2.0,2.0,1.0,4.0,62.0,,1.0,1.0,130.0,114.0,70.0,2.0,126.0,76.0,2.0,122.0,68.0,2.0,,,,124.0,72.0,1.0,1.0,1.0,2.0,,2.0,,,,2.0,,,,,,,,,2.0,,,,2.0,2.0,0.0,2.0,2.0,2.0,2.0,2.0,2.0,1.0,2.0,,1.0,,,,,,,,,,45.0,,,1.0,15.0,,,,,,,,,32.0,,,,,,,,,,,,,,,,,,,,,,,,,1.0,2.0,1.0,1.0,1.0,2.0,1.0,2.0,,,,,,,,,9.0,,,,,,,,,9.0,,,,,,,,,9.0,,,,,,,,,,1.0,,,,,,,,,,,,,,,,,,2.0,,,,,,2.0,,,151.0,58.0,3.9,1.5,26.01,162.0,136.0,1.0
24141.0,3.0,2.0,2.0,1.0,21.0,260.0,261.0,3.0,1.0,2.0,1.0,1.0,,,3.0,2.0,,5.0,4.0,10.0,9.0,3.83,,1.0,46.0,1.0,3.0,3.0,,1.0,2.0,2.0,1.0,2.0,2.0,1.0,2.0,2.0,1.0,78130.600612,79835.145585,2.0,31.0,1.0,575.0,,,1.0,2.0,2.0,2.0,1.0,4.0,62.0,,1.0,1.0,150.0,114.0,56.0,2.0,118.0,50.0,2.0,104.0,52.0,2.0,,,,111.0,51.0,2.0,,,,,2.0,,,,2.0,,,,,,,,,2.0,,,,2.0,2.0,0.0,2.0,2.0,2.0,2.0,2.0,2.0,2.0,2.0,,,,,,,,,,,,,,,2.0,,,,,,,,,,,,,,,,,,,,,,,,,,,,,,,,,,,1.0,0.0,2.0,1.0,2.0,2.0,2.0,2.0,,,,,,,,,,,,,,5.0,,,,,,,,,,,,,,,,,,,,,,,,,,,,,,,,,,,,,,,,,2.0,,,,,,2.0,,,181.0,32.0,4.68,0.83,33.56,175.0,165.0,1.0
24143.0,3.0,2.0,1.0,2.0,37.0,448.0,449.0,4.0,2.0,2.0,1.0,1.0,,,4.0,3.0,,1.0,2.0,11.0,11.0,5.0,2.0,1.0,44.0,1.0,4.0,1.0,4.0,1.0,2.0,2.0,1.0,2.0,2.0,1.0,2.0,2.0,1.0,44951.882117,45917.944496,2.0,36.0,1.0,795.0,,,2.0,2.0,2.0,2.0,1.0,3.0,68.0,,1.0,1.0,130.0,106.0,62.0,2.0,104.0,66.0,2.0,106.0,60.0,2.0,,,,105.0,63.0,2.0,,,,,2.0,,,,2.0,,,,,,,,,1.0,,,,2.0,2.0,0.0,2.0,2.0,2.0,2.0,2.0,2.0,2.0,2.0,,,,,,,,,,,,,,,2.0,,,,,,,,,,,,,,,,,,,,,,,,,,,,,,,,,,,1.0,15.0,1.0,2.0,1.0,1.0,2.0,1.0,,2.0,3.0,,5.0,,,,9.0,,,,,,,,,,,,3.0,,,,7.0,,,1.0,,,,,,,,,,,,,,,,,,1.0,,,,,,,,,1.0,,2.0,,,,2.0,,,211.0,68.0,5.46,1.76,34.96,118.0,111.0,3.0
24144.0,3.0,2.0,1.0,1.0,23.0,287.0,289.0,5.0,4.0,2.0,3.0,2.0,3.0,,3.0,2.0,,5.0,5.0,10.0,10.0,3.27,,1.0,53.0,3.0,5.0,1.0,4.0,1.0,2.0,2.0,1.0,2.0,2.0,1.0,2.0,2.0,1.0,72062.929619,74843.435057,2.0,39.0,1.0,657.0,,,2.0,2.0,2.0,2.0,1.0,5.0,72.0,,1.0,1.0,150.0,124.0,68.0,2.0,126.0,76.0,2.0,126.0,84.0,2.0,,,,126.0,80.0,2.0,,,,,2.0,,,,2.0,,,,,,,,,2.0,,,,2.0,2.0,0.0,2.0,2.0,2.0,2.0,2.0,2.0,2.0,2.0,,,,,,,,,,,,,,,2.0,,,,,,,,,,,,,,,,,,,,,,,,,,,,,,,,,,,1.0,0.0,2.0,2.0,2.0,2.0,2.0,2.0,,,,,,,,,,,,,,,,,,,,,,,,,,,,,,,,,,,,,,,,,,,,,,,,,,,,,,,2.0,,,,,,2.0,,,182.0,55.0,4.71,1.42,49.8,124.0,111.0,3.0
24157.0,3.0,2.0,2.0,2.0,45.0,540.0,542.0,4.0,2.0,2.0,1.0,1.0,,,5.0,3.0,,5.0,2.0,10.0,10.0,5.0,2.0,2.0,45.0,1.0,5.0,5.0,,1.0,2.0,2.0,1.0,2.0,2.0,1.0,2.0,2.0,1.0,27525.77897,28373.996972,2.0,33.0,1.0,731.0,,,2.0,2.0,2.0,2.0,1.0,5.0,80.0,,1.0,1.0,140.0,114.0,68.0,2.0,108.0,72.0,2.0,100.0,72.0,2.0,,,,104.0,72.0,2.0,,,,,2.0,,,,2.0,,,,,,,,,2.0,,,,2.0,2.0,0.0,2.0,2.0,2.0,2.0,1.0,2.0,2.0,2.0,,,,,,,,,,,,,,,2.0,,,,,,,,,,,,,,,,,,,,,,,,,,,,,,,,,,,1.0,3.0,1.0,2.0,2.0,2.0,1.0,2.0,,2.0,,,5.0,,,8.0,,,,,,,,,,,,,,,,,,,,,,,,,,,,,1.0,,,,,,,,,,,,,,,,,,2.0,,,,,,2.0,,,214.0,57.0,5.53,1.47,39.31,122.0,,3.0
24177.0,3.0,2.0,1.0,1.0,27.0,331.0,332.0,1.0,3.0,2.0,2.0,1.0,4.0,,3.0,2.0,,1.0,2.0,4.0,4.0,1.44,,1.0,27.0,2.0,3.0,1.0,4.0,1.0,2.0,2.0,1.0,2.0,2.0,2.0,2.0,2.0,2.0,29348.026612,29371.723881,2.0,42.0,1.0,773.0,,,2.0,2.0,2.0,1.0,1.0,5.0,68.0,,1.0,1.0,140.0,118.0,68.0,2.0,118.0,66.0,2.0,118.0,68.0,2.0,,,,118.0,67.0,2.0,,,,,2.0,,,,2.0,,,,,,,,,2.0,,,,2.0,2.0,0.0,2.0,2.0,2.0,2.0,1.0,2.0,2.0,2.0,,,,,,,,,,,,,,,2.0,,,,,,,,,,,,,,,,,,,,,,,,,,,,,,,,,,,1.0,0.0,2.0,2.0,2.0,2.0,2.0,2.0,,,,,,,,,,,,,,,,,,,,,,,,,,,,,,,,,,,,,,,,,,,,,,,,,,,,,,,2.0,,,,,,2.0,,,187.0,58.0,4.84,1.5,33.32,140.0,,1.0
24183.0,3.0,2.0,1.0,1.0,49.0,598.0,599.0,3.0,1.0,2.0,1.0,1.0,,,4.0,3.0,,1.0,4.0,11.0,11.0,4.24,,2.0,51.0,1.0,5.0,1.0,4.0,1.0,2.0,2.0,1.0,2.0,2.0,1.0,2.0,2.0,1.0,119657.215563,125521.277166,2.0,36.0,1.0,835.0,,,2.0,2.0,2.0,2.0,1.0,4.0,68.0,,1.0,1.0,150.0,122.0,78.0,2.0,134.0,78.0,2.0,138.0,76.0,2.0,,,,136.0,77.0,2.0,,,,,2.0,,,,2.0,,,,,,,,,1.0,,,,2.0,2.0,0.0,2.0,2.0,2.0,2.0,2.0,2.0,1.0,2.0,,1.0,,,,,,,,,,46.0,,,2.0,,,,,,,,,,,,,,,,,,,,,,,,,,,,,,,,,,,1.0,15.0,2.0,1.0,2.0,2.0,2.0,2.0,,,,,,,,,,,2.0,,,,,,,,,,,,,,,,,,,,,,,,,,,,,,,,,,,,,,,,,,,,2.0,,,,,,1.0,70.0,,223.0,47.0,5.77,1.22,48.16,135.0,128.0,3.0
24185.0,3.0,2.0,2.0,1.0,21.0,260.0,260.0,4.0,2.0,2.0,1.0,1.0,,,4.0,3.0,,5.0,2.0,3.0,3.0,0.99,,1.0,21.0,1.0,4.0,5.0,,1.0,2.0,2.0,1.0,2.0,2.0,1.0,2.0,2.0,1.0,23090.402645,25007.935339,1.0,30.0,1.0,557.0,,,1.0,2.0,2.0,2.0,1.0,3.0,60.0,,1.0,1.0,140.0,108.0,60.0,2.0,108.0,56.0,2.0,108.0,50.0,2.0,,,,108.0,53.0,2.0,,,,,2.0,,,,2.0,,,,,,,,,2.0,,,,2.0,2.0,0.0,2.0,2.0,2.0,2.0,2.0,2.0,2.0,2.0,,,,,,,,,,,,,,,2.0,,,,,,,,,,,,,,,,,,,,,,,,,,,,,,,,,,,1.0,0.0,2.0,2.0,2.0,9.0,2.0,1.0,,,,,,,,,,,,,,,,,,,,,,,,,,,,,,,,,,,,,,,,,,,,,,,,,,,,,,9.0,2.0,,,,,,2.0,,,165.0,73.0,4.27,1.89,49.4,166.0,155.0,3.0
24195.0,3.0,2.0,2.0,2.0,46.0,554.0,556.0,3.0,1.0,2.0,1.0,1.0,,,3.0,2.0,,1.0,5.0,11.0,11.0,4.18,2.0,1.0,49.0,,,1.0,3.0,1.0,2.0,2.0,1.0,2.0,2.0,1.0,2.0,2.0,1.0,85153.383757,89305.627958,1.0,42.0,1.0,569.0,,,2.0,2.0,2.0,2.0,1.0,4.0,74.0,,1.0,1.0,150.0,,,2.0,124.0,80.0,2.0,122.0,84.0,2.0,122.0,86.0,2.0,122.0,85.0,1.0,27.0,1.0,2.0,,2.0,,,,2.0,,,,,,,,,2.0,,,,2.0,2.0,0.0,2.0,2.0,2.0,2.0,2.0,2.0,2.0,2.0,,,,,,,,,,,,,,,2.0,,,,,,,,,,,,,,,,,,,,,,,,,,,,,,,,,,,1.0,1.0,2.0,2.0,2.0,2.0,1.0,2.0,,,,,,,,,,,,,,,,,,,,,,,,,,,,,,,,,,,,,,2.0,,,,,,,,,,,,,,,,,2.0,,,,,,9.0,,,261.0,52.0,6.75,1.34,23.25,133.0,126.0,1.0
24197.0,3.0,2.0,2.0,1.0,37.0,455.0,456.0,3.0,1.0,2.0,1.0,1.0,,,3.0,2.0,,1.0,5.0,9.0,9.0,2.79,,2.0,39.0,1.0,4.0,1.0,3.0,1.0,2.0,2.0,1.0,2.0,2.0,1.0,2.0,2.0,1.0,74522.946063,80518.12758,1.0,30.0,1.0,647.0,,,2.0,2.0,2.0,2.0,1.0,4.0,86.0,,1.0,1.0,160.0,128.0,92.0,2.0,,,2.0,130.0,90.0,2.0,130.0,94.0,2.0,130.0,92.0,2.0,,,,,2.0,,,,2.0,,,,,,,,,2.0,,,,1.0,2.0,0.0,2.0,2.0,2.0,2.0,2.0,2.0,2.0,2.0,,,,35.0,,,,,,,,,,9.0,2.0,,,,,,,,,,,,,,,,,,,,,,,,,,,,,,,,,,,1.0,0.0,2.0,2.0,2.0,2.0,2.0,2.0,,,,,,,,,,,,,,,,,,,,,,,,,,,,,,,,,,,,,,,,,,,,,,,,,,,,,,,2.0,,,,,,2.0,,,185.0,40.0,4.78,1.03,43.1,132.0,,3.0
24198.0,3.0,2.0,2.0,1.0,21.0,254.0,255.0,3.0,1.0,2.0,1.0,1.0,,,3.0,2.0,,5.0,4.0,,,,,2.0,46.0,1.0,3.0,2.0,,1.0,2.0,2.0,,,,1.0,2.0,2.0,1.0,61559.503246,62902.523023,2.0,30.0,1.0,607.0,,,2.0,2.0,2.0,2.0,1.0,3.0,64.0,,1.0,1.0,130.0,96.0,66.0,2.0,94.0,70.0,2.0,100.0,68.0,2.0,,,,97.0,69.0,2.0,,,,,2.0,,,,2.0,,,,,,,,,1.0,,,,2.0,2.0,0.0,2.0,2.0,2.0,2.0,2.0,2.0,2.0,2.0,,,,,,,,,,,,,,,2.0,,,,,,,,,,,,,,,,,,,,,,,,,,,,,,,,,,,1.0,0.0,2.0,2.0,2.0,2.0,2.0,2.0,,,,,,,,,,,,,,,,,,,,,,,,,,,,,,,,,,,,,,,,,,,,,,,,,,,,,,,9.0,,,,,,2.0,,,196.0,78.0,5.07,2.02,43.4,174.0,167.0,2.0
24204.0,3.0,2.0,2.0,2.0,39.0,475.0,477.0,3.0,1.0,2.0,1.0,1.0,,,4.0,3.0,,1.0,5.0,11.0,11.0,5.0,2.0,2.0,39.0,1.0,4.0,1.0,,1.0,2.0,2.0,1.0,2.0,2.0,1.0,2.0,2.0,1.0,82275.985846,85621.334312,1.0,29.0,1.0,578.0,,,2.0,2.0,2.0,2.0,1.0,3.0,60.0,,1.0,1.0,120.0,94.0,58.0,2.0,96.0,64.0,2.0,92.0,58.0,2.0,,,,94.0,61.0,2.0,,,,,2.0,,,,2.0,,,,,,,,,2.0,,,,2.0,2.0,0.0,2.0,2.0,2.0,2.0,2.0,2.0,2.0,1.0,,,1.0,,,,,,,,,,29.0,,2.0,,,,,,,,,,,,,,,,,,,,,,,,,,,,,,,,,,,1.0,0.0,2.0,2.0,2.0,2.0,2.0,2.0,,,,,,,,,,,,,,,,,,,,,,,,,,,,,,,,,,,,,,,,,,,,,,,,,,,,,,,2.0,,,,,,2.0,,,165.0,75.0,4.27,1.94,34.76,152.0,141.0,3.0
24210.0,3.0,2.0,1.0,2.0,27.0,326.0,326.0,1.0,3.0,2.0,2.0,2.0,3.0,,2.0,1.0,,1.0,5.0,7.0,7.0,1.98,2.0,1.0,26.0,1.0,1.0,1.0,2.0,2.0,2.0,2.0,2.0,2.0,2.0,2.0,2.0,2.0,2.0,34838.022038,35571.62905,2.0,38.0,1.0,701.0,,,2.0,2.0,2.0,2.0,1.0,4.0,70.0,,1.0,1.0,130.0,102.0,70.0,2.0,100.0,76.0,2.0,102.0,80.0,2.0,,,,101.0,78.0,2.0,,,,,2.0,,,,2.0,,,,,,,,,2.0,,,,2.0,2.0,0.0,2.0,2.0,2.0,2.0,2.0,2.0,2.0,2.0,,,,,,,,,,,,,,,2.0,,,,,,,,,,,,,,,,,,,,,,,,,,,,,,,,,,,1.0,0.0,2.0,2.0,2.0,2.0,2.0,2.0,,,,,,,,,,,,,,,,,,,,,,,,,,,,,,,,,,,,,,,,,,,,,,,,,,,,,,,2.0,,,,,,2.0,,,233.0,47.0,6.03,1.22,38.9,132.0,120.0,3.0
24222.0,3.0,2.0,1.0,2.0,43.0,525.0,525.0,1.0,3.0,1.0,1.0,1.0,,,5.0,3.0,,3.0,2.0,11.0,11.0,5.0,2.0,1.0,26.0,,,3.0,,1.0,2.0,2.0,1.0,2.0,2.0,1.0,2.0,2.0,1.0,19499.680017,19747.247779,1.0,38.0,1.0,604.0,,,2.0,2.0,2.0,2.0,1.0,5.0,70.0,,1.0,1.0,150.0,126.0,84.0,2.0,,,2.0,126.0,84.0,2.0,,,2.0,126.0,84.0,1.0,7.0,2.0,,,2.0,,,,2.0,,,,,,,,,2.0,,,,2.0,2.0,0.0,2.0,2.0,2.0,2.0,1.0,2.0,2.0,2.0,,,,,,,,,,,,,,,1.0,15.0,,,,,,,,,19.0,,,,,,,,,,,,,,,,,,,,,,,,,1.0,5.0,1.0,2.0,2.0,2.0,1.0,2.0,1.0,,3.0,,,,,,,,,,,,,,,,,,,,,,,,,,,,,,,,,,,,,,,,,8.0,,,,,,,,,,,2.0,,,,,,2.0,,,186.0,45.0,4.81,1.16,29.33,118.0,,2.0
24227.0,3.0,2.0,2.0,1.0,31.0,382.0,383.0,3.0,1.0,2.0,1.0,1.0,,,5.0,3.0,,1.0,2.0,11.0,11.0,5.0,,1.0,31.0,1.0,5.0,1.0,5.0,1.0,2.0,2.0,1.0,2.0,2.0,1.0,2.0,2.0,1.0,89677.848453,99243.491856,1.0,32.0,1.0,639.0,,,2.0,2.0,2.0,2.0,1.0,5.0,68.0,,1.0,1.0,160.0,,,2.0,130.0,102.0,2.0,,,2.0,132.0,98.0,1.0,132.0,98.0,2.0,,,,,2.0,,,,2.0,,,,,,,,,2.0,,,,2.0,2.0,0.0,2.0,2.0,2.0,2.0,1.0,2.0,2.0,2.0,,,,,,,,,,,,,,,2.0,,,,,,,,,,,,,,,,,,,,,,,,,,,,,,,,,,,1.0,0.0,2.0,2.0,2.0,2.0,2.0,1.0,,,,,,,,,,,,,,,,,,,,,,,,,,,,,,,,,,,,,,,,,,,,,,,,,4.0,,,,,,2.0,,,,,,2.0,,,287.0,62.0,7.42,1.6,48.6,123.0,108.0,3.0
24229.0,3.0,2.0,1.0,1.0,34.0,415.0,415.0,1.0,3.0,2.0,2.0,2.0,2.0,,2.0,1.0,,1.0,7.0,8.0,8.0,3.15,,1.0,34.0,2.0,2.0,1.0,2.0,2.0,2.0,2.0,2.0,2.0,2.0,2.0,2.0,2.0,2.0,30185.930846,34149.446693,1.0,39.0,1.0,579.0,,,2.0,2.0,2.0,2.0,1.0,4.0,70.0,,1.0,1.0,150.0,,,2.0,112.0,70.0,2.0,,,2.0,112.0,68.0,2.0,112.0,68.0,2.0,,,,,2.0,,,,2.0,,,,,,,,,2.0,,,,2.0,2.0,0.0,2.0,2.0,2.0,2.0,2.0,2.0,2.0,2.0,,,,,,,,,,,,,,,2.0,,,,,,,,,,,,,,,,,,,,,,,,,,,,,,,,,,,1.0,1.0,1.0,2.0,1.0,2.0,2.0,2.0,,2.0,,4.0,,6.0,,,,,,,,,,,,,,,,,,,,8.0,,,,,,,,,,,,,,,,,,,,,,,,,,,,,2.0,,,,,,2.0,,,207.0,50.0,5.35,1.29,47.4,137.0,128.0,3.0
24244.0,3.0,2.0,2.0,1.0,31.0,376.0,376.0,5.0,4.0,2.0,3.0,2.0,2.0,,1.0,1.0,,5.0,4.0,6.0,6.0,2.78,,1.0,31.0,3.0,1.0,5.0,,1.0,2.0,2.0,1.0,2.0,2.0,1.0,2.0,2.0,1.0,39178.724741,43287.130028,1.0,30.0,1.0,610.0,,,2.0,2.0,2.0,2.0,1.0,4.0,70.0,,1.0,1.0,160.0,126.0,48.0,2.0,120.0,50.0,2.0,118.0,50.0,2.0,,,,119.0,50.0,2.0,,,,,2.0,,,,2.0,,,,,,,,,2.0,,,,2.0,2.0,0.0,2.0,2.0,2.0,2.0,2.0,2.0,2.0,2.0,,,,,,,,,,,,,,,2.0,,,,,,,,,,,,,,,,,,,,,,,,,,,,,,,,,,,1.0,0.0,2.0,2.0,2.0,2.0,2.0,2.0,,,,,,,,,,,,,,,,,,,,,,,,,,,,,,,,,,,,,,,,,,,,,,,,,,,,,,,2.0,,,,,,2.0,,,254.0,40.0,6.57,1.03,33.58,157.0,149.0,1.0
24257.0,3.0,2.0,2.0,1.0,22.0,267.0,268.0,3.0,1.0,2.0,1.0,1.0,,,4.0,3.0,,5.0,1.0,7.0,7.0,4.3,,1.0,22.0,1.0,4.0,5.0,,1.0,2.0,2.0,1.0,2.0,2.0,1.0,2.0,2.0,1.0,75700.271552,80529.024834,2.0,37.0,1.0,615.0,,,1.0,2.0,2.0,2.0,1.0,5.0,64.0,,1.0,1.0,150.0,106.0,58.0,2.0,108.0,50.0,2.0,104.0,54.0,2.0,,,,106.0,52.0,2.0,,,,,2.0,,,,2.0,,,,,,,,,2.0,,,,2.0,2.0,0.0,2.0,2.0,2.0,2.0,1.0,2.0,2.0,2.0,,,,,,,,,,,,,,,2.0,,,,,,,,,,,,,,,,,,,,,,,,,,,,,,,,,,,1.0,2.0,2.0,2.0,2.0,2.0,2.0,2.0,,,,,,,,,,,,,,,,,,,,,,,,,,,,,,,,,,,,,,,,,,,,,,,,,,,,,,,2.0,,,,,,2.0,,,116.0,56.0,3.0,1.45,59.24,143.0,129.0,3.0
24265.0,3.0,2.0,2.0,1.0,39.0,478.0,479.0,3.0,1.0,1.0,1.0,1.0,,,4.0,3.0,,1.0,3.0,4.0,4.0,0.98,,2.0,36.0,1.0,3.0,1.0,4.0,1.0,2.0,2.0,1.0,2.0,2.0,1.0,2.0,2.0,1.0,54932.391819,58393.340618,1.0,31.0,1.0,558.0,,,2.0,2.0,2.0,1.0,1.0,4.0,86.0,,1.0,1.0,160.0,124.0,82.0,2.0,128.0,80.0,2.0,128.0,76.0,2.0,,,,128.0,78.0,2.0,,,,,2.0,,,,1.0,1.0,,,,,,,,1.0,,,,2.0,2.0,0.0,2.0,2.0,2.0,2.0,1.0,2.0,2.0,2.0,,,,,,,,,,,,,,,2.0,,,,,,,,,,,,,,,,,,,,,,,,,,,,,,,,,,,1.0,1.0,1.0,2.0,2.0,2.0,1.0,1.0,1.0,,,,,,,,,,,,,,,,,,,,,,,,,,,,,,,,,,,,,,,,,,,8.0,,,,,,,,,8.0,,2.0,,,,,,2.0,,,221.0,36.0,5.72,0.93,38.5,134.0,130.0,2.0
24270.0,3.0,2.0,2.0,2.0,25.0,302.0,303.0,1.0,3.0,2.0,2.0,2.0,3.0,,2.0,1.0,,1.0,4.0,3.0,3.0,0.78,2.0,1.0,32.0,2.0,2.0,1.0,2.0,2.0,2.0,2.0,2.0,2.0,2.0,2.0,2.0,2.0,2.0,29457.78679,29537.594298,1.0,33.0,1.0,693.0,,,2.0,2.0,2.0,2.0,1.0,4.0,76.0,,1.0,1.0,130.0,104.0,70.0,2.0,104.0,62.0,2.0,104.0,60.0,2.0,,,,104.0,61.0,2.0,,,,,2.0,,,,2.0,,,,,,,,,2.0,,,,2.0,2.0,0.0,2.0,2.0,2.0,2.0,2.0,2.0,2.0,2.0,,,,,,,,,,,,,,,2.0,,,,,,,,,,,,,,,,,,,,,,,,,,,,,,,,,,,1.0,0.0,2.0,2.0,2.0,2.0,2.0,2.0,,,,,,,,,,,,,,,,,,,,,,,,,,,,,,,,,,,,,,,,,,,,,,,,,,,,,,,2.0,,,,,,2.0,,,157.0,44.0,4.06,1.14,54.68,127.0,118.0,3.0
24282.0,3.0,2.0,1.0,2.0,36.0,433.0,434.0,3.0,1.0,2.0,1.0,1.0,,,4.0,3.0,,5.0,3.0,7.0,6.0,2.0,2.0,2.0,36.0,1.0,4.0,5.0,,1.0,2.0,2.0,1.0,2.0,2.0,1.0,2.0,2.0,1.0,79904.13939,84517.572421,2.0,39.0,1.0,779.0,,,2.0,2.0,2.0,2.0,1.0,4.0,88.0,,1.0,1.0,130.0,108.0,68.0,2.0,96.0,70.0,2.0,98.0,68.0,2.0,,,,97.0,69.0,2.0,,,,,2.0,,,,2.0,,,,,,,,,2.0,,,,2.0,2.0,0.0,2.0,2.0,2.0,2.0,1.0,2.0,2.0,2.0,,,,,,,,,,,,,,,2.0,,,,,,,,,,,,,,,,,,,,,,,,,,,,,,,,,,,1.0,2.0,2.0,2.0,2.0,2.0,2.0,2.0,,,,,,,,,,,,,,,,,,,,,,,,,,,,,,,,,,,,,,,,,,,,,,,,,,,,,,,2.0,,,,,,2.0,,,,,,,25.23,144.0,132.0,1.0
24290.0,3.0,2.0,1.0,2.0,40.0,480.0,481.0,1.0,3.0,2.0,2.0,2.0,6.0,,1.0,1.0,,1.0,5.0,6.0,6.0,1.58,2.0,1.0,40.0,2.0,1.0,1.0,1.0,2.0,2.0,2.0,2.0,2.0,2.0,2.0,2.0,2.0,2.0,19315.956297,19489.988601,1.0,43.0,1.0,605.0,,,2.0,2.0,2.0,2.0,1.0,3.0,70.0,,1.0,1.0,150.0,126.0,68.0,2.0,128.0,66.0,2.0,,,2.0,,,2.0,128.0,66.0,2.0,,,,,2.0,,,,2.0,,,,,,,,,2.0,,,,2.0,2.0,0.0,2.0,2.0,2.0,2.0,2.0,2.0,2.0,2.0,,,,,,,,,,,,,,,2.0,,,,,,,,,,,,,,,,,,,,,,,,,,,,,,,,,,,1.0,6.0,2.0,2.0,2.0,1.0,2.0,1.0,,,,,,,,,,,,,,,,,,,,,,,,,,,,1.0,,,,,,,,,,,,,,,,,,,2.0,,,,,,,,2.0,,,,,,2.0,,,233.0,60.0,6.03,1.55,28.6,140.0,128.0,2.0
24291.0,3.0,2.0,2.0,2.0,49.0,599.0,599.0,5.0,4.0,2.0,1.0,1.0,,,3.0,2.0,,1.0,2.0,5.0,5.0,1.92,2.0,1.0,62.0,1.0,3.0,1.0,3.0,1.0,2.0,2.0,1.0,2.0,2.0,1.0,2.0,2.0,1.0,111730.146992,120021.898724,2.0,37.0,1.0,554.0,,,2.0,2.0,2.0,2.0,1.0,4.0,76.0,,1.0,1.0,150.0,124.0,80.0,2.0,114.0,82.0,2.0,120.0,80.0,2.0,,,,117.0,81.0,2.0,,,,,2.0,,,,2.0,,,,,,,,,2.0,,,,2.0,2.0,0.0,2.0,2.0,2.0,2.0,1.0,2.0,2.0,2.0,,,,,,,,,,,,,,,2.0,,,,,,,,,,,,,,,,,,,,,,,,,,,,,,,,,,,1.0,2.0,1.0,2.0,1.0,2.0,1.0,2.0,,2.0,,,,,,,,,,,,,,,,,1.0,,,,,,,,,,,,,,,,,,1.0,,,,,,,,,,,,,,,,,,2.0,,,,,,9.0,,,241.0,100.0,6.23,2.59,20.85,156.0,127.0,1.0
24292.0,3.0,2.0,2.0,1.0,23.0,276.0,276.0,3.0,1.0,2.0,1.0,1.0,,,3.0,2.0,,5.0,3.0,11.0,11.0,5.0,,1.0,45.0,1.0,2.0,1.0,3.0,1.0,2.0,2.0,1.0,2.0,2.0,1.0,2.0,2.0,1.0,73404.22245,75005.653867,1.0,29.0,1.0,621.0,,,2.0,2.0,2.0,2.0,1.0,4.0,60.0,,1.0,1.0,120.0,92.0,52.0,2.0,92.0,64.0,2.0,96.0,54.0,2.0,,,,94.0,59.0,1.0,5.0,2.0,,,2.0,,,,2.0,,,,,,,,,2.0,,,,2.0,2.0,0.0,2.0,2.0,2.0,2.0,2.0,2.0,2.0,2.0,,,,,,,,,,,,,,,2.0,,,,,,,,,,,,,,,,,,,,,,,,,,,,,,,,,,,1.0,0.0,2.0,2.0,2.0,2.0,2.0,2.0,,,,,,,,,,,,,,,,,,,,,,,,,,,,,,,,,,,,,,,,,,,,,,,,,,,,,,,2.0,,,,,,2.0,,,140.0,45.0,3.62,1.16,43.33,167.0,153.0,2.0
24305.0,3.0,2.0,2.0,2.0,34.0,419.0,420.0,3.0,1.0,2.0,1.0,1.0,,,3.0,2.0,,3.0,2.0,7.0,7.0,2.96,2.0,2.0,34.0,1.0,3.0,3.0,,1.0,2.0,2.0,1.0,2.0,2.0,1.0,2.0,2.0,1.0,79904.13939,86568.565083,2.0,39.0,1.0,557.0,,,1.0,2.0,2.0,2.0,1.0,3.0,82.0,,1.0,1.0,130.0,98.0,70.0,2.0,,,2.0,94.0,62.0,2.0,94.0,74.0,2.0,94.0,68.0,2.0,,,,,2.0,,,,2.0,,,,,,,,,2.0,,,,2.0,2.0,0.0,2.0,2.0,2.0,2.0,2.0,2.0,2.0,2.0,,,,,,,,,,,,,,,2.0,,,,,,,,,,,,,,,,,,,,,,,,,,,,,,,,,,,1.0,2.0,1.0,2.0,2.0,2.0,1.0,2.0,1.0,,3.0,4.0,,,,,9.0,,,,,,,,,,,,,,,,,,,,,,,,,,,,1.0,,,,,,,,,,,,,,,,,,2.0,,,,,,2.0,,,238.0,74.0,6.15,1.91,36.92,171.0,163.0,3.0
24329.0,3.0,2.0,1.0,1.0,43.0,521.0,521.0,3.0,1.0,2.0,1.0,1.0,,,5.0,3.0,,6.0,2.0,11.0,11.0,5.0,,1.0,42.0,1.0,4.0,6.0,,1.0,2.0,2.0,1.0,2.0,2.0,1.0,2.0,2.0,1.0,95322.660492,102420.718141,1.0,36.0,1.0,646.0,,,2.0,2.0,2.0,2.0,1.0,4.0,72.0,,1.0,1.0,140.0,116.0,88.0,2.0,112.0,86.0,2.0,110.0,92.0,2.0,,,,111.0,89.0,2.0,,,,,2.0,,,,2.0,,,,,,,,,1.0,,,,2.0,2.0,0.0,2.0,2.0,2.0,2.0,2.0,2.0,2.0,2.0,,,,,,,,,,,,,,,1.0,32.0,,,,,,,,,,,,,,,,,,,,,,,,,,42.0,,,,,,,,1.0,2.0,2.0,1.0,2.0,1.0,1.0,2.0,,,,,,,,,,,,,,5.0,,,,,,,,,,,,,,,,,,5.0,,,,,1.0,,,,,,,,,,,,,,,,,,2.0,,,,,,2.0,,,220.0,43.0,5.69,1.11,32.6,155.0,143.0,1.0
24350.0,3.0,2.0,2.0,2.0,39.0,470.0,471.0,3.0,1.0,2.0,1.0,1.0,,,4.0,3.0,,5.0,5.0,11.0,11.0,3.48,2.0,1.0,50.0,,,1.0,2.0,1.0,2.0,2.0,1.0,2.0,2.0,,,,,72645.671949,78576.435999,1.0,30.0,1.0,567.0,,,2.0,2.0,2.0,2.0,1.0,4.0,88.0,,1.0,1.0,160.0,126.0,80.0,2.0,124.0,70.0,2.0,124.0,82.0,2.0,,,,124.0,76.0,2.0,,,,,2.0,,,,2.0,,,,,,,,,2.0,,,,2.0,2.0,0.0,2.0,2.0,2.0,2.0,1.0,2.0,2.0,2.0,,,,,,,,,,,,,,,2.0,,,,,,,,,,,,,,,,,,,,,,,,,,,,,,,,,,,1.0,8.0,2.0,2.0,2.0,2.0,1.0,2.0,,,,,,,,,,,,,,,,,,,,,,,,,,,,,,,,,,,,,1.0,2.0,,4.0,,,,,,,,,,,,,,,2.0,,,,,,2.0,,,265.0,37.0,6.85,0.96,30.22,127.0,120.0,2.0
24359.0,3.0,2.0,1.0,2.0,45.0,542.0,544.0,3.0,1.0,2.0,1.0,1.0,,,5.0,3.0,,1.0,4.0,11.0,11.0,5.0,2.0,1.0,52.0,1.0,5.0,1.0,5.0,1.0,2.0,2.0,1.0,2.0,2.0,1.0,2.0,2.0,1.0,103728.503985,108786.507087,1.0,40.0,1.0,646.0,,,2.0,2.0,2.0,2.0,1.0,3.0,62.0,,1.0,1.0,140.0,118.0,66.0,2.0,110.0,70.0,2.0,112.0,64.0,2.0,,,,111.0,67.0,2.0,,,,,2.0,,,,2.0,,,,,,,,,2.0,,,,2.0,2.0,0.0,2.0,2.0,2.0,2.0,1.0,2.0,2.0,2.0,,,,,,,,,,,,,,,2.0,,,,,,,,,,,,,,,,,,,,,,,,,,,,,,,,,,,1.0,0.0,1.0,2.0,2.0,2.0,2.0,2.0,,2.0,,,,,,,,,,,,,,,,,,,,,,,,,,,,,,,,,,,,,,,,,,,,,,,,,,,,,2.0,,,,,,2.0,,,185.0,58.0,4.78,1.5,45.94,113.0,105.0,3.0
24373.0,3.0,2.0,1.0,1.0,22.0,267.0,268.0,1.0,3.0,2.0,1.0,1.0,,,3.0,2.0,,4.0,4.0,9.0,7.0,4.3,,2.0,24.0,1.0,3.0,6.0,,1.0,2.0,2.0,1.0,2.0,2.0,1.0,2.0,2.0,1.0,26176.488723,26203.735625,2.0,40.0,1.0,927.0,,,1.0,2.0,2.0,2.0,1.0,4.0,66.0,,1.0,1.0,130.0,108.0,86.0,2.0,120.0,82.0,2.0,104.0,80.0,2.0,,,,112.0,81.0,2.0,,,,,2.0,,,,2.0,,,,,,,,,2.0,,,,2.0,2.0,0.0,2.0,2.0,2.0,2.0,2.0,2.0,2.0,2.0,,,,,,,,,,,,,,,2.0,,,,,,,,,,,,,,,,,,,,,,,,,,,,,,,,,,,1.0,55.0,2.0,2.0,1.0,2.0,2.0,2.0,,,,,,,,,,,,,,,,,,,,,,,,,,8.0,,,,,,,,,,,,,,,,,,,,,,,,,,,,,2.0,,,,,,2.0,,,193.0,43.0,4.99,1.11,32.88,174.0,164.0,1.0
24378.0,3.0,2.0,1.0,2.0,31.0,382.0,382.0,5.0,4.0,2.0,3.0,1.0,5.0,,5.0,3.0,,1.0,2.0,11.0,11.0,5.0,2.0,1.0,25.0,3.0,4.0,1.0,5.0,1.0,2.0,2.0,1.0,2.0,2.0,1.0,2.0,2.0,1.0,73696.328891,79842.990522,1.0,35.0,1.0,839.0,,,2.0,2.0,2.0,2.0,1.0,3.0,68.0,,1.0,1.0,140.0,114.0,82.0,2.0,,,2.0,110.0,82.0,2.0,108.0,86.0,2.0,109.0,84.0,2.0,,,,,2.0,,,,2.0,,,,,,,,,2.0,,,,2.0,2.0,0.0,2.0,2.0,2.0,2.0,2.0,2.0,2.0,2.0,,,,,,,,,,,,,,,2.0,,,,,,,,,,,,,,,,,,,,,,,,,,,,,,,,,,,1.0,5.0,1.0,1.0,2.0,2.0,1.0,2.0,1.0,,3.0,,,,,,,,,,,5.0,,,,,,,,,,,,,,,,,,,,,,,,,,4.0,,,,,,,,,,,,,,,2.0,,,,,,2.0,,,277.0,35.0,7.16,0.91,29.14,152.0,148.0,2.0
24389.0,3.0,2.0,2.0,1.0,30.0,366.0,367.0,4.0,2.0,1.0,1.0,1.0,,,4.0,3.0,,5.0,1.0,8.0,8.0,5.0,,1.0,30.0,1.0,4.0,5.0,,1.0,2.0,2.0,1.0,2.0,2.0,1.0,2.0,2.0,1.0,44821.390772,46605.079078,1.0,42.0,1.0,614.0,,,2.0,2.0,2.0,2.0,1.0,4.0,74.0,,1.0,1.0,170.0,142.0,84.0,2.0,,,2.0,,,2.0,138.0,80.0,2.0,138.0,80.0,2.0,,,,,2.0,,,,1.0,2.0,,,,,,,,2.0,,,,2.0,2.0,0.0,2.0,2.0,2.0,2.0,2.0,2.0,2.0,2.0,,,,,,,,,,,,,,,2.0,,,,,,,,,,,,,,,,,,,,,,,,,,,,,,,,,,,1.0,0.0,2.0,2.0,2.0,2.0,2.0,2.0,,,,,,,,,,,,,,,,,,,,,,,,,,,,,,,,,,,,,,,,,,,,,,,,,,,,,,,2.0,,,,,,2.0,,,224.0,44.0,5.79,1.14,43.57,144.0,139.0,3.0
24392.0,3.0,2.0,2.0,2.0,25.0,301.0,302.0,3.0,1.0,2.0,3.0,2.0,3.0,,5.0,3.0,,5.0,5.0,11.0,3.0,1.5,2.0,1.0,29.0,3.0,5.0,5.0,,1.0,2.0,2.0,1.0,2.0,2.0,1.0,2.0,2.0,1.0,59465.53132,62246.912464,2.0,29.0,1.0,630.0,,,1.0,2.0,2.0,2.0,1.0,3.0,80.0,,1.0,1.0,130.0,108.0,68.0,2.0,,,2.0,,,2.0,110.0,62.0,1.0,110.0,62.0,2.0,,,,,2.0,,,,1.0,3.0,,,,,,,,1.0,,,,2.0,2.0,0.0,2.0,2.0,2.0,2.0,2.0,2.0,2.0,2.0,,,,,,,,,,,,,,,2.0,,,,,,,,,,,,,,,,,,,,,,,,,,,,,,,,,,,1.0,5.0,2.0,2.0,1.0,1.0,1.0,2.0,,,,,,,,,,,,,,,,,,,,,3.0,,,,,,,,,3.0,,,,,,,,,,,5.0,,,,,,,,,,,,,,2.0,,,,,,2.0,,,178.0,69.0,4.6,1.78,27.92,179.0,163.0,1.0
24425.0,3.0,2.0,2.0,2.0,39.0,479.0,480.0,4.0,2.0,2.0,1.0,1.0,,,2.0,1.0,,5.0,7.0,2.0,2.0,0.29,2.0,2.0,39.0,1.0,2.0,5.0,,1.0,2.0,2.0,1.0,2.0,2.0,1.0,2.0,2.0,1.0,32534.784677,34926.093022,2.0,41.0,1.0,692.0,,,1.0,2.0,2.0,2.0,1.0,5.0,90.0,,1.0,1.0,130.0,118.0,68.0,2.0,112.0,66.0,2.0,108.0,64.0,2.0,,,,110.0,65.0,1.0,9.0,1.0,1.0,1.0,1.0,,,,2.0,,,,,,,,,2.0,,,,2.0,2.0,0.0,2.0,2.0,2.0,2.0,1.0,2.0,2.0,2.0,,,,,,,,,,,,,,,2.0,,,,,,,,,,,,,,,,,,,,,,,,,,,,,,,,,,,1.0,0.0,2.0,2.0,1.0,2.0,1.0,2.0,,,,,,,,,,,,,,,,,,,,,3.0,,,,,,,,,,,,,,,,,,3.0,,,,,,,,,,,,,,,,2.0,,,,,,2.0,,,264.0,74.0,6.83,1.91,29.09,142.0,138.0,2.0
24430.0,3.0,2.0,1.0,2.0,39.0,478.0,479.0,2.0,5.0,2.0,3.0,2.0,4.0,,1.0,1.0,,1.0,3.0,3.0,3.0,0.85,2.0,2.0,39.0,3.0,1.0,1.0,,2.0,2.0,2.0,2.0,2.0,2.0,,,,,50899.665453,55055.094096,2.0,43.0,1.0,587.0,,,2.0,2.0,2.0,2.0,1.0,4.0,86.0,,1.0,1.0,150.0,108.0,76.0,2.0,112.0,80.0,2.0,,,2.0,118.0,74.0,2.0,115.0,77.0,2.0,,,,,2.0,,,,2.0,,,,,,,,,2.0,,,,2.0,2.0,0.0,2.0,2.0,2.0,2.0,2.0,2.0,2.0,2.0,,,,,,,,,,,,,,,2.0,,,,,,,,,,,,,,,,,,,,,,,,,,,,,,,,,,,1.0,0.0,2.0,2.0,2.0,2.0,2.0,2.0,,,,,,,,,,,,,,,,,,,,,,,,,,,,,,,,,,,,,,,,,,,,,,,,,,,,,,,2.0,,,,,,9.0,,,217.0,63.0,5.61,1.63,42.74,130.0,127.0,3.0
24441.0,3.0,2.0,1.0,1.0,35.0,428.0,429.0,3.0,1.0,2.0,1.0,1.0,,,5.0,3.0,,1.0,3.0,11.0,11.0,5.0,,2.0,36.0,1.0,5.0,1.0,5.0,1.0,2.0,2.0,1.0,2.0,2.0,1.0,2.0,2.0,1.0,79696.009842,86107.351186,2.0,35.0,1.0,583.0,,,2.0,2.0,2.0,2.0,1.0,4.0,76.0,,1.0,1.0,150.0,118.0,80.0,2.0,122.0,84.0,2.0,124.0,84.0,2.0,,,,123.0,84.0,1.0,32.0,1.0,1.0,1.0,2.0,,,,2.0,,,,,,,,,2.0,,,,2.0,2.0,0.0,2.0,2.0,2.0,2.0,1.0,2.0,2.0,2.0,,,,,,,,,,,,,,,2.0,,,,,,,,,,,,,,,,,,,,,,,,,,,,,,,,,,,1.0,5.0,2.0,2.0,2.0,2.0,1.0,2.0,,,,,,,,,,,,,,,,,,,,,,,,,,,,,,,,,,,,,,,,,,,7.0,,,,,,,,,,,,2.0,,,,,,2.0,,,221.0,62.0,5.72,1.6,39.61,132.0,128.0,2.0
24444.0,3.0,2.0,2.0,1.0,35.0,430.0,430.0,1.0,3.0,2.0,2.0,2.0,3.0,,3.0,2.0,,1.0,6.0,5.0,5.0,1.6,,1.0,30.0,2.0,3.0,4.0,,2.0,2.0,2.0,2.0,2.0,2.0,2.0,2.0,2.0,2.0,28950.133261,30813.206701,2.0,41.0,1.0,702.0,,,2.0,2.0,2.0,2.0,1.0,4.0,58.0,,1.0,1.0,160.0,126.0,70.0,2.0,128.0,70.0,2.0,122.0,66.0,2.0,,,,125.0,68.0,2.0,,,,,2.0,,,,2.0,,,,,,,,,2.0,,,,2.0,2.0,0.0,2.0,2.0,2.0,2.0,1.0,2.0,2.0,2.0,,,,,,,,,,,,,,,2.0,,,,,,,,,,,,,,,,,,,,,,,,,,,,,,,,,,,1.0,0.0,1.0,2.0,2.0,2.0,2.0,2.0,1.0,,,,,,,,,,,,,,,,,,,,,,,,,,,,,,,,,,,,,,,,,,,,,,,,,,,,,,2.0,,,,,,2.0,,,193.0,30.0,4.99,0.78,38.88,161.0,134.0,2.0
24445.0,3.0,2.0,1.0,2.0,29.0,355.0,356.0,3.0,1.0,2.0,1.0,1.0,,,5.0,3.0,,5.0,2.0,6.0,4.0,1.67,2.0,2.0,29.0,1.0,5.0,5.0,,1.0,2.0,2.0,1.0,2.0,2.0,1.0,2.0,2.0,1.0,72126.042184,77331.74623,1.0,36.0,1.0,679.0,,,2.0,2.0,2.0,2.0,1.0,3.0,98.0,,1.0,1.0,140.0,110.0,82.0,2.0,116.0,84.0,2.0,112.0,80.0,2.0,,,,114.0,82.0,1.0,4.0,2.0,,,2.0,,,,2.0,,,,,,,,,2.0,,,,2.0,2.0,0.0,2.0,2.0,2.0,2.0,2.0,1.0,2.0,2.0,2.0,,,,,,,,,,6.0,,,,2.0,,,,,,,,,,,,,,,,,,,,,,,,,,,,,,,,,,,1.0,2.0,2.0,2.0,2.0,2.0,2.0,2.0,,,,,,,,,,,,,,,,,,,,,,,,,,,,,,,,,,,,,,,,,,,,,,,,,,,,,,,9.0,,,,,,9.0,,,187.0,69.0,4.84,1.78,33.7,160.0,157.0,2.0
24460.0,3.0,2.0,1.0,2.0,46.0,561.0,562.0,3.0,1.0,2.0,1.0,1.0,,,3.0,2.0,,1.0,2.0,11.0,11.0,5.0,2.0,1.0,54.0,1.0,5.0,1.0,3.0,1.0,2.0,2.0,1.0,2.0,2.0,1.0,2.0,2.0,1.0,105218.028219,113026.500607,2.0,39.0,1.0,571.0,,,2.0,2.0,2.0,2.0,1.0,4.0,62.0,,1.0,1.0,150.0,108.0,70.0,2.0,112.0,72.0,2.0,106.0,68.0,2.0,,,,109.0,70.0,2.0,,,,,2.0,,,,2.0,,,,,,,,,2.0,,,,2.0,2.0,0.0,2.0,2.0,2.0,2.0,2.0,2.0,2.0,2.0,,,,,,,,,,,,,,,2.0,,,,,,,,,,,,,,,,,,,,,,,,,,,,,,,,,,,1.0,2.0,2.0,2.0,2.0,2.0,1.0,2.0,,,,,,,,,,,,,,,,,,,,,,,,,,,,,,,,,,,,,,2.0,,,,,,,,,,,,,,,,,2.0,,,,,,2.0,,,200.0,75.0,5.17,1.94,34.51,123.0,107.0,3.0
24466.0,3.0,2.0,2.0,1.0,32.0,393.0,394.0,4.0,2.0,2.0,1.0,1.0,,,3.0,2.0,,1.0,4.0,8.0,8.0,2.39,,2.0,31.0,1.0,4.0,1.0,3.0,1.0,2.0,2.0,1.0,2.0,2.0,1.0,2.0,2.0,1.0,27002.702715,28436.653837,2.0,33.0,1.0,653.0,,,2.0,2.0,2.0,2.0,1.0,5.0,66.0,,1.0,1.0,130.0,108.0,74.0,2.0,108.0,72.0,2.0,112.0,72.0,2.0,,,,110.0,72.0,2.0,,,,,2.0,,,,2.0,,,,,,,,,2.0,,,,2.0,2.0,0.0,2.0,2.0,2.0,2.0,2.0,2.0,2.0,2.0,,,,,,,,,,,,,,,2.0,,,,,,,,,,,,,,,,,,,,,,,,,,,,,,,,,,,1.0,0.0,2.0,2.0,2.0,2.0,2.0,2.0,,,,,,,,,,,,,,,,,,,,,,,,,,,,,,,,,,,,,,,,,,,,,,,,,,,,,,,2.0,,,,,,2.0,,,187.0,46.0,4.84,1.19,39.58,175.0,,2.0
24471.0,3.0,2.0,2.0,2.0,22.0,273.0,274.0,1.0,3.0,2.0,2.0,2.0,3.0,,2.0,1.0,,5.0,7.0,4.0,1.0,0.16,2.0,2.0,30.0,2.0,2.0,1.0,1.0,2.0,2.0,2.0,2.0,2.0,2.0,2.0,2.0,2.0,2.0,24690.597947,26417.054279,1.0,41.0,1.0,640.0,,,2.0,2.0,2.0,2.0,1.0,3.0,82.0,,1.0,1.0,130.0,102.0,62.0,2.0,94.0,58.0,2.0,92.0,62.0,2.0,,,,93.0,60.0,1.0,1.0,2.0,,,2.0,,,,2.0,,,,,,,,,2.0,,,,2.0,2.0,0.0,2.0,2.0,2.0,2.0,2.0,2.0,2.0,2.0,,,,,,,,,,,,,,,2.0,,,,,,,,,,,,,,,,,,,,,,,,,,,,,,,,,,,1.0,1.0,2.0,2.0,2.0,2.0,2.0,2.0,,,,,,,,,,,,,,,,,,,,,,,,,,,,,,,,,,,,,,,,,,,,,,,,,,,,,,,2.0,,,,,,2.0,,,140.0,63.0,3.62,1.63,34.96,158.0,155.0,2.0
24482.0,3.0,2.0,1.0,2.0,33.0,396.0,396.0,1.0,3.0,2.0,2.0,2.0,2.0,,3.0,2.0,,5.0,4.0,5.0,2.0,1.03,2.0,1.0,32.0,2.0,2.0,6.0,,2.0,2.0,2.0,2.0,2.0,2.0,2.0,2.0,2.0,2.0,23574.775193,24375.156333,2.0,40.0,1.0,679.0,,,2.0,2.0,2.0,2.0,1.0,4.0,66.0,,1.0,1.0,130.0,100.0,60.0,2.0,106.0,62.0,2.0,106.0,68.0,2.0,,,,106.0,65.0,2.0,,,,,2.0,,,,2.0,,,,,,,,,2.0,,,,2.0,2.0,0.0,2.0,2.0,2.0,2.0,1.0,2.0,2.0,1.0,,,9.0,,,,,,,,,,28.0,,2.0,,,,,,,,,,,,,,,,,,,,,,,,,,,,,,,,,,,1.0,0.0,1.0,2.0,2.0,2.0,2.0,2.0,,,,4.0,,,,,,,,,,,,,,,,,,,,,,,,,,,,,,,,,,,,,,,,,,,,,,,,,,,9.0,,,,,,2.0,,,201.0,37.0,5.2,0.96,47.67,107.0,103.0,3.0
24488.0,3.0,2.0,2.0,1.0,20.0,244.0,245.0,4.0,2.0,2.0,1.0,1.0,,,3.0,2.0,,1.0,4.0,6.0,1.0,0.31,,2.0,44.0,1.0,3.0,6.0,,1.0,2.0,2.0,1.0,2.0,2.0,1.0,2.0,2.0,1.0,25340.19972,27795.83342,1.0,36.0,1.0,862.0,,,2.0,2.0,2.0,2.0,1.0,5.0,58.0,,1.0,1.0,160.0,134.0,70.0,2.0,124.0,70.0,2.0,116.0,66.0,2.0,,,,120.0,68.0,2.0,,,,,2.0,,,,2.0,,,,,,,,,2.0,,,,2.0,2.0,0.0,2.0,2.0,2.0,2.0,2.0,2.0,2.0,2.0,,,,,,,,,,,,,,,2.0,,,,,,,,,,,,,,,,,,,,,,,,,,,,,,,,,,,1.0,0.0,1.0,9.0,2.0,2.0,9.0,2.0,,2.0,,,,6.0,,,,,,,,,,,,,,,,,,,,,,,,,,,,,,,,,,,,,,,,,,,,,,,,,2.0,,,,,,2.0,,,,,,,33.42,153.0,144.0,1.0
24489.0,3.0,2.0,1.0,2.0,41.0,499.0,500.0,1.0,3.0,2.0,2.0,2.0,6.0,,1.0,1.0,,1.0,7.0,,13.0,,2.0,1.0,46.0,2.0,2.0,1.0,1.0,2.0,2.0,2.0,1.0,2.0,2.0,2.0,2.0,2.0,2.0,16596.281342,17868.328728,1.0,40.0,1.0,590.0,,,2.0,2.0,2.0,2.0,1.0,4.0,64.0,,1.0,1.0,120.0,102.0,64.0,2.0,104.0,62.0,2.0,98.0,68.0,2.0,,,,101.0,65.0,2.0,,,,,2.0,,,,2.0,,,,,,,,,2.0,,,,1.0,2.0,0.0,2.0,2.0,2.0,2.0,1.0,2.0,2.0,2.0,,,,39.0,,,,,,,,,,9.0,1.0,13.0,,,,,,,38.0,,,,,,,,,,,,,,,,,,,,,,,,,,,2.0,,2.0,2.0,2.0,2.0,2.0,2.0,,,,,,,,,,,,,,,,,,,,,,,,,,,,,,,,,,,,,,,,,,,,,,,,,,,,,,,2.0,,,,,,2.0,,,210.0,67.0,5.43,1.73,23.31,138.0,,1.0
24492.0,3.0,2.0,2.0,1.0,44.0,533.0,535.0,3.0,1.0,2.0,1.0,1.0,,,5.0,3.0,,3.0,1.0,11.0,11.0,5.0,,1.0,44.0,1.0,5.0,3.0,,1.0,2.0,2.0,1.0,2.0,2.0,1.0,2.0,2.0,1.0,78590.374314,84442.487596,2.0,29.0,1.0,1176.0,,,1.0,2.0,2.0,2.0,1.0,5.0,76.0,,1.0,1.0,140.0,112.0,74.0,2.0,120.0,68.0,2.0,108.0,68.0,2.0,,,,114.0,68.0,2.0,,,,,2.0,,,,2.0,,,,,,,,,2.0,,,,2.0,2.0,0.0,2.0,2.0,2.0,2.0,1.0,2.0,2.0,2.0,,,,,,,,,,,,,,,2.0,,,,,,,,,,,,,,,,,,,,,,,,,,,,,,,,,,,1.0,0.0,1.0,2.0,2.0,1.0,1.0,2.0,1.0,,3.0,,,,,,,,,,,,,,,,,,,,,,,,,,,,,,,,,9.0,1.0,2.0,,,,,,,,,,,,,,,,,2.0,,,,,,2.0,,,201.0,39.0,5.2,1.01,29.86,152.0,147.0,1.0
24502.0,3.0,2.0,2.0,1.0,40.0,481.0,482.0,3.0,1.0,2.0,1.0,1.0,,,3.0,2.0,,1.0,4.0,7.0,7.0,2.17,,2.0,40.0,1.0,4.0,1.0,3.0,1.0,2.0,2.0,1.0,2.0,2.0,1.0,2.0,2.0,1.0,104523.222974,109645.610418,1.0,32.0,1.0,634.0,,,2.0,2.0,2.0,2.0,1.0,4.0,54.0,,1.0,1.0,150.0,118.0,66.0,2.0,,,2.0,114.0,70.0,2.0,,,2.0,114.0,70.0,2.0,,,,,2.0,,,,2.0,,,,,,,,,2.0,,,,2.0,2.0,0.0,2.0,2.0,2.0,2.0,2.0,2.0,2.0,2.0,,,,,,,,,,,,,,,2.0,,,,,,,,,,,,,,,,,,,,,,,,,,,,,,,,,,,1.0,10.0,1.0,2.0,2.0,2.0,2.0,2.0,,2.0,,,,,,,,,,,,,,,,,,,,,,,,,,,,,,,,,,,,,,,,,,,,,,,,,,,,,2.0,,,,,,2.0,,,153.0,35.0,3.96,0.91,45.2,122.0,,3.0
24503.0,3.0,2.0,2.0,2.0,26.0,319.0,320.0,3.0,1.0,2.0,1.0,1.0,,,5.0,3.0,,1.0,3.0,11.0,11.0,5.0,1.0,2.0,26.0,1.0,5.0,1.0,5.0,1.0,2.0,2.0,1.0,2.0,2.0,1.0,2.0,2.0,1.0,7077.669319,7408.713128,2.0,37.0,1.0,621.0,,,1.0,2.0,2.0,2.0,1.0,3.0,72.0,,1.0,1.0,130.0,94.0,48.0,2.0,94.0,50.0,2.0,,,2.0,100.0,34.0,2.0,97.0,42.0,1.0,19.0,1.0,2.0,,2.0,,,,2.0,,,,,,,,,2.0,,,,2.0,2.0,0.0,2.0,2.0,2.0,2.0,2.0,2.0,2.0,2.0,,,,,,,,,,,,,,,2.0,,,,,,,,,,,,,,,,,,,,,,,,,,,,,,,,,,,2.0,,2.0,2.0,2.0,1.0,1.0,2.0,,,,,,,,,,,,,,,,,,,,,,,,,,,,,,,,5.0,,,,,,,,4.0,,,,,,,,,,,,,,,2.0,,,,,,2.0,,,132.0,51.0,3.41,1.32,53.78,138.0,127.0,3.0
24511.0,3.0,2.0,1.0,2.0,49.0,599.0,600.0,5.0,1.0,2.0,1.0,1.0,,,5.0,3.0,,1.0,4.0,11.0,11.0,5.0,2.0,1.0,51.0,1.0,5.0,1.0,5.0,1.0,2.0,2.0,1.0,2.0,2.0,1.0,2.0,2.0,1.0,102300.366262,107288.730598,2.0,35.0,1.0,750.0,,,1.0,2.0,2.0,2.0,1.0,3.0,100.0,,1.0,1.0,150.0,124.0,76.0,2.0,,,2.0,,,2.0,124.0,78.0,2.0,124.0,78.0,2.0,,,,,2.0,,,,2.0,,,,,,,,,2.0,,,,1.0,2.0,0.0,2.0,2.0,2.0,2.0,2.0,2.0,2.0,2.0,,,,29.0,,,,,,,,,,1.0,2.0,,,,,,,,,,,,,,,,,,,,,,,,,,,,,,,,,,,2.0,,1.0,2.0,2.0,1.0,2.0,2.0,,2.0,,,5.0,,,,9.0,,,,,,,,,,,,,,,,,,,,,,,,6.0,,,,,,,,,,,,,,,,,,,,,,2.0,,,,,,2.0,,,224.0,80.0,5.79,2.07,21.64,153.0,145.0,1.0
24517.0,3.0,2.0,2.0,1.0,45.0,542.0,543.0,3.0,1.0,2.0,1.0,1.0,,,3.0,2.0,,1.0,5.0,4.0,4.0,0.86,,1.0,45.0,1.0,3.0,1.0,2.0,1.0,2.0,2.0,1.0,2.0,2.0,1.0,2.0,2.0,1.0,43476.090971,44870.417078,2.0,34.0,1.0,506.0,,,2.0,2.0,2.0,2.0,1.0,5.0,88.0,,1.0,1.0,140.0,120.0,72.0,2.0,114.0,76.0,2.0,112.0,76.0,2.0,,,,113.0,76.0,2.0,,,,,2.0,,,,2.0,,,,,,,,,1.0,,,,2.0,2.0,0.0,2.0,2.0,2.0,2.0,1.0,2.0,2.0,2.0,,,,,,,,,,,,,,,2.0,,,,,,,,,,,,,,,,,,,,,,,,,,,,,,,,,,,1.0,2.0,2.0,1.0,1.0,2.0,1.0,2.0,,,,,,,,,,,,,,5.0,,,,,,,,,,,7.0,,,,,,,,,,,,,2.0,,,,,,,,,,,,,,,,,2.0,,,,,,2.0,,,319.0,38.0,8.25,0.98,33.9,124.0,118.0,2.0
24523.0,3.0,2.0,2.0,1.0,23.0,281.0,282.0,1.0,3.0,2.0,2.0,2.0,3.0,,2.0,1.0,,1.0,7.0,7.0,3.0,0.64,,1.0,38.0,2.0,1.0,1.0,1.0,2.0,2.0,2.0,2.0,2.0,2.0,2.0,2.0,2.0,2.0,28803.286987,30646.906177,2.0,41.0,1.0,720.0,,,2.0,2.0,2.0,2.0,1.0,4.0,74.0,,1.0,1.0,130.0,114.0,58.0,2.0,112.0,50.0,2.0,114.0,60.0,2.0,,,,113.0,55.0,2.0,,,,,2.0,,,,2.0,,,,,,,,,2.0,,,,2.0,2.0,0.0,2.0,2.0,2.0,2.0,2.0,2.0,2.0,2.0,,,,,,,,,,,,,,,2.0,,,,,,,,,,,,,,,,,,,,,,,,,,,,,,,,,,,1.0,0.0,2.0,2.0,2.0,2.0,2.0,2.0,,,,,,,,,,,,,,,,,,,,,,,,,,,,,,,,,,,,,,,,,,,,,,,,,,,,,,,2.0,,,,,,2.0,,,171.0,54.0,4.42,1.4,45.8,152.0,138.0,3.0
24525.0,3.0,2.0,2.0,2.0,46.0,561.0,562.0,3.0,1.0,2.0,3.0,1.0,6.0,,1.0,1.0,,3.0,3.0,9.0,9.0,3.93,2.0,2.0,46.0,3.0,1.0,3.0,,1.0,2.0,1.0,1.0,2.0,2.0,1.0,2.0,2.0,1.0,115113.375947,123454.678908,1.0,32.0,1.0,576.0,,,2.0,2.0,2.0,2.0,1.0,3.0,64.0,,1.0,1.0,140.0,,,2.0,102.0,72.0,2.0,102.0,72.0,2.0,102.0,70.0,2.0,102.0,71.0,2.0,,,,,2.0,,,,2.0,,,,,,,,,1.0,,,,2.0,2.0,0.0,2.0,2.0,2.0,2.0,2.0,2.0,2.0,2.0,,,,,,,,,,,,,,,2.0,,,,,,,,,,,,,,,,,,,,,,,,,,,,,,,,,,,1.0,0.0,2.0,2.0,2.0,2.0,2.0,2.0,,,,,,,,,,,,,,,,,,,,,,,,,,,,,,,,,,,,,,,,,,,,,,,,,,,,,,,2.0,,,,,,2.0,,,204.0,70.0,5.28,1.81,55.22,99.0,92.0,3.0
24542.0,3.0,2.0,2.0,1.0,43.0,523.0,524.0,4.0,2.0,2.0,1.0,1.0,,,5.0,3.0,,1.0,5.0,11.0,11.0,3.63,,1.0,43.0,1.0,5.0,1.0,4.0,1.0,2.0,2.0,1.0,2.0,2.0,1.0,2.0,2.0,1.0,23201.532745,24278.976945,2.0,41.0,1.0,560.0,,,2.0,2.0,2.0,2.0,1.0,4.0,56.0,,1.0,1.0,130.0,112.0,66.0,2.0,,,2.0,112.0,68.0,2.0,108.0,66.0,2.0,110.0,67.0,2.0,,,,,2.0,,,,2.0,,,,,,,,,2.0,,,,2.0,2.0,0.0,2.0,2.0,2.0,2.0,2.0,2.0,2.0,2.0,,,,,,,,,,,,,,,2.0,,,,,,,,,,,,,,,,,,,,,,,,,,,,,,,,,,,1.0,3.0,2.0,2.0,1.0,2.0,2.0,2.0,,,,,,,,,,,,,,,,,,,,,,,,,7.0,8.0,9.0,,,,,,,,,,,,,,,,,,,,,,,,,,,,1.0,1.0,,,,,2.0,,,209.0,42.0,5.4,1.09,32.9,160.0,144.0,1.0
24551.0,3.0,2.0,1.0,1.0,41.0,494.0,495.0,1.0,3.0,2.0,2.0,1.0,5.0,,1.0,1.0,,1.0,7.0,11.0,8.0,2.05,,1.0,41.0,2.0,1.0,1.0,2.0,2.0,2.0,2.0,2.0,2.0,2.0,2.0,2.0,2.0,2.0,18049.390227,19472.97889,1.0,40.0,1.0,711.0,,,2.0,2.0,2.0,2.0,1.0,4.0,66.0,,1.0,1.0,160.0,126.0,78.0,2.0,122.0,82.0,2.0,126.0,82.0,2.0,,,,124.0,82.0,1.0,30.0,2.0,,,2.0,,,,2.0,,,,,,,,,2.0,,,,2.0,2.0,0.0,2.0,2.0,2.0,2.0,2.0,2.0,2.0,2.0,,,,,,,,,,,,,,,2.0,,,,,,,,,,,,,,,,,,,,,,,,,,,,,,,,,,,1.0,0.0,2.0,2.0,2.0,2.0,1.0,2.0,,,,,,,,,,,,,,,,,,,,,,,,,,,,,,,,,,,,,,,3.0,,,,,,,,,,,,,,,,2.0,,,,,,2.0,,,187.0,65.0,4.84,1.68,38.64,138.0,121.0,2.0
24568.0,3.0,2.0,1.0,2.0,33.0,406.0,407.0,1.0,3.0,2.0,2.0,2.0,4.0,,3.0,2.0,,1.0,4.0,6.0,6.0,1.49,2.0,1.0,32.0,2.0,4.0,1.0,3.0,1.0,2.0,2.0,1.0,2.0,2.0,2.0,2.0,2.0,2.0,28616.494565,29588.045825,2.0,39.0,1.0,620.0,,,2.0,2.0,2.0,2.0,1.0,3.0,74.0,,1.0,1.0,130.0,104.0,76.0,2.0,,,2.0,104.0,74.0,2.0,,,2.0,104.0,74.0,2.0,,,,,2.0,,,,2.0,,,,,,,,,2.0,,,,2.0,2.0,0.0,2.0,2.0,2.0,2.0,2.0,2.0,2.0,2.0,,,,,,,,,,,,,,,2.0,,,,,,,,,,,,,,,,,,,,,,,,,,,,,,,,,,,1.0,0.0,1.0,2.0,2.0,2.0,2.0,2.0,,,,,5.0,,,,,,,,,,,,,,,,,,,,,,,,,,,,,,,,,,,,,,,,,,,,,,,,,,2.0,,,,,,2.0,,,233.0,58.0,6.03,1.5,50.6,122.0,,3.0
24572.0,3.0,2.0,1.0,2.0,31.0,381.0,382.0,3.0,1.0,2.0,1.0,1.0,,,3.0,2.0,,1.0,5.0,9.0,9.0,2.55,2.0,1.0,34.0,1.0,4.0,1.0,3.0,1.0,2.0,2.0,1.0,2.0,2.0,1.0,2.0,2.0,1.0,82408.7053,87166.744696,1.0,31.0,1.0,593.0,,,2.0,2.0,2.0,2.0,1.0,3.0,82.0,,1.0,1.0,150.0,122.0,70.0,2.0,,,2.0,,,2.0,116.0,62.0,2.0,116.0,62.0,2.0,,,,,2.0,,,,2.0,,,,,,,,,2.0,,,,2.0,2.0,0.0,2.0,2.0,2.0,2.0,2.0,2.0,2.0,2.0,,,,,,,,,,,,,,,2.0,,,,,,,,,,,,,,,,,,,,,,,,,,,,,,,,,,,2.0,,1.0,2.0,2.0,2.0,2.0,2.0,,,3.0,,5.0,,,,,,,,,,,,,,,,,,,,,,,,,,,,,,,,,,,,,,,,,,,,,,,,,,2.0,,,,,,2.0,,,145.0,59.0,3.75,1.53,42.12,138.0,129.0,3.0
24582.0,3.0,2.0,1.0,2.0,38.0,467.0,468.0,1.0,3.0,2.0,1.0,1.0,,,4.0,3.0,,1.0,4.0,10.0,10.0,3.71,2.0,1.0,41.0,1.0,4.0,1.0,4.0,1.0,2.0,2.0,1.0,2.0,2.0,1.0,2.0,2.0,1.0,40121.295433,41483.443234,2.0,38.0,1.0,515.0,,,1.0,2.0,2.0,2.0,1.0,3.0,82.0,,1.0,1.0,130.0,100.0,78.0,2.0,108.0,76.0,1.0,110.0,80.0,1.0,,,,109.0,78.0,2.0,,,,,2.0,,,,2.0,,,,,,,,,1.0,,,,2.0,2.0,0.0,2.0,2.0,2.0,2.0,2.0,2.0,2.0,1.0,,,1.0,,,,,,,,,,22.0,,2.0,,,,,,,,,,,,,,,,,,,,,,,,,,,,,,,,,,,1.0,0.0,1.0,1.0,2.0,2.0,2.0,1.0,,,,4.0,5.0,,,,,1.0,,,,,,,,,,,,,,,,,,,,,,,,,,,,,,,,,,,,,2.0,,,,,,,,2.0,,,,,,2.0,,,223.0,94.0,5.77,2.43,30.67,163.0,162.0,2.0
24610.0,3.0,2.0,1.0,1.0,33.0,401.0,402.0,3.0,1.0,2.0,1.0,1.0,,,4.0,3.0,,5.0,4.0,1.0,1.0,0.11,,1.0,37.0,1.0,2.0,5.0,,1.0,2.0,2.0,1.0,2.0,2.0,1.0,2.0,2.0,1.0,42636.579892,46066.58433,1.0,38.0,1.0,611.0,,,2.0,2.0,2.0,2.0,1.0,5.0,48.0,,1.0,1.0,160.0,116.0,68.0,2.0,118.0,68.0,2.0,116.0,72.0,2.0,,,,117.0,70.0,2.0,,,,,2.0,,,,2.0,,,,,,,,,2.0,,,,2.0,2.0,0.0,2.0,2.0,2.0,2.0,2.0,2.0,2.0,2.0,,,,,,,,,,,,,,,2.0,,,,,,,,,,,,,,,,,,,,,,,,,,,,,,,,,,,1.0,3.0,2.0,2.0,2.0,2.0,2.0,2.0,,,,,,,,,,,,,,,,,,,,,,,,,,,,,,,,,,,,,,,,,,,,,,,,,,,,,,,2.0,,,,,,2.0,,,178.0,47.0,4.6,1.22,40.01,153.0,132.0,2.0
24626.0,3.0,2.0,1.0,1.0,35.0,424.0,426.0,3.0,1.0,1.0,1.0,1.0,,,4.0,3.0,,1.0,6.0,11.0,11.0,4.18,,1.0,35.0,1.0,4.0,1.0,4.0,1.0,2.0,2.0,1.0,2.0,2.0,1.0,2.0,2.0,1.0,105624.074417,112278.79127,1.0,31.0,1.0,623.0,,,2.0,2.0,2.0,2.0,1.0,4.0,56.0,,1.0,1.0,150.0,126.0,94.0,2.0,126.0,82.0,2.0,130.0,82.0,2.0,,,,128.0,82.0,2.0,,,,,2.0,,,,2.0,,,,,,,,,2.0,,,,2.0,2.0,0.0,2.0,2.0,2.0,2.0,2.0,2.0,2.0,2.0,,,,,,,,,,,,,,,2.0,,,,,,,,,,,,,,,,,,,,,,,,,,,,,,,,,,,1.0,2.0,2.0,2.0,2.0,2.0,2.0,2.0,,,,,,,,,,,,,,,,,,,,,,,,,,,,,,,,,,,,,,,,,,,,,,,,,,,,,,,2.0,,,,,,2.0,,,233.0,40.0,6.03,1.03,38.07,157.0,145.0,2.0
24633.0,3.0,2.0,2.0,1.0,31.0,374.0,374.0,3.0,1.0,2.0,1.0,1.0,,,4.0,3.0,,6.0,2.0,9.0,5.0,2.58,,1.0,31.0,1.0,4.0,6.0,,1.0,2.0,2.0,1.0,2.0,2.0,,,,,87042.180001,96326.685252,2.0,37.0,1.0,559.0,,,1.0,2.0,2.0,2.0,1.0,4.0,66.0,,1.0,1.0,150.0,110.0,56.0,2.0,110.0,54.0,2.0,112.0,56.0,2.0,,,,111.0,55.0,1.0,9.0,2.0,,,2.0,,,,2.0,,,,,,,,,2.0,,,,1.0,2.0,0.0,2.0,2.0,2.0,2.0,2.0,2.0,2.0,2.0,,,,28.0,,,,,,,,,,9.0,2.0,,,,,,,,,,,,,,,,,,,,,,,,,,,,,,,,,,,1.0,5.0,1.0,2.0,1.0,2.0,2.0,2.0,,2.0,3.0,,,,,,,,,,,,,,,,,,,,,,7.0,,,,,,,,,,,,,,,,,,,,,,,,,,,,,,2.0,,,,,,2.0,,,192.0,48.0,4.97,1.24,36.2,154.0,153.0,2.0
24649.0,3.0,2.0,2.0,2.0,33.0,398.0,398.0,4.0,2.0,2.0,1.0,1.0,,,3.0,2.0,,4.0,3.0,5.0,5.0,1.38,2.0,2.0,33.0,1.0,3.0,4.0,,1.0,2.0,2.0,1.0,2.0,2.0,1.0,2.0,2.0,1.0,32630.716906,33758.606335,1.0,37.0,1.0,552.0,,,1.0,2.0,2.0,2.0,1.0,4.0,66.0,,1.0,1.0,150.0,118.0,58.0,2.0,122.0,66.0,2.0,114.0,58.0,2.0,,,,118.0,62.0,2.0,,,,,2.0,,,,2.0,,,,,,,,,2.0,,,,2.0,2.0,0.0,2.0,2.0,2.0,2.0,2.0,2.0,2.0,2.0,,,,,,,,,,,,,,,2.0,,,,,,,,,,,,,,,,,,,,,,,,,,,,,,,,,,,1.0,3.0,1.0,2.0,2.0,2.0,1.0,1.0,,,3.0,4.0,,,,,,,,,,,,,,,,,,,,,,,,,,,,,,,,,1.0,,,4.0,,,,,,,,,4.0,,,,,,1.0,,2.0,,,,2.0,,,271.0,82.0,7.01,2.12,31.64,141.0,124.0,2.0
24669.0,3.0,2.0,2.0,1.0,42.0,513.0,513.0,3.0,1.0,2.0,1.0,1.0,,,5.0,3.0,,1.0,4.0,11.0,11.0,5.0,,1.0,42.0,1.0,5.0,1.0,5.0,1.0,2.0,2.0,1.0,2.0,2.0,1.0,2.0,2.0,1.0,82500.207596,85146.080091,2.0,30.0,1.0,982.0,,,1.0,2.0,2.0,2.0,1.0,5.0,72.0,,1.0,1.0,140.0,114.0,66.0,2.0,116.0,72.0,2.0,112.0,72.0,2.0,,,,114.0,72.0,1.0,8.0,1.0,2.0,,2.0,,,,2.0,,,,,,,,,2.0,,,,2.0,2.0,0.0,2.0,2.0,2.0,2.0,1.0,2.0,2.0,2.0,,,,,,,,,,,,,,,2.0,,,,,,,,,,,,,,,,,,,,,,,,,,,,,,,,,,,1.0,30.0,1.0,2.0,2.0,2.0,2.0,2.0,,,,,5.0,,,,,,,,,,,,,,,,,,,,,,,,,,,,,,,,,,,,,,,,,,,,,,,,,,1.0,1.0,,,,,2.0,,,179.0,32.0,4.63,0.83,37.61,120.0,111.0,2.0
24693.0,3.0,2.0,1.0,1.0,43.0,517.0,517.0,4.0,2.0,1.0,1.0,1.0,,,4.0,3.0,,1.0,2.0,11.0,11.0,5.0,,1.0,43.0,1.0,4.0,1.0,4.0,1.0,2.0,2.0,1.0,2.0,2.0,1.0,2.0,2.0,1.0,26397.250933,27274.014815,1.0,37.0,1.0,767.0,,,1.0,2.0,2.0,2.0,1.0,4.0,56.0,,1.0,1.0,160.0,128.0,72.0,2.0,,,2.0,124.0,62.0,2.0,118.0,62.0,2.0,121.0,62.0,2.0,,,,,2.0,,,,2.0,,,,,,,,,2.0,,,,2.0,2.0,0.0,2.0,2.0,2.0,2.0,2.0,2.0,2.0,2.0,,,,,,,,,,,,,,,2.0,,,,,,,,,,,,,,,,,,,,,,,,,,,,,,,,,,,1.0,0.0,1.0,2.0,2.0,2.0,2.0,2.0,1.0,,,,,,,,,,,,,,,,,,,,,,,,,,,,,,,,,,,,,,,,,,,,,,,,,,,,,,2.0,,,,,,2.0,,,206.0,50.0,5.33,1.29,37.48,134.0,103.0,2.0
24701.0,3.0,2.0,1.0,2.0,33.0,398.0,400.0,3.0,1.0,2.0,1.0,1.0,,,5.0,3.0,,1.0,3.0,11.0,11.0,5.0,2.0,1.0,34.0,1.0,4.0,1.0,5.0,1.0,2.0,2.0,1.0,2.0,2.0,1.0,2.0,2.0,1.0,77688.423398,82173.927421,2.0,35.0,1.0,662.0,,,2.0,2.0,2.0,2.0,1.0,5.0,64.0,,1.0,1.0,130.0,102.0,70.0,2.0,,,2.0,112.0,78.0,1.0,114.0,70.0,1.0,113.0,74.0,2.0,,,,,2.0,,,,2.0,,,,,,,,,1.0,,,,2.0,2.0,0.0,2.0,2.0,2.0,2.0,2.0,2.0,2.0,2.0,,,,,,,,,,,,,,,2.0,,,,,,,,,,,,,,,,,,,,,,,,,,,,,,,,,,,1.0,0.0,2.0,2.0,2.0,2.0,2.0,2.0,,,,,,,,,,,,,,,,,,,,,,,,,,,,,,,,,,,,,,,,,,,,,,,,,,,,,,,2.0,,,,,,2.0,,,229.0,43.0,5.92,1.11,32.73,130.0,122.0,2.0
24719.0,3.0,2.0,2.0,2.0,31.0,381.0,381.0,4.0,2.0,2.0,1.0,1.0,,,4.0,3.0,,1.0,5.0,4.0,4.0,0.82,2.0,1.0,27.0,1.0,2.0,1.0,4.0,1.0,2.0,2.0,1.0,2.0,2.0,1.0,2.0,2.0,1.0,39335.990034,38687.525184,1.0,41.0,1.0,740.0,,,2.0,2.0,2.0,2.0,1.0,5.0,76.0,,1.0,1.0,140.0,120.0,72.0,2.0,132.0,74.0,2.0,124.0,74.0,2.0,,,,128.0,74.0,2.0,,,,,2.0,,,,2.0,,,,,,,,,2.0,,,,1.0,2.0,0.0,2.0,2.0,2.0,2.0,1.0,2.0,2.0,2.0,,,,31.0,,,,,,,,,,1.0,2.0,,,,,,,,,,,,,,,,,,,,,,,,,,,,,,,,,,,1.0,21.0,1.0,2.0,2.0,2.0,1.0,1.0,1.0,2.0,3.0,,5.0,,,,,,,,,,,,,,,,,,,,,,,,,,,,,,,,1.0,2.0,3.0,,5.0,,,,,1.0,,,,,,,,,2.0,,,,,,2.0,,,206.0,64.0,5.33,1.66,44.59,117.0,109.0,3.0
24722.0,3.0,2.0,2.0,2.0,23.0,286.0,288.0,3.0,1.0,2.0,1.0,1.0,,,5.0,3.0,,6.0,2.0,6.0,4.0,1.61,2.0,1.0,26.0,1.0,5.0,6.0,,1.0,2.0,2.0,1.0,2.0,2.0,1.0,2.0,2.0,1.0,76763.243798,82303.638318,2.0,37.0,1.0,562.0,,,2.0,2.0,2.0,2.0,1.0,3.0,76.0,,1.0,1.0,130.0,114.0,76.0,2.0,114.0,62.0,2.0,112.0,66.0,2.0,,,,113.0,64.0,2.0,,,,,2.0,,,,2.0,,,,,,,,,2.0,,,,2.0,2.0,0.0,2.0,2.0,2.0,2.0,2.0,2.0,2.0,2.0,,,,,,,,,,,,,,,2.0,,,,,,,,,,,,,,,,,,,,,,,,,,,,,,,,,,,2.0,,2.0,2.0,2.0,2.0,2.0,2.0,,,,,,,,,,,,,,,,,,,,,,,,,,,,,,,,,,,,,,,,,,,,,,,,,,,,,,,2.0,,,,,,2.0,,,182.0,108.0,4.71,2.79,46.75,147.0,143.0,3.0
24726.0,3.0,2.0,2.0,1.0,22.0,269.0,270.0,4.0,2.0,2.0,1.0,1.0,,,2.0,1.0,,5.0,7.0,2.0,2.0,0.29,,2.0,39.0,1.0,2.0,5.0,,1.0,2.0,2.0,1.0,2.0,2.0,1.0,2.0,2.0,1.0,23022.518333,26203.944449,2.0,41.0,1.0,592.0,,,2.0,2.0,2.0,2.0,1.0,3.0,72.0,,1.0,1.0,130.0,114.0,62.0,2.0,114.0,66.0,2.0,112.0,68.0,2.0,,,,113.0,67.0,2.0,,,,,2.0,,,,2.0,,,,,,,,,2.0,,,,2.0,2.0,0.0,2.0,2.0,2.0,2.0,2.0,2.0,2.0,2.0,,,,,,,,,,,,,,,2.0,,,,,,,,,,,,,,,,,,,,,,,,,,,,,,,,,,,2.0,,2.0,2.0,2.0,2.0,2.0,2.0,,,,,,,,,,,,,,,,,,,,,,,,,,,,,,,,,,,,,,,,,,,,,,,,,,,,,,,2.0,,,,,,2.0,,,206.0,88.0,5.33,2.28,47.6,154.0,136.0,3.0
24746.0,3.0,2.0,1.0,1.0,47.0,573.0,574.0,3.0,1.0,2.0,3.0,2.0,6.0,,3.0,2.0,,1.0,5.0,11.0,11.0,3.63,,2.0,41.0,1.0,5.0,1.0,3.0,1.0,2.0,2.0,1.0,2.0,2.0,1.0,2.0,2.0,1.0,92888.97928,97441.205355,2.0,35.0,1.0,720.0,,,2.0,2.0,2.0,2.0,1.0,3.0,62.0,,1.0,1.0,160.0,,,2.0,126.0,76.0,2.0,120.0,84.0,2.0,128.0,80.0,2.0,124.0,82.0,2.0,,,,,2.0,,,,2.0,,,,,,,,,2.0,,,,2.0,2.0,0.0,2.0,2.0,2.0,2.0,2.0,2.0,2.0,2.0,,,,,,,,,,,,,,,2.0,,,,,,,,,,,,,,,,,,,,,,,,,,,,,,,,,,,1.0,8.0,2.0,2.0,2.0,9.0,2.0,1.0,,,,,,,,,,,,,,,,,,,,,,,,,,,,,,,,,,,,,,,,,,,,,,,,,,,,,,9.0,2.0,,,,,,2.0,,,229.0,66.0,5.92,1.71,32.33,156.0,140.0,1.0
24762.0,3.0,2.0,1.0,1.0,32.0,388.0,389.0,1.0,3.0,2.0,2.0,2.0,5.0,,3.0,2.0,,1.0,5.0,6.0,6.0,1.54,,2.0,33.0,2.0,2.0,1.0,3.0,1.0,2.0,2.0,1.0,2.0,2.0,1.0,2.0,2.0,2.0,29497.650102,31395.958755,2.0,42.0,1.0,835.0,,,1.0,2.0,2.0,2.0,1.0,4.0,86.0,,1.0,1.0,140.0,108.0,72.0,2.0,106.0,66.0,2.0,108.0,62.0,2.0,,,,107.0,64.0,2.0,,,,,2.0,,,,2.0,,,,,,,,,2.0,,,,2.0,2.0,0.0,2.0,2.0,2.0,2.0,2.0,2.0,2.0,2.0,,,,,,,,,,,,,,,2.0,,,,,,,,,,,,,,,,,,,,,,,,,,,,,,,,,,,1.0,4.0,2.0,2.0,2.0,2.0,2.0,2.0,,,,,,,,,,,,,,,,,,,,,,,,,,,,,,,,,,,,,,,,,,,,,,,,,,,,,,,2.0,,,,,,2.0,,,278.0,56.0,7.19,1.45,41.44,157.0,146.0,2.0
24782.0,3.0,2.0,1.0,2.0,21.0,257.0,258.0,3.0,1.0,2.0,1.0,1.0,,,4.0,3.0,,5.0,1.0,5.0,5.0,2.36,3.0,2.0,21.0,1.0,4.0,5.0,,1.0,2.0,2.0,1.0,2.0,2.0,1.0,2.0,2.0,1.0,70284.593436,75357.390742,2.0,35.0,1.0,610.0,,,2.0,2.0,2.0,2.0,1.0,3.0,78.0,,1.0,1.0,140.0,108.0,78.0,2.0,,,2.0,106.0,72.0,2.0,104.0,74.0,2.0,105.0,73.0,2.0,,,,,2.0,,,,2.0,,,,,,,,,2.0,,,,2.0,2.0,0.0,2.0,2.0,2.0,2.0,2.0,2.0,2.0,2.0,,,,,,,,,,,,,,,2.0,,,,,,,,,,,,,,,,,,,,,,,,,,,,,,,,,,,1.0,0.0,2.0,2.0,2.0,2.0,1.0,2.0,,,,,,,,,,,,,,,,,,,,,,,,,,,,,,,,,,,,,,,,4.0,,,,,,,,,,,,,,,2.0,,,,,,2.0,,,,,,,30.56,171.0,163.0,1.0
24789.0,3.0,2.0,1.0,1.0,29.0,352.0,352.0,1.0,3.0,2.0,2.0,2.0,2.0,,3.0,2.0,,6.0,3.0,2.0,2.0,0.97,,1.0,29.0,2.0,3.0,6.0,,2.0,2.0,2.0,1.0,2.0,2.0,2.0,2.0,2.0,2.0,44549.083877,44595.454669,2.0,38.0,1.0,741.0,,,2.0,2.0,2.0,2.0,1.0,4.0,64.0,,1.0,1.0,160.0,,,2.0,124.0,56.0,2.0,122.0,62.0,2.0,124.0,60.0,2.0,123.0,61.0,2.0,,,,,2.0,,,,2.0,,,,,,,,,2.0,,,,2.0,2.0,0.0,2.0,2.0,2.0,2.0,1.0,2.0,2.0,2.0,,,,,,,,,,,,,,,2.0,,,,,,,,,,,,,,,,,,,,,,,,,,,,,,,,,,,2.0,,2.0,2.0,2.0,2.0,2.0,2.0,,,,,,,,,,,,,,,,,,,,,,,,,,,,,,,,,,,,,,,,,,,,,,,,,,,,,,,2.0,,,,,,2.0,,,142.0,42.0,3.67,1.09,40.9,136.0,119.0,2.0
24809.0,3.0,2.0,2.0,1.0,37.0,450.0,451.0,3.0,1.0,2.0,1.0,1.0,,,4.0,3.0,,1.0,6.0,11.0,11.0,3.65,,1.0,37.0,1.0,4.0,1.0,,1.0,2.0,2.0,1.0,2.0,2.0,1.0,2.0,2.0,1.0,89677.848453,96892.203332,1.0,32.0,1.0,577.0,,,2.0,2.0,2.0,2.0,1.0,4.0,56.0,,1.0,1.0,150.0,120.0,58.0,2.0,120.0,56.0,2.0,104.0,56.0,2.0,,,,112.0,56.0,2.0,,,,,2.0,,,,2.0,,,,,,,,,2.0,,,,2.0,2.0,0.0,2.0,2.0,2.0,2.0,2.0,2.0,2.0,2.0,,,,,,,,,,,,,,,2.0,,,,,,,,,,,,,,,,,,,,,,,,,,,,,,,,,,,1.0,3.0,2.0,2.0,2.0,2.0,2.0,2.0,,,,,,,,,,,,,,,,,,,,,,,,,,,,,,,,,,,,,,,,,,,,,,,,,,,,,,,2.0,,,,,,2.0,,,247.0,35.0,6.39,0.91,47.45,141.0,133.0,3.0
24817.0,3.0,2.0,2.0,1.0,21.0,260.0,261.0,2.0,5.0,2.0,3.0,2.0,2.0,,4.0,3.0,,5.0,5.0,11.0,8.0,2.72,,2.0,57.0,3.0,5.0,5.0,,1.0,2.0,2.0,1.0,2.0,2.0,1.0,2.0,2.0,1.0,71900.33404,74674.565823,1.0,36.0,1.0,699.0,,,1.0,2.0,2.0,2.0,1.0,4.0,84.0,,1.0,1.0,150.0,124.0,86.0,2.0,120.0,86.0,2.0,116.0,82.0,2.0,,,,118.0,84.0,2.0,,,,,2.0,,,,2.0,,,,,,,,,2.0,,,,2.0,2.0,0.0,2.0,2.0,2.0,2.0,2.0,2.0,2.0,2.0,,,,,,,,,,,,,,,2.0,,,,,,,,,,,,,,,,,,,,,,,,,,,,,,,,,,,1.0,1.0,2.0,2.0,1.0,2.0,2.0,9.0,,,,,,,,,,,,,,,,,,,,,,,,,,,9.0,,,,,,,,,,,,,,,,,,,,,,,,,,,,2.0,,,,,,2.0,,,264.0,24.0,6.83,0.62,48.96,147.0,141.0,3.0
24826.0,3.0,2.0,2.0,1.0,36.0,436.0,436.0,4.0,2.0,1.0,1.0,1.0,,,3.0,2.0,,5.0,7.0,11.0,11.0,3.06,,2.0,31.0,1.0,4.0,5.0,,1.0,2.0,2.0,1.0,2.0,2.0,1.0,2.0,2.0,1.0,27628.835166,29096.036417,1.0,36.0,1.0,903.0,,,1.0,2.0,2.0,2.0,1.0,5.0,68.0,,1.0,1.0,140.0,118.0,78.0,2.0,112.0,82.0,2.0,114.0,86.0,2.0,,,,113.0,84.0,2.0,,,,,2.0,,,,2.0,,,,,,,,,2.0,,,,2.0,2.0,0.0,2.0,2.0,2.0,2.0,2.0,2.0,2.0,2.0,,,,,,,,,,,,,,,2.0,,,,,,,,,,,,,,,,,,,,,,,,,,,,,,,,,,,1.0,30.0,2.0,2.0,2.0,2.0,2.0,2.0,,,,,,,,,,,,,,,,,,,,,,,,,,,,,,,,,,,,,,,,,,,,,,,,,,,,,,,2.0,,,,,,2.0,,,206.0,70.0,5.33,1.81,33.75,165.0,157.0,1.0
24831.0,3.0,2.0,1.0,2.0,22.0,270.0,271.0,3.0,1.0,2.0,1.0,1.0,,,4.0,3.0,,5.0,5.0,10.0,10.0,3.18,2.0,2.0,46.0,3.0,3.0,1.0,,1.0,2.0,2.0,1.0,2.0,2.0,1.0,2.0,2.0,1.0,90538.821858,94773.593941,2.0,36.0,1.0,438.0,,,2.0,2.0,2.0,2.0,1.0,5.0,68.0,,1.0,1.0,120.0,78.0,60.0,2.0,,,2.0,,,2.0,,,2.0,78.0,60.0,2.0,,,,,2.0,,,,2.0,,,,,,,,,2.0,,,,2.0,2.0,0.0,2.0,2.0,2.0,2.0,1.0,2.0,2.0,2.0,,,,,,,,,,,,,,,2.0,,,,,,,,,,,,,,,,,,,,,,,,,,,,,,,,,,,1.0,3.0,1.0,2.0,2.0,2.0,2.0,1.0,,,3.0,4.0,,,,,,,,,,,,,,,,,,,,,,,,,,,,,,,,,,,,,,,,,,,,,4.0,,,,,,2.0,,,,,,2.0,,,,,,,22.7,169.0,161.0,1.0
24841.0,3.0,2.0,2.0,1.0,36.0,442.0,443.0,3.0,1.0,2.0,1.0,1.0,,,3.0,2.0,,1.0,4.0,7.0,7.0,2.34,,1.0,36.0,1.0,3.0,1.0,4.0,1.0,2.0,2.0,1.0,2.0,2.0,1.0,2.0,2.0,1.0,105624.074417,112278.79127,1.0,31.0,1.0,554.0,,,1.0,2.0,2.0,2.0,1.0,4.0,64.0,,1.0,1.0,160.0,132.0,82.0,2.0,136.0,74.0,2.0,132.0,74.0,2.0,,,,134.0,74.0,2.0,,,,,2.0,,,,2.0,,,,,,,,,2.0,,,,2.0,2.0,0.0,2.0,2.0,2.0,2.0,2.0,2.0,2.0,2.0,,,,,,,,,,,,,,,2.0,,,,,,,,,,,,,,,,,,,,,,,,,,,,,,,,,,,1.0,1.0,1.0,2.0,2.0,2.0,1.0,1.0,1.0,2.0,,,5.0,,,,,,,,,,,,,,,,,,,,,,,,,,,,,,,,1.0,,,,,,,,,,,,,,,7.0,,,2.0,,,,,,2.0,,,195.0,63.0,5.04,1.63,37.98,158.0,135.0,2.0
24883.0,3.0,2.0,1.0,2.0,32.0,386.0,387.0,3.0,1.0,2.0,1.0,1.0,,,4.0,3.0,,1.0,4.0,6.0,6.0,1.33,2.0,1.0,32.0,,,1.0,4.0,1.0,2.0,2.0,1.0,2.0,2.0,1.0,2.0,2.0,1.0,79904.13939,84517.572421,2.0,39.0,1.0,496.0,,,1.0,2.0,2.0,2.0,1.0,3.0,100.0,,1.0,1.0,140.0,106.0,74.0,2.0,100.0,76.0,2.0,108.0,68.0,2.0,,,,104.0,72.0,1.0,10.0,1.0,1.0,2.0,2.0,,,,2.0,,,,,,,,,2.0,,,,2.0,2.0,0.0,2.0,2.0,2.0,2.0,2.0,2.0,2.0,2.0,,,,,,,,,,,,,,,2.0,,,,,,,,,,,,,,,,,,,,,,,,,,,,,,,,,,,2.0,,1.0,1.0,1.0,2.0,2.0,9.0,,,,,,,,,9.0,,,,,,,,,9.0,,2.0,,,,,,,,,,,,,,,,,,,,,,,,,,,,,,,,,,,9.0,,,,,,2.0,,,168.0,75.0,4.34,1.94,58.34,152.0,128.0,3.0
24894.0,3.0,2.0,1.0,1.0,29.0,359.0,360.0,3.0,1.0,2.0,3.0,2.0,3.0,,3.0,2.0,,1.0,2.0,8.0,8.0,3.61,,1.0,29.0,3.0,3.0,1.0,5.0,1.0,2.0,2.0,1.0,2.0,2.0,1.0,2.0,2.0,1.0,53756.018237,57184.996023,1.0,43.0,1.0,630.0,,,2.0,2.0,2.0,1.0,1.0,4.0,86.0,,1.0,1.0,170.0,132.0,82.0,2.0,130.0,80.0,2.0,120.0,70.0,2.0,,,,125.0,75.0,2.0,,,,,2.0,,,,2.0,,,,,,,,,2.0,,,,2.0,2.0,0.0,2.0,2.0,2.0,2.0,2.0,2.0,1.0,2.0,,2.0,,,,,,,,,,4.0,,,2.0,,,,,,,,,,,,,,,,,,,,,,,,,,,,,,,,,,,1.0,0.0,2.0,2.0,1.0,2.0,2.0,2.0,,,,,,,,,,,,,,,,,,,,,3.0,,,,,,,,,,,,,,,,,,,,,,,,,,,,,,,,,,2.0,,,,,,2.0,,,172.0,63.0,4.45,1.63,45.09,165.0,155.0,3.0
24897.0,3.0,2.0,2.0,2.0,42.0,512.0,513.0,4.0,2.0,2.0,1.0,1.0,,,4.0,3.0,,1.0,2.0,4.0,4.0,1.49,2.0,1.0,44.0,1.0,4.0,1.0,4.0,1.0,2.0,2.0,1.0,2.0,2.0,1.0,2.0,2.0,1.0,24726.391197,25488.344933,1.0,41.0,1.0,645.0,,,2.0,2.0,2.0,2.0,1.0,4.0,70.0,,1.0,1.0,140.0,128.0,62.0,2.0,118.0,66.0,2.0,114.0,64.0,2.0,,,,116.0,65.0,2.0,,,,,2.0,,,,2.0,,,,,,,,,2.0,,,,2.0,2.0,0.0,2.0,2.0,2.0,2.0,2.0,2.0,2.0,2.0,,,,,,,,,,,,,,,2.0,,,,,,,,,,,,,,,,,,,,,,,,,,,,,,,,,,,2.0,,1.0,2.0,1.0,2.0,2.0,2.0,,,,,,,,,9.0,,,,,,,,,,,,,,,,7.0,,,,,,,,,,,,,,,,,,,,,,,,,,,,,,2.0,,,,,,2.0,,,252.0,53.0,6.52,1.37,34.81,133.0,128.0,3.0
24903.0,3.0,2.0,2.0,2.0,40.0,485.0,486.0,4.0,2.0,2.0,1.0,1.0,,,5.0,3.0,,1.0,3.0,11.0,11.0,5.0,2.0,2.0,40.0,1.0,5.0,1.0,3.0,1.0,2.0,2.0,1.0,2.0,2.0,1.0,2.0,2.0,1.0,27525.77897,28737.160479,2.0,33.0,1.0,997.0,,,2.0,2.0,2.0,2.0,1.0,4.0,64.0,,1.0,1.0,180.0,150.0,94.0,2.0,144.0,96.0,2.0,142.0,94.0,2.0,,,,143.0,95.0,2.0,,,,,2.0,,,,2.0,,,,,,,,,2.0,,,,2.0,2.0,0.0,2.0,2.0,2.0,2.0,2.0,2.0,2.0,2.0,,,,,,,,,,,,,,,2.0,,,,,,,,,,,,,,,,,,,,,,,,,,,,,,,,,,,1.0,0.0,1.0,2.0,2.0,2.0,2.0,2.0,1.0,,,,,,,8.0,,,,,,,,,,,,,,,,,,,,,,,,,,,,,,,,,,,,,,,,,,,,,,,2.0,,,,,,2.0,,,204.0,73.0,5.28,1.89,38.6,123.0,107.0,3.0
24907.0,3.0,2.0,1.0,2.0,35.0,423.0,423.0,1.0,3.0,2.0,2.0,1.0,6.0,,4.0,3.0,,3.0,3.0,2.0,2.0,0.39,2.0,2.0,35.0,2.0,4.0,3.0,,1.0,2.0,2.0,1.0,2.0,2.0,2.0,2.0,2.0,2.0,28211.38374,29169.181187,1.0,40.0,1.0,722.0,,,2.0,2.0,2.0,2.0,1.0,4.0,68.0,,1.0,1.0,130.0,98.0,64.0,2.0,98.0,66.0,2.0,96.0,66.0,2.0,,,,97.0,66.0,2.0,,,,,2.0,,,,2.0,,,,,,,,,1.0,,,,2.0,2.0,0.0,2.0,2.0,2.0,2.0,2.0,2.0,2.0,2.0,,,,,,,,,,,,,,,2.0,,,,,,,,,,,,,,,,,,,,,,,,,,,,,,,,,,,2.0,,2.0,2.0,1.0,2.0,2.0,2.0,,,,,,,,,,,,,,,,,,,,,,,,,,8.0,,,,,,,,,,,,,,,,,,,,,,,,,,,,,2.0,,,,,,2.0,,,165.0,50.0,4.27,1.29,36.37,111.0,93.0,3.0
24912.0,3.0,2.0,1.0,2.0,34.0,413.0,414.0,3.0,1.0,2.0,1.0,1.0,,,5.0,3.0,,1.0,3.0,11.0,11.0,5.0,2.0,1.0,35.0,1.0,5.0,1.0,5.0,1.0,2.0,2.0,1.0,2.0,2.0,1.0,2.0,2.0,1.0,75524.015404,79884.552793,1.0,39.0,1.0,613.0,,,1.0,2.0,2.0,2.0,1.0,4.0,64.0,,1.0,1.0,140.0,,,2.0,106.0,66.0,2.0,106.0,60.0,2.0,112.0,66.0,2.0,109.0,63.0,2.0,,,,,2.0,,,,2.0,,,,,,,,,2.0,,,,2.0,2.0,0.0,2.0,2.0,2.0,2.0,1.0,2.0,2.0,2.0,,,,,,,,,,,,,,,2.0,,,,,,,,,,,,,,,,,,,,,,,,,,,,,,,,,,,1.0,0.0,2.0,2.0,2.0,2.0,1.0,2.0,,,,,,,,,,,,,,,,,,,,,,,,,,,,,,,,,,,,,1.0,,,,,,,,,,,,,,,,,,2.0,,,,,,2.0,,,242.0,58.0,6.26,1.5,33.06,144.0,136.0,2.0
24916.0,3.0,2.0,2.0,2.0,24.0,294.0,295.0,4.0,2.0,2.0,1.0,1.0,,,4.0,3.0,,6.0,2.0,5.0,3.0,1.6,2.0,1.0,23.0,1.0,4.0,6.0,,1.0,2.0,2.0,1.0,2.0,2.0,1.0,2.0,2.0,1.0,32598.68556,33547.74977,1.0,32.0,1.0,527.0,,,1.0,2.0,2.0,2.0,1.0,5.0,78.0,,1.0,1.0,140.0,114.0,78.0,2.0,114.0,78.0,2.0,110.0,76.0,2.0,,,,112.0,77.0,2.0,,,,,2.0,,,,2.0,,,,,,,,,1.0,,,,2.0,2.0,0.0,2.0,2.0,2.0,2.0,1.0,2.0,2.0,1.0,,,9.0,,,,,,,,,,16.0,,2.0,,,,,,,,,,,,,,,,,,,,,,,,,,,,,,,,,,,1.0,3.0,1.0,2.0,2.0,2.0,1.0,2.0,1.0,,3.0,4.0,5.0,6.0,,,,,,,,,,,,,,,,,,,,,,,,,,,,,,,1.0,,,,,,,,,,,,,,,,,,2.0,,,,,,2.0,,,155.0,38.0,4.01,0.98,46.0,115.0,105.0,3.0
24921.0,3.0,2.0,2.0,2.0,24.0,295.0,296.0,3.0,1.0,2.0,1.0,1.0,,,5.0,3.0,,1.0,2.0,9.0,9.0,4.96,1.0,1.0,26.0,1.0,5.0,1.0,5.0,1.0,2.0,2.0,1.0,2.0,2.0,1.0,2.0,2.0,1.0,62423.912872,62469.532948,2.0,30.0,1.0,800.0,,,2.0,2.0,2.0,2.0,1.0,4.0,92.0,,1.0,1.0,130.0,106.0,52.0,2.0,100.0,50.0,2.0,90.0,46.0,2.0,,,,95.0,48.0,2.0,,,,,2.0,,,,2.0,,,,,,,,,2.0,,,,2.0,2.0,0.0,2.0,2.0,2.0,2.0,2.0,2.0,2.0,2.0,,,,,,,,,,,,,,,2.0,,,,,,,,,,,,,,,,,,,,,,,,,,,,,,,,,,,1.0,0.0,2.0,2.0,2.0,1.0,1.0,2.0,,,,,,,,,,,,,,,,,,,,,,,,,,,,,,,4.0,,,,,,1.0,,,,,,,,,,,,,,,,,,2.0,,,,,,2.0,,,,,,,47.6,133.0,119.0,3.0
24922.0,3.0,2.0,1.0,2.0,20.0,250.0,251.0,1.0,3.0,2.0,1.0,1.0,,,2.0,1.0,,1.0,7.0,8.0,7.0,2.23,2.0,2.0,43.0,2.0,1.0,1.0,1.0,1.0,2.0,2.0,2.0,2.0,2.0,1.0,2.0,2.0,1.0,2086.962188,2232.890168,1.0,43.0,1.0,657.0,,,2.0,2.0,2.0,2.0,1.0,4.0,68.0,,1.0,1.0,140.0,,,2.0,114.0,50.0,2.0,,,2.0,118.0,48.0,2.0,118.0,48.0,2.0,,,,,2.0,,,,2.0,,,,,,,,,1.0,,,,2.0,2.0,0.0,2.0,2.0,2.0,2.0,1.0,2.0,2.0,2.0,,,,,,,,,,,,,,,2.0,,,,,,,,,,,,,,,,,,,,,,,,,,,,,,,,,,,2.0,,1.0,2.0,2.0,2.0,1.0,2.0,1.0,2.0,,,,,,,,,,,,,,,,,,,,,,,,,,,,,,,,,,,1.0,2.0,,,,,,,,,,,,,,,,,2.0,,,,,,1.0,40.0,,221.0,57.0,5.72,1.47,28.01,158.0,153.0,1.0
24928.0,3.0,2.0,1.0,1.0,44.0,536.0,537.0,1.0,3.0,2.0,2.0,2.0,6.0,,1.0,1.0,,1.0,6.0,3.0,3.0,0.57,,1.0,44.0,2.0,1.0,1.0,3.0,2.0,2.0,2.0,1.0,2.0,2.0,2.0,2.0,2.0,2.0,18311.41048,18586.554445,1.0,38.0,1.0,833.0,,,2.0,2.0,2.0,2.0,1.0,4.0,66.0,,1.0,1.0,160.0,128.0,84.0,2.0,132.0,86.0,2.0,,,2.0,122.0,82.0,2.0,127.0,84.0,2.0,,,,,2.0,,,,2.0,,,,,,,,,2.0,,,,2.0,2.0,0.0,2.0,2.0,2.0,2.0,1.0,2.0,2.0,2.0,,,,,,,,,,,,,,,2.0,,,,,,,,,,,,,,,,,,,,,,,,,,,,,,,,,,,1.0,0.0,2.0,2.0,2.0,2.0,2.0,2.0,,,,,,,,,,,,,,,,,,,,,,,,,,,,,,,,,,,,,,,,,,,,,,,,,,,,,,,2.0,,,,,,2.0,,,231.0,44.0,5.97,1.14,31.98,145.0,133.0,1.0
24955.0,3.0,2.0,2.0,2.0,42.0,511.0,512.0,3.0,1.0,2.0,1.0,1.0,,,5.0,3.0,,1.0,4.0,11.0,11.0,5.0,2.0,1.0,50.0,1.0,5.0,1.0,5.0,1.0,2.0,2.0,1.0,2.0,2.0,1.0,2.0,2.0,1.0,95660.054905,100324.624776,1.0,30.0,1.0,624.0,,,2.0,2.0,2.0,2.0,1.0,4.0,56.0,,1.0,1.0,160.0,120.0,70.0,2.0,,,2.0,,,2.0,124.0,66.0,2.0,124.0,66.0,2.0,,,,,2.0,,,,2.0,,,,,,,,,1.0,,,,2.0,2.0,0.0,2.0,2.0,2.0,2.0,1.0,2.0,2.0,2.0,,,,,,,,,,,,,,,2.0,,,,,,,,,,,,,,,,,,,,,,,,,,,,,,,,,,,1.0,5.0,2.0,2.0,2.0,2.0,2.0,2.0,,,,,,,,,,,,,,,,,,,,,,,,,,,,,,,,,,,,,,,,,,,,,,,,,,,,,,,2.0,,,,,,2.0,,,127.0,44.0,3.28,1.14,33.15,113.0,103.0,3.0
24977.0,3.0,2.0,2.0,2.0,40.0,483.0,484.0,3.0,1.0,2.0,1.0,1.0,,,4.0,3.0,,1.0,4.0,11.0,11.0,5.0,2.0,1.0,36.0,1.0,4.0,1.0,4.0,1.0,2.0,2.0,1.0,2.0,2.0,1.0,2.0,2.0,1.0,95626.060917,100288.973175,2.0,32.0,1.0,1062.0,,,1.0,2.0,2.0,2.0,1.0,3.0,66.0,,1.0,1.0,140.0,,,2.0,102.0,66.0,2.0,116.0,66.0,1.0,102.0,68.0,1.0,109.0,67.0,2.0,,,,,2.0,,,,2.0,,,,,,,,,2.0,,,,2.0,2.0,0.0,2.0,2.0,2.0,2.0,2.0,2.0,2.0,2.0,,,,,,,,,,,,,,,2.0,,,,,,,,,,,,,,,,,,,,,,,,,,,,,,,,,,,1.0,2.0,1.0,2.0,1.0,9.0,1.0,2.0,,,3.0,,,,,,9.0,,,,,,,,,,,,,,,,,8.0,9.0,,,,,,,,,,99.0,,,,,,,,,,,,,,,,,,2.0,,,,,,2.0,,,198.0,81.0,5.12,2.09,38.17,132.0,111.0,3.0
24978.0,3.0,2.0,2.0,1.0,33.0,397.0,397.0,3.0,1.0,2.0,1.0,1.0,,,2.0,1.0,,3.0,3.0,4.0,4.0,1.08,,2.0,39.0,,,3.0,,1.0,2.0,2.0,1.0,2.0,2.0,1.0,2.0,2.0,1.0,46721.747483,51776.123354,2.0,31.0,1.0,731.0,,,1.0,2.0,2.0,2.0,1.0,3.0,56.0,,1.0,1.0,140.0,,,2.0,116.0,68.0,2.0,116.0,72.0,2.0,112.0,64.0,2.0,114.0,68.0,2.0,,,,,2.0,,,,2.0,,,,,,,,,2.0,,,,2.0,2.0,0.0,2.0,2.0,2.0,2.0,2.0,2.0,2.0,2.0,,,,,,,,,,,,,,,2.0,,,,,,,,,,,,,,,,,,,,,,,,,,,,,,,,,,,1.0,4.0,2.0,2.0,2.0,2.0,2.0,2.0,,,,,,,,,,,,,,,,,,,,,,,,,,,,,,,,,,,,,,,,,,,,,,,,,,,,,,,2.0,,,,,,2.0,,,200.0,42.0,5.17,1.09,77.69,147.0,140.0,3.0
24982.0,3.0,2.0,2.0,2.0,29.0,354.0,356.0,1.0,3.0,2.0,2.0,2.0,3.0,,3.0,2.0,,5.0,7.0,7.0,7.0,1.91,2.0,2.0,28.0,2.0,3.0,5.0,,2.0,2.0,2.0,1.0,2.0,2.0,2.0,2.0,2.0,2.0,29931.401127,30129.162484,2.0,37.0,1.0,513.0,,,1.0,2.0,2.0,2.0,1.0,3.0,74.0,,1.0,1.0,130.0,104.0,66.0,2.0,108.0,66.0,2.0,106.0,66.0,2.0,,,,107.0,66.0,2.0,,,,,2.0,,,,2.0,,,,,,,,,2.0,,,,2.0,2.0,0.0,2.0,2.0,2.0,2.0,2.0,2.0,2.0,2.0,,,,,,,,,,,,,,,2.0,,,,,,,,,,,,,,,,,,,,,,,,,,,,,,,,,,,1.0,0.0,1.0,2.0,2.0,2.0,2.0,2.0,,,3.0,,,,,,,,,,,,,,,,,,,,,,,,,,,,,,,,,,,,,,,,,,,,,,,,,,,,2.0,,,,,,2.0,,,156.0,46.0,4.03,1.19,32.38,138.0,132.0,2.0
24986.0,3.0,2.0,2.0,1.0,35.0,428.0,429.0,3.0,1.0,2.0,3.0,1.0,7.0,,3.0,2.0,,1.0,4.0,8.0,8.0,2.77,,2.0,32.0,3.0,5.0,1.0,3.0,1.0,2.0,2.0,1.0,2.0,2.0,,,,,89677.848453,96892.203332,1.0,32.0,1.0,713.0,,,1.0,2.0,2.0,2.0,1.0,5.0,58.0,,1.0,1.0,170.0,142.0,0.0,2.0,,,2.0,142.0,0.0,2.0,140.0,0.0,2.0,141.0,0.0,2.0,,,,,2.0,,,,2.0,,,,,,,,,2.0,,,,1.0,2.0,0.0,2.0,2.0,2.0,2.0,1.0,2.0,2.0,2.0,,,,34.0,,,,,,,,,,9.0,2.0,,,,,,,,,,,,,,,,,,,,,,,,,,,,,,,,,,,1.0,0.0,2.0,9.0,2.0,2.0,2.0,2.0,,,,,,,,,,,,,,,,,,,,,,,,,,,,,,,,,,,,,,,,,,,,,,,,,,,,,,,1.0,,,,,5.0,2.0,,,207.0,67.0,5.35,1.73,44.51,151.0,132.0,3.0
24995.0,3.0,2.0,1.0,2.0,28.0,338.0,339.0,3.0,1.0,2.0,1.0,1.0,,,4.0,3.0,,6.0,2.0,8.0,6.0,2.69,2.0,2.0,28.0,1.0,4.0,6.0,,1.0,2.0,2.0,1.0,2.0,2.0,1.0,2.0,2.0,1.0,66768.519757,71587.544106,2.0,42.0,1.0,687.0,,,2.0,2.0,2.0,2.0,1.0,3.0,88.0,,1.0,1.0,150.0,126.0,88.0,2.0,132.0,90.0,2.0,134.0,86.0,2.0,,,,133.0,88.0,2.0,,,,,2.0,,,,2.0,,,,,,,,,2.0,,,,2.0,2.0,0.0,2.0,2.0,2.0,2.0,2.0,2.0,2.0,2.0,,,,,,,,,,,,,,,2.0,,,,,,,,,,,,,,,,,,,,,,,,,,,,,,,,,,,1.0,0.0,2.0,2.0,2.0,2.0,2.0,2.0,,,,,,,,,,,,,,,,,,,,,,,,,,,,,,,,,,,,,,,,,,,,,,,,,,,,,,,2.0,,,,,,2.0,,,188.0,72.0,4.86,1.86,26.39,164.0,156.0,1.0
24997.0,3.0,2.0,1.0,1.0,35.0,429.0,429.0,3.0,1.0,2.0,1.0,1.0,,,5.0,3.0,,5.0,1.0,8.0,8.0,5.0,,1.0,35.0,1.0,5.0,5.0,,1.0,2.0,2.0,1.0,2.0,2.0,1.0,2.0,2.0,1.0,75709.118421,83784.762982,2.0,42.0,1.0,743.0,,,2.0,2.0,2.0,2.0,1.0,4.0,74.0,,1.0,1.0,130.0,106.0,72.0,2.0,108.0,74.0,2.0,98.0,74.0,2.0,,,,103.0,74.0,2.0,,,,,2.0,,,,2.0,,,,,,,,,1.0,,,,2.0,2.0,0.0,2.0,2.0,2.0,2.0,2.0,2.0,2.0,2.0,,,,,,,,,,,,,,,2.0,,,,,,,,,,,,,,,,,,,,,,,,,,,,,,,,,,,1.0,0.0,1.0,1.0,2.0,2.0,1.0,1.0,1.0,,,4.0,,,,,,1.0,,,,,,,,,,,,,,,,,,,,,,,,,,,,2.0,,,,,,,,,2.0,,,,,,,,2.0,,,,,,2.0,,,206.0,37.0,5.33,0.96,30.98,170.0,156.0,1.0
25001.0,3.0,2.0,2.0,1.0,45.0,542.0,543.0,3.0,1.0,2.0,1.0,1.0,,,4.0,3.0,,1.0,4.0,11.0,11.0,5.0,,1.0,45.0,1.0,4.0,1.0,3.0,1.0,2.0,2.0,1.0,2.0,2.0,,,,,78590.374314,82441.866213,2.0,29.0,1.0,1039.0,,,1.0,2.0,2.0,2.0,1.0,4.0,66.0,,1.0,1.0,140.0,112.0,68.0,2.0,108.0,72.0,2.0,116.0,66.0,2.0,,,,112.0,69.0,2.0,,,,,2.0,,,,2.0,,,,,,,,,1.0,,,,1.0,2.0,0.0,2.0,2.0,2.0,2.0,1.0,2.0,2.0,2.0,,,,34.0,,,,,,,,,,3.0,2.0,,,,,,,,,,,,,,,,,,,,,,,,,,,,,,,,,,,1.0,0.0,1.0,2.0,2.0,2.0,2.0,2.0,,2.0,,,,,,8.0,,,,,,,,,,,,,,,,,,,,,,,,,,,,,,,,,,,,,,,,,,,,,,,2.0,,,,,,2.0,,,243.0,41.0,6.28,1.06,38.17,127.0,119.0,2.0
25009.0,3.0,2.0,2.0,2.0,24.0,296.0,297.0,1.0,3.0,2.0,1.0,1.0,,,4.0,3.0,,6.0,2.0,,5.0,2.23,2.0,1.0,28.0,1.0,4.0,,,1.0,2.0,2.0,1.0,2.0,2.0,1.0,2.0,2.0,1.0,37178.698627,39691.023112,1.0,31.0,1.0,892.0,,,2.0,2.0,2.0,2.0,1.0,3.0,62.0,,1.0,1.0,130.0,110.0,72.0,2.0,112.0,64.0,2.0,110.0,62.0,2.0,,,,111.0,63.0,2.0,,,,,2.0,,,,2.0,,,,,,,,,2.0,,,,2.0,2.0,0.0,2.0,2.0,2.0,2.0,2.0,2.0,2.0,2.0,,,,,,,,,,,,,,,2.0,,,,,,,,,,,,,,,,,,,,,,,,,,,,,,,,,,,1.0,0.0,1.0,2.0,1.0,2.0,2.0,2.0,,,3.0,4.0,5.0,6.0,,,,,,,,,,,,,,,,,5.0,,,,,,,,,,,,,,,,,,,,,,,,,,,,,,,,9.0,,,,,,2.0,,,139.0,74.0,3.59,1.91,35.13,144.0,121.0,2.0
25013.0,3.0,2.0,2.0,2.0,42.0,515.0,515.0,3.0,1.0,2.0,1.0,1.0,,,3.0,2.0,,4.0,1.0,3.0,3.0,1.11,2.0,2.0,42.0,1.0,3.0,4.0,,1.0,2.0,2.0,1.0,2.0,2.0,1.0,2.0,2.0,1.0,47176.346372,47300.527263,1.0,29.0,1.0,633.0,,,1.0,2.0,2.0,2.0,1.0,4.0,92.0,,1.0,1.0,130.0,96.0,76.0,2.0,108.0,74.0,2.0,98.0,80.0,2.0,,,,103.0,77.0,2.0,,,,,2.0,,,,2.0,,,,,,,,,2.0,,,,2.0,2.0,0.0,2.0,2.0,2.0,2.0,2.0,2.0,2.0,2.0,,,,,,,,,,,,,,,2.0,,,,,,,,,,,,,,,,,,,,,,,,,,,,,,,,,,,1.0,0.0,1.0,2.0,2.0,2.0,1.0,2.0,1.0,,,,,,,,,,,,,,,,,,,,,,,,,,,,,,,,,,,,1.0,,,,,,,,,,,,,,,,,,2.0,,,,,,2.0,,,151.0,27.0,3.9,0.7,44.6,116.0,,3.0
25018.0,3.0,2.0,2.0,1.0,22.0,266.0,268.0,1.0,3.0,2.0,2.0,2.0,3.0,,3.0,2.0,,6.0,7.0,7.0,7.0,1.91,,2.0,28.0,2.0,3.0,5.0,,2.0,2.0,2.0,1.0,2.0,2.0,1.0,2.0,2.0,1.0,33741.19615,33776.317097,2.0,37.0,1.0,704.0,,,2.0,2.0,2.0,2.0,1.0,4.0,68.0,,1.0,1.0,140.0,,,2.0,108.0,60.0,2.0,114.0,46.0,2.0,108.0,52.0,2.0,111.0,49.0,2.0,,,,,2.0,,,,2.0,,,,,,,,,2.0,,,,2.0,2.0,0.0,2.0,2.0,2.0,2.0,2.0,2.0,2.0,2.0,,,,,,,,,,,,,,,2.0,,,,,,,,,,,,,,,,,,,,,,,,,,,,,,,,,,,1.0,0.0,2.0,2.0,2.0,2.0,2.0,2.0,,,,,,,,,,,,,,,,,,,,,,,,,,,,,,,,,,,,,,,,,,,,,,,,,,,,,,,2.0,,,,,,2.0,,,184.0,57.0,4.76,1.47,45.56,157.0,137.0,3.0
25026.0,3.0,2.0,2.0,2.0,20.0,249.0,251.0,3.0,1.0,2.0,1.0,1.0,,,4.0,3.0,,5.0,5.0,11.0,11.0,5.0,2.0,1.0,44.0,1.0,4.0,1.0,3.0,1.0,2.0,2.0,1.0,2.0,2.0,1.0,2.0,2.0,1.0,74434.953907,76658.549143,1.0,29.0,1.0,712.0,,,2.0,2.0,2.0,2.0,1.0,4.0,76.0,,1.0,1.0,130.0,114.0,74.0,2.0,104.0,70.0,2.0,108.0,76.0,2.0,,,,106.0,73.0,2.0,,,,,2.0,,,,2.0,,,,,,,,,1.0,,,,2.0,2.0,0.0,2.0,2.0,2.0,2.0,2.0,2.0,2.0,2.0,,,,,,,,,,,,,,,2.0,,,,,,,,,,,,,,,,,,,,,,,,,,,,,,,,,,,1.0,3.0,2.0,2.0,2.0,2.0,2.0,2.0,,,,,,,,,,,,,,,,,,,,,,,,,,,,,,,,,,,,,,,,,,,,,,,,,,,,,,,2.0,,,,,,2.0,,,,,,,37.56,135.0,,3.0
25028.0,3.0,2.0,1.0,2.0,28.0,340.0,341.0,1.0,3.0,2.0,2.0,2.0,2.0,,3.0,2.0,,1.0,2.0,2.0,2.0,0.72,2.0,2.0,28.0,2.0,3.0,1.0,3.0,2.0,2.0,2.0,2.0,2.0,2.0,2.0,2.0,2.0,2.0,31738.85815,31941.111489,2.0,35.0,1.0,741.0,,,2.0,2.0,2.0,2.0,1.0,3.0,58.0,,1.0,1.0,160.0,,,2.0,,,2.0,120.0,74.0,2.0,120.0,84.0,2.0,120.0,84.0,2.0,,,,,2.0,,,,1.0,3.0,,,,,,,,2.0,,,,2.0,2.0,0.0,2.0,2.0,2.0,2.0,2.0,2.0,2.0,2.0,,,,,,,,,,,,,,,2.0,,,,,,,,,,,,,,,,,,,,,,,,,,,,,,,,,,,2.0,,1.0,2.0,2.0,1.0,2.0,2.0,,,,,,,,,9.0,,,,,,,,,,,,,,,,,,,1.0,,3.0,,,,,,,,,,,,,,,,,,,,,,,,,2.0,,,,,,2.0,,,170.0,58.0,4.4,1.5,34.77,162.0,148.0,2.0
25029.0,3.0,2.0,1.0,2.0,40.0,491.0,492.0,2.0,5.0,2.0,3.0,2.0,1.0,,4.0,3.0,,1.0,4.0,6.0,6.0,1.41,2.0,2.0,18.0,3.0,2.0,5.0,,2.0,2.0,2.0,1.0,2.0,2.0,2.0,2.0,2.0,2.0,97043.563351,101775.595778,1.0,35.0,1.0,370.0,,,2.0,2.0,2.0,2.0,1.0,3.0,84.0,,1.0,1.0,120.0,108.0,58.0,2.0,110.0,56.0,2.0,110.0,56.0,2.0,,,,110.0,56.0,2.0,,,,,2.0,,,,2.0,,,,,,,,,2.0,,,,2.0,2.0,0.0,2.0,2.0,2.0,2.0,2.0,2.0,2.0,2.0,,,,,,,,,,,,,,,2.0,,,,,,,,,,,,,,,,,,,,,,,,,,,,,,,,,,,1.0,0.0,2.0,2.0,2.0,2.0,2.0,2.0,,,,,,,,,,,,,,,,,,,,,,,,,,,,,,,,,,,,,,,,,,,,,,,,,,,,,,,2.0,,,,,,2.0,,,222.0,49.0,5.74,1.27,31.46,149.0,138.0,2.0
25034.0,3.0,2.0,1.0,1.0,29.0,351.0,352.0,4.0,2.0,2.0,1.0,1.0,,,4.0,3.0,,1.0,3.0,11.0,11.0,5.0,,1.0,29.0,1.0,4.0,1.0,5.0,1.0,2.0,2.0,1.0,2.0,2.0,1.0,2.0,2.0,1.0,26193.579546,28731.911421,1.0,37.0,1.0,592.0,,,1.0,2.0,2.0,2.0,1.0,3.0,88.0,,1.0,1.0,140.0,120.0,68.0,2.0,,,2.0,122.0,80.0,2.0,114.0,74.0,2.0,118.0,77.0,2.0,,,,,2.0,,,,2.0,,,,,,,,,2.0,,,,2.0,2.0,0.0,2.0,2.0,2.0,2.0,2.0,2.0,2.0,2.0,,,,,,,,,,,,,,,2.0,,,,,,,,,,,,,,,,,,,,,,,,,,,,,,,,,,,1.0,0.0,1.0,2.0,2.0,2.0,1.0,2.0,,2.0,,,,,,,,,,,,,,,,,,,,,,,,,,,,,,,,,,,1.0,,,,,,,,,,,,,,,,,,2.0,,,,,,2.0,,,265.0,55.0,6.85,1.42,39.5,156.0,146.0,2.0
25041.0,3.0,2.0,2.0,2.0,24.0,288.0,289.0,3.0,1.0,2.0,1.0,1.0,,,5.0,3.0,,5.0,2.0,10.0,6.0,3.34,2.0,1.0,23.0,1.0,5.0,5.0,,1.0,2.0,2.0,1.0,2.0,2.0,1.0,2.0,2.0,1.0,72126.042184,77331.74623,1.0,36.0,1.0,660.0,,,1.0,2.0,2.0,2.0,1.0,3.0,80.0,,1.0,1.0,130.0,96.0,58.0,2.0,108.0,58.0,2.0,98.0,52.0,2.0,,,,103.0,55.0,2.0,,,,,2.0,,,,2.0,,,,,,,,,2.0,,,,1.0,2.0,0.0,2.0,2.0,2.0,2.0,2.0,2.0,2.0,2.0,,,,18.0,,,,,,,,,,2.0,2.0,,,,,,,,,,,,,,,,,,,,,,,,,,,,,,,,,,,1.0,10.0,2.0,1.0,2.0,2.0,2.0,2.0,,,,,,,,,,,,3.0,,,,,,,,,,,,,,,,,,,,,,,,,,,,,,,,,,,,,,,,,,,2.0,,,,,,2.0,,,138.0,55.0,3.57,1.42,33.36,158.0,149.0,2.0
25061.0,3.0,2.0,2.0,2.0,32.0,394.0,395.0,4.0,2.0,2.0,3.0,1.0,5.0,,4.0,3.0,,1.0,2.0,8.0,8.0,3.6,2.0,2.0,32.0,3.0,4.0,1.0,4.0,1.0,2.0,2.0,1.0,2.0,2.0,1.0,2.0,2.0,1.0,34998.529911,35750.68447,2.0,33.0,1.0,783.0,,,2.0,2.0,2.0,2.0,1.0,4.0,56.0,,1.0,1.0,180.0,148.0,98.0,2.0,152.0,100.0,2.0,144.0,100.0,2.0,,,,148.0,100.0,2.0,,,,,2.0,,,,9.0,,,,,,,,,2.0,,,,2.0,2.0,0.0,2.0,2.0,2.0,2.0,2.0,2.0,2.0,2.0,,,,,,,,,,,,,,,2.0,,,,,,,,,,,,,,,,,,,,,,,,,,,,,,,,,,,1.0,0.0,1.0,2.0,2.0,2.0,1.0,2.0,1.0,,3.0,,,,,,,,,,,,,,,,,,,,,,,,,,,,,,,,,,1.0,,,,,,,,,,,,,,,,,,9.0,,,,,,2.0,,,216.0,59.0,5.59,1.53,32.43,129.0,124.0,2.0
25105.0,3.0,2.0,2.0,1.0,36.0,436.0,438.0,4.0,2.0,2.0,1.0,1.0,,,3.0,2.0,,5.0,6.0,4.0,4.0,0.77,,1.0,51.0,1.0,3.0,1.0,,1.0,2.0,2.0,1.0,2.0,2.0,1.0,2.0,2.0,1.0,27002.702715,28436.653837,2.0,33.0,1.0,531.0,,,2.0,2.0,2.0,2.0,1.0,4.0,86.0,,1.0,1.0,140.0,118.0,66.0,2.0,112.0,62.0,2.0,114.0,58.0,2.0,,,,113.0,60.0,2.0,,,,,2.0,,,,2.0,,,,,,,,,2.0,,,,2.0,2.0,0.0,2.0,2.0,2.0,2.0,2.0,2.0,2.0,2.0,,,,,,,,,,,,,,,2.0,,,,,,,,,,,,,,,,,,,,,,,,,,,,,,,,,,,2.0,,2.0,2.0,2.0,2.0,1.0,2.0,,,,,,,,,,,,,,,,,,,,,,,,,,,,,,,,,,,,,1.0,,,,,,,,,,,,,,,,,,2.0,,,,,,2.0,,,160.0,69.0,4.14,1.78,36.4,182.0,181.0,2.0
25110.0,3.0,2.0,1.0,1.0,22.0,270.0,270.0,4.0,2.0,2.0,1.0,1.0,,,5.0,3.0,,5.0,1.0,10.0,10.0,5.0,,1.0,22.0,1.0,5.0,5.0,,1.0,2.0,2.0,1.0,2.0,2.0,1.0,2.0,2.0,1.0,25401.435382,27510.886808,1.0,38.0,1.0,722.0,,,2.0,2.0,2.0,2.0,1.0,5.0,80.0,,1.0,1.0,140.0,104.0,76.0,2.0,104.0,70.0,1.0,104.0,72.0,2.0,,,,104.0,71.0,2.0,,,,,2.0,,,,2.0,,,,,,,,,2.0,,,,2.0,2.0,0.0,2.0,2.0,2.0,2.0,2.0,2.0,2.0,2.0,,,,,,,,,,,,,,,2.0,,,,,,,,,,,,,,,,,,,,,,,,,,,,,,,,,,,1.0,0.0,2.0,2.0,2.0,2.0,2.0,2.0,,,,,,,,,,,,,,,,,,,,,,,,,,,,,,,,,,,,,,,,,,,,,,,,,,,,,,,2.0,,,,,,2.0,,,,,,,43.26,157.0,149.0,2.0
25122.0,3.0,2.0,2.0,2.0,22.0,270.0,271.0,3.0,1.0,2.0,1.0,1.0,,,5.0,3.0,,5.0,3.0,12.0,10.0,4.59,2.0,1.0,54.0,1.0,4.0,1.0,4.0,1.0,2.0,2.0,1.0,2.0,2.0,1.0,2.0,2.0,1.0,65699.068919,68772.011302,1.0,33.0,1.0,931.0,,,1.0,2.0,2.0,2.0,1.0,3.0,66.0,,1.0,1.0,130.0,108.0,68.0,2.0,106.0,76.0,2.0,,,2.0,100.0,68.0,2.0,103.0,72.0,2.0,,,,,2.0,,,,2.0,,,,,,,,,2.0,,,,2.0,2.0,0.0,2.0,2.0,2.0,2.0,2.0,2.0,2.0,2.0,,,,,,,,,,,,,,,2.0,,,,,,,,,,,,,,,,,,,,,,,,,,,,,,,,,,,1.0,1.0,1.0,2.0,1.0,2.0,2.0,2.0,,,3.0,,,,,,,,,,,,,,,,,,,,,,7.0,,,,,,,,,,,,,,,,,,,,,,,,,,,,,,2.0,,,,,,2.0,,,213.0,53.0,5.51,1.37,31.62,163.0,156.0,2.0
25130.0,3.0,2.0,2.0,1.0,38.0,460.0,461.0,3.0,1.0,2.0,1.0,1.0,,,3.0,2.0,,1.0,5.0,6.0,6.0,1.54,,1.0,38.0,1.0,3.0,1.0,3.0,1.0,2.0,2.0,1.0,2.0,2.0,1.0,2.0,2.0,1.0,104407.879699,110985.971677,2.0,32.0,1.0,664.0,,,1.0,2.0,2.0,2.0,1.0,5.0,86.0,,1.0,1.0,140.0,110.0,72.0,2.0,116.0,76.0,2.0,108.0,74.0,2.0,,,,112.0,75.0,2.0,,,,,2.0,,,,2.0,,,,,,,,,2.0,,,,2.0,2.0,0.0,2.0,2.0,2.0,2.0,2.0,2.0,2.0,2.0,,,,,,,,,,,,,,,2.0,,,,,,,,,,,,,,,,,,,,,,,,,,,,,,,,,,,1.0,3.0,1.0,2.0,2.0,2.0,2.0,1.0,,,,,5.0,,,,,,,,,,,,,,,,,,,,,,,,,,,,,,,,,,,,,,,,,1.0,,,,,,,,,1.0,,2.0,,,,2.0,,,188.0,27.0,4.86,0.7,27.0,169.0,156.0,1.0
25149.0,3.0,2.0,1.0,2.0,42.0,504.0,505.0,4.0,2.0,2.0,1.0,1.0,,,3.0,2.0,,1.0,5.0,7.0,7.0,1.86,2.0,1.0,46.0,1.0,4.0,1.0,3.0,1.0,2.0,2.0,1.0,2.0,2.0,1.0,2.0,2.0,1.0,29112.518471,30393.73077,1.0,37.0,1.0,634.0,,,2.0,2.0,2.0,2.0,1.0,5.0,80.0,,1.0,1.0,190.0,164.0,74.0,2.0,154.0,76.0,2.0,160.0,82.0,2.0,,,,157.0,79.0,2.0,,,,,2.0,,,,2.0,,,,,,,,,2.0,,,,2.0,2.0,0.0,2.0,2.0,2.0,2.0,2.0,2.0,2.0,2.0,,,,,,,,,,,,,,,2.0,,,,,,,,,,,,,,,,,,,,,,,,,,,,,,,,,,,2.0,,1.0,2.0,1.0,2.0,2.0,2.0,,,,4.0,,,,,,,,,,,,,,,,,,,,,7.0,8.0,,,,,,,,,,,,,,,,,,,,,,,,,,,,,2.0,,,,,,2.0,,,185.0,47.0,4.78,1.22,29.33,119.0,112.0,2.0
25150.0,3.0,2.0,2.0,1.0,36.0,442.0,443.0,3.0,1.0,2.0,1.0,1.0,,,3.0,2.0,,5.0,2.0,7.0,7.0,2.8,,2.0,79.0,1.0,3.0,2.0,,1.0,2.0,2.0,1.0,2.0,2.0,1.0,2.0,2.0,1.0,79930.623785,88456.562545,2.0,33.0,1.0,595.0,,,2.0,2.0,2.0,2.0,1.0,4.0,52.0,,1.0,1.0,150.0,108.0,58.0,2.0,102.0,56.0,2.0,112.0,58.0,2.0,,,,107.0,57.0,2.0,,,,,2.0,,,,2.0,,,,,,,,,2.0,,,,2.0,2.0,0.0,2.0,2.0,2.0,2.0,2.0,2.0,2.0,2.0,,,,,,,,,,,,,,,2.0,,,,,,,,,,,,,,,,,,,,,,,,,,,,,,,,,,,1.0,0.0,2.0,2.0,2.0,2.0,2.0,2.0,,,,,,,,,,,,,,,,,,,,,,,,,,,,,,,,,,,,,,,,,,,,,,,,,,,,,,,2.0,,,,,,2.0,,,198.0,62.0,5.12,1.6,35.74,169.0,152.0,2.0
25156.0,3.0,2.0,1.0,1.0,22.0,266.0,267.0,4.0,2.0,2.0,1.0,1.0,,,4.0,3.0,,5.0,7.0,9.0,6.0,2.03,,2.0,30.0,1.0,3.0,5.0,,1.0,2.0,2.0,1.0,2.0,2.0,1.0,2.0,2.0,1.0,25340.19972,27795.83342,1.0,36.0,1.0,751.0,,,1.0,2.0,2.0,2.0,1.0,4.0,52.0,,1.0,1.0,150.0,122.0,62.0,2.0,120.0,62.0,2.0,120.0,62.0,2.0,,,,120.0,62.0,2.0,,,,,2.0,,,,2.0,,,,,,,,,1.0,,,,2.0,2.0,0.0,2.0,2.0,2.0,2.0,2.0,2.0,2.0,2.0,,,,,,,,,,,,,,,2.0,,,,,,,,,,,,,,,,,,,,,,,,,,,,,,,,,,,1.0,0.0,2.0,2.0,1.0,2.0,1.0,2.0,,,,,,,,,,,,,,,,,,,,,,,,,7.0,,,,,,,,,,,,,2.0,,,,,,,,,,,,,,,,,2.0,,,,,,2.0,,,153.0,60.0,3.96,1.55,45.13,157.0,140.0,3.0
25166.0,3.0,2.0,2.0,2.0,31.0,383.0,384.0,2.0,5.0,2.0,1.0,1.0,,,4.0,3.0,,1.0,6.0,7.0,7.0,1.39,2.0,1.0,34.0,1.0,2.0,1.0,4.0,1.0,2.0,2.0,1.0,2.0,2.0,1.0,2.0,2.0,1.0,40734.717037,43086.621337,2.0,29.0,1.0,499.0,,,1.0,2.0,2.0,2.0,1.0,4.0,74.0,,1.0,1.0,130.0,104.0,68.0,2.0,100.0,70.0,2.0,98.0,72.0,2.0,,,,99.0,71.0,1.0,20.0,1.0,2.0,,1.0,,,,2.0,,,,,,,,,2.0,,,,2.0,2.0,0.0,2.0,2.0,2.0,2.0,2.0,2.0,2.0,2.0,,,,,,,,,,,,,,,2.0,,,,,,,,,,,,,,,,,,,,,,,,,,,,,,,,,,,1.0,1.0,1.0,1.0,1.0,2.0,2.0,1.0,,,3.0,,,,,,,,2.0,,,,,,,,,2.0,,,,,,,,,,,,,,,,,,,,,,,,,,,,,,,,7.0,,,2.0,,,,,,2.0,,,159.0,56.0,4.11,1.45,37.34,136.0,129.0,3.0
25174.0,3.0,2.0,2.0,1.0,25.0,308.0,309.0,4.0,2.0,2.0,1.0,1.0,,,5.0,3.0,,5.0,3.0,7.0,1.0,0.06,,2.0,24.0,1.0,5.0,5.0,,1.0,2.0,2.0,1.0,2.0,2.0,1.0,2.0,2.0,1.0,25340.19972,27795.83342,1.0,36.0,1.0,731.0,,,2.0,2.0,2.0,2.0,1.0,4.0,64.0,,1.0,1.0,140.0,112.0,64.0,2.0,108.0,74.0,2.0,116.0,74.0,2.0,,,,112.0,74.0,2.0,,,,,2.0,,,,2.0,,,,,,,,,2.0,,,,2.0,2.0,0.0,2.0,2.0,2.0,2.0,2.0,2.0,2.0,2.0,,,,,,,,,,,,,,,2.0,,,,,,,,,,,,,,,,,,,,,,,,,,,,,,,,,,,1.0,0.0,1.0,1.0,2.0,1.0,2.0,2.0,,,,4.0,,,,,,,,,4.0,,,,,,,,,,,,,,,,,3.0,,,,,,,,,,,,,,,,,,,,,,,,,1.0,1.0,,,,,2.0,,,168.0,91.0,4.34,2.35,41.75,149.0,132.0,2.0
25198.0,3.0,2.0,1.0,1.0,32.0,393.0,394.0,3.0,1.0,2.0,1.0,1.0,,,3.0,2.0,,1.0,3.0,6.0,6.0,1.91,,2.0,30.0,1.0,4.0,1.0,3.0,1.0,2.0,2.0,1.0,2.0,2.0,1.0,2.0,2.0,1.0,95919.263547,101962.540547,2.0,39.0,1.0,648.0,,,2.0,2.0,2.0,2.0,1.0,5.0,62.0,,1.0,1.0,160.0,122.0,68.0,2.0,126.0,68.0,2.0,126.0,64.0,2.0,,,,126.0,66.0,2.0,,,,,2.0,,,,2.0,,,,,,,,,1.0,,,,2.0,2.0,0.0,2.0,2.0,2.0,2.0,1.0,2.0,2.0,2.0,,,,,,,,,,,,,,,2.0,,,,,,,,,,,,,,,,,,,,,,,,,,,,,,,,,,,1.0,2.0,2.0,2.0,2.0,2.0,1.0,1.0,,,,,,,,,,,,,,,,,,,,,,,,,,,,,,,,,,,,,,,,,,,,,9.0,,2.0,,,,,,,,1.0,,2.0,,,,2.0,,,171.0,67.0,4.42,1.73,31.6,169.0,,1.0
25199.0,3.0,2.0,2.0,1.0,37.0,450.0,451.0,4.0,2.0,2.0,1.0,1.0,,,1.0,1.0,,5.0,3.0,6.0,6.0,1.64,,1.0,73.0,1.0,4.0,1.0,1.0,1.0,2.0,2.0,1.0,2.0,2.0,1.0,2.0,2.0,1.0,25166.897986,26503.360561,1.0,33.0,1.0,632.0,,,2.0,2.0,2.0,2.0,1.0,4.0,72.0,,1.0,1.0,140.0,126.0,54.0,2.0,116.0,62.0,2.0,116.0,60.0,2.0,,,,116.0,61.0,2.0,,,,,2.0,,,,2.0,,,,,,,,,2.0,,,,2.0,2.0,0.0,2.0,2.0,2.0,2.0,2.0,2.0,2.0,2.0,,,,,,,,,,,,,,,2.0,,,,,,,,,,,,,,,,,,,,,,,,,,,,,,,,,,,1.0,10.0,2.0,2.0,2.0,2.0,2.0,2.0,,,,,,,,,,,,,,,,,,,,,,,,,,,,,,,,,,,,,,,,,,,,,,,,,,,,,,,2.0,,,,,,2.0,,,179.0,57.0,4.63,1.47,34.59,150.0,,1.0
25201.0,3.0,2.0,2.0,2.0,20.0,251.0,252.0,4.0,2.0,2.0,1.0,1.0,,,4.0,3.0,,5.0,7.0,2.0,2.0,0.29,2.0,2.0,39.0,1.0,2.0,5.0,,1.0,2.0,2.0,1.0,2.0,2.0,1.0,2.0,2.0,1.0,27010.103309,29211.715508,2.0,41.0,1.0,560.0,,,2.0,2.0,2.0,2.0,1.0,4.0,72.0,,1.0,1.0,130.0,104.0,66.0,2.0,110.0,64.0,2.0,,,2.0,,,2.0,110.0,64.0,2.0,,,,,1.0,,,,2.0,,,,,,,,,2.0,,,,2.0,2.0,0.0,2.0,2.0,2.0,2.0,2.0,2.0,2.0,2.0,,,,,,,,,,,,,,,2.0,,,,,,,,,,,,,,,,,,,,,,,,,,,,,,,,,,,1.0,0.0,2.0,2.0,1.0,2.0,2.0,2.0,,,,,,,,,,,,,,,,,,,1.0,,,,,,7.0,8.0,9.0,,,,,,,,,,,,,,,,,,,,,,,,,,,,2.0,,,,,,2.0,,,190.0,55.0,4.91,1.42,31.34,148.0,133.0,2.0
25220.0,3.0,2.0,2.0,2.0,30.0,367.0,369.0,4.0,2.0,2.0,1.0,1.0,,,4.0,3.0,,5.0,2.0,2.0,2.0,0.74,2.0,2.0,30.0,1.0,4.0,5.0,,1.0,2.0,2.0,1.0,2.0,2.0,,,,,31439.159009,32114.81901,1.0,41.0,1.0,767.0,,,2.0,2.0,2.0,2.0,1.0,3.0,62.0,,1.0,1.0,160.0,142.0,70.0,2.0,,,2.0,,,2.0,128.0,66.0,2.0,128.0,66.0,2.0,,,,,2.0,,,,2.0,,,,,,,,,2.0,,,,2.0,2.0,0.0,2.0,2.0,2.0,2.0,2.0,2.0,2.0,1.0,,,1.0,,,,,,,,,,25.0,,2.0,,,,,,,,,,,,,,,,,,,,,,,,,,,,,,,,,,,2.0,,1.0,2.0,2.0,2.0,1.0,2.0,1.0,,3.0,,,,,,9.0,,,,,,,,,,,,,,,,,,,,,,,,,,,,1.0,,3.0,,,,,,9.0,,,,,,,,,,2.0,,,,,,2.0,,,176.0,51.0,4.55,1.32,31.18,153.0,,2.0
25221.0,3.0,2.0,2.0,1.0,27.0,335.0,335.0,3.0,1.0,2.0,1.0,1.0,,,3.0,2.0,,1.0,4.0,7.0,7.0,1.96,,1.0,27.0,1.0,3.0,1.0,3.0,1.0,2.0,2.0,1.0,2.0,2.0,1.0,2.0,2.0,1.0,73404.22245,75005.653867,2.0,30.0,1.0,735.0,,,2.0,2.0,2.0,2.0,1.0,4.0,82.0,,1.0,1.0,120.0,102.0,50.0,2.0,100.0,50.0,2.0,100.0,54.0,2.0,,,,100.0,52.0,2.0,,,,,2.0,,,,2.0,,,,,,,,,2.0,,,,2.0,2.0,0.0,2.0,2.0,2.0,2.0,2.0,2.0,2.0,2.0,,,,,,,,,,,,,,,2.0,,,,,,,,,,,,,,,,,,,,,,,,,,,,,,,,,,,1.0,0.0,1.0,2.0,2.0,2.0,2.0,2.0,,,,,5.0,,,,,,,,,,,,,,,,,,,,,,,,,,,,,,,,,,,,,,,,,,,,,,,,,,2.0,,,,,,2.0,,,193.0,43.0,4.99,1.11,41.39,156.0,149.0,2.0
25233.0,3.0,2.0,1.0,1.0,37.0,451.0,452.0,3.0,1.0,2.0,1.0,1.0,,,5.0,3.0,,1.0,3.0,11.0,11.0,5.0,,2.0,40.0,1.0,5.0,1.0,5.0,1.0,2.0,2.0,1.0,2.0,2.0,1.0,2.0,2.0,1.0,61810.09552,66782.560537,2.0,32.0,1.0,663.0,,,1.0,2.0,2.0,2.0,1.0,4.0,62.0,,1.0,1.0,150.0,,,2.0,110.0,60.0,2.0,,,2.0,110.0,58.0,2.0,110.0,58.0,1.0,5.0,2.0,,,2.0,,,,2.0,,,,,,,,,2.0,,,,2.0,2.0,0.0,2.0,2.0,2.0,2.0,2.0,2.0,2.0,2.0,,,,,,,,,,,,,,,2.0,,,,,,,,,,,,,,,,,,,,,,,,,,,,,,,,,,,1.0,2.0,1.0,2.0,1.0,2.0,2.0,2.0,1.0,,,,,,,,,,,,,,,,,,1.0,,,,,,,,,,,,,,,,,,,,,,,,,,,,,,,,,,,,2.0,,,,,,2.0,,,143.0,48.0,3.7,1.24,40.33,136.0,124.0,2.0
25239.0,3.0,2.0,2.0,1.0,46.0,561.0,562.0,3.0,1.0,2.0,1.0,1.0,,,3.0,2.0,,6.0,3.0,7.0,5.0,1.76,,2.0,47.0,1.0,5.0,6.0,,1.0,2.0,2.0,1.0,2.0,2.0,1.0,2.0,2.0,1.0,121691.680591,125594.466776,2.0,32.0,1.0,654.0,,,2.0,2.0,2.0,2.0,1.0,4.0,70.0,,1.0,1.0,190.0,,,2.0,154.0,90.0,2.0,166.0,96.0,2.0,152.0,86.0,2.0,159.0,91.0,2.0,,,,,2.0,,,,2.0,,,,,,,,,2.0,,,,2.0,2.0,0.0,2.0,2.0,2.0,2.0,2.0,2.0,2.0,2.0,,,,,,,,,,,,,,,2.0,,,,,,,,,,,,,,,,,,,,,,,,,,,,,,,,,,,1.0,0.0,9.0,9.0,9.0,9.0,9.0,9.0,,,,,,,,,,,,,,,,,,,,,,,,,,,,,,,,,,,,,,,,,,,,,,,,,,,,,,,9.0,,,,,,9.0,,,174.0,95.0,4.5,2.46,32.72,145.0,132.0,1.0
25248.0,3.0,2.0,2.0,1.0,38.0,460.0,461.0,1.0,3.0,2.0,1.0,1.0,,,2.0,1.0,,3.0,2.0,6.0,6.0,2.28,,1.0,39.0,1.0,4.0,5.0,,1.0,2.0,2.0,1.0,2.0,2.0,1.0,2.0,2.0,1.0,34940.121491,37180.005942,1.0,32.0,1.0,559.0,,,2.0,2.0,2.0,2.0,1.0,4.0,68.0,,1.0,1.0,130.0,98.0,56.0,2.0,100.0,50.0,2.0,96.0,50.0,2.0,,,,98.0,50.0,2.0,,,,,2.0,,,,2.0,,,,,,,,,2.0,,,,2.0,2.0,0.0,2.0,2.0,2.0,2.0,2.0,2.0,2.0,2.0,,,,,,,,,,,,,,,2.0,,,,,,,,,,,,,,,,,,,,,,,,,,,,,,,,,,,1.0,2.0,2.0,2.0,1.0,2.0,2.0,2.0,,,,,,,,,,,,,,,,,,,1.0,,,,,,,,,,,,,,,,,,,,,,,,,,,,,,,,,,,,2.0,,,,,,2.0,,,149.0,57.0,3.85,1.47,49.4,122.0,103.0,3.0
25254.0,3.0,2.0,1.0,1.0,42.0,511.0,512.0,4.0,2.0,2.0,1.0,1.0,,,5.0,3.0,,1.0,5.0,11.0,11.0,4.09,,1.0,42.0,1.0,5.0,1.0,5.0,1.0,2.0,2.0,1.0,2.0,2.0,1.0,2.0,2.0,1.0,32056.538109,33545.195408,2.0,36.0,1.0,613.0,,,2.0,2.0,2.0,2.0,1.0,4.0,66.0,,1.0,1.0,140.0,122.0,78.0,2.0,122.0,76.0,2.0,114.0,80.0,2.0,,,,118.0,78.0,2.0,,,,,2.0,,,,2.0,,,,,,,,,2.0,,,,2.0,2.0,0.0,2.0,2.0,2.0,2.0,2.0,2.0,2.0,2.0,,,,,,,,,,,,,,,2.0,,,,,,,,,,,,,,,,,,,,,,,,,,,,,,,,,,,1.0,0.0,1.0,2.0,2.0,2.0,1.0,2.0,1.0,2.0,,,,,,,,,,,,,,,,,,,,,,,,,,,,,,,,,,,,2.0,,,,,,,9.0,,,,,,,,,,2.0,,,,,,2.0,,,279.0,36.0,7.21,0.93,29.47,144.0,,1.0
25262.0,3.0,2.0,2.0,1.0,26.0,314.0,315.0,2.0,5.0,2.0,3.0,2.0,4.0,,3.0,2.0,,5.0,6.0,10.0,10.0,2.58,,1.0,23.0,3.0,3.0,5.0,,1.0,2.0,2.0,1.0,2.0,2.0,1.0,2.0,2.0,1.0,65324.140175,67844.633415,2.0,41.0,1.0,686.0,,,1.0,2.0,2.0,2.0,1.0,4.0,58.0,,1.0,1.0,170.0,144.0,74.0,2.0,146.0,70.0,2.0,136.0,68.0,2.0,,,,141.0,69.0,2.0,,,,,2.0,,,,2.0,,,,,,,,,2.0,,,,2.0,2.0,0.0,2.0,2.0,2.0,2.0,2.0,2.0,2.0,2.0,,,,,,,,,,,,,,,2.0,,,,,,,,,,,,,,,,,,,,,,,,,,,,,,,,,,,1.0,0.0,2.0,2.0,1.0,2.0,2.0,2.0,,,,,,,,,,,,,,,,,,,,,,,,,7.0,,,,,,,,,,,,,,,,,,,,,,,,,,,,,,2.0,,,,,,2.0,,,217.0,39.0,5.61,1.01,45.04,158.0,142.0,3.0
25263.0,3.0,2.0,2.0,2.0,20.0,246.0,247.0,1.0,3.0,2.0,2.0,2.0,2.0,,2.0,1.0,,1.0,7.0,7.0,3.0,0.64,2.0,1.0,38.0,2.0,1.0,1.0,1.0,2.0,2.0,2.0,2.0,2.0,2.0,2.0,2.0,2.0,2.0,25551.042492,27337.664233,2.0,41.0,1.0,576.0,,,2.0,2.0,2.0,2.0,1.0,3.0,74.0,,1.0,1.0,140.0,110.0,48.0,2.0,,,2.0,,,2.0,,,2.0,110.0,48.0,2.0,,,,,2.0,,,,2.0,,,,,,,,,2.0,,,,2.0,2.0,0.0,2.0,2.0,2.0,2.0,2.0,2.0,2.0,2.0,,,,,,,,,,,,,,,2.0,,,,,,,,,,,,,,,,,,,,,,,,,,,,,,,,,,,2.0,,1.0,2.0,2.0,2.0,2.0,2.0,,,3.0,,,,,,,,,,,,,,,,,,,,,,,,,,,,,,,,,,,,,,,,,,,,,,,,,,,,2.0,,,,,,2.0,,,163.0,54.0,4.22,1.4,29.08,159.0,153.0,1.0
25265.0,3.0,2.0,2.0,1.0,23.0,286.0,287.0,4.0,2.0,2.0,1.0,1.0,,,3.0,2.0,,5.0,1.0,8.0,8.0,5.0,,1.0,23.0,1.0,3.0,5.0,,1.0,2.0,2.0,1.0,2.0,2.0,1.0,2.0,2.0,1.0,23090.402645,25007.935339,1.0,30.0,1.0,580.0,,,2.0,2.0,2.0,2.0,1.0,3.0,70.0,,1.0,1.0,130.0,110.0,68.0,2.0,118.0,80.0,2.0,,,2.0,,,2.0,118.0,80.0,2.0,,,,,2.0,,,,2.0,,,,,,,,,2.0,,,,2.0,2.0,0.0,2.0,2.0,2.0,2.0,2.0,2.0,2.0,2.0,,,,,,,,,,,,,,,2.0,,,,,,,,,,,,,,,,,,,,,,,,,,,,,,,,,,,1.0,1.0,2.0,2.0,1.0,2.0,2.0,2.0,,,,,,,,,,,,,,,,,,,,,,,,,,8.0,,,,,,,,,,,,,,,,,,,,,,,,,,,,,2.0,,,,,,2.0,,,145.0,53.0,3.75,1.37,41.55,155.0,145.0,2.0
25266.0,3.0,2.0,1.0,1.0,38.0,467.0,468.0,3.0,1.0,2.0,1.0,1.0,,,5.0,3.0,,5.0,2.0,12.0,9.0,5.0,,1.0,38.0,1.0,5.0,5.0,,1.0,2.0,2.0,1.0,2.0,2.0,1.0,2.0,2.0,1.0,61810.09552,68403.176672,1.0,43.0,1.0,626.0,,,2.0,2.0,2.0,2.0,1.0,4.0,74.0,,1.0,1.0,140.0,,,2.0,104.0,70.0,2.0,,,2.0,102.0,70.0,2.0,102.0,70.0,2.0,,,,,2.0,,,,2.0,,,,,,,,,2.0,,,,2.0,2.0,0.0,2.0,2.0,2.0,2.0,2.0,2.0,2.0,2.0,,,,,,,,,,,,,,,2.0,,,,,,,,,,,,,,,,,,,,,,,,,,,,,,,,,,,1.0,0.0,1.0,2.0,2.0,2.0,9.0,2.0,,,,,,,,,9.0,,,,,,,,,,,,,,,,,,,,,,,,,,,,,,,,,,,,,,,,,,,,,,2.0,,,,,,2.0,,,175.0,45.0,4.53,1.16,40.09,171.0,,2.0
25273.0,3.0,2.0,2.0,1.0,25.0,301.0,302.0,4.0,2.0,2.0,1.0,1.0,,,4.0,3.0,,5.0,3.0,11.0,6.0,2.15,,2.0,24.0,1.0,4.0,5.0,,1.0,2.0,2.0,1.0,2.0,2.0,,,,,41108.60943,45092.306789,1.0,42.0,1.0,565.0,,,2.0,2.0,2.0,1.0,1.0,4.0,66.0,,1.0,1.0,150.0,120.0,68.0,2.0,120.0,64.0,2.0,120.0,68.0,2.0,,,,120.0,66.0,2.0,,,,,2.0,,,,2.0,,,,,,,,,2.0,,,,2.0,2.0,0.0,2.0,2.0,2.0,2.0,2.0,2.0,2.0,2.0,,,,,,,,,,,,,,,2.0,,,,,,,,,,,,,,,,,,,,,,,,,,,,,,,,,,,2.0,,2.0,2.0,2.0,2.0,2.0,2.0,,,,,,,,,,,,,,,,,,,,,,,,,,,,,,,,,,,,,,,,,,,,,,,,,,,,,,,2.0,,,,,,2.0,,,166.0,47.0,4.29,1.22,60.45,124.0,114.0,3.0
25277.0,3.0,2.0,2.0,2.0,22.0,269.0,270.0,3.0,1.0,2.0,1.0,1.0,,,3.0,2.0,,1.0,4.0,6.0,6.0,1.75,2.0,2.0,22.0,1.0,3.0,1.0,3.0,1.0,2.0,2.0,1.0,2.0,2.0,1.0,2.0,2.0,1.0,79227.699186,81594.468092,2.0,33.0,1.0,567.0,,,2.0,2.0,2.0,2.0,1.0,4.0,72.0,,1.0,1.0,130.0,106.0,74.0,2.0,104.0,76.0,2.0,100.0,72.0,2.0,,,,102.0,74.0,2.0,,,,,1.0,,,,2.0,,,,,,,,,1.0,,,,2.0,2.0,0.0,2.0,2.0,2.0,2.0,2.0,2.0,2.0,2.0,,,,,,,,,,,,,,,2.0,,,,,,,,,,,,,,,,,,,,,,,,,,,,,,,,,,,2.0,,2.0,2.0,2.0,2.0,1.0,2.0,,,,,,,,,,,,,,,,,,,,,,,,,,,,,,,,,,,,,,,,4.0,,,,,,,,,,,,,,,2.0,,,,,,2.0,,,194.0,64.0,5.02,1.66,27.2,165.0,157.0,1.0
25279.0,3.0,2.0,2.0,1.0,20.0,240.0,241.0,4.0,2.0,2.0,1.0,1.0,,,4.0,3.0,,5.0,1.0,1.0,1.0,0.13,,1.0,20.0,1.0,4.0,5.0,,1.0,2.0,2.0,1.0,2.0,2.0,1.0,2.0,2.0,1.0,27835.240364,29026.028195,2.0,31.0,1.0,653.0,,,1.0,2.0,2.0,2.0,1.0,3.0,80.0,,1.0,1.0,120.0,90.0,60.0,2.0,,,2.0,,,2.0,,,2.0,90.0,60.0,2.0,,,,,2.0,,,,2.0,,,,,,,,,2.0,,,,2.0,2.0,0.0,2.0,2.0,2.0,2.0,2.0,2.0,2.0,2.0,,,,,,,,,,,,,,,2.0,,,,,,,,,,,,,,,,,,,,,,,,,,,,,,,,,,,2.0,,1.0,2.0,1.0,2.0,9.0,2.0,,,,,5.0,,,,,,,,,,,,,,,,,,,,,8.0,9.0,,,,,,,,,,,,,,,,,,,,,,,,,,,,2.0,,,,,,2.0,,,145.0,76.0,3.75,1.97,51.94,153.0,135.0,3.0
25302.0,3.0,2.0,1.0,1.0,28.0,347.0,348.0,1.0,3.0,2.0,2.0,2.0,6.0,,3.0,2.0,,1.0,5.0,7.0,7.0,1.62,,1.0,28.0,2.0,3.0,1.0,2.0,1.0,2.0,2.0,1.0,2.0,2.0,1.0,2.0,2.0,1.0,31324.793653,31357.399385,1.0,40.0,1.0,687.0,,,1.0,2.0,2.0,2.0,1.0,4.0,70.0,,1.0,1.0,140.0,114.0,74.0,2.0,112.0,74.0,2.0,116.0,72.0,2.0,,,,114.0,73.0,2.0,,,,,2.0,,,,2.0,,,,,,,,,2.0,,,,2.0,2.0,0.0,2.0,2.0,2.0,2.0,1.0,2.0,2.0,2.0,,,,,,,,,,,,,,,2.0,,,,,,,,,,,,,,,,,,,,,,,,,,,,,,,,,,,1.0,0.0,1.0,2.0,2.0,9.0,9.0,2.0,,2.0,,,,,,,,,,,,,,,,,,,,,,,,,,,,,,,,,,,,,,,,,,,,,,,,,,,,,9.0,,,,,,2.0,,,160.0,28.0,4.14,0.72,33.08,170.0,168.0,1.0
25326.0,3.0,2.0,2.0,2.0,20.0,249.0,250.0,5.0,2.0,2.0,1.0,1.0,,,4.0,3.0,,5.0,2.0,5.0,3.0,1.42,2.0,2.0,24.0,1.0,4.0,5.0,,1.0,2.0,2.0,1.0,2.0,2.0,1.0,2.0,2.0,1.0,29055.483783,29901.392729,2.0,33.0,1.0,679.0,,,1.0,2.0,2.0,2.0,1.0,5.0,86.0,,1.0,1.0,140.0,124.0,66.0,2.0,124.0,68.0,2.0,124.0,70.0,2.0,,,,124.0,69.0,1.0,4.0,1.0,2.0,,2.0,,,,2.0,,,,,,,,,2.0,,,,2.0,2.0,0.0,2.0,2.0,2.0,2.0,1.0,2.0,2.0,2.0,,,,,,,,,,,,,,,2.0,,,,,,,,,,,,,,,,,,,,,,,,,,,,,,,,,,,1.0,3.0,1.0,2.0,1.0,2.0,1.0,2.0,,,,,,,,,9.0,,,,,,,,,,,,,,,,,,9.0,,,,,,,,,,,,3.0,,,,,,,,,,,,,,,,2.0,,,,,,2.0,,,,,,,25.16,162.0,157.0,1.0
25355.0,3.0,2.0,1.0,2.0,20.0,246.0,247.0,3.0,1.0,2.0,1.0,1.0,,,4.0,3.0,,5.0,3.0,3.0,2.0,0.54,2.0,2.0,20.0,1.0,4.0,5.0,,1.0,2.0,2.0,1.0,2.0,2.0,1.0,2.0,2.0,1.0,59553.080946,62338.557049,2.0,40.0,1.0,642.0,,,2.0,2.0,2.0,2.0,1.0,4.0,54.0,,1.0,1.0,130.0,108.0,56.0,2.0,104.0,60.0,2.0,98.0,62.0,2.0,,,,101.0,61.0,2.0,,,,,2.0,,,,2.0,,,,,,,,,2.0,,,,2.0,2.0,0.0,2.0,2.0,2.0,2.0,2.0,2.0,2.0,2.0,,,,,,,,,,,,,,,2.0,,,,,,,,,,,,,,,,,,,,,,,,,,,,,,,,,,,1.0,2.0,2.0,2.0,2.0,1.0,1.0,2.0,,,,,,,,,,,,,,,,,,,,,,,,,,,,,,3.0,,,,,,,1.0,,,,,,,,,,,,,,,,,,2.0,,,,,,2.0,,,159.0,70.0,4.11,1.81,47.21,138.0,120.0,3.0
25356.0,3.0,2.0,2.0,2.0,25.0,307.0,308.0,3.0,1.0,2.0,1.0,1.0,,,3.0,2.0,,5.0,3.0,6.0,4.0,1.28,2.0,1.0,21.0,1.0,4.0,5.0,,1.0,2.0,2.0,1.0,2.0,2.0,1.0,2.0,2.0,1.0,70491.501482,73788.600301,2.0,33.0,1.0,621.0,,,2.0,2.0,2.0,2.0,1.0,3.0,64.0,,1.0,1.0,140.0,108.0,62.0,2.0,110.0,64.0,2.0,108.0,62.0,2.0,,,,109.0,63.0,2.0,,,,,2.0,,,,2.0,,,,,,,,,2.0,,,,2.0,2.0,0.0,2.0,2.0,2.0,2.0,2.0,2.0,2.0,1.0,,,2.0,,,,,,,,,,21.0,,2.0,,,,,,,,,,,,,,,,,,,,,,,,,,,,,,,,,,,1.0,8.0,1.0,2.0,9.0,9.0,2.0,1.0,,,,,,,,,9.0,,,,,,,,,,,,,,,,,,,,,,,,,,,,,,,,,,,,,,,,,,,,,9.0,2.0,,,,,,2.0,,,207.0,65.0,5.35,1.68,39.01,133.0,129.0,3.0
25367.0,3.0,2.0,2.0,1.0,32.0,387.0,388.0,4.0,2.0,2.0,1.0,1.0,,,2.0,1.0,,1.0,5.0,2.0,2.0,0.46,,1.0,32.0,1.0,2.0,1.0,3.0,1.0,2.0,2.0,1.0,2.0,2.0,1.0,2.0,2.0,1.0,25175.844535,26512.782207,1.0,30.0,1.0,604.0,,,2.0,2.0,2.0,2.0,1.0,4.0,60.0,,1.0,1.0,150.0,,,2.0,,,2.0,,,2.0,118.0,72.0,2.0,118.0,72.0,2.0,,,,,2.0,,,,2.0,,,,,,,,,1.0,,,,2.0,2.0,0.0,2.0,2.0,2.0,2.0,2.0,2.0,2.0,2.0,,,,,,,,,,,,,,,2.0,,,,,,,,,,,,,,,,,,,,,,,,,,,,,,,,,,,1.0,0.0,1.0,1.0,2.0,2.0,2.0,2.0,,,3.0,,,,,,9.0,,,,4.0,,,,,,,,,,,,,,,,,,,,,,,,,,,,,,,,,,,,,,,,,,2.0,,,,,,2.0,,,237.0,67.0,6.13,1.73,49.4,152.0,133.0,3.0
25373.0,3.0,2.0,1.0,1.0,28.0,342.0,342.0,1.0,3.0,2.0,2.0,2.0,3.0,,3.0,2.0,,1.0,5.0,6.0,6.0,1.27,,2.0,35.0,2.0,1.0,1.0,3.0,2.0,2.0,2.0,1.0,2.0,2.0,2.0,2.0,2.0,2.0,26176.488723,26203.735625,2.0,40.0,1.0,680.0,,,1.0,2.0,2.0,2.0,1.0,4.0,78.0,,1.0,1.0,120.0,102.0,70.0,2.0,110.0,72.0,2.0,,,2.0,,,2.0,110.0,72.0,2.0,,,,,2.0,,,,2.0,,,,,,,,,2.0,,,,2.0,2.0,0.0,2.0,2.0,2.0,2.0,2.0,2.0,2.0,2.0,,,,,,,,,,,,,,,2.0,,,,,,,,,,,,,,,,,,,,,,,,,,,,,,,,,,,1.0,0.0,1.0,2.0,2.0,2.0,1.0,2.0,,2.0,3.0,,,,,,,,,,,,,,,,,,,,,,,,,,,,,,,,,,,,3.0,,,,,,,,,,,,,,,,1.0,,2.0,,,,2.0,,,211.0,40.0,5.46,1.03,35.96,174.0,,1.0
25374.0,3.0,2.0,1.0,1.0,41.0,501.0,502.0,4.0,2.0,2.0,1.0,1.0,,,2.0,1.0,,5.0,2.0,8.0,8.0,3.71,,2.0,72.0,1.0,5.0,5.0,,1.0,2.0,2.0,1.0,2.0,2.0,1.0,2.0,2.0,1.0,25537.235547,26385.434696,1.0,36.0,1.0,648.0,,,2.0,2.0,2.0,2.0,1.0,4.0,64.0,,1.0,1.0,140.0,116.0,72.0,2.0,116.0,66.0,2.0,120.0,64.0,2.0,,,,118.0,65.0,2.0,,,,,2.0,,,,1.0,3.0,,,,,,,,2.0,,,,2.0,2.0,0.0,2.0,2.0,2.0,2.0,2.0,2.0,2.0,2.0,,,,,,,,,,,,,,,2.0,,,,,,,,,,,,,,,,,,,,,,,,,,,,,,,,,,,1.0,2.0,2.0,2.0,2.0,2.0,2.0,2.0,,,,,,,,,,,,,,,,,,,,,,,,,,,,,,,,,,,,,,,,,,,,,,,,,,,,,,,2.0,,,,,,2.0,,,187.0,53.0,4.84,1.37,44.26,131.0,114.0,3.0
25375.0,3.0,2.0,1.0,2.0,37.0,454.0,455.0,1.0,3.0,2.0,2.0,2.0,1.0,,2.0,1.0,,1.0,5.0,3.0,3.0,0.59,2.0,2.0,37.0,2.0,2.0,1.0,2.0,2.0,2.0,2.0,2.0,2.0,2.0,2.0,2.0,2.0,2.0,25657.767389,26426.138546,2.0,42.0,1.0,644.0,,,1.0,2.0,2.0,2.0,1.0,3.0,68.0,,1.0,1.0,140.0,106.0,66.0,2.0,106.0,68.0,2.0,100.0,64.0,2.0,,,,103.0,66.0,2.0,,,,,2.0,,,,2.0,,,,,,,,,2.0,,,,2.0,2.0,0.0,2.0,2.0,2.0,2.0,2.0,2.0,2.0,2.0,,,,,,,,,,,,,,,2.0,,,,,,,,,,,,,,,,,,,,,,,,,,,,,,,,,,,2.0,,2.0,2.0,1.0,1.0,2.0,2.0,,,,,,,,,,,,,,,,,,,,,,,,,7.0,,,1.0,,,,,,,,,,,,,,,,,,,,,,,,,,,2.0,,,,,,2.0,,,180.0,67.0,4.65,1.73,33.55,142.0,135.0,2.0
25392.0,3.0,2.0,2.0,2.0,37.0,454.0,455.0,3.0,1.0,2.0,1.0,1.0,,,4.0,3.0,,6.0,2.0,8.0,5.0,2.47,2.0,2.0,37.0,1.0,4.0,6.0,,1.0,2.0,2.0,1.0,2.0,2.0,1.0,2.0,2.0,1.0,77917.127287,84415.825715,2.0,31.0,1.0,715.0,,,2.0,2.0,2.0,2.0,1.0,4.0,66.0,,1.0,1.0,140.0,104.0,66.0,2.0,106.0,70.0,2.0,108.0,68.0,2.0,,,,107.0,69.0,2.0,,,,,2.0,,,,2.0,,,,,,,,,2.0,,,,2.0,2.0,0.0,2.0,2.0,2.0,2.0,2.0,2.0,2.0,2.0,,,,,,,,,,,,,,,2.0,,,,,,,,,,,,,,,,,,,,,,,,,,,,,,,,,,,1.0,3.0,2.0,1.0,2.0,2.0,1.0,2.0,,,,,,,,,,,,,,5.0,,,,,,,,,,,,,,,,,,,,,,,1.0,,,,,,,,,,,,,,,,,,2.0,,,,,,2.0,,,194.0,47.0,5.02,1.22,28.29,142.0,128.0,1.0
25415.0,3.0,2.0,2.0,1.0,28.0,347.0,348.0,3.0,1.0,2.0,1.0,1.0,,,3.0,2.0,,6.0,4.0,7.0,7.0,2.55,,2.0,25.0,1.0,3.0,,,1.0,2.0,2.0,1.0,2.0,2.0,1.0,2.0,2.0,1.0,48016.251375,49063.803286,2.0,34.0,1.0,636.0,,,2.0,2.0,2.0,2.0,1.0,4.0,86.0,,1.0,1.0,150.0,116.0,72.0,2.0,,,2.0,116.0,78.0,2.0,110.0,74.0,2.0,113.0,76.0,2.0,,,,,2.0,,,,2.0,,,,,,,,,2.0,,,,2.0,2.0,0.0,2.0,2.0,2.0,2.0,2.0,2.0,2.0,2.0,,,,,,,,,,,,,,,2.0,,,,,,,,,,,,,,,,,,,,,,,,,,,,,,,,,,,1.0,0.0,1.0,2.0,2.0,2.0,2.0,2.0,,,,,,,,,9.0,,,,,,,,,,,,,,,,,,,,,,,,,,,,,,,,,,,,,,,,,,,,,,2.0,,,,,,2.0,,,219.0,35.0,5.66,0.91,42.58,153.0,143.0,2.0
25416.0,3.0,2.0,1.0,1.0,42.0,513.0,514.0,3.0,1.0,2.0,1.0,1.0,,,5.0,3.0,,1.0,5.0,9.0,9.0,2.79,,2.0,35.0,1.0,4.0,1.0,5.0,1.0,2.0,2.0,1.0,2.0,2.0,1.0,2.0,2.0,1.0,98532.833906,103361.649329,1.0,37.0,1.0,727.0,,,2.0,2.0,2.0,2.0,1.0,5.0,64.0,,1.0,1.0,150.0,120.0,76.0,2.0,,,2.0,,,2.0,,,2.0,120.0,76.0,2.0,,,,,2.0,,,,2.0,,,,,,,,,2.0,,,,2.0,2.0,0.0,2.0,2.0,2.0,2.0,2.0,2.0,2.0,2.0,,,,,,,,,,,,,,,2.0,,,,,,,,,,,,,,,,,,,,,,,,,,,,,,,,,,,1.0,3.0,2.0,2.0,2.0,2.0,1.0,2.0,,,,,,,,,,,,,,,,,,,,,,,,,,,,,,,,,,,,,,2.0,,,,,,,,,,,,,,,,,2.0,,,,,,2.0,,,187.0,32.0,4.84,0.83,37.6,130.0,117.0,2.0
25418.0,3.0,2.0,2.0,2.0,38.0,461.0,463.0,3.0,1.0,2.0,1.0,1.0,,,4.0,3.0,,1.0,3.0,8.0,8.0,3.19,2.0,1.0,46.0,1.0,2.0,1.0,4.0,1.0,2.0,2.0,1.0,2.0,2.0,,,,,77917.127287,82415.836008,2.0,33.0,1.0,572.0,,,1.0,2.0,2.0,2.0,1.0,4.0,72.0,,1.0,1.0,160.0,120.0,82.0,2.0,118.0,78.0,2.0,120.0,72.0,2.0,,,,119.0,75.0,2.0,,,,,2.0,,,,2.0,,,,,,,,,1.0,,,,2.0,2.0,0.0,2.0,2.0,2.0,2.0,2.0,2.0,2.0,1.0,,,1.0,,,,,,,,,,34.0,,2.0,,,,,,,,,,,,,,,,,,,,,,,,,,,,,,,,,,,1.0,0.0,1.0,2.0,2.0,2.0,1.0,2.0,,,,,5.0,,,,,,,,,,,,,,,,,,,,,,,,,,,,,,,,,,,,,,7.0,,,,,,,,,,,,2.0,,,,,,2.0,,,271.0,84.0,7.01,2.17,39.9,113.0,104.0,3.0
25419.0,3.0,2.0,2.0,1.0,37.0,453.0,453.0,3.0,1.0,1.0,1.0,1.0,,,3.0,2.0,,1.0,3.0,8.0,8.0,3.25,,1.0,37.0,1.0,3.0,1.0,4.0,1.0,2.0,2.0,1.0,2.0,2.0,1.0,2.0,2.0,1.0,104407.879699,110985.971677,2.0,32.0,1.0,526.0,,,2.0,2.0,2.0,2.0,1.0,4.0,64.0,,1.0,1.0,150.0,116.0,70.0,2.0,114.0,66.0,2.0,112.0,68.0,2.0,,,,113.0,67.0,2.0,,,,,2.0,,,,2.0,,,,,,,,,2.0,,,,2.0,2.0,0.0,2.0,2.0,2.0,2.0,2.0,2.0,2.0,2.0,,,,,,,,,,,,,,,2.0,,,,,,,,,,,,,,,,,,,,,,,,,,,,,,,,,,,1.0,5.0,1.0,2.0,2.0,2.0,2.0,1.0,,,,,,,,,9.0,,,,,,,,,,,,,,,,,,,,,,,,,,,,,,,,,,,,,,2.0,,4.0,,,,,,2.0,,,,,,2.0,,,171.0,68.0,4.42,1.76,29.34,177.0,167.0,1.0
25425.0,3.0,2.0,1.0,2.0,44.0,539.0,540.0,3.0,1.0,2.0,1.0,1.0,,,3.0,2.0,,1.0,2.0,8.0,8.0,4.13,2.0,2.0,44.0,1.0,3.0,1.0,4.0,1.0,2.0,2.0,1.0,2.0,2.0,1.0,2.0,2.0,1.0,108516.04868,116569.274767,1.0,37.0,1.0,538.0,,,2.0,2.0,2.0,2.0,1.0,3.0,66.0,,1.0,1.0,160.0,124.0,78.0,2.0,118.0,74.0,2.0,124.0,78.0,2.0,,,,121.0,76.0,2.0,,,,,2.0,,,,9.0,,,,,,,,,2.0,,,,2.0,2.0,0.0,2.0,2.0,2.0,2.0,2.0,1.0,2.0,1.0,1.0,,1.0,,,,,,,,6.0,,43.0,,2.0,,,,,,,,,,,,,,,,,,,,,,,,,,,,,,,,,,,1.0,30.0,1.0,2.0,2.0,2.0,2.0,2.0,,,,,,6.0,,,,,,,,,,,,,,,,,,,,,,,,,,,,,,,,,,,,,,,,,,,,,,,,,2.0,,,,,,2.0,,,337.0,71.0,8.71,1.84,36.02,111.0,99.0,3.0
25438.0,3.0,2.0,2.0,1.0,31.0,382.0,383.0,4.0,2.0,2.0,1.0,1.0,,,4.0,3.0,,6.0,5.0,10.0,8.0,5.0,,1.0,31.0,1.0,4.0,6.0,,1.0,2.0,2.0,1.0,2.0,2.0,1.0,2.0,2.0,1.0,30295.575928,31904.391741,1.0,32.0,1.0,586.0,,,1.0,2.0,2.0,2.0,1.0,4.0,74.0,,1.0,1.0,160.0,,,2.0,,,2.0,122.0,94.0,2.0,128.0,96.0,2.0,128.0,96.0,2.0,,,,,2.0,,,,2.0,,,,,,,,,2.0,,,,2.0,2.0,0.0,2.0,2.0,2.0,2.0,2.0,2.0,2.0,2.0,,,,,,,,,,,,,,,2.0,,,,,,,,,,,,,,,,,,,,,,,,,,,,,,,,,,,1.0,1.0,2.0,2.0,1.0,2.0,9.0,2.0,,,,,,,,,,,,,,,,,,,,,,,,,,8.0,,,,,,,,,,,,,,,,,,,,,,,,,,,,,1.0,,2.0,,,,2.0,,,213.0,56.0,5.51,1.45,42.65,142.0,,3.0
25439.0,3.0,2.0,2.0,1.0,25.0,306.0,307.0,1.0,3.0,2.0,2.0,2.0,2.0,,1.0,1.0,,5.0,5.0,6.0,6.0,1.33,,1.0,26.0,,,1.0,2.0,2.0,2.0,2.0,1.0,2.0,2.0,2.0,2.0,2.0,2.0,33741.19615,33645.523304,2.0,37.0,1.0,693.0,,,1.0,2.0,2.0,2.0,1.0,3.0,60.0,,1.0,1.0,140.0,106.0,46.0,2.0,,,2.0,,,2.0,,,2.0,106.0,46.0,2.0,,,,,2.0,,,,2.0,,,,,,,,,2.0,,,,2.0,2.0,0.0,2.0,2.0,2.0,2.0,2.0,2.0,2.0,2.0,,,,,,,,,,,,,,,2.0,,,,,,,,,,,,,,,,,,,,,,,,,,,,,,,,,,,1.0,0.0,2.0,2.0,2.0,2.0,2.0,2.0,,,,,,,,,,,,,,,,,,,,,,,,,,,,,,,,,,,,,,,,,,,,,,,,,,,,,,,2.0,,,,,,2.0,,,195.0,42.0,5.04,1.09,52.61,141.0,130.0,3.0
25441.0,3.0,2.0,1.0,2.0,20.0,243.0,243.0,1.0,3.0,2.0,2.0,2.0,3.0,,3.0,2.0,,5.0,7.0,3.0,3.0,0.36,2.0,1.0,49.0,2.0,1.0,1.0,1.0,2.0,2.0,2.0,2.0,2.0,2.0,2.0,2.0,2.0,2.0,34838.022038,34149.556251,1.0,34.0,1.0,623.0,,,2.0,2.0,2.0,2.0,1.0,4.0,74.0,,1.0,1.0,130.0,100.0,62.0,2.0,96.0,60.0,2.0,98.0,56.0,2.0,,,,97.0,58.0,2.0,,,,,2.0,,,,2.0,,,,,,,,,2.0,,,,2.0,2.0,0.0,2.0,2.0,2.0,2.0,2.0,2.0,2.0,2.0,,,,,,,,,,,,,,,2.0,,,,,,,,,,,,,,,,,,,,,,,,,,,,,,,,,,,1.0,2.0,1.0,2.0,2.0,9.0,9.0,1.0,,,,,5.0,,,,9.0,,,,,,,,,,,,,,,,,,,,,,,,,,,,,,,,,,,,,,2.0,,,,,,,,2.0,,,,,,2.0,,,135.0,43.0,3.49,1.11,39.15,132.0,119.0,3.0
25445.0,3.0,2.0,2.0,1.0,36.0,441.0,442.0,3.0,1.0,2.0,1.0,1.0,,,4.0,3.0,,1.0,3.0,9.0,9.0,3.91,,2.0,41.0,1.0,5.0,1.0,4.0,1.0,2.0,2.0,1.0,2.0,2.0,1.0,2.0,2.0,1.0,87042.180001,94044.502055,2.0,37.0,1.0,669.0,,,1.0,2.0,2.0,2.0,1.0,5.0,84.0,,1.0,1.0,170.0,,,2.0,,,2.0,134.0,96.0,2.0,140.0,94.0,2.0,140.0,94.0,2.0,,,,,2.0,,,,2.0,,,,,,,,,2.0,,,,1.0,2.0,0.0,2.0,2.0,2.0,2.0,1.0,1.0,2.0,2.0,1.0,,,26.0,,,,,,,33.0,,,9.0,2.0,,,,,,,,,,,,,,,,,,,,,,,,,,,,,,,,,,,1.0,8.0,1.0,1.0,2.0,1.0,1.0,1.0,1.0,,,,,,,,9.0,,2.0,,,,,,,,,,,,,,,,,,2.0,,,,,,,,1.0,,,,,,,,,,2.0,,,,,,,,2.0,,,,,,2.0,,,179.0,47.0,4.63,1.22,29.6,142.0,133.0,1.0
25449.0,3.0,2.0,1.0,1.0,36.0,439.0,439.0,4.0,2.0,2.0,1.0,1.0,,,5.0,3.0,,3.0,1.0,6.0,6.0,2.95,,1.0,36.0,1.0,5.0,3.0,,1.0,2.0,2.0,1.0,2.0,2.0,1.0,2.0,2.0,1.0,20881.103575,21712.076904,2.0,43.0,1.0,614.0,,,2.0,2.0,2.0,2.0,1.0,3.0,70.0,,1.0,1.0,140.0,112.0,66.0,2.0,116.0,68.0,2.0,,,2.0,,,2.0,116.0,68.0,2.0,,,,,2.0,,,,2.0,,,,,,,,,2.0,,,,2.0,2.0,0.0,2.0,2.0,2.0,2.0,2.0,2.0,2.0,2.0,,,,,,,,,,,,,,,2.0,,,,,,,,,,,,,,,,,,,,,,,,,,,,,,,,,,,1.0,1.0,2.0,2.0,2.0,2.0,2.0,2.0,,,,,,,,,,,,,,,,,,,,,,,,,,,,,,,,,,,,,,,,,,,,,,,,,,,,,,,2.0,,,,,,2.0,,,177.0,71.0,4.58,1.84,46.32,149.0,140.0,3.0
25461.0,3.0,2.0,2.0,2.0,46.0,562.0,562.0,4.0,2.0,2.0,1.0,1.0,,,4.0,3.0,,5.0,1.0,4.0,4.0,1.67,2.0,2.0,46.0,1.0,4.0,5.0,,1.0,2.0,2.0,1.0,2.0,2.0,1.0,2.0,2.0,1.0,25663.532253,26454.36437,1.0,30.0,1.0,577.0,,,2.0,2.0,2.0,2.0,1.0,4.0,78.0,,1.0,1.0,150.0,124.0,84.0,2.0,,,2.0,130.0,92.0,2.0,132.0,92.0,2.0,131.0,92.0,2.0,,,,,2.0,,,,2.0,,,,,,,,,2.0,,,,2.0,2.0,0.0,2.0,2.0,2.0,2.0,2.0,2.0,2.0,2.0,,,,,,,,,,,,,,,2.0,,,,,,,,,,,,,,,,,,,,,,,,,,,,,,,,,,,1.0,0.0,1.0,1.0,2.0,2.0,1.0,2.0,1.0,,,,,,7.0,,,,2.0,,,,,,,,,,,,,,,,,,,,,,,,,,1.0,,,,,,7.0,,,,,,,,,,,,2.0,,,,,,2.0,,,169.0,71.0,4.37,1.84,29.6,118.0,114.0,2.0
25470.0,3.0,2.0,1.0,2.0,35.0,427.0,427.0,3.0,1.0,2.0,1.0,1.0,,,5.0,3.0,,6.0,2.0,5.0,5.0,2.15,1.0,1.0,33.0,1.0,3.0,,,1.0,2.0,2.0,1.0,2.0,2.0,1.0,2.0,2.0,1.0,7412.766217,8031.029927,2.0,39.0,1.0,529.0,,,1.0,2.0,2.0,2.0,1.0,3.0,66.0,,1.0,1.0,130.0,104.0,58.0,2.0,102.0,62.0,2.0,104.0,56.0,2.0,,,,103.0,59.0,2.0,,,,,2.0,,,,2.0,,,,,,,,,2.0,,,,1.0,2.0,0.0,2.0,2.0,2.0,2.0,1.0,2.0,2.0,2.0,,,,30.0,,,,,,,,,,1.0,2.0,,,,,,,,,,,,,,,,,,,,,,,,,,,,,,,,,,,1.0,0.0,1.0,1.0,2.0,2.0,1.0,2.0,,,3.0,,,,,,9.0,,,,,5.0,,,,9.0,,,,,,,,,,,,,,,,,,,,,,,,6.0,,,,,,,,,,,,,2.0,,,,,,2.0,,,169.0,89.0,4.37,2.3,37.84,130.0,126.0,3.0
25473.0,3.0,2.0,1.0,2.0,20.0,245.0,246.0,5.0,4.0,2.0,3.0,2.0,5.0,,4.0,3.0,,5.0,5.0,10.0,10.0,3.27,1.0,1.0,53.0,3.0,5.0,1.0,4.0,1.0,2.0,2.0,1.0,2.0,2.0,1.0,2.0,2.0,1.0,72289.14818,75670.328323,2.0,39.0,1.0,536.0,,,2.0,2.0,2.0,2.0,1.0,3.0,70.0,,1.0,1.0,130.0,96.0,66.0,2.0,98.0,64.0,2.0,96.0,66.0,2.0,,,,97.0,65.0,2.0,,,,,2.0,,,,2.0,,,,,,,,,2.0,,,,2.0,2.0,0.0,2.0,2.0,2.0,2.0,2.0,2.0,2.0,2.0,,,,,,,,,,,,,,,2.0,,,,,,,,,,,,,,,,,,,,,,,,,,,,,,,,,,,1.0,0.0,2.0,2.0,2.0,2.0,2.0,2.0,,,,,,,,,,,,,,,,,,,,,,,,,,,,,,,,,,,,,,,,,,,,,,,,,,,,,,,2.0,,,,,,2.0,,,219.0,59.0,5.66,1.53,39.8,144.0,133.0,3.0
25478.0,3.0,2.0,2.0,2.0,46.0,555.0,555.0,4.0,2.0,2.0,1.0,1.0,,,4.0,3.0,,6.0,2.0,6.0,5.0,2.29,2.0,2.0,46.0,1.0,4.0,6.0,,1.0,2.0,2.0,1.0,2.0,2.0,1.0,2.0,2.0,1.0,30937.121359,30704.858905,2.0,31.0,1.0,779.0,,,1.0,2.0,2.0,2.0,1.0,4.0,76.0,,1.0,1.0,170.0,140.0,82.0,2.0,124.0,84.0,2.0,130.0,78.0,2.0,,,,127.0,81.0,2.0,,,,,2.0,,,,2.0,,,,,,,,,2.0,,,,2.0,2.0,0.0,2.0,2.0,2.0,2.0,2.0,2.0,2.0,2.0,,,,,,,,,,,,,,,2.0,,,,,,,,,,,,,,,,,,,,,,,,,,,,,,,,,,,1.0,0.0,1.0,2.0,2.0,2.0,1.0,1.0,,,3.0,4.0,,,,,,,,,,,,,,,,,,,,,,,,,,,,,,,,,,,3.0,4.0,,,,,,,,3.0,,,,,,,2.0,,,,,,2.0,,,199.0,72.0,5.15,1.86,27.15,133.0,126.0,2.0
25480.0,3.0,2.0,1.0,1.0,21.0,255.0,257.0,5.0,4.0,2.0,3.0,1.0,5.0,,4.0,3.0,,5.0,2.0,7.0,4.0,1.61,,1.0,22.0,3.0,4.0,5.0,,1.0,2.0,2.0,1.0,2.0,2.0,1.0,2.0,2.0,1.0,31277.823055,33272.96637,2.0,43.0,1.0,844.0,,,1.0,2.0,2.0,2.0,1.0,4.0,76.0,,1.0,1.0,150.0,130.0,58.0,2.0,,,2.0,124.0,66.0,2.0,128.0,62.0,2.0,126.0,64.0,1.0,2.0,2.0,,,2.0,,,,2.0,,,,,,,,,2.0,,,,2.0,2.0,0.0,2.0,2.0,2.0,2.0,2.0,2.0,2.0,2.0,,,,,,,,,,,,,,,2.0,,,,,,,,,,,,,,,,,,,,,,,,,,,,,,,,,,,2.0,,2.0,2.0,2.0,2.0,1.0,2.0,,,,,,,,,,,,,,,,,,,,,,,,,,,,,,,,,,,,,,2.0,,,,,,,,,,,,,,,,,2.0,,,,,,2.0,,,190.0,54.0,4.91,1.4,37.88,150.0,,2.0
25493.0,3.0,2.0,2.0,2.0,24.0,298.0,298.0,4.0,2.0,1.0,1.0,1.0,,,4.0,3.0,,5.0,5.0,8.0,8.0,2.18,2.0,2.0,44.0,1.0,3.0,3.0,,1.0,2.0,2.0,1.0,2.0,2.0,1.0,2.0,2.0,1.0,27010.103309,28152.235488,2.0,41.0,1.0,668.0,,,2.0,2.0,2.0,2.0,1.0,3.0,76.0,,1.0,1.0,120.0,104.0,60.0,2.0,104.0,66.0,2.0,100.0,64.0,2.0,,,,102.0,65.0,2.0,,,,,2.0,,,,2.0,,,,,,,,,2.0,,,,2.0,2.0,0.0,2.0,2.0,2.0,2.0,2.0,2.0,2.0,2.0,,,,,,,,,,,,,,,2.0,,,,,,,,,,,,,,,,,,,,,,,,,,,,,,,,,,,1.0,0.0,2.0,2.0,2.0,2.0,2.0,2.0,,,,,,,,,,,,,,,,,,,,,,,,,,,,,,,,,,,,,,,,,,,,,,,,,,,,,,,9.0,,,,,,2.0,,,171.0,80.0,4.42,2.07,35.73,138.0,123.0,2.0
25499.0,3.0,2.0,2.0,1.0,37.0,449.0,449.0,2.0,5.0,2.0,3.0,1.0,4.0,,5.0,3.0,,1.0,3.0,11.0,11.0,4.95,,1.0,37.0,3.0,5.0,1.0,5.0,1.0,2.0,2.0,1.0,2.0,2.0,,,,1.0,87988.20281,95066.629994,2.0,37.0,1.0,920.0,,,1.0,2.0,2.0,2.0,1.0,4.0,68.0,,1.0,1.0,170.0,,,2.0,136.0,78.0,2.0,134.0,72.0,2.0,140.0,78.0,2.0,137.0,75.0,1.0,3.0,2.0,,,2.0,,,,2.0,,,,,,,,,1.0,,,,2.0,2.0,0.0,2.0,2.0,2.0,2.0,2.0,2.0,2.0,2.0,,,,,,,,,,,,,,,2.0,,,,,,,,,,,,,,,,,,,,,,,,,,,,,,,,,,,1.0,3.0,2.0,9.0,1.0,2.0,1.0,2.0,,,,,,,,,,,,,,,,,,,,,,4.0,,,,,,,,,,,,,,,1.0,2.0,,,,,,8.0,,,,,,,,,,,2.0,,,,,,2.0,,,197.0,42.0,5.09,1.09,36.94,157.0,133.0,2.0
25509.0,3.0,2.0,1.0,2.0,33.0,404.0,405.0,1.0,3.0,2.0,2.0,2.0,5.0,,2.0,1.0,,1.0,7.0,11.0,8.0,2.05,2.0,1.0,41.0,2.0,1.0,1.0,2.0,2.0,2.0,2.0,2.0,2.0,2.0,2.0,2.0,2.0,2.0,24533.370491,26961.859156,1.0,40.0,1.0,667.0,,,1.0,2.0,2.0,2.0,1.0,4.0,94.0,,1.0,1.0,140.0,112.0,76.0,2.0,110.0,76.0,2.0,110.0,68.0,2.0,,,,110.0,72.0,2.0,,,,,2.0,,,,2.0,,,,,,,,,2.0,,,,2.0,2.0,0.0,2.0,2.0,2.0,2.0,1.0,2.0,2.0,1.0,,,2.0,,,,,,,,,,23.0,,2.0,,,,,,,,,,,,,,,,,,,,,,,,,,,,,,,,,,,1.0,0.0,1.0,2.0,2.0,2.0,2.0,2.0,1.0,,,,,,,,,,,,,,,,,,,,,,,,,,,,,,,,,,,,,,,,,,,,,,,,,,,,,,2.0,,,,,,2.0,,,179.0,37.0,4.63,0.96,37.97,128.0,126.0,3.0
25525.0,3.0,2.0,1.0,1.0,24.0,290.0,290.0,4.0,2.0,2.0,1.0,1.0,,,2.0,1.0,,5.0,3.0,6.0,2.0,0.5,,2.0,43.0,1.0,4.0,5.0,,1.0,2.0,2.0,1.0,2.0,2.0,1.0,2.0,2.0,1.0,23090.402645,25328.016063,1.0,30.0,1.0,619.0,,,2.0,2.0,2.0,2.0,1.0,4.0,66.0,,1.0,1.0,140.0,106.0,64.0,2.0,110.0,74.0,2.0,104.0,48.0,2.0,,,,107.0,61.0,2.0,,,,,2.0,,,,2.0,,,,,,,,,2.0,,,,2.0,2.0,0.0,2.0,2.0,2.0,2.0,2.0,2.0,2.0,2.0,,,,,,,,,,,,,,,2.0,,,,,,,,,,,,,,,,,,,,,,,,,,,,,,,,,,,1.0,25.0,1.0,1.0,1.0,2.0,1.0,2.0,,,3.0,4.0,,,,,,,,3.0,,,,,,,1.0,,3.0,,,,,,,,,,,,,,,,1.0,,,,,,,,,,,,,,,,,,2.0,,,,,,2.0,,,144.0,47.0,3.72,1.22,50.27,151.0,130.0,3.0
25541.0,3.0,2.0,1.0,1.0,46.0,559.0,560.0,1.0,3.0,2.0,2.0,2.0,6.0,,2.0,1.0,,1.0,7.0,,13.0,,,1.0,46.0,2.0,2.0,1.0,1.0,2.0,2.0,2.0,1.0,2.0,2.0,2.0,2.0,2.0,2.0,18049.390227,19472.97889,1.0,40.0,1.0,641.0,,,1.0,2.0,2.0,2.0,1.0,4.0,66.0,,1.0,1.0,130.0,104.0,64.0,2.0,100.0,64.0,2.0,102.0,60.0,2.0,,,,101.0,62.0,2.0,,,,,2.0,,,,2.0,,,,,,,,,2.0,,,,2.0,2.0,0.0,2.0,2.0,2.0,2.0,2.0,2.0,2.0,2.0,,,,,,,,,,,,,,,2.0,,,,,,,,,,,,,,,,,,,,,,,,,,,,,,,,,,,1.0,1.0,1.0,2.0,2.0,2.0,2.0,2.0,1.0,,,,,,,,,,,,,,,,,,,,,,,,,,,,,,,,,,,,,,,,,,,,,,,,,,,,,,2.0,,,,,,2.0,,,189.0,63.0,4.89,1.63,37.7,153.0,120.0,2.0
25553.0,3.0,2.0,2.0,1.0,49.0,593.0,593.0,3.0,1.0,2.0,1.0,1.0,,,3.0,2.0,,1.0,5.0,10.0,1.0,0.14,,2.0,18.0,1.0,2.0,5.0,,1.0,2.0,2.0,1.0,2.0,2.0,1.0,2.0,2.0,1.0,111797.849125,115383.329241,2.0,34.0,1.0,646.0,,,2.0,2.0,2.0,2.0,1.0,4.0,70.0,1.0,2.0,1.0,160.0,146.0,86.0,2.0,144.0,70.0,2.0,132.0,72.0,2.0,,,,138.0,71.0,2.0,,,,,2.0,,,,2.0,,,,,,,,,1.0,,,,2.0,2.0,0.0,2.0,2.0,2.0,2.0,2.0,2.0,2.0,2.0,,,,,,,,,,,,,,,2.0,,,,,,,,,,,,,,,,,,,,,,,,,,,,,,,,,,,1.0,0.0,1.0,2.0,2.0,2.0,2.0,2.0,,,,,5.0,,7.0,,,,,,,,,,,,,,,,,,,,,,,,,,,,,,,,,,,,,,,,,,,,,,,,2.0,,,,,,2.0,,,162.0,38.0,4.19,0.98,37.9,126.0,115.0,2.0
25556.0,3.0,2.0,1.0,2.0,28.0,338.0,338.0,4.0,2.0,2.0,1.0,1.0,,,4.0,3.0,,5.0,3.0,3.0,3.0,0.85,2.0,2.0,28.0,1.0,4.0,5.0,,1.0,2.0,2.0,1.0,2.0,2.0,1.0,2.0,2.0,1.0,30730.404004,32029.85047,1.0,37.0,1.0,682.0,,,2.0,2.0,2.0,2.0,1.0,5.0,80.0,,1.0,1.0,160.0,130.0,76.0,2.0,,,2.0,126.0,84.0,2.0,126.0,78.0,1.0,126.0,81.0,1.0,6.0,1.0,2.0,,2.0,,,,1.0,3.0,,,,,,,,2.0,,,,2.0,2.0,0.0,2.0,2.0,2.0,2.0,2.0,2.0,2.0,2.0,,,,,,,,,,,,,,,2.0,,,,,,,,,,,,,,,,,,,,,,,,,,,,,,,,,,,1.0,0.0,2.0,2.0,1.0,2.0,1.0,2.0,,,,,,,,,,,,,,,,,,,,2.0,,,,,,8.0,,,,,,,,,,,1.0,,,,,,,,,,,,,,,,,,1.0,1.0,,,,,2.0,,,161.0,51.0,4.16,1.32,35.42,132.0,125.0,2.0
25576.0,3.0,2.0,1.0,1.0,28.0,342.0,342.0,3.0,1.0,2.0,1.0,1.0,,,4.0,3.0,,5.0,2.0,7.0,5.0,2.15,,1.0,34.0,1.0,3.0,3.0,,1.0,2.0,2.0,1.0,2.0,2.0,1.0,2.0,2.0,1.0,69311.33373,73732.550766,2.0,35.0,1.0,567.0,,,2.0,2.0,2.0,2.0,1.0,4.0,58.0,,1.0,1.0,150.0,116.0,58.0,2.0,118.0,54.0,2.0,116.0,56.0,2.0,,,,117.0,55.0,1.0,6.0,2.0,,,2.0,,,,2.0,,,,,,,,,2.0,,,,2.0,2.0,0.0,2.0,2.0,2.0,2.0,2.0,2.0,2.0,2.0,,,,,,,,,,,,,,,2.0,,,,,,,,,,,,,,,,,,,,,,,,,,,,,,,,,,,1.0,1.0,1.0,2.0,1.0,2.0,1.0,2.0,,,,4.0,,,,,,,,,,,,,,,1.0,,,,,,7.0,,,,,,,,,,,,,,,,5.0,,,,,,,,,,,,,,2.0,,,,,,2.0,,,127.0,46.0,3.28,1.19,47.9,152.0,145.0,3.0
25580.0,3.0,2.0,1.0,1.0,28.0,344.0,345.0,3.0,1.0,2.0,1.0,1.0,,,4.0,3.0,,1.0,2.0,11.0,11.0,5.0,,2.0,27.0,1.0,4.0,1.0,4.0,1.0,2.0,2.0,1.0,2.0,2.0,1.0,2.0,2.0,1.0,71288.130579,75835.443124,2.0,39.0,1.0,746.0,,,2.0,2.0,2.0,2.0,1.0,4.0,80.0,,1.0,1.0,150.0,118.0,80.0,2.0,112.0,78.0,2.0,116.0,76.0,2.0,,,,114.0,77.0,2.0,,,,,2.0,,,,2.0,,,,,,,,,2.0,,,,2.0,2.0,0.0,2.0,2.0,2.0,2.0,2.0,2.0,2.0,2.0,,,,,,,,,,,,,,,2.0,,,,,,,,,,,,,,,,,,,,,,,,,,,,,,,,,,,1.0,0.0,2.0,1.0,2.0,2.0,2.0,2.0,,,,,,,,,,,,,4.0,,,,,,,,,,,,,,,,,,,,,,,,,,,,,,,,,,,,,,,,,,1.0,1.0,,3.0,,,2.0,,,145.0,57.0,3.75,1.47,34.44,180.0,170.0,1.0
25588.0,3.0,2.0,1.0,1.0,23.0,283.0,283.0,1.0,3.0,2.0,2.0,2.0,4.0,,1.0,1.0,,6.0,7.0,6.0,3.0,0.8,,2.0,19.0,2.0,2.0,6.0,,2.0,2.0,2.0,1.0,2.0,2.0,2.0,2.0,2.0,2.0,26176.488723,27851.973779,2.0,40.0,1.0,584.0,,,2.0,2.0,2.0,2.0,1.0,4.0,58.0,,1.0,1.0,130.0,116.0,60.0,2.0,110.0,60.0,2.0,114.0,64.0,2.0,,,,112.0,62.0,2.0,,,,,2.0,,,,2.0,,,,,,,,,1.0,,,,2.0,2.0,0.0,2.0,2.0,2.0,2.0,2.0,2.0,2.0,2.0,,,,,,,,,,,,,,,2.0,,,,,,,,,,,,,,,,,,,,,,,,,,,,,,,,,,,1.0,0.0,1.0,2.0,2.0,2.0,2.0,2.0,,,3.0,4.0,,,,,,,,,,,,,,,,,,,,,,,,,,,,,,,,,,,,,,,,,,,,,,,,,,,2.0,,,,,,2.0,,,221.0,39.0,5.72,1.01,44.97,135.0,112.0,3.0
25608.0,3.0,2.0,1.0,1.0,21.0,254.0,255.0,3.0,1.0,2.0,3.0,1.0,2.0,,3.0,2.0,,1.0,2.0,5.0,5.0,1.82,,1.0,21.0,3.0,3.0,1.0,3.0,1.0,2.0,2.0,1.0,2.0,2.0,1.0,2.0,2.0,1.0,71299.165259,75847.181682,1.0,38.0,1.0,604.0,,,1.0,2.0,2.0,2.0,1.0,3.0,72.0,,1.0,1.0,150.0,120.0,70.0,2.0,114.0,66.0,2.0,,,2.0,116.0,62.0,2.0,115.0,64.0,2.0,,,,,2.0,,,,2.0,,,,,,,,,2.0,,,,2.0,2.0,0.0,2.0,2.0,2.0,2.0,2.0,2.0,2.0,2.0,,,,,,,,,,,,,,,2.0,,,,,,,,,,,,,,,,,,,,,,,,,,,,,,,,,,,1.0,0.0,1.0,2.0,2.0,2.0,2.0,2.0,,,,,,,,,9.0,,,,,,,,,,,,,,,,,,,,,,,,,,,,,,,,,,,,,,,,,,,,,,2.0,,,,,,2.0,,,120.0,50.0,3.1,1.29,59.26,140.0,119.0,3.0
25611.0,3.0,2.0,1.0,2.0,24.0,288.0,290.0,2.0,5.0,2.0,1.0,1.0,,,4.0,3.0,,1.0,4.0,,77.0,,2.0,1.0,22.0,1.0,4.0,1.0,4.0,1.0,2.0,2.0,1.0,2.0,2.0,1.0,2.0,2.0,1.0,70284.593436,73572.014546,2.0,35.0,1.0,518.0,,,1.0,2.0,2.0,2.0,1.0,3.0,84.0,,1.0,1.0,150.0,114.0,62.0,2.0,112.0,68.0,2.0,106.0,64.0,2.0,,,,109.0,66.0,2.0,,,,,2.0,,,,2.0,,,,,,,,,2.0,,,,2.0,2.0,0.0,2.0,2.0,2.0,2.0,2.0,2.0,2.0,2.0,,,,,,,,,,,,,,,2.0,,,,,,,,,,,,,,,,,,,,,,,,,,,,,,,,,,,1.0,0.0,1.0,2.0,2.0,2.0,1.0,2.0,,,,4.0,,,,,,,,,,,,,,,,,,,,,,,,,,,,,,,,,1.0,,3.0,,,,,,,,,,,,,,,,2.0,,,,,,2.0,,,206.0,73.0,5.33,1.89,29.53,168.0,164.0,1.0
25616.0,3.0,2.0,2.0,2.0,46.0,561.0,561.0,3.0,1.0,2.0,1.0,1.0,,,4.0,3.0,,1.0,2.0,11.0,11.0,5.0,2.0,1.0,47.0,1.0,5.0,1.0,4.0,1.0,2.0,2.0,1.0,2.0,2.0,1.0,2.0,2.0,1.0,123125.057476,123449.155895,2.0,34.0,1.0,565.0,,,1.0,2.0,2.0,2.0,1.0,4.0,68.0,,1.0,1.0,160.0,134.0,78.0,2.0,122.0,80.0,2.0,116.0,78.0,2.0,,,,119.0,79.0,2.0,,,,,2.0,,,,2.0,,,,,,,,,1.0,,,,2.0,2.0,0.0,2.0,2.0,2.0,2.0,1.0,2.0,2.0,1.0,,,1.0,,,,,,,,,,40.0,,2.0,,,,,,,,,,,,,,,,,,,,,,,,,,,,,,,,,,,1.0,0.0,2.0,9.0,2.0,2.0,1.0,2.0,,,,,,,,,,,,,,,,,,,,,,,,,,,,,,,,,,,,,,2.0,3.0,,5.0,,,,,,,,,,,,,,2.0,,,,,,2.0,,,228.0,97.0,5.9,2.51,21.9,144.0,130.0,1.0
25621.0,3.0,2.0,1.0,1.0,34.0,418.0,419.0,1.0,3.0,2.0,1.0,1.0,,,4.0,3.0,,1.0,5.0,7.0,5.0,2.36,,1.0,34.0,1.0,4.0,1.0,,1.0,2.0,2.0,1.0,2.0,2.0,1.0,2.0,2.0,1.0,44776.206113,47657.7597,2.0,38.0,1.0,553.0,,,2.0,2.0,2.0,2.0,1.0,4.0,86.0,,1.0,1.0,150.0,120.0,90.0,2.0,114.0,92.0,2.0,118.0,90.0,2.0,,,,116.0,91.0,2.0,,,,,2.0,,,,2.0,,,,,,,,,2.0,,,,2.0,2.0,0.0,2.0,2.0,2.0,2.0,2.0,2.0,2.0,2.0,,,,,,,,,,,,,,,2.0,,,,,,,,,,,,,,,,,,,,,,,,,,,,,,,,,,,1.0,0.0,1.0,2.0,2.0,2.0,2.0,2.0,,2.0,,,,,,,,,,,,,,,,,,,,,,,,,,,,,,,,,,,,,,,,,,,,,,,,,,,,,2.0,,,,,,2.0,,,259.0,53.0,6.7,1.37,31.66,153.0,144.0,1.0
25622.0,3.0,2.0,1.0,2.0,29.0,351.0,352.0,1.0,3.0,2.0,2.0,2.0,4.0,,1.0,1.0,,4.0,7.0,11.0,8.0,2.5,2.0,1.0,35.0,2.0,3.0,1.0,1.0,2.0,2.0,2.0,2.0,2.0,2.0,2.0,2.0,2.0,2.0,23220.84198,23374.265645,2.0,40.0,1.0,683.0,,,2.0,2.0,2.0,2.0,1.0,5.0,74.0,,1.0,1.0,120.0,110.0,66.0,2.0,100.0,60.0,2.0,102.0,62.0,2.0,,,,101.0,61.0,2.0,,,,,2.0,,,,2.0,,,,,,,,,2.0,,,,2.0,2.0,0.0,2.0,2.0,2.0,2.0,1.0,2.0,2.0,2.0,,,,,,,,,,,,,,,2.0,,,,,,,,,,,,,,,,,,,,,,,,,,,,,,,,,,,1.0,0.0,1.0,2.0,2.0,2.0,2.0,2.0,1.0,,3.0,,,,,,,,,,,,,,,,,,,,,,,,,,,,,,,,,,,,,,,,,,,,,,,,,,,,2.0,,,,,,2.0,,,232.0,46.0,6.0,1.19,39.4,128.0,,3.0
25624.0,3.0,2.0,1.0,2.0,26.0,322.0,323.0,1.0,3.0,2.0,2.0,1.0,6.0,,2.0,1.0,,6.0,3.0,6.0,4.0,1.24,2.0,1.0,35.0,1.0,3.0,6.0,,1.0,2.0,2.0,1.0,2.0,2.0,1.0,2.0,2.0,1.0,33647.258445,35920.948335,1.0,34.0,1.0,687.0,,,1.0,2.0,2.0,2.0,1.0,4.0,72.0,,1.0,1.0,140.0,108.0,78.0,2.0,110.0,66.0,2.0,108.0,62.0,2.0,,,,109.0,64.0,2.0,,,,,2.0,,,,2.0,,,,,,,,,2.0,,,,2.0,2.0,0.0,2.0,2.0,2.0,2.0,2.0,2.0,2.0,2.0,,,,,,,,,,,,,,,2.0,,,,,,,,,,,,,,,,,,,,,,,,,,,,,,,,,,,1.0,1.0,2.0,2.0,2.0,2.0,1.0,2.0,,,,,,,,,,,,,,,,,,,,,,,,,,,,,,,,,,,,,,,,,,,7.0,,,,,,,,,,,,1.0,1.0,,,,,2.0,,,196.0,53.0,5.07,1.37,31.22,148.0,140.0,2.0
25631.0,3.0,2.0,2.0,1.0,41.0,497.0,497.0,3.0,1.0,2.0,1.0,1.0,,,4.0,3.0,,1.0,6.0,11.0,11.0,4.05,,1.0,41.0,1.0,4.0,1.0,5.0,1.0,2.0,2.0,1.0,2.0,2.0,1.0,2.0,2.0,1.0,123109.205586,127057.453359,1.0,31.0,1.0,642.0,,,2.0,2.0,2.0,2.0,1.0,4.0,52.0,,1.0,1.0,150.0,112.0,72.0,2.0,118.0,74.0,2.0,,,2.0,,,2.0,118.0,74.0,2.0,,,,,2.0,,,,2.0,,,,,,,,,2.0,,,,2.0,2.0,0.0,2.0,2.0,2.0,2.0,2.0,2.0,2.0,2.0,,,,,,,,,,,,,,,2.0,,,,,,,,,,,,,,,,,,,,,,,,,,,,,,,,,,,1.0,1.0,2.0,2.0,1.0,2.0,2.0,2.0,,,,,,,,,,,,,,,,,,,,,,,,,,,9.0,,,,,,,,,,,,,,,,,,,,,,,,,,,,2.0,,,,,,2.0,,,266.0,63.0,6.88,1.63,43.47,127.0,111.0,3.0
25632.0,3.0,2.0,2.0,1.0,31.0,377.0,379.0,3.0,1.0,2.0,1.0,1.0,,,5.0,3.0,,1.0,2.0,11.0,11.0,5.0,,2.0,27.0,1.0,5.0,1.0,5.0,1.0,2.0,2.0,1.0,2.0,2.0,1.0,2.0,2.0,1.0,89677.848453,99243.491856,1.0,32.0,1.0,557.0,,,1.0,2.0,2.0,2.0,1.0,4.0,82.0,,1.0,1.0,140.0,110.0,68.0,2.0,106.0,66.0,2.0,116.0,72.0,2.0,,,,111.0,69.0,1.0,12.0,2.0,,,2.0,,,,2.0,,,,,,,,,2.0,,,,2.0,2.0,0.0,2.0,2.0,2.0,2.0,2.0,2.0,2.0,2.0,,,,,,,,,,,,,,,2.0,,,,,,,,,,,,,,,,,,,,,,,,,,,,,,,,,,,1.0,1.0,2.0,2.0,1.0,2.0,2.0,2.0,,,,,,,,,,,,,,,,,,,,,,,,,7.0,,,,,,,,,,,,,,,,,,,,,,,,,,,,,,2.0,,,,,,2.0,,,193.0,45.0,4.99,1.16,43.16,144.0,134.0,3.0
25637.0,3.0,2.0,2.0,2.0,30.0,365.0,366.0,4.0,2.0,2.0,1.0,1.0,,,2.0,1.0,,6.0,5.0,6.0,4.0,1.61,2.0,2.0,30.0,1.0,2.0,6.0,,1.0,2.0,2.0,1.0,2.0,2.0,1.0,2.0,2.0,1.0,32534.784677,34868.19277,2.0,41.0,1.0,612.0,,,2.0,2.0,2.0,2.0,1.0,5.0,88.0,,1.0,1.0,130.0,112.0,58.0,2.0,114.0,56.0,2.0,116.0,58.0,2.0,,,,115.0,57.0,1.0,1.0,1.0,1.0,2.0,2.0,,,,2.0,,,,,,,,,2.0,,,,1.0,2.0,0.0,2.0,2.0,2.0,2.0,1.0,1.0,2.0,2.0,2.0,,,21.0,,,,,,,1.0,,,1.0,2.0,,,,,,,,,,,,,,,,,,,,,,,,,,,,,,,,,,,2.0,,1.0,2.0,1.0,2.0,1.0,2.0,1.0,,,,,,,,,,,,,,,,,,1.0,,3.0,,,,,8.0,9.0,,,,,,,,,,,,3.0,,,,,,,,,,,,,,,,2.0,,,,,,2.0,,,176.0,32.0,4.55,0.83,28.66,150.0,,1.0
25668.0,3.0,2.0,1.0,1.0,31.0,380.0,381.0,3.0,1.0,2.0,1.0,1.0,,,2.0,1.0,,3.0,4.0,6.0,5.0,2.15,,2.0,34.0,1.0,3.0,3.0,,1.0,2.0,2.0,1.0,2.0,2.0,,,,,49885.166778,53028.121279,2.0,34.0,1.0,748.0,,,2.0,2.0,2.0,2.0,1.0,4.0,78.0,,1.0,1.0,150.0,,,2.0,134.0,86.0,2.0,,,2.0,138.0,84.0,2.0,138.0,84.0,2.0,,,,,2.0,,,,2.0,,,,,,,,,2.0,,,,2.0,2.0,0.0,2.0,2.0,2.0,2.0,2.0,2.0,2.0,2.0,,,,,,,,,,,,,,,2.0,,,,,,,,,,,,,,,,,,,,,,,,,,,,,,,,,,,1.0,0.0,2.0,1.0,2.0,1.0,2.0,2.0,,,,,,,,,,,,3.0,,,,,,,,,,,,,,,,1.0,,,,,,,,,,,,,,,,,,,,,,,,,,,2.0,,,,,,2.0,,,116.0,61.0,3.0,1.58,40.18,163.0,144.0,2.0
25671.0,3.0,2.0,1.0,1.0,22.0,267.0,268.0,4.0,2.0,2.0,1.0,1.0,,,2.0,1.0,,5.0,7.0,11.0,11.0,1.84,,2.0,58.0,1.0,2.0,3.0,,1.0,2.0,2.0,1.0,2.0,2.0,1.0,2.0,2.0,1.0,26105.586793,29713.054682,1.0,43.0,1.0,576.0,,,2.0,2.0,2.0,2.0,1.0,4.0,56.0,,1.0,1.0,150.0,122.0,68.0,2.0,122.0,68.0,2.0,128.0,66.0,2.0,,,,125.0,67.0,2.0,,,,,2.0,,,,2.0,,,,,,,,,2.0,,,,2.0,2.0,0.0,2.0,2.0,2.0,2.0,1.0,2.0,1.0,2.0,,2.0,,,,,,,,,,8.0,,,2.0,,,,,,,,,,,,,,,,,,,,,,,,,,,,,,,,,,,2.0,,1.0,2.0,1.0,2.0,1.0,2.0,,,,,,,,8.0,9.0,,,,,,,,,,,,,,,,,,9.0,,,,,,,,,,,,,,,,,,9.0,,,,,,,,,,2.0,,,,,,2.0,,,200.0,49.0,5.17,1.27,43.55,150.0,,2.0
25686.0,3.0,2.0,1.0,1.0,21.0,254.0,254.0,5.0,4.0,2.0,3.0,1.0,6.0,,4.0,3.0,,5.0,4.0,1.0,1.0,0.21,,1.0,21.0,,,5.0,,1.0,2.0,2.0,1.0,2.0,2.0,1.0,2.0,2.0,1.0,31277.823055,32484.659324,2.0,43.0,1.0,634.0,,,2.0,2.0,2.0,2.0,1.0,4.0,74.0,,1.0,1.0,160.0,124.0,78.0,2.0,,,2.0,,,2.0,112.0,80.0,2.0,112.0,80.0,2.0,,,,,2.0,,,,2.0,,,,,,,,,2.0,,,,2.0,2.0,0.0,2.0,2.0,2.0,2.0,2.0,2.0,2.0,2.0,,,,,,,,,,,,,,,2.0,,,,,,,,,,,,,,,,,,,,,,,,,,,,,,,,,,,1.0,0.0,1.0,2.0,2.0,2.0,2.0,2.0,,,3.0,,,,,,,,,,,,,,,,,,,,,,,,,,,,,,,,,,,,,,,,,,,,,,,,,,,,2.0,,,,,,2.0,,,184.0,55.0,4.76,1.42,48.88,158.0,146.0,3.0
25694.0,3.0,2.0,1.0,1.0,21.0,252.0,253.0,4.0,2.0,2.0,1.0,1.0,,,4.0,3.0,,6.0,7.0,11.0,11.0,1.84,,2.0,58.0,1.0,2.0,3.0,,1.0,2.0,2.0,1.0,2.0,2.0,1.0,2.0,2.0,1.0,26105.586793,29713.054682,1.0,43.0,1.0,666.0,,,2.0,2.0,2.0,2.0,1.0,5.0,80.0,,1.0,1.0,160.0,128.0,74.0,2.0,128.0,72.0,2.0,,,2.0,130.0,70.0,2.0,129.0,71.0,2.0,,,,,2.0,,,,2.0,,,,,,,,,2.0,,,,2.0,2.0,0.0,2.0,2.0,2.0,2.0,1.0,2.0,2.0,2.0,,,,,,,,,,,,,,,2.0,,,,,,,,,,,,,,,,,,,,,,,,,,,,,,,,,,,1.0,1.0,1.0,2.0,2.0,2.0,1.0,1.0,,,,,,,7.0,,9.0,,,,,,,,,,,,,,,,,,,,,,,,,,,,1.0,2.0,,,,,,,,,2.0,,,,,,,,2.0,,,,,,2.0,,,239.0,41.0,6.18,1.06,38.66,145.0,129.0,2.0
25708.0,3.0,2.0,2.0,2.0,22.0,272.0,273.0,3.0,1.0,2.0,1.0,1.0,,,5.0,3.0,,5.0,2.0,11.0,8.0,5.0,2.0,2.0,22.0,1.0,5.0,5.0,,1.0,2.0,2.0,1.0,2.0,2.0,,,,,76763.243798,82303.638318,2.0,37.0,1.0,519.0,,,2.0,2.0,2.0,2.0,1.0,4.0,80.0,,1.0,1.0,150.0,118.0,64.0,2.0,112.0,70.0,2.0,116.0,62.0,2.0,,,,114.0,66.0,2.0,,,,,2.0,,,,2.0,,,,,,,,,1.0,,,,2.0,2.0,0.0,2.0,2.0,2.0,2.0,2.0,2.0,2.0,2.0,,,,,,,,,,,,,,,2.0,,,,,,,,,,,,,,,,,,,,,,,,,,,,,,,,,,,1.0,5.0,1.0,2.0,2.0,2.0,1.0,2.0,,,,4.0,,,,,,,,,,,,,,,,,,,,,,,,,,,,,,,,,,,,,,6.0,,,,,,,,,,,,,2.0,,,,,,2.0,,,152.0,66.0,3.93,1.71,35.33,144.0,136.0,2.0
25731.0,3.0,2.0,2.0,1.0,36.0,440.0,441.0,3.0,1.0,2.0,1.0,1.0,,,4.0,3.0,,1.0,4.0,6.0,6.0,1.52,,1.0,36.0,1.0,4.0,1.0,2.0,1.0,2.0,2.0,1.0,2.0,2.0,1.0,2.0,2.0,1.0,38743.713871,41860.547136,1.0,33.0,1.0,1200.0,,,2.0,2.0,2.0,2.0,1.0,4.0,56.0,,1.0,1.0,140.0,120.0,78.0,2.0,120.0,76.0,2.0,118.0,78.0,2.0,,,,119.0,77.0,2.0,,,,,2.0,,,,2.0,,,,,,,,,2.0,,,,2.0,2.0,0.0,2.0,2.0,2.0,2.0,2.0,2.0,2.0,2.0,,,,,,,,,,,,,,,2.0,,,,,,,,,,,,,,,,,,,,,,,,,,,,,,,,,,,1.0,5.0,1.0,1.0,2.0,2.0,1.0,2.0,1.0,,,,,,,,,,,,,5.0,,,,,,,,,,,,,,,,,,,,,,,,,,4.0,,,,,,,,,,,,,,,2.0,,,,,,2.0,,,255.0,37.0,6.59,0.96,35.51,154.0,144.0,2.0
25733.0,3.0,2.0,1.0,2.0,20.0,245.0,245.0,3.0,1.0,2.0,1.0,1.0,,,3.0,2.0,,1.0,2.0,6.0,6.0,2.06,2.0,1.0,21.0,1.0,3.0,1.0,3.0,1.0,2.0,2.0,1.0,2.0,2.0,1.0,2.0,2.0,1.0,72300.337808,77518.621658,1.0,38.0,1.0,649.0,,,2.0,2.0,2.0,2.0,1.0,4.0,68.0,,1.0,1.0,140.0,108.0,64.0,2.0,102.0,56.0,2.0,108.0,64.0,2.0,,,,105.0,60.0,2.0,,,,,2.0,,,,2.0,,,,,,,,,2.0,,,,2.0,2.0,0.0,2.0,2.0,2.0,2.0,2.0,2.0,2.0,2.0,,,,,,,,,,,,,,,2.0,,,,,,,,,,,,,,,,,,,,,,,,,,,,,,,,,,,1.0,2.0,1.0,2.0,1.0,2.0,1.0,1.0,,,,,,6.0,,,,,,,,,,,,,,,,,,,,8.0,,,,,,,,,,,,,3.0,,,,,,,,,3.0,,,,,,,2.0,,,,,,2.0,,,,,,,39.74,133.0,,3.0
25752.0,3.0,2.0,1.0,2.0,38.0,458.0,459.0,1.0,3.0,2.0,2.0,2.0,4.0,,2.0,1.0,,5.0,5.0,5.0,5.0,1.11,2.0,2.0,38.0,2.0,2.0,5.0,,2.0,2.0,2.0,2.0,2.0,2.0,2.0,2.0,2.0,2.0,28553.716489,29408.812407,2.0,43.0,1.0,524.0,,,2.0,2.0,2.0,2.0,1.0,4.0,66.0,,1.0,1.0,160.0,130.0,78.0,2.0,132.0,80.0,2.0,124.0,72.0,2.0,,,,128.0,76.0,2.0,,,,,2.0,,,,2.0,,,,,,,,,2.0,,,,1.0,2.0,0.0,2.0,2.0,2.0,2.0,1.0,2.0,2.0,2.0,,,,32.0,,,,,,,,,,3.0,2.0,,,,,,,,,,,,,,,,,,,,,,,,,,,,,,,,,,,1.0,0.0,2.0,2.0,2.0,2.0,1.0,1.0,,,,,,,,,,,,,,,,,,,,,,,,,,,,,,,,,,,,,1.0,2.0,,,,,,,,1.0,,,,,,,,,2.0,,,,,,2.0,,,184.0,44.0,4.76,1.14,25.24,118.0,113.0,1.0
25756.0,3.0,2.0,2.0,1.0,22.0,269.0,269.0,4.0,2.0,2.0,1.0,1.0,,,4.0,3.0,,5.0,2.0,8.0,8.0,4.24,,1.0,22.0,1.0,4.0,5.0,,1.0,2.0,2.0,1.0,2.0,2.0,1.0,2.0,2.0,1.0,23022.518333,24934.413602,2.0,41.0,1.0,503.0,,,2.0,2.0,2.0,2.0,1.0,3.0,56.0,,1.0,1.0,140.0,108.0,62.0,2.0,108.0,64.0,2.0,,,2.0,,,2.0,108.0,64.0,2.0,,,,,2.0,,,,2.0,,,,,,,,,2.0,,,,2.0,2.0,0.0,2.0,2.0,2.0,2.0,2.0,2.0,2.0,2.0,,,,,,,,,,,,,,,2.0,,,,,,,,,,,,,,,,,,,,,,,,,,,,,,,,,,,1.0,0.0,2.0,1.0,2.0,2.0,2.0,1.0,,,,,,,,,,,,,,5.0,,,,,,,,,,,,,,,,,,,,,,,,,,,,,,,,,,,,,,,,9.0,9.0,,,,,,2.0,,,153.0,67.0,3.96,1.73,45.8,165.0,153.0,3.0
25760.0,3.0,2.0,2.0,2.0,33.0,401.0,401.0,3.0,1.0,2.0,1.0,1.0,,,5.0,3.0,,1.0,3.0,11.0,11.0,4.95,1.0,1.0,37.0,3.0,5.0,1.0,5.0,1.0,2.0,2.0,1.0,2.0,2.0,1.0,2.0,2.0,1.0,84849.53948,89748.505554,2.0,37.0,1.0,614.0,,,2.0,2.0,2.0,2.0,1.0,3.0,96.0,,1.0,1.0,160.0,128.0,84.0,2.0,124.0,84.0,2.0,126.0,72.0,2.0,,,,125.0,78.0,2.0,,,,,2.0,,,,2.0,,,,,,,,,2.0,,,,2.0,2.0,0.0,2.0,2.0,2.0,2.0,2.0,2.0,2.0,2.0,,,,,,,,,,,,,,,2.0,,,,,,,,,,,,,,,,,,,,,,,,,,,,,,,,,,,1.0,0.0,2.0,2.0,2.0,2.0,2.0,2.0,,,,,,,,,,,,,,,,,,,,,,,,,,,,,,,,,,,,,,,,,,,,,,,,,,,,,,,2.0,,,,,,2.0,,,207.0,59.0,5.35,1.53,28.29,146.0,147.0,1.0
25778.0,3.0,2.0,2.0,1.0,36.0,443.0,443.0,3.0,1.0,1.0,1.0,1.0,,,4.0,3.0,,1.0,3.0,7.0,7.0,2.29,,2.0,31.0,1.0,4.0,1.0,4.0,1.0,2.0,2.0,1.0,2.0,2.0,1.0,2.0,2.0,1.0,84402.121847,89719.775286,1.0,29.0,1.0,783.0,,,2.0,2.0,2.0,2.0,1.0,5.0,72.0,,1.0,1.0,150.0,134.0,72.0,2.0,122.0,86.0,2.0,112.0,82.0,2.0,,,,117.0,84.0,2.0,,,,,2.0,,,,2.0,,,,,,,,,2.0,,,,2.0,2.0,0.0,2.0,2.0,2.0,2.0,1.0,2.0,2.0,1.0,,,1.0,,,,,,,,,,35.0,,2.0,,,,,,,,,,,,,,,,,,,,,,,,,,,,,,,,,,,1.0,2.0,1.0,2.0,2.0,2.0,2.0,2.0,,2.0,,,,6.0,,,,,,,,,,,,,,,,,,,,,,,,,,,,,,,,,,,,,,,,,,,,,,,,,2.0,,,,,,2.0,,,241.0,35.0,6.23,0.91,46.4,124.0,110.0,3.0
25786.0,3.0,2.0,1.0,1.0,34.0,414.0,414.0,5.0,1.0,1.0,1.0,1.0,,,1.0,1.0,,5.0,2.0,,,,,1.0,34.0,1.0,1.0,5.0,,1.0,2.0,2.0,,,,1.0,2.0,2.0,1.0,82872.693643,91712.453393,1.0,38.0,1.0,585.0,,,1.0,2.0,2.0,2.0,1.0,4.0,80.0,,1.0,1.0,150.0,118.0,70.0,2.0,,,2.0,116.0,68.0,2.0,112.0,66.0,2.0,114.0,67.0,2.0,,,,,2.0,,,,2.0,,,,,,,,,2.0,,,,2.0,2.0,0.0,2.0,2.0,2.0,2.0,2.0,2.0,2.0,2.0,,,,,,,,,,,,,,,2.0,,,,,,,,,,,,,,,,,,,,,,,,,,,,,,,,,,,1.0,0.0,1.0,2.0,2.0,2.0,2.0,2.0,,,,4.0,,,,,9.0,,,,,,,,,,,,,,,,,,,,,,,,,,,,,,,,,,,,,,,,,,,,,,2.0,,,,,,9.0,,,206.0,31.0,5.33,0.8,40.14,150.0,136.0,2.0
25788.0,3.0,2.0,2.0,1.0,26.0,312.0,312.0,3.0,1.0,2.0,1.0,1.0,,,2.0,1.0,,1.0,5.0,5.0,5.0,0.93,,2.0,24.0,1.0,3.0,1.0,2.0,1.0,2.0,2.0,1.0,2.0,2.0,1.0,2.0,2.0,1.0,42250.882141,43172.65323,2.0,34.0,1.0,755.0,,,1.0,2.0,2.0,2.0,1.0,3.0,88.0,,1.0,1.0,140.0,106.0,66.0,2.0,98.0,62.0,2.0,100.0,62.0,2.0,,,,99.0,62.0,2.0,,,,,2.0,,,,2.0,,,,,,,,,2.0,,,,2.0,2.0,0.0,2.0,2.0,2.0,2.0,2.0,2.0,2.0,2.0,,,,,,,,,,,,,,,2.0,,,,,,,,,,,,,,,,,,,,,,,,,,,,,,,,,,,1.0,1.0,1.0,1.0,2.0,2.0,2.0,2.0,,,,,5.0,,,,,,,3.0,4.0,,,,,,,,,,,,,,,,,,,,,,,,,,,,,,,,,,,,,,,,,,2.0,,,,,,2.0,,,193.0,56.0,4.99,1.45,44.63,175.0,173.0,3.0
25793.0,3.0,2.0,2.0,2.0,47.0,565.0,566.0,3.0,1.0,1.0,1.0,1.0,,,5.0,3.0,,1.0,3.0,11.0,11.0,5.0,2.0,1.0,47.0,1.0,5.0,1.0,5.0,1.0,2.0,2.0,1.0,2.0,2.0,1.0,2.0,2.0,1.0,111730.146992,117178.325732,2.0,37.0,1.0,765.0,,,2.0,2.0,2.0,2.0,1.0,4.0,64.0,,1.0,1.0,160.0,,,2.0,,,2.0,124.0,76.0,2.0,120.0,76.0,2.0,120.0,76.0,2.0,,,,,2.0,,,,2.0,,,,,,,,,2.0,,,,2.0,2.0,0.0,2.0,2.0,2.0,2.0,1.0,2.0,2.0,1.0,,,1.0,,,,,,,,,,44.0,,2.0,,,,,,,,,,,,,,,,,,,,,,,,,,,,,,,,,,,1.0,0.0,2.0,1.0,1.0,1.0,2.0,2.0,,,,,,,,,,,,3.0,,,,,,,,,,,,,7.0,,,1.0,2.0,,,,,,,,,,,,,,,,,,,,,,,,,,2.0,,,,,,2.0,,,231.0,65.0,5.97,1.68,39.76,109.0,97.0,3.0
25796.0,3.0,2.0,1.0,2.0,45.0,542.0,543.0,1.0,3.0,2.0,1.0,1.0,,,4.0,3.0,,1.0,5.0,11.0,11.0,4.99,2.0,1.0,49.0,1.0,4.0,1.0,4.0,1.0,2.0,2.0,1.0,2.0,2.0,1.0,2.0,2.0,1.0,17356.910921,17581.373949,2.0,42.0,1.0,927.0,,,2.0,2.0,2.0,2.0,1.0,5.0,80.0,,1.0,1.0,130.0,110.0,76.0,2.0,112.0,76.0,2.0,108.0,76.0,2.0,,,,110.0,76.0,2.0,,,,,2.0,,,,2.0,,,,,,,,,2.0,,,,2.0,2.0,0.0,2.0,2.0,2.0,2.0,1.0,2.0,2.0,2.0,,,,,,,,,,,,,,,2.0,,,,,,,,,,,,,,,,,,,,,,,,,,,,,,,,,,,1.0,0.0,2.0,2.0,2.0,2.0,1.0,2.0,,,,,,,,,,,,,,,,,,,,,,,,,,,,,,,,,,,,,1.0,2.0,,,,,,,,,,,,,,,,,2.0,,,,,,2.0,,,220.0,56.0,5.69,1.45,49.4,136.0,132.0,3.0
25802.0,3.0,2.0,1.0,2.0,21.0,254.0,254.0,4.0,2.0,2.0,1.0,1.0,,,3.0,2.0,,5.0,2.0,6.0,3.0,1.11,2.0,2.0,21.0,1.0,3.0,5.0,,1.0,2.0,2.0,1.0,2.0,2.0,1.0,2.0,2.0,1.0,30730.404004,31625.075863,1.0,37.0,1.0,551.0,,,2.0,2.0,2.0,2.0,1.0,4.0,72.0,,1.0,1.0,140.0,108.0,66.0,2.0,102.0,62.0,2.0,110.0,62.0,2.0,,,,106.0,62.0,1.0,13.0,2.0,,,2.0,,,,2.0,,,,,,,,,2.0,,,,2.0,2.0,0.0,2.0,2.0,2.0,2.0,2.0,2.0,2.0,2.0,,,,,,,,,,,,,,,2.0,,,,,,,,,,,,,,,,,,,,,,,,,,,,,,,,,,,1.0,3.0,1.0,2.0,1.0,2.0,2.0,2.0,1.0,,3.0,,,,,,,,,,,,,,,,,2.0,,,,,7.0,,,,,,,,,,,,,,,,,,,,,,,,,,,,,,2.0,,,,,,2.0,,,178.0,57.0,4.6,1.47,30.06,158.0,147.0,1.0
25839.0,3.0,2.0,2.0,1.0,22.0,270.0,270.0,4.0,2.0,2.0,3.0,1.0,6.0,,4.0,3.0,,5.0,5.0,8.0,8.0,2.18,,2.0,44.0,1.0,3.0,3.0,,1.0,2.0,2.0,1.0,2.0,2.0,1.0,2.0,2.0,1.0,23022.518333,25253.553309,2.0,41.0,1.0,541.0,,,2.0,2.0,2.0,2.0,1.0,3.0,66.0,,1.0,1.0,130.0,112.0,80.0,2.0,108.0,78.0,2.0,106.0,76.0,2.0,,,,107.0,77.0,2.0,,,,,2.0,,,,2.0,,,,,,,,,2.0,,,,2.0,2.0,0.0,2.0,2.0,2.0,2.0,2.0,2.0,2.0,2.0,,,,,,,,,,,,,,,2.0,,,,,,,,,,,,,,,,,,,,,,,,,,,,,,,,,,,1.0,0.0,9.0,9.0,1.0,9.0,9.0,9.0,,,,,,,,,,,,,,,,,,,,,,,,,7.0,,,,,,,,,,,,,,,,,,,,,,,,,,,,,,1.0,,,3.0,,,9.0,,,142.0,48.0,3.67,1.24,45.02,143.0,135.0,3.0
25842.0,3.0,2.0,1.0,1.0,21.0,263.0,264.0,1.0,3.0,2.0,2.0,2.0,3.0,,3.0,2.0,,5.0,6.0,3.0,3.0,0.41,,1.0,45.0,2.0,1.0,1.0,1.0,2.0,2.0,2.0,1.0,2.0,2.0,2.0,2.0,2.0,2.0,31324.793653,31235.972493,1.0,40.0,1.0,637.0,,,2.0,2.0,2.0,2.0,1.0,3.0,78.0,,1.0,1.0,140.0,114.0,64.0,2.0,112.0,72.0,2.0,114.0,62.0,2.0,,,,113.0,67.0,2.0,,,,,2.0,,,,2.0,,,,,,,,,2.0,,,,2.0,2.0,0.0,2.0,2.0,2.0,2.0,2.0,2.0,2.0,2.0,,,,,,,,,,,,,,,2.0,,,,,,,,,,,,,,,,,,,,,,,,,,,,,,,,,,,1.0,0.0,2.0,2.0,2.0,2.0,1.0,2.0,,,,,,,,,,,,,,,,,,,,,,,,,,,,,,,,,,,,,1.0,,,,,,,,,,,,,,,,,,2.0,,,,,,2.0,,,165.0,67.0,4.27,1.73,45.66,155.0,149.0,3.0
25848.0,3.0,2.0,1.0,2.0,20.0,243.0,244.0,3.0,1.0,2.0,1.0,1.0,,,4.0,3.0,,5.0,3.0,,1.0,0.32,2.0,2.0,20.0,1.0,4.0,5.0,,1.0,2.0,2.0,1.0,2.0,2.0,1.0,2.0,2.0,1.0,48901.242049,51188.499718,2.0,40.0,1.0,806.0,,,1.0,2.0,2.0,2.0,1.0,3.0,96.0,,1.0,1.0,130.0,112.0,70.0,2.0,108.0,68.0,2.0,108.0,66.0,2.0,,,,108.0,67.0,1.0,18.0,1.0,1.0,2.0,2.0,,,,2.0,,,,,,,,,2.0,,,,2.0,2.0,0.0,2.0,2.0,2.0,2.0,2.0,1.0,2.0,2.0,2.0,,,,,,,,,,18.0,,,,2.0,,,,,,,,,,,,,,,,,,,,,,,,,,,,,,,,,,,1.0,0.0,1.0,1.0,2.0,2.0,2.0,2.0,,,,,,,,,9.0,,,3.0,,,,,,9.0,,,,,,,,,,,,,,,,,,,,,,,,,,,,,,,,,,,,,2.0,,,,,,2.0,,,192.0,69.0,4.97,1.78,55.06,147.0,153.0,3.0
25859.0,3.0,2.0,2.0,1.0,25.0,303.0,304.0,3.0,1.0,2.0,1.0,1.0,,,3.0,2.0,,1.0,3.0,8.0,8.0,3.19,,1.0,25.0,1.0,3.0,1.0,5.0,1.0,2.0,2.0,1.0,2.0,2.0,1.0,2.0,2.0,1.0,61559.503246,62902.523023,2.0,30.0,1.0,630.0,,,2.0,2.0,2.0,2.0,1.0,4.0,58.0,,1.0,1.0,130.0,112.0,66.0,2.0,110.0,70.0,2.0,118.0,74.0,2.0,,,,114.0,72.0,2.0,,,,,2.0,,,,2.0,,,,,,,,,2.0,,,,2.0,2.0,0.0,2.0,2.0,2.0,2.0,2.0,2.0,2.0,2.0,,,,,,,,,,,,,,,2.0,,,,,,,,,,,,,,,,,,,,,,,,,,,,,,,,,,,1.0,0.0,2.0,2.0,2.0,2.0,2.0,2.0,,,,,,,,,,,,,,,,,,,,,,,,,,,,,,,,,,,,,,,,,,,,,,,,,,,,,,,2.0,,,,,,2.0,,,179.0,41.0,4.63,1.06,47.9,155.0,144.0,3.0
25881.0,3.0,2.0,1.0,2.0,31.0,375.0,376.0,1.0,3.0,2.0,2.0,2.0,2.0,,2.0,1.0,,5.0,6.0,,13.0,,2.0,2.0,52.0,2.0,1.0,1.0,1.0,2.0,2.0,2.0,2.0,2.0,2.0,2.0,2.0,2.0,2.0,27385.973159,28206.098759,1.0,40.0,1.0,754.0,,,2.0,2.0,2.0,2.0,1.0,5.0,68.0,,1.0,1.0,140.0,116.0,64.0,2.0,114.0,64.0,2.0,114.0,60.0,2.0,,,,114.0,62.0,2.0,,,,,2.0,,,,2.0,,,,,,,,,1.0,,,,2.0,2.0,0.0,2.0,2.0,2.0,2.0,1.0,2.0,2.0,2.0,,,,,,,,,,,,,,,2.0,,,,,,,,,,,,,,,,,,,,,,,,,,,,,,,,,,,1.0,0.0,1.0,2.0,2.0,2.0,2.0,2.0,1.0,2.0,,4.0,,,,8.0,,,,,,,,,,,,,,,,,,,,,,,,,,,,,,,,,,,,,,,,,,,,,,,2.0,,,,,,2.0,,,178.0,52.0,4.6,1.34,30.54,117.0,110.0,2.0
25904.0,3.0,2.0,1.0,2.0,20.0,242.0,242.0,3.0,1.0,2.0,1.0,1.0,,,4.0,3.0,,5.0,3.0,3.0,1.0,0.16,2.0,2.0,20.0,1.0,4.0,5.0,,1.0,2.0,2.0,1.0,2.0,2.0,1.0,2.0,2.0,1.0,59553.080946,62338.557049,2.0,40.0,1.0,638.0,,,1.0,2.0,2.0,2.0,1.0,3.0,70.0,,1.0,1.0,140.0,110.0,58.0,2.0,112.0,72.0,2.0,114.0,66.0,1.0,,,,113.0,69.0,2.0,,,,,2.0,,,,2.0,,,,,,,,,2.0,,,,2.0,2.0,0.0,2.0,2.0,2.0,2.0,2.0,2.0,2.0,2.0,,,,,,,,,,,,,,,2.0,,,,,,,,,,,,,,,,,,,,,,,,,,,,,,,,,,,1.0,0.0,2.0,1.0,2.0,2.0,2.0,2.0,,,,,,,,,,,,,4.0,,,,,,,,,,,,,,,,,,,,,,,,,,,,,,,,,,,,,,,,,,2.0,,,,,,2.0,,,,,,,39.5,165.0,145.0,3.0
25911.0,3.0,2.0,1.0,2.0,25.0,301.0,301.0,3.0,1.0,2.0,1.0,1.0,,,4.0,3.0,,1.0,3.0,6.0,6.0,1.83,1.0,2.0,25.0,1.0,4.0,1.0,4.0,1.0,2.0,2.0,1.0,2.0,2.0,1.0,2.0,2.0,1.0,72300.337808,75682.041324,1.0,38.0,1.0,535.0,,,2.0,2.0,2.0,2.0,1.0,5.0,100.0,,1.0,1.0,150.0,114.0,72.0,2.0,116.0,66.0,2.0,114.0,70.0,2.0,,,,115.0,68.0,1.0,11.0,1.0,1.0,2.0,2.0,,,,2.0,,,,,,,,,2.0,,,,2.0,2.0,0.0,2.0,2.0,2.0,2.0,2.0,1.0,2.0,2.0,2.0,,,,,,,,,,11.0,,,,2.0,,,,,,,,,,,,,,,,,,,,,,,,,,,,,,,,,,,1.0,0.0,2.0,2.0,1.0,2.0,2.0,2.0,,,,,,,,,,,,,,,,,,,,,3.0,,,,,,,,,,,,,,,,,,,,,,,,,,,,,,,,,,2.0,,,,,,2.0,,,167.0,56.0,4.32,1.45,25.4,136.0,131.0,1.0
25943.0,3.0,2.0,2.0,1.0,31.0,382.0,383.0,3.0,1.0,2.0,1.0,1.0,,,2.0,1.0,,5.0,6.0,12.0,5.0,0.91,,2.0,59.0,1.0,3.0,1.0,3.0,1.0,2.0,2.0,1.0,2.0,2.0,1.0,2.0,2.0,,46721.747483,49665.394583,2.0,31.0,1.0,660.0,,,2.0,2.0,2.0,2.0,1.0,4.0,70.0,,1.0,1.0,150.0,134.0,72.0,2.0,126.0,70.0,2.0,122.0,64.0,2.0,,,,124.0,67.0,2.0,,,,,2.0,,,,2.0,,,,,,,,,2.0,,,,2.0,2.0,0.0,2.0,2.0,2.0,2.0,2.0,2.0,2.0,2.0,,,,,,,,,,,,,,,2.0,,,,,,,,,,,,,,,,,,,,,,,,,,,,,,,,,,,2.0,,1.0,2.0,2.0,2.0,1.0,1.0,,,,,,,,,9.0,,,,,,,,,,,,,,,,,,,,,,,,,,,,,,,,,,,,9.0,,,,,,,,,9.0,2.0,,,,,,2.0,,,179.0,48.0,4.63,1.24,33.75,170.0,162.0,1.0
25949.0,3.0,2.0,1.0,2.0,21.0,257.0,257.0,3.0,1.0,2.0,1.0,1.0,,,4.0,3.0,,5.0,3.0,3.0,2.0,0.54,2.0,2.0,21.0,1.0,4.0,5.0,,1.0,2.0,2.0,1.0,2.0,2.0,1.0,2.0,2.0,1.0,59553.080946,62338.557049,2.0,40.0,1.0,683.0,,,2.0,2.0,2.0,2.0,1.0,3.0,76.0,,1.0,1.0,120.0,94.0,64.0,2.0,96.0,62.0,2.0,92.0,58.0,2.0,,,,94.0,60.0,2.0,,,,,2.0,,,,2.0,,,,,,,,,2.0,,,,2.0,2.0,0.0,2.0,2.0,2.0,2.0,2.0,2.0,2.0,2.0,,,,,,,,,,,,,,,2.0,,,,,,,,,,,,,,,,,,,,,,,,,,,,,,,,,,,1.0,2.0,1.0,2.0,2.0,2.0,2.0,2.0,,,3.0,,,,,,,,,,,,,,,,,,,,,,,,,,,,,,,,,,,,,,,,,,,,,,,,,,,,2.0,,,,,,2.0,,,159.0,60.0,4.11,1.55,41.9,138.0,124.0,3.0
25950.0,3.0,2.0,2.0,1.0,26.0,314.0,315.0,2.0,5.0,2.0,3.0,2.0,4.0,,2.0,1.0,,5.0,6.0,10.0,10.0,2.58,,1.0,23.0,3.0,3.0,5.0,,1.0,2.0,2.0,1.0,2.0,2.0,2.0,2.0,2.0,2.0,65324.140175,67844.633415,2.0,41.0,1.0,733.0,,,2.0,2.0,2.0,2.0,1.0,4.0,60.0,,1.0,1.0,140.0,120.0,58.0,2.0,,,2.0,120.0,66.0,2.0,122.0,56.0,2.0,121.0,61.0,1.0,4.0,2.0,,,2.0,,,,2.0,,,,,,,,,2.0,,,,2.0,2.0,0.0,2.0,2.0,2.0,2.0,1.0,2.0,2.0,2.0,,,,,,,,,,,,,,,2.0,,,,,,,,,,,,,,,,,,,,,,,,,,,,,,,,,,,1.0,0.0,2.0,2.0,2.0,2.0,2.0,2.0,,,,,,,,,,,,,,,,,,,,,,,,,,,,,,,,,,,,,,,,,,,,,,,,,,,,,,,2.0,,,,,,2.0,,,186.0,53.0,4.81,1.37,43.0,137.0,,2.0
25963.0,3.0,2.0,2.0,1.0,22.0,265.0,265.0,4.0,2.0,2.0,1.0,1.0,,,4.0,3.0,,5.0,3.0,,77.0,,,2.0,40.0,3.0,4.0,3.0,,1.0,2.0,2.0,1.0,2.0,2.0,1.0,2.0,2.0,1.0,23022.518333,25253.553309,2.0,41.0,1.0,1173.0,,,2.0,2.0,2.0,2.0,1.0,3.0,66.0,,1.0,1.0,160.0,138.0,78.0,2.0,136.0,72.0,2.0,,,2.0,140.0,70.0,2.0,138.0,71.0,2.0,,,,,2.0,,,,2.0,,,,,,,,,2.0,,,,2.0,2.0,0.0,2.0,2.0,2.0,2.0,2.0,2.0,2.0,2.0,,,,,,,,,,,,,,,2.0,,,,,,,,,,,,,,,,,,,,,,,,,,,,,,,,,,,2.0,,2.0,2.0,2.0,2.0,9.0,9.0,,,,,,,,,,,,,,,,,,,,,,,,,,,,,,,,,,,,,,,,,,,,,,,,,,,,,,,2.0,,,,,,2.0,,,132.0,66.0,3.41,1.71,42.69,152.0,172.0,2.0
25991.0,3.0,2.0,1.0,1.0,39.0,469.0,470.0,5.0,2.0,2.0,1.0,1.0,,,5.0,3.0,,1.0,4.0,11.0,11.0,5.0,,1.0,39.0,1.0,5.0,1.0,5.0,1.0,2.0,2.0,1.0,2.0,2.0,1.0,2.0,2.0,1.0,27628.835166,29096.036417,1.0,36.0,1.0,1003.0,,,2.0,2.0,2.0,2.0,1.0,4.0,70.0,,1.0,1.0,130.0,94.0,70.0,2.0,98.0,66.0,2.0,102.0,68.0,2.0,,,,100.0,67.0,1.0,8.0,2.0,,,2.0,,,,2.0,,,,,,,,,2.0,,,,2.0,2.0,0.0,2.0,2.0,2.0,2.0,2.0,2.0,2.0,2.0,,,,,,,,,,,,,,,2.0,,,,,,,,,,,,,,,,,,,,,,,,,,,,,,,,,,,1.0,3.0,1.0,9.0,1.0,2.0,2.0,2.0,1.0,,,,,,,,,,,,,,,,,,,,,,,,7.0,,,,,,,,,,,,,,,,,,,,,,,,,,,,,,2.0,,,,,,2.0,,,253.0,43.0,6.54,1.11,34.04,155.0,,1.0
25998.0,3.0,2.0,2.0,1.0,25.0,306.0,307.0,5.0,4.0,2.0,3.0,1.0,6.0,,4.0,3.0,,5.0,4.0,,99.0,,,1.0,51.0,3.0,1.0,1.0,1.0,1.0,2.0,2.0,1.0,2.0,2.0,1.0,2.0,2.0,1.0,20227.885126,21483.108506,1.0,42.0,1.0,564.0,,,2.0,2.0,2.0,2.0,1.0,3.0,92.0,,1.0,1.0,140.0,120.0,78.0,2.0,122.0,82.0,2.0,114.0,80.0,2.0,,,,118.0,81.0,2.0,,,,,2.0,,,,2.0,,,,,,,,,2.0,,,,2.0,2.0,0.0,2.0,2.0,2.0,2.0,2.0,2.0,2.0,2.0,,,,,,,,,,,,,,,2.0,,,,,,,,,,,,,,,,,,,,,,,,,,,,,,,,,,,1.0,0.0,2.0,2.0,2.0,2.0,2.0,2.0,,,,,,,,,,,,,,,,,,,,,,,,,,,,,,,,,,,,,,,,,,,,,,,,,,,,,,,2.0,,,,,,2.0,,,189.0,47.0,4.89,1.22,43.0,164.0,156.0,2.0
26003.0,3.0,2.0,1.0,1.0,34.0,415.0,416.0,4.0,2.0,2.0,1.0,1.0,,,4.0,3.0,,5.0,1.0,5.0,5.0,2.26,,1.0,34.0,1.0,4.0,5.0,,1.0,2.0,2.0,1.0,2.0,2.0,1.0,2.0,2.0,1.0,34682.094144,36062.284378,2.0,36.0,1.0,726.0,,,2.0,2.0,2.0,2.0,1.0,5.0,62.0,,1.0,1.0,140.0,116.0,68.0,2.0,118.0,66.0,2.0,122.0,82.0,2.0,,,,120.0,74.0,2.0,,,,,2.0,,,,2.0,,,,,,,,,2.0,,,,1.0,2.0,0.0,2.0,2.0,2.0,2.0,2.0,2.0,2.0,2.0,,,,34.0,,,,,,,,,,3.0,2.0,,,,,,,,,,,,,,,,,,,,,,,,,,,,,,,,,,,1.0,1.0,2.0,2.0,2.0,2.0,1.0,2.0,,,,,,,,,,,,,,,,,,,,,,,,,,,,,,,,,,,,,1.0,,,,,,,,,,,,,,,,,,2.0,,,,,,2.0,,,275.0,51.0,7.11,1.32,29.44,157.0,142.0,1.0
26007.0,3.0,2.0,1.0,2.0,24.0,294.0,295.0,1.0,3.0,2.0,1.0,1.0,,,3.0,2.0,,6.0,4.0,9.0,4.0,1.72,2.0,2.0,24.0,1.0,3.0,6.0,,1.0,2.0,2.0,1.0,2.0,2.0,1.0,2.0,2.0,1.0,26702.082542,26878.507296,2.0,40.0,1.0,735.0,,,1.0,2.0,2.0,2.0,1.0,3.0,70.0,,1.0,1.0,140.0,104.0,68.0,2.0,106.0,70.0,2.0,106.0,76.0,2.0,,,,106.0,73.0,2.0,,,,,2.0,,,,2.0,,,,,,,,,2.0,,,,2.0,2.0,0.0,2.0,2.0,2.0,2.0,2.0,2.0,2.0,2.0,,,,,,,,,,,,,,,2.0,,,,,,,,,,,,,,,,,,,,,,,,,,,,,,,,,,,1.0,5.0,1.0,2.0,1.0,2.0,1.0,9.0,,,3.0,4.0,,,,,,,,,,,,,,,,,,,,,7.0,8.0,,,,,,,,,,,,,3.0,4.0,,,,,,,,,,,,,,,2.0,,,,,,2.0,,,185.0,59.0,4.78,1.53,28.13,170.0,164.0,1.0
26008.0,3.0,2.0,2.0,1.0,22.0,273.0,274.0,3.0,1.0,2.0,1.0,1.0,,,4.0,3.0,,5.0,1.0,1.0,1.0,0.45,,1.0,22.0,1.0,4.0,5.0,,1.0,2.0,2.0,1.0,2.0,2.0,1.0,2.0,2.0,1.0,42250.882141,41951.002072,1.0,29.0,1.0,929.0,,,2.0,2.0,2.0,2.0,1.0,5.0,62.0,,1.0,1.0,120.0,94.0,40.0,2.0,92.0,46.0,2.0,90.0,48.0,2.0,,,,91.0,47.0,2.0,,,,,2.0,,,,2.0,,,,,,,,,2.0,,,,2.0,2.0,0.0,2.0,2.0,2.0,2.0,2.0,2.0,2.0,2.0,,,,,,,,,,,,,,,2.0,,,,,,,,,,,,,,,,,,,,,,,,,,,,,,,,,,,1.0,1.0,2.0,2.0,2.0,2.0,1.0,1.0,,,,,,,,,,,,,,,,,,,,,,,,,,,,,,,,,,,,,,,,,,,,,9.0,,,,,,,,,9.0,1.0,,2.0,,,,2.0,,,,,,,48.19,162.0,144.0,3.0
26015.0,3.0,2.0,2.0,1.0,20.0,251.0,251.0,3.0,1.0,2.0,1.0,1.0,,,4.0,3.0,,5.0,3.0,,12.0,,,2.0,44.0,1.0,9.0,1.0,4.0,1.0,2.0,2.0,1.0,2.0,2.0,1.0,2.0,2.0,1.0,83420.639252,85240.594944,1.0,42.0,1.0,583.0,,,2.0,2.0,2.0,2.0,1.0,4.0,70.0,,1.0,1.0,140.0,108.0,64.0,2.0,108.0,56.0,2.0,108.0,56.0,2.0,,,,108.0,56.0,2.0,,,,,2.0,,,,2.0,,,,,,,,,2.0,,,,2.0,2.0,0.0,2.0,2.0,2.0,2.0,2.0,2.0,2.0,2.0,,,,,,,,,,,,,,,2.0,,,,,,,,,,,,,,,,,,,,,,,,,,,,,,,,,,,1.0,0.0,2.0,2.0,2.0,2.0,2.0,2.0,,,,,,,,,,,,,,,,,,,,,,,,,,,,,,,,,,,,,,,,,,,,,,,,,,,,,,,2.0,,,,,,2.0,,,255.0,35.0,6.59,0.91,32.07,184.0,164.0,1.0
26024.0,3.0,2.0,2.0,1.0,23.0,283.0,284.0,5.0,2.0,2.0,1.0,1.0,,,4.0,3.0,,6.0,2.0,5.0,2.0,1.07,,1.0,23.0,1.0,4.0,6.0,,1.0,2.0,2.0,1.0,2.0,2.0,1.0,2.0,2.0,1.0,27786.040925,30093.520907,1.0,32.0,1.0,564.0,,,2.0,2.0,2.0,2.0,1.0,3.0,64.0,,1.0,1.0,150.0,108.0,76.0,2.0,108.0,78.0,2.0,108.0,78.0,2.0,,,,108.0,78.0,1.0,10.0,2.0,,,2.0,,,,2.0,,,,,,,,,2.0,,,,2.0,2.0,0.0,2.0,2.0,2.0,2.0,2.0,2.0,2.0,2.0,,,,,,,,,,,,,,,2.0,,,,,,,,,,,,,,,,,,,,,,,,,,,,,,,,,,,1.0,5.0,1.0,2.0,1.0,2.0,2.0,2.0,,,,,5.0,,,,,,,,,,,,,,,,,,,,,,9.0,,,,,,,,,,,,,,,,,,,,,,,,,,,,2.0,,,,,,2.0,,,134.0,40.0,3.47,1.03,42.54,153.0,138.0,2.0
26027.0,3.0,2.0,2.0,1.0,45.0,546.0,548.0,4.0,2.0,1.0,1.0,1.0,,,2.0,1.0,,3.0,3.0,7.0,7.0,2.62,,2.0,82.0,1.0,1.0,2.0,,1.0,2.0,2.0,1.0,2.0,2.0,1.0,2.0,2.0,1.0,22420.209153,23319.165944,1.0,41.0,1.0,905.0,,,2.0,2.0,2.0,2.0,1.0,4.0,52.0,,1.0,1.0,210.0,184.0,86.0,2.0,168.0,82.0,2.0,,,2.0,,,2.0,168.0,82.0,2.0,,,,,2.0,,,,2.0,,,,,,,,,1.0,,,,2.0,2.0,0.0,2.0,2.0,2.0,2.0,2.0,2.0,2.0,2.0,,,,,,,,,,,,,,,2.0,,,,,,,,,,,,,,,,,,,,,,,,,,,,,,,,,,,1.0,4.0,2.0,2.0,2.0,2.0,2.0,2.0,,,,,,,,,,,,,,,,,,,,,,,,,,,,,,,,,,,,,,,,,,,,,,,,,,,,,,,2.0,,,,,,2.0,,,204.0,41.0,5.28,1.06,49.48,118.0,127.0,3.0
26052.0,3.0,2.0,2.0,1.0,41.0,495.0,496.0,1.0,3.0,1.0,1.0,1.0,,,4.0,3.0,,1.0,7.0,,8.0,2.06,,1.0,41.0,1.0,4.0,1.0,1.0,1.0,2.0,2.0,1.0,2.0,2.0,1.0,2.0,2.0,1.0,23320.524128,25104.610893,2.0,32.0,1.0,634.0,,,1.0,2.0,2.0,2.0,1.0,5.0,72.0,,1.0,1.0,150.0,112.0,70.0,2.0,116.0,76.0,2.0,114.0,62.0,2.0,,,,115.0,69.0,2.0,,,,,2.0,,,,2.0,,,,,,,,,1.0,,,,9.0,2.0,0.0,2.0,2.0,2.0,2.0,1.0,2.0,2.0,2.0,,,,,,,,,,,,,,,2.0,,,,,,,,,,,,,,,,,,,,,,,,,,,,,,,,,,,1.0,0.0,1.0,2.0,2.0,2.0,2.0,2.0,,2.0,,,5.0,6.0,,,9.0,,,,,,,,,,,,,,,,,,,,,,,,,,,,,,,,,,,,,,,,,,,,,,2.0,,,,,,2.0,,,184.0,34.0,4.76,0.88,46.03,120.0,108.0,3.0
26061.0,3.0,2.0,2.0,2.0,31.0,373.0,374.0,4.0,2.0,2.0,1.0,1.0,,,4.0,3.0,,5.0,2.0,3.0,3.0,1.07,2.0,2.0,31.0,1.0,4.0,5.0,,1.0,2.0,2.0,1.0,2.0,2.0,1.0,2.0,2.0,1.0,31439.159009,32114.81901,1.0,41.0,1.0,808.0,,,1.0,2.0,2.0,2.0,1.0,5.0,82.0,,1.0,1.0,130.0,104.0,62.0,2.0,100.0,70.0,2.0,98.0,64.0,2.0,,,,99.0,67.0,2.0,,,,,2.0,,,,2.0,,,,,,,,,2.0,,,,2.0,2.0,0.0,2.0,2.0,2.0,2.0,1.0,2.0,2.0,2.0,,,,,,,,,,,,,,,2.0,,,,,,,,,,,,,,,,,,,,,,,,,,,,,,,,,,,1.0,3.0,1.0,2.0,1.0,2.0,1.0,2.0,1.0,,3.0,,,,,,,,,,,,,,,,,,,,,,7.0,,,,,,,,,,,,1.0,2.0,,,,,,,,,,,,,,,,,2.0,,,,,,2.0,,,176.0,40.0,4.55,1.03,22.08,136.0,128.0,1.0
26064.0,3.0,2.0,2.0,2.0,30.0,366.0,366.0,1.0,3.0,2.0,2.0,2.0,2.0,,4.0,3.0,,1.0,3.0,5.0,5.0,1.44,2.0,1.0,31.0,2.0,4.0,1.0,4.0,2.0,2.0,2.0,1.0,2.0,2.0,2.0,2.0,2.0,2.0,23159.446957,23945.727395,1.0,42.0,1.0,522.0,,,2.0,2.0,2.0,2.0,1.0,4.0,70.0,,1.0,1.0,140.0,100.0,64.0,2.0,100.0,62.0,2.0,98.0,62.0,2.0,,,,99.0,62.0,2.0,,,,,2.0,,,,2.0,,,,,,,,,2.0,,,,2.0,2.0,0.0,2.0,2.0,2.0,2.0,2.0,2.0,2.0,2.0,,,,,,,,,,,,,,,2.0,,,,,,,,,,,,,,,,,,,,,,,,,,,,,,,,,,,2.0,,1.0,2.0,1.0,1.0,2.0,2.0,,,,,,,,,9.0,,,,,,,,,,,,,,,,,,9.0,,,,4.0,,,,,,,,,,,,,,,,,,,,,,,,1.0,,,3.0,,,2.0,,,187.0,54.0,4.84,1.4,43.03,135.0,124.0,3.0
26068.0,3.0,2.0,2.0,2.0,32.0,389.0,391.0,3.0,1.0,2.0,1.0,1.0,,,4.0,3.0,,1.0,6.0,11.0,11.0,4.18,2.0,1.0,35.0,1.0,4.0,1.0,4.0,1.0,2.0,2.0,1.0,2.0,2.0,1.0,2.0,2.0,1.0,102963.345727,107149.843976,1.0,31.0,1.0,568.0,,,2.0,2.0,2.0,2.0,1.0,3.0,70.0,,1.0,1.0,130.0,94.0,68.0,2.0,94.0,68.0,2.0,,,2.0,92.0,70.0,2.0,93.0,69.0,2.0,,,,,2.0,,,,2.0,,,,,,,,,2.0,,,,2.0,2.0,0.0,2.0,2.0,2.0,2.0,2.0,2.0,2.0,2.0,,,,,,,,,,,,,,,2.0,,,,,,,,,,,,,,,,,,,,,,,,,,,,,,,,,,,1.0,0.0,1.0,1.0,1.0,2.0,2.0,2.0,,,,,5.0,,,,9.0,,,3.0,,,,,,,,,,,,,,,9.0,,,,,,,,,,,,,,,,,,,,,,,,,,,,2.0,,,,,,2.0,,,219.0,74.0,5.66,1.91,34.91,145.0,123.0,3.0
26073.0,3.0,2.0,2.0,1.0,34.0,409.0,410.0,3.0,1.0,2.0,1.0,1.0,,,3.0,2.0,,6.0,4.0,,99.0,,,2.0,50.0,1.0,4.0,2.0,,1.0,2.0,2.0,1.0,2.0,2.0,1.0,2.0,2.0,1.0,89677.848453,96892.203332,1.0,32.0,1.0,602.0,,,1.0,2.0,2.0,2.0,1.0,4.0,60.0,,1.0,1.0,150.0,114.0,52.0,2.0,,,2.0,116.0,62.0,2.0,114.0,58.0,2.0,115.0,60.0,2.0,,,,,2.0,,,,2.0,,,,,,,,,2.0,,,,2.0,2.0,0.0,2.0,2.0,2.0,2.0,2.0,2.0,2.0,2.0,,,,,,,,,,,,,,,2.0,,,,,,,,,,,,,,,,,,,,,,,,,,,,,,,,,,,1.0,0.0,1.0,2.0,2.0,2.0,1.0,1.0,,2.0,,,5.0,,,,9.0,,,,,,,,,,,,,,,,,,,,,,,,,,,,,2.0,,,5.0,6.0,,,,,,,,5.0,,,,,2.0,,,,,,9.0,,,176.0,52.0,4.55,1.34,33.2,154.0,148.0,1.0
26079.0,3.0,2.0,2.0,2.0,38.0,467.0,467.0,3.0,1.0,2.0,1.0,1.0,,,4.0,3.0,,1.0,4.0,7.0,7.0,2.12,2.0,1.0,42.0,1.0,4.0,1.0,4.0,1.0,2.0,2.0,1.0,2.0,2.0,1.0,2.0,2.0,1.0,87573.602383,91134.35238,2.0,31.0,1.0,694.0,,,1.0,2.0,2.0,2.0,1.0,3.0,66.0,,1.0,1.0,120.0,102.0,78.0,2.0,,,2.0,108.0,72.0,2.0,,,2.0,108.0,72.0,2.0,,,,,2.0,,,,2.0,,,,,,,,,2.0,,,,2.0,2.0,0.0,2.0,2.0,2.0,2.0,2.0,2.0,2.0,2.0,,,,,,,,,,,,,,,2.0,,,,,,,,,,,,,,,,,,,,,,,,,,,,,,,,,,,1.0,0.0,2.0,2.0,2.0,2.0,2.0,2.0,,,,,,,,,,,,,,,,,,,,,,,,,,,,,,,,,,,,,,,,,,,,,,,,,,,,,,,2.0,,,,,,2.0,,,183.0,69.0,4.73,1.78,27.37,147.0,144.0,1.0
26095.0,3.0,2.0,1.0,1.0,25.0,304.0,304.0,3.0,1.0,2.0,3.0,2.0,2.0,,4.0,3.0,,1.0,2.0,11.0,11.0,5.0,,1.0,25.0,3.0,4.0,1.0,5.0,1.0,2.0,2.0,1.0,2.0,2.0,1.0,2.0,2.0,1.0,65749.704049,69943.732587,1.0,35.0,1.0,792.0,,,2.0,2.0,2.0,2.0,1.0,4.0,88.0,,1.0,1.0,150.0,116.0,60.0,2.0,118.0,66.0,2.0,112.0,66.0,2.0,,,,115.0,66.0,2.0,,,,,2.0,,,,2.0,,,,,,,,,2.0,,,,2.0,2.0,0.0,2.0,2.0,2.0,2.0,2.0,2.0,2.0,2.0,,,,,,,,,,,,,,,2.0,,,,,,,,,,,,,,,,,,,,,,,,,,,,,,,,,,,1.0,4.0,2.0,2.0,2.0,2.0,2.0,2.0,,,,,,,,,,,,,,,,,,,,,,,,,,,,,,,,,,,,,,,,,,,,,,,,,,,,,,,2.0,,,,,,2.0,,,199.0,44.0,5.15,1.14,47.5,132.0,119.0,3.0
26096.0,3.0,2.0,1.0,1.0,27.0,325.0,325.0,3.0,1.0,2.0,1.0,1.0,,,5.0,3.0,,6.0,5.0,11.0,8.0,4.83,,2.0,38.0,1.0,2.0,6.0,,1.0,2.0,2.0,1.0,2.0,2.0,1.0,2.0,2.0,1.0,71288.130579,70291.894058,2.0,39.0,1.0,725.0,,,2.0,2.0,2.0,2.0,1.0,4.0,74.0,,1.0,1.0,160.0,,,2.0,138.0,40.0,2.0,,,2.0,140.0,40.0,2.0,140.0,40.0,2.0,,,,,2.0,,,,2.0,,,,,,,,,2.0,,,,2.0,2.0,0.0,2.0,2.0,2.0,2.0,2.0,2.0,2.0,2.0,,,,,,,,,,,,,,,2.0,,,,,,,,,,,,,,,,,,,,,,,,,,,,,,,,,,,1.0,0.0,1.0,2.0,2.0,2.0,1.0,1.0,,,3.0,4.0,,,,,,,,,,,,,,,,,,,,,,,,,,,,,,,,,,,,4.0,,,,,,,,,4.0,,,,,,2.0,,,,,,2.0,,,231.0,51.0,5.97,1.32,42.01,155.0,139.0,2.0
26102.0,3.0,2.0,2.0,2.0,30.0,364.0,365.0,3.0,1.0,2.0,1.0,1.0,,,5.0,3.0,,5.0,1.0,7.0,7.0,4.23,2.0,2.0,30.0,1.0,5.0,5.0,,1.0,2.0,2.0,1.0,2.0,2.0,1.0,2.0,2.0,1.0,79723.85169,86373.24044,1.0,36.0,1.0,639.0,,,1.0,2.0,2.0,2.0,1.0,4.0,76.0,,1.0,1.0,130.0,100.0,74.0,2.0,96.0,74.0,2.0,116.0,84.0,2.0,,,,106.0,79.0,2.0,,,,,2.0,,,,2.0,,,,,,,,,2.0,,,,2.0,2.0,0.0,2.0,2.0,2.0,2.0,2.0,2.0,2.0,2.0,,,,,,,,,,,,,,,2.0,,,,,,,,,,,,,,,,,,,,,,,,,,,,,,,,,,,1.0,0.0,2.0,2.0,2.0,1.0,1.0,2.0,,,,,,,,,,,,,,,,,,,,,,,,,,,,,,3.0,,,,,,,1.0,,,,,,,,,,,,,,,,,,1.0,,,,,5.0,2.0,,,168.0,47.0,4.34,1.22,39.15,149.0,137.0,3.0
26122.0,3.0,2.0,1.0,1.0,28.0,336.0,337.0,1.0,3.0,2.0,2.0,2.0,2.0,,2.0,1.0,,5.0,4.0,,3.0,1.4,,1.0,28.0,2.0,2.0,5.0,,2.0,2.0,2.0,1.0,2.0,2.0,2.0,2.0,2.0,2.0,29348.026612,29264.810557,2.0,42.0,1.0,839.0,,,2.0,2.0,2.0,2.0,1.0,4.0,64.0,,1.0,1.0,130.0,102.0,58.0,2.0,96.0,60.0,2.0,94.0,58.0,2.0,,,,95.0,59.0,2.0,,,,,2.0,,,,2.0,,,,,,,,,2.0,,,,2.0,2.0,0.0,2.0,2.0,2.0,2.0,2.0,2.0,2.0,2.0,,,,,,,,,,,,,,,2.0,,,,,,,,,,,,,,,,,,,,,,,,,,,,,,,,,,,1.0,0.0,2.0,2.0,2.0,2.0,2.0,2.0,,,,,,,,,,,,,,,,,,,,,,,,,,,,,,,,,,,,,,,,,,,,,,,,,,,,,,,2.0,,,,,,2.0,,,225.0,59.0,5.82,1.53,50.75,138.0,119.0,3.0
26127.0,3.0,2.0,1.0,2.0,34.0,414.0,415.0,3.0,1.0,2.0,1.0,1.0,,,4.0,3.0,,6.0,2.0,11.0,7.0,4.3,2.0,1.0,32.0,1.0,5.0,6.0,,1.0,2.0,2.0,1.0,2.0,2.0,,,,,65826.445613,71316.717566,2.0,40.0,1.0,774.0,,,2.0,2.0,2.0,2.0,1.0,3.0,74.0,,1.0,1.0,140.0,120.0,56.0,2.0,118.0,60.0,2.0,110.0,58.0,2.0,,,,114.0,59.0,2.0,,,,,2.0,,,,2.0,,,,,,,,,2.0,,,,2.0,2.0,0.0,2.0,2.0,2.0,2.0,2.0,2.0,2.0,2.0,,,,,,,,,,,,,,,2.0,,,,,,,,,,,,,,,,,,,,,,,,,,,,,,,,,,,1.0,1.0,1.0,2.0,2.0,2.0,2.0,2.0,,2.0,,,,,,,,,,,,,,,,,,,,,,,,,,,,,,,,,,,,,,,,,,,,,,,,,,,,,1.0,1.0,,,,,2.0,,,177.0,90.0,4.58,2.33,39.38,149.0,135.0,3.0
26135.0,3.0,2.0,2.0,1.0,45.0,545.0,547.0,1.0,3.0,2.0,1.0,1.0,,,3.0,2.0,,5.0,1.0,11.0,11.0,5.0,,1.0,45.0,1.0,3.0,5.0,,1.0,2.0,2.0,1.0,2.0,2.0,1.0,2.0,2.0,1.0,17853.288908,18117.323412,2.0,33.0,1.0,650.0,,,2.0,2.0,2.0,2.0,1.0,4.0,48.0,,1.0,1.0,140.0,122.0,72.0,2.0,118.0,68.0,2.0,114.0,76.0,2.0,,,,116.0,72.0,2.0,,,,,2.0,,,,2.0,,,,,,,,,1.0,,,,2.0,2.0,0.0,2.0,2.0,2.0,2.0,2.0,2.0,2.0,2.0,,,,,,,,,,,,,,,2.0,,,,,,,,,,,,,,,,,,,,,,,,,,,,,,,,,,,1.0,0.0,2.0,2.0,2.0,2.0,2.0,2.0,,,,,,,,,,,,,,,,,,,,,,,,,,,,,,,,,,,,,,,,,,,,,,,,,,,,,,,2.0,,,,,,2.0,,,160.0,51.0,4.14,1.32,47.12,142.0,,3.0
26142.0,3.0,2.0,1.0,2.0,49.0,594.0,595.0,3.0,1.0,2.0,1.0,1.0,,,5.0,3.0,,1.0,4.0,11.0,11.0,4.51,2.0,1.0,48.0,1.0,3.0,1.0,5.0,1.0,2.0,2.0,1.0,2.0,2.0,1.0,2.0,2.0,1.0,105218.028219,110348.663413,2.0,39.0,1.0,592.0,,,1.0,2.0,2.0,2.0,1.0,3.0,64.0,,1.0,1.0,140.0,,,2.0,112.0,62.0,2.0,104.0,52.0,2.0,,,2.0,104.0,52.0,2.0,,,,,2.0,,,,2.0,,,,,,,,,2.0,,,,2.0,2.0,0.0,2.0,2.0,2.0,2.0,2.0,2.0,2.0,1.0,,,1.0,,,,,,,,,,36.0,,2.0,,,,,,,,,,,,,,,,,,,,,,,,,,,,,,,,,,,1.0,2.0,2.0,2.0,2.0,2.0,2.0,2.0,,,,,,,,,,,,,,,,,,,,,,,,,,,,,,,,,,,,,,,,,,,,,,,,,,,,,,,2.0,,,,,,2.0,,,157.0,71.0,4.06,1.84,31.85,126.0,114.0,2.0
26144.0,3.0,2.0,1.0,1.0,41.0,493.0,494.0,1.0,3.0,2.0,2.0,1.0,6.0,,1.0,1.0,,1.0,4.0,7.0,7.0,2.12,,1.0,41.0,2.0,1.0,1.0,2.0,2.0,2.0,2.0,2.0,2.0,2.0,2.0,2.0,2.0,2.0,15082.929674,15250.279048,2.0,40.0,1.0,923.0,,,2.0,2.0,2.0,2.0,1.0,4.0,58.0,,1.0,1.0,160.0,146.0,72.0,2.0,158.0,86.0,2.0,146.0,98.0,2.0,,,,152.0,92.0,2.0,,,,,2.0,,,,2.0,,,,,,,,,2.0,,,,2.0,2.0,0.0,2.0,2.0,2.0,2.0,1.0,2.0,2.0,2.0,,,,,,,,,,,,,,,2.0,,,,,,,,,,,,,,,,,,,,,,,,,,,,,,,,,,,1.0,0.0,1.0,2.0,2.0,2.0,1.0,2.0,,2.0,,,,,,,9.0,,,,,,,,,,,,,,,,,,,,,,,,,,,,1.0,,,,,,,,,,,,,,,,,,2.0,,,,,,2.0,,,332.0,38.0,8.59,0.98,67.67,120.0,112.0,3.0
26146.0,3.0,2.0,2.0,2.0,40.0,489.0,489.0,3.0,1.0,2.0,1.0,1.0,,,2.0,1.0,,1.0,5.0,4.0,4.0,0.86,2.0,1.0,45.0,1.0,3.0,1.0,2.0,1.0,2.0,2.0,1.0,2.0,2.0,1.0,2.0,2.0,1.0,53613.822755,55320.341597,2.0,34.0,1.0,578.0,,,2.0,2.0,2.0,2.0,1.0,4.0,76.0,,1.0,1.0,140.0,122.0,76.0,2.0,,,2.0,120.0,78.0,2.0,,,2.0,120.0,78.0,2.0,,,,,2.0,,,,2.0,,,,,,,,,1.0,,,,2.0,2.0,0.0,2.0,2.0,2.0,2.0,1.0,2.0,2.0,2.0,,,,,,,,,,,,,,,2.0,,,,,,,,,,,,,,,,,,,,,,,,,,,,,,,,,,,1.0,0.0,1.0,2.0,1.0,2.0,1.0,1.0,,,,,,6.0,,8.0,,,,,,,,,,,,,,,,,,8.0,,,,,,,,,,,,,,,5.0,6.0,,,,,2.0,,,5.0,6.0,,,,2.0,,,,,,2.0,,,217.0,29.0,5.61,0.75,28.74,135.0,130.0,2.0
26167.0,3.0,2.0,2.0,2.0,24.0,290.0,291.0,4.0,2.0,2.0,1.0,1.0,,,5.0,3.0,,5.0,2.0,7.0,6.0,3.01,2.0,1.0,24.0,1.0,5.0,5.0,,1.0,2.0,2.0,1.0,2.0,2.0,1.0,2.0,2.0,1.0,27089.745435,27878.424715,1.0,30.0,1.0,638.0,,,2.0,2.0,2.0,2.0,1.0,5.0,82.0,,1.0,1.0,140.0,116.0,66.0,2.0,116.0,66.0,2.0,,,2.0,118.0,62.0,2.0,117.0,64.0,2.0,,,,,2.0,,,,2.0,,,,,,,,,2.0,,,,2.0,2.0,0.0,2.0,2.0,2.0,2.0,1.0,2.0,2.0,2.0,,,,,,,,,,,,,,,2.0,,,,,,,,,,,,,,,,,,,,,,,,,,,,,,,,,,,1.0,4.0,1.0,2.0,2.0,2.0,2.0,2.0,,,,,,,,,9.0,,,,,,,,,,,,,,,,,,,,,,,,,,,,,,,,,,,,,,,,,,,,,,2.0,,,,,,2.0,,,201.0,67.0,5.2,1.73,24.34,145.0,135.0,1.0
26170.0,3.0,2.0,2.0,1.0,39.0,474.0,475.0,4.0,2.0,2.0,3.0,1.0,4.0,,4.0,3.0,,1.0,4.0,9.0,9.0,3.45,,1.0,39.0,3.0,4.0,1.0,5.0,1.0,2.0,2.0,1.0,2.0,2.0,1.0,2.0,2.0,1.0,22779.058897,23988.717701,2.0,29.0,1.0,575.0,,,2.0,2.0,2.0,2.0,1.0,4.0,56.0,,1.0,1.0,150.0,114.0,68.0,2.0,118.0,60.0,2.0,114.0,56.0,2.0,,,,116.0,58.0,2.0,,,,,2.0,,,,2.0,,,,,,,,,2.0,,,,2.0,2.0,0.0,2.0,2.0,2.0,2.0,2.0,2.0,2.0,2.0,,,,,,,,,,,,,,,2.0,,,,,,,,,,,,,,,,,,,,,,,,,,,,,,,,,,,1.0,0.0,1.0,2.0,2.0,2.0,9.0,2.0,1.0,,,,,,,,,,,,,,,,,,,,,,,,,,,,,,,,,,,,,,,,,,,,,,,,,,,,,,2.0,,,,,,2.0,,,155.0,56.0,4.01,1.45,35.5,150.0,133.0,2.0
26179.0,3.0,2.0,1.0,2.0,39.0,476.0,477.0,3.0,1.0,2.0,1.0,1.0,,,3.0,2.0,,1.0,2.0,10.0,10.0,5.0,2.0,2.0,39.0,1.0,3.0,1.0,3.0,1.0,2.0,2.0,1.0,2.0,2.0,1.0,2.0,2.0,1.0,93503.004395,94551.421386,2.0,34.0,1.0,699.0,,,2.0,2.0,2.0,2.0,1.0,3.0,76.0,,1.0,1.0,160.0,124.0,72.0,2.0,,,2.0,124.0,72.0,2.0,124.0,78.0,2.0,124.0,75.0,2.0,,,,,2.0,,,,2.0,,,,,,,,,2.0,,,,2.0,2.0,0.0,2.0,2.0,2.0,2.0,2.0,2.0,2.0,2.0,,,,,,,,,,,,,,,2.0,,,,,,,,,,,,,,,,,,,,,,,,,,,,,,,,,,,1.0,4.0,1.0,1.0,1.0,1.0,1.0,2.0,,,3.0,,,,,,,,,,,,,,,9.0,,,,,,,,8.0,,1.0,,,,,,,,,1.0,,,,,,,,,,,,,,,,,,2.0,,,,,,2.0,,,138.0,61.0,3.57,1.58,27.04,173.0,162.0,1.0
26186.0,3.0,2.0,2.0,2.0,28.0,341.0,342.0,1.0,3.0,2.0,2.0,2.0,5.0,,2.0,1.0,,5.0,7.0,,99.0,,2.0,1.0,41.0,1.0,4.0,1.0,1.0,1.0,2.0,2.0,1.0,2.0,2.0,1.0,2.0,2.0,1.0,36750.60932,39234.005969,2.0,32.0,1.0,548.0,,,2.0,2.0,2.0,2.0,1.0,4.0,62.0,,1.0,1.0,140.0,106.0,60.0,2.0,104.0,60.0,2.0,108.0,56.0,2.0,,,,106.0,58.0,2.0,,,,,2.0,,,,2.0,,,,,,,,,1.0,,,,2.0,2.0,0.0,2.0,2.0,2.0,2.0,2.0,2.0,2.0,2.0,,,,,,,,,,,,,,,2.0,,,,,,,,,,,,,,,,,,,,,,,,,,,,,,,,,,,1.0,0.0,2.0,2.0,2.0,2.0,2.0,2.0,,,,,,,,,,,,,,,,,,,,,,,,,,,,,,,,,,,,,,,,,,,,,,,,,,,,,,,2.0,,,,,,2.0,,,161.0,38.0,4.16,0.98,33.23,152.0,143.0,2.0
26187.0,3.0,2.0,2.0,1.0,25.0,310.0,311.0,1.0,3.0,2.0,2.0,2.0,2.0,,3.0,2.0,,6.0,3.0,6.0,3.0,1.5,,1.0,25.0,2.0,3.0,6.0,,2.0,2.0,2.0,1.0,2.0,2.0,,,,,28803.286987,28833.268103,2.0,41.0,1.0,817.0,,,2.0,2.0,2.0,2.0,1.0,4.0,70.0,,1.0,1.0,140.0,118.0,66.0,2.0,122.0,64.0,2.0,,,2.0,120.0,62.0,2.0,121.0,63.0,2.0,,,,,2.0,,,,2.0,,,,,,,,,1.0,,,,2.0,2.0,0.0,2.0,2.0,2.0,2.0,2.0,2.0,2.0,2.0,,,,,,,,,,,,,,,2.0,,,,,,,,,,,,,,,,,,,,,,,,,,,,,,,,,,,1.0,0.0,1.0,2.0,1.0,1.0,1.0,2.0,,2.0,,,,,,,9.0,,,,,,,,,,,,,,,,,8.0,,,,,,,,,8.0,,,,,,,,7.0,,,,,,,,,,,,2.0,,,,,,2.0,,,176.0,47.0,4.55,1.22,40.6,147.0,133.0,2.0
26191.0,3.0,2.0,1.0,1.0,49.0,592.0,593.0,3.0,1.0,2.0,1.0,1.0,,,4.0,3.0,,1.0,5.0,11.0,10.0,3.45,,2.0,47.0,1.0,5.0,1.0,4.0,1.0,2.0,2.0,1.0,2.0,2.0,1.0,2.0,2.0,1.0,78706.080972,82563.243327,2.0,40.0,1.0,606.0,,,2.0,2.0,2.0,2.0,1.0,4.0,64.0,,1.0,1.0,140.0,126.0,64.0,2.0,114.0,64.0,2.0,112.0,64.0,2.0,,,,113.0,64.0,2.0,,,,,2.0,,,,2.0,,,,,,,,,2.0,,,,2.0,2.0,0.0,2.0,2.0,2.0,2.0,2.0,2.0,2.0,2.0,,,,,,,,,,,,,,,2.0,,,,,,,,,,,,,,,,,,,,,,,,,,,,,,,,,,,1.0,0.0,2.0,2.0,1.0,2.0,2.0,2.0,,,,,,,,,,,,,,,,,,,1.0,,,,,,,8.0,,,,,,,,,,,,,,,,,,,,,,,,,,,,,2.0,,,,,,2.0,,,225.0,58.0,5.82,1.5,30.21,149.0,135.0,1.0
26202.0,3.0,2.0,2.0,2.0,45.0,550.0,551.0,3.0,1.0,2.0,1.0,1.0,,,3.0,2.0,,2.0,1.0,2.0,2.0,0.97,2.0,2.0,45.0,1.0,3.0,2.0,,1.0,2.0,2.0,1.0,2.0,2.0,1.0,2.0,2.0,1.0,37688.832403,40485.807524,2.0,29.0,1.0,626.0,,,2.0,2.0,2.0,2.0,1.0,4.0,94.0,,1.0,1.0,170.0,144.0,86.0,2.0,142.0,88.0,2.0,,,2.0,140.0,84.0,2.0,141.0,86.0,2.0,,,,,1.0,,,,2.0,,,,,,,,,1.0,,,,2.0,2.0,0.0,2.0,2.0,2.0,2.0,1.0,2.0,2.0,1.0,,,9.0,,,,,,,,,,38.0,,2.0,,,,,,,,,,,,,,,,,,,,,,,,,,,,,,,,,,,2.0,,2.0,2.0,2.0,2.0,2.0,2.0,,,,,,,,,,,,,,,,,,,,,,,,,,,,,,,,,,,,,,,,,,,,,,,,,,,,,,,2.0,,,,,,2.0,,,240.0,30.0,6.21,0.78,57.61,118.0,,3.0
26229.0,3.0,2.0,1.0,1.0,26.0,318.0,319.0,1.0,3.0,2.0,1.0,1.0,,,1.0,1.0,,1.0,5.0,7.0,7.0,1.98,,1.0,26.0,1.0,1.0,1.0,2.0,2.0,2.0,2.0,2.0,2.0,2.0,2.0,2.0,2.0,2.0,38366.566655,38957.852439,2.0,38.0,1.0,641.0,,,2.0,2.0,2.0,2.0,1.0,4.0,58.0,,1.0,1.0,150.0,128.0,68.0,2.0,126.0,64.0,2.0,126.0,60.0,2.0,,,,126.0,62.0,2.0,,,,,2.0,,,,2.0,,,,,,,,,2.0,,,,2.0,2.0,0.0,2.0,2.0,2.0,2.0,2.0,2.0,2.0,2.0,,,,,,,,,,,,,,,2.0,,,,,,,,,,,,,,,,,,,,,,,,,,,,,,,,,,,1.0,0.0,2.0,2.0,2.0,2.0,2.0,2.0,,,,,,,,,,,,,,,,,,,,,,,,,,,,,,,,,,,,,,,,,,,,,,,,,,,,,,,2.0,,,,,,2.0,,,154.0,39.0,3.98,1.01,42.8,144.0,122.0,2.0
26230.0,3.0,2.0,2.0,2.0,36.0,442.0,443.0,2.0,5.0,2.0,1.0,1.0,,,3.0,2.0,,4.0,2.0,7.0,7.0,2.88,2.0,2.0,36.0,1.0,3.0,4.0,,1.0,2.0,2.0,1.0,2.0,2.0,1.0,2.0,2.0,1.0,72432.098302,78473.316449,2.0,41.0,1.0,755.0,,,2.0,2.0,2.0,2.0,1.0,5.0,78.0,,1.0,1.0,140.0,116.0,70.0,2.0,116.0,66.0,2.0,114.0,62.0,2.0,,,,115.0,64.0,2.0,,,,,2.0,,,,2.0,,,,,,,,,1.0,,,,2.0,2.0,0.0,2.0,2.0,2.0,2.0,2.0,2.0,2.0,2.0,,,,,,,,,,,,,,,2.0,,,,,,,,,,,,,,,,,,,,,,,,,,,,,,,,,,,1.0,0.0,1.0,2.0,1.0,2.0,2.0,2.0,,,,4.0,5.0,,,,9.0,,,,,,,,,,1.0,,,,,,,,9.0,,,,,,,,,,,,,,,,,,,,,,,,,,,,2.0,,,,,,2.0,,,201.0,40.0,5.2,1.03,34.09,129.0,119.0,2.0
26249.0,3.0,2.0,1.0,2.0,45.0,544.0,544.0,1.0,3.0,2.0,2.0,1.0,6.0,,1.0,1.0,,3.0,3.0,3.0,3.0,0.7,2.0,2.0,45.0,2.0,1.0,3.0,,1.0,2.0,2.0,1.0,2.0,2.0,2.0,2.0,2.0,2.0,27141.167051,27385.702696,2.0,38.0,1.0,586.0,,,2.0,2.0,2.0,2.0,1.0,4.0,62.0,,1.0,1.0,140.0,114.0,72.0,2.0,118.0,72.0,2.0,110.0,76.0,2.0,,,,114.0,74.0,2.0,,,,,2.0,,,,2.0,,,,,,,,,2.0,,,,2.0,2.0,0.0,2.0,2.0,2.0,2.0,2.0,2.0,2.0,2.0,,,,,,,,,,,,,,,2.0,,,,,,,,,,,,,,,,,,,,,,,,,,,,,,,,,,,1.0,0.0,1.0,2.0,2.0,2.0,2.0,2.0,1.0,,,,,,,,,,,,,,,,,,,,,,,,,,,,,,,,,,,,,,,,,,,,,,,,,,,,,,2.0,,,,,,2.0,,,202.0,64.0,5.22,1.66,33.27,118.0,102.0,3.0
26262.0,3.0,2.0,2.0,2.0,36.0,434.0,435.0,3.0,1.0,2.0,1.0,1.0,,,5.0,3.0,,1.0,4.0,11.0,11.0,4.62,2.0,1.0,45.0,1.0,4.0,1.0,5.0,1.0,2.0,2.0,1.0,2.0,2.0,1.0,2.0,2.0,1.0,69992.910003,74034.097423,1.0,41.0,1.0,796.0,,,1.0,2.0,2.0,2.0,1.0,3.0,82.0,,1.0,1.0,130.0,98.0,66.0,2.0,94.0,66.0,2.0,94.0,68.0,2.0,,,,94.0,67.0,2.0,,,,,2.0,,,,2.0,,,,,,,,,2.0,,,,2.0,2.0,0.0,2.0,2.0,2.0,2.0,2.0,2.0,2.0,2.0,,,,,,,,,,,,,,,2.0,,,,,,,,,,,,,,,,,,,,,,,,,,,,,,,,,,,1.0,3.0,1.0,2.0,2.0,2.0,2.0,2.0,1.0,,3.0,,,,,,,,,,,,,,,,,,,,,,,,,,,,,,,,,,,,,,,,,,,,,,,,,,,,2.0,,,,,,2.0,,,169.0,55.0,4.37,1.42,33.68,139.0,130.0,2.0
26286.0,3.0,2.0,1.0,1.0,46.0,561.0,562.0,5.0,4.0,2.0,1.0,1.0,,,5.0,3.0,,5.0,1.0,11.0,11.0,5.0,,1.0,46.0,1.0,5.0,5.0,,1.0,2.0,2.0,1.0,2.0,2.0,1.0,2.0,2.0,1.0,96358.680167,103533.883454,1.0,36.0,1.0,736.0,,,1.0,2.0,2.0,2.0,1.0,4.0,70.0,,1.0,1.0,140.0,114.0,82.0,2.0,118.0,76.0,2.0,122.0,78.0,2.0,,,,120.0,77.0,2.0,,,,,2.0,,,,1.0,2.0,,,,,,,,2.0,,,,2.0,2.0,0.0,2.0,2.0,2.0,2.0,2.0,2.0,2.0,2.0,,,,,,,,,,,,,,,2.0,,,,,,,,,,,,,,,,,,,,,,,,,,,,,,,,,,,1.0,3.0,2.0,2.0,2.0,1.0,9.0,2.0,,,,,,,,,,,,,,,,,,,,,,,,,,,,,,3.0,,,,,,,,,,,,,,,,,,,,,,,,,2.0,,,,,,2.0,,,235.0,36.0,6.08,0.93,36.52,123.0,111.0,2.0
26287.0,3.0,2.0,1.0,2.0,35.0,425.0,425.0,3.0,1.0,2.0,1.0,1.0,,,5.0,3.0,,5.0,2.0,11.0,10.0,5.0,2.0,2.0,35.0,1.0,5.0,5.0,,1.0,2.0,2.0,1.0,2.0,2.0,1.0,2.0,2.0,1.0,100076.246906,108423.132515,2.0,36.0,1.0,727.0,,,1.0,2.0,2.0,2.0,1.0,3.0,72.0,,1.0,1.0,140.0,108.0,62.0,2.0,112.0,66.0,2.0,116.0,64.0,2.0,,,,114.0,65.0,2.0,,,,,2.0,,,,2.0,,,,,,,,,2.0,,,,2.0,2.0,0.0,2.0,2.0,2.0,2.0,2.0,2.0,2.0,2.0,,,,,,,,,,,,,,,2.0,,,,,,,,,,,,,,,,,,,,,,,,,,,,,,,,,,,1.0,1.0,2.0,2.0,2.0,2.0,2.0,2.0,,,,,,,,,,,,,,,,,,,,,,,,,,,,,,,,,,,,,,,,,,,,,,,,,,,,,,,2.0,,,,,,2.0,,,213.0,80.0,5.51,2.07,37.7,152.0,,3.0
26297.0,3.0,2.0,1.0,1.0,22.0,266.0,267.0,3.0,1.0,2.0,1.0,1.0,,,4.0,3.0,,5.0,3.0,,12.0,,,2.0,52.0,,,1.0,,1.0,2.0,2.0,1.0,2.0,2.0,1.0,2.0,2.0,1.0,70278.936623,74640.033387,1.0,40.0,1.0,623.0,,,1.0,2.0,2.0,2.0,1.0,4.0,62.0,,1.0,1.0,150.0,124.0,62.0,2.0,122.0,56.0,2.0,116.0,60.0,2.0,,,,119.0,58.0,1.0,19.0,2.0,,,2.0,,,,2.0,,,,,,,,,1.0,,,,2.0,2.0,0.0,2.0,2.0,2.0,2.0,2.0,2.0,2.0,2.0,,,,,,,,,,,,,,,2.0,,,,,,,,,,,,,,,,,,,,,,,,,,,,,,,,,,,2.0,,9.0,1.0,1.0,2.0,9.0,2.0,,,,,,,,,,,,,,,,,,9.0,,,,4.0,,,,,,,,,,,,,,,,,,,,,,,,,,,,,,,,,2.0,,,,,,2.0,,,165.0,68.0,4.27,1.76,57.22,142.0,131.0,3.0
26299.0,3.0,2.0,2.0,1.0,27.0,326.0,326.0,3.0,1.0,2.0,3.0,2.0,2.0,,3.0,2.0,,5.0,1.0,2.0,2.0,1.0,,1.0,27.0,3.0,3.0,5.0,,1.0,2.0,2.0,1.0,2.0,2.0,1.0,2.0,2.0,1.0,77992.502946,82967.47261,1.0,32.0,1.0,692.0,,,2.0,2.0,2.0,2.0,1.0,4.0,62.0,,1.0,1.0,160.0,,,2.0,122.0,42.0,2.0,124.0,68.0,2.0,120.0,48.0,2.0,122.0,58.0,2.0,,,,,2.0,,,,2.0,,,,,,,,,2.0,,,,2.0,2.0,0.0,2.0,2.0,2.0,2.0,2.0,2.0,2.0,2.0,,,,,,,,,,,,,,,2.0,,,,,,,,,,,,,,,,,,,,,,,,,,,,,,,,,,,1.0,0.0,2.0,2.0,2.0,2.0,2.0,2.0,,,,,,,,,,,,,,,,,,,,,,,,,,,,,,,,,,,,,,,,,,,,,,,,,,,,,,,2.0,,,,,,2.0,,,106.0,29.0,2.74,0.75,43.26,164.0,147.0,2.0
26310.0,3.0,2.0,1.0,2.0,31.0,375.0,376.0,3.0,1.0,2.0,1.0,1.0,,,5.0,3.0,,1.0,3.0,11.0,11.0,5.0,1.0,1.0,31.0,1.0,4.0,1.0,5.0,1.0,2.0,2.0,1.0,2.0,2.0,1.0,2.0,2.0,1.0,7412.766217,7840.757818,2.0,39.0,1.0,826.0,,,2.0,2.0,2.0,2.0,1.0,4.0,78.0,,1.0,1.0,140.0,98.0,62.0,2.0,96.0,60.0,2.0,96.0,62.0,2.0,,,,96.0,61.0,1.0,17.0,2.0,,,2.0,,,,2.0,,,,,,,,,2.0,,,,2.0,2.0,0.0,2.0,2.0,2.0,2.0,2.0,2.0,2.0,2.0,,,,,,,,,,,,,,,2.0,,,,,,,,,,,,,,,,,,,,,,,,,,,,,,,,,,,1.0,0.0,1.0,1.0,2.0,1.0,1.0,1.0,,2.0,,,5.0,,,,9.0,,,,,5.0,,,,,,,,,,,,,,,,,,5.0,,,,,,,,,,,,,9.0,,,,,,6.0,,,,2.0,,,,,,2.0,,,155.0,71.0,4.01,1.84,43.89,123.0,115.0,3.0
26318.0,3.0,2.0,1.0,2.0,33.0,397.0,398.0,3.0,1.0,2.0,1.0,1.0,,,5.0,3.0,,1.0,3.0,11.0,11.0,5.0,2.0,2.0,33.0,1.0,5.0,1.0,5.0,1.0,2.0,2.0,1.0,2.0,2.0,1.0,2.0,2.0,1.0,100076.246906,105854.358862,2.0,36.0,1.0,737.0,,,2.0,2.0,2.0,2.0,1.0,3.0,78.0,,1.0,1.0,120.0,98.0,62.0,2.0,86.0,64.0,2.0,96.0,60.0,2.0,,,,91.0,62.0,2.0,,,,,2.0,,,,2.0,,,,,,,,,2.0,,,,2.0,2.0,0.0,2.0,2.0,2.0,2.0,2.0,2.0,2.0,2.0,,,,,,,,,,,,,,,2.0,,,,,,,,,,,,,,,,,,,,,,,,,,,,,,,,,,,1.0,1.0,2.0,2.0,2.0,2.0,2.0,2.0,,,,,,,,,,,,,,,,,,,,,,,,,,,,,,,,,,,,,,,,,,,,,,,,,,,,,,,9.0,,,,,,2.0,,,183.0,85.0,4.73,2.2,36.78,142.0,129.0,3.0
26338.0,3.0,2.0,2.0,2.0,39.0,470.0,470.0,3.0,1.0,2.0,1.0,1.0,,,4.0,3.0,,1.0,2.0,11.0,11.0,5.0,2.0,1.0,40.0,,,1.0,4.0,1.0,2.0,2.0,1.0,2.0,2.0,1.0,2.0,2.0,1.0,82275.985846,83198.518144,1.0,29.0,1.0,686.0,,,1.0,2.0,2.0,2.0,1.0,4.0,86.0,,1.0,1.0,140.0,116.0,78.0,2.0,114.0,76.0,2.0,114.0,76.0,2.0,,,,114.0,76.0,2.0,,,,,2.0,,,,2.0,,,,,,,,,2.0,,,,2.0,2.0,0.0,2.0,2.0,2.0,2.0,1.0,2.0,2.0,2.0,,,,,,,,,,,,,,,1.0,15.0,,,,,,,,,30.0,,,,,,,,,,,,,,,,,,,,,,,,,1.0,2.0,1.0,1.0,2.0,1.0,2.0,2.0,,,3.0,,,,,,,,,,,,,,,9.0,,,,,,,,,,,,3.0,,,,,,,,,,,,,,,,,,,,,,,,,2.0,,,,,,2.0,,,170.0,39.0,4.4,1.01,32.84,130.0,123.0,2.0
26344.0,3.0,2.0,2.0,1.0,37.0,454.0,455.0,3.0,1.0,2.0,1.0,1.0,,,5.0,3.0,,1.0,5.0,11.0,11.0,5.0,,1.0,37.0,1.0,5.0,1.0,5.0,1.0,2.0,2.0,1.0,2.0,2.0,1.0,2.0,2.0,1.0,74496.463409,80489.514464,2.0,30.0,1.0,693.0,,,1.0,2.0,2.0,2.0,1.0,4.0,70.0,,1.0,1.0,130.0,104.0,68.0,2.0,108.0,62.0,2.0,104.0,62.0,2.0,,,,106.0,62.0,2.0,,,,,2.0,,,,2.0,,,,,,,,,2.0,,,,2.0,2.0,0.0,2.0,2.0,2.0,2.0,2.0,2.0,2.0,2.0,,,,,,,,,,,,,,,2.0,,,,,,,,,,,,,,,,,,,,,,,,,,,,,,,,,,,1.0,2.0,1.0,2.0,2.0,2.0,1.0,2.0,,,3.0,,,,,,9.0,,,,,,,,,,,,,,,,,,,,,,,,,,,,1.0,,,,,,,,,,,,,,,,,,2.0,,,,,,2.0,,,157.0,51.0,4.06,1.32,38.6,147.0,129.0,2.0
26364.0,3.0,2.0,1.0,2.0,20.0,250.0,251.0,4.0,2.0,2.0,1.0,1.0,,,2.0,1.0,,6.0,5.0,,1.0,0.45,2.0,2.0,20.0,1.0,2.0,6.0,,1.0,2.0,2.0,1.0,2.0,2.0,1.0,2.0,2.0,1.0,30730.404004,31835.711326,1.0,37.0,1.0,651.0,,,2.0,2.0,2.0,2.0,1.0,3.0,78.0,,1.0,1.0,140.0,104.0,74.0,2.0,,,2.0,104.0,76.0,2.0,104.0,70.0,2.0,104.0,73.0,1.0,5.0,1.0,1.0,1.0,2.0,,,,2.0,,,,,,,,,1.0,,,,2.0,2.0,0.0,2.0,2.0,2.0,2.0,2.0,2.0,2.0,2.0,,,,,,,,,,,,,,,2.0,,,,,,,,,,,,,,,,,,,,,,,,,,,,,,,,,,,2.0,,1.0,2.0,1.0,2.0,2.0,2.0,,,,,,,,,9.0,,,,,,,,,,,,,,,,,,9.0,,,,,,,,,,,,,,,,,,,,,,,,,,,,2.0,,,,,,2.0,,,193.0,74.0,4.99,1.91,28.34,160.0,153.0,1.0
26366.0,3.0,2.0,2.0,2.0,21.0,255.0,255.0,3.0,1.0,2.0,1.0,1.0,,,2.0,1.0,,5.0,4.0,3.0,3.0,0.64,2.0,2.0,43.0,1.0,4.0,2.0,,1.0,2.0,2.0,1.0,2.0,2.0,1.0,2.0,2.0,1.0,65056.800308,67000.241979,2.0,31.0,1.0,702.0,,,2.0,2.0,2.0,2.0,1.0,4.0,80.0,,1.0,1.0,150.0,118.0,74.0,2.0,116.0,70.0,2.0,116.0,72.0,2.0,,,,116.0,71.0,2.0,,,,,2.0,,,,2.0,,,,,,,,,2.0,,,,2.0,2.0,0.0,2.0,2.0,2.0,2.0,1.0,2.0,2.0,2.0,,,,,,,,,,,,,,,2.0,,,,,,,,,,,,,,,,,,,,,,,,,,,,,,,,,,,1.0,0.0,1.0,2.0,1.0,1.0,1.0,2.0,,2.0,,,5.0,,,,,,,,,,,,,,,,3.0,,5.0,6.0,,,,1.0,,,,,,,,,,2.0,3.0,4.0,5.0,6.0,,,,,,,,,,,,,2.0,,,,,,2.0,,,196.0,40.0,5.07,1.03,36.31,133.0,122.0,2.0
26368.0,3.0,2.0,2.0,1.0,31.0,375.0,376.0,4.0,2.0,2.0,1.0,1.0,,,2.0,1.0,,1.0,5.0,6.0,6.0,1.36,,1.0,31.0,1.0,2.0,1.0,4.0,1.0,2.0,2.0,1.0,2.0,2.0,1.0,2.0,2.0,1.0,29405.176626,30966.708687,2.0,37.0,1.0,627.0,,,2.0,2.0,2.0,2.0,1.0,5.0,66.0,,1.0,1.0,140.0,118.0,46.0,2.0,118.0,52.0,2.0,114.0,48.0,2.0,,,,116.0,50.0,2.0,,,,,2.0,,,,2.0,,,,,,,,,2.0,,,,2.0,2.0,0.0,2.0,2.0,2.0,2.0,1.0,2.0,2.0,2.0,,,,,,,,,,,,,,,2.0,,,,,,,,,,,,,,,,,,,,,,,,,,,,,,,,,,,2.0,,1.0,2.0,2.0,2.0,1.0,2.0,1.0,,3.0,4.0,,,,,,,,,,,,,,,,,,,,,,,,,,,,,,,,,,,3.0,,,,,,,,,,,,,,,,2.0,,,,,,2.0,,,205.0,34.0,5.3,0.88,27.91,172.0,,1.0
26369.0,3.0,2.0,2.0,2.0,34.0,409.0,410.0,3.0,1.0,2.0,1.0,1.0,,,5.0,3.0,,1.0,4.0,11.0,11.0,5.0,2.0,1.0,35.0,1.0,4.0,1.0,,1.0,2.0,2.0,1.0,2.0,2.0,1.0,2.0,2.0,1.0,65729.673445,69524.713964,2.0,29.0,1.0,498.0,,,1.0,2.0,2.0,2.0,1.0,3.0,100.0,,1.0,1.0,120.0,94.0,64.0,2.0,96.0,70.0,2.0,100.0,66.0,2.0,,,,98.0,68.0,2.0,,,,,2.0,,,,2.0,,,,,,,,,2.0,,,,2.0,2.0,0.0,2.0,2.0,2.0,2.0,2.0,2.0,2.0,2.0,,,,,,,,,,,,,,,2.0,,,,,,,,,,,,,,,,,,,,,,,,,,,,,,,,,,,1.0,0.0,2.0,1.0,2.0,2.0,2.0,1.0,,,,,,,,,,,,,,5.0,,,,,,,,,,,,,,,,,,,,,,,,,,,,,,,,,,,,,6.0,,,,2.0,,,,,,2.0,,,204.0,50.0,5.28,1.29,37.6,140.0,124.0,3.0
26373.0,3.0,2.0,2.0,2.0,46.0,552.0,553.0,3.0,1.0,2.0,1.0,1.0,,,4.0,3.0,,1.0,6.0,,77.0,,2.0,2.0,46.0,1.0,4.0,1.0,4.0,1.0,2.0,2.0,1.0,2.0,2.0,1.0,2.0,2.0,1.0,90859.018144,93751.045208,2.0,30.0,1.0,765.0,,,1.0,2.0,2.0,2.0,1.0,3.0,68.0,,1.0,1.0,140.0,116.0,58.0,2.0,114.0,64.0,2.0,116.0,66.0,2.0,,,,115.0,65.0,2.0,,,,,2.0,,,,2.0,,,,,,,,,2.0,,,,2.0,2.0,0.0,2.0,2.0,2.0,2.0,2.0,2.0,2.0,2.0,,,,,,,,,,,,,,,2.0,,,,,,,,,,,,,,,,,,,,,,,,,,,,,,,,,,,1.0,0.0,2.0,2.0,2.0,1.0,2.0,2.0,,,,,,,,,,,,,,,,,,,,,,,,,,,,,2.0,,,,,,,,,,,,,,,,,,,,,,,,,,2.0,,,,,,2.0,,,183.0,65.0,4.73,1.68,42.13,113.0,106.0,3.0
26383.0,3.0,2.0,2.0,1.0,36.0,442.0,442.0,3.0,1.0,2.0,1.0,1.0,,,5.0,3.0,,1.0,4.0,11.0,11.0,5.0,,2.0,35.0,1.0,5.0,1.0,5.0,1.0,2.0,2.0,1.0,2.0,2.0,1.0,2.0,2.0,1.0,74496.463409,80489.514464,1.0,33.0,1.0,623.0,,,1.0,2.0,2.0,2.0,1.0,4.0,76.0,,1.0,1.0,160.0,128.0,66.0,2.0,136.0,78.0,2.0,130.0,74.0,2.0,,,,133.0,76.0,2.0,,,,,2.0,,,,2.0,,,,,,,,,2.0,,,,2.0,2.0,0.0,2.0,2.0,2.0,2.0,2.0,2.0,2.0,2.0,,,,,,,,,,,,,,,2.0,,,,,,,,,,,,,,,,,,,,,,,,,,,,,,,,,,,1.0,0.0,2.0,2.0,2.0,1.0,1.0,2.0,,,,,,,,,,,,,,,,,,,,,,,,,,,,1.0,,,,,,,,,1.0,,,,,,,,,,,,,,,,,,1.0,1.0,,,,,2.0,,,214.0,90.0,5.53,2.33,52.69,145.0,,3.0
26394.0,3.0,2.0,1.0,1.0,40.0,480.0,481.0,1.0,3.0,2.0,1.0,1.0,,,4.0,3.0,,1.0,4.0,11.0,11.0,5.0,,1.0,40.0,1.0,4.0,1.0,5.0,1.0,2.0,2.0,1.0,2.0,2.0,1.0,2.0,2.0,1.0,15082.929674,15309.563067,2.0,40.0,1.0,671.0,,,2.0,2.0,2.0,2.0,1.0,5.0,68.0,,1.0,1.0,150.0,120.0,78.0,2.0,118.0,76.0,2.0,118.0,82.0,2.0,,,,118.0,79.0,2.0,,,,,2.0,,,,2.0,,,,,,,,,2.0,,,,2.0,2.0,0.0,2.0,2.0,2.0,2.0,1.0,2.0,2.0,2.0,,,,,,,,,,,,,,,2.0,,,,,,,,,,,,,,,,,,,,,,,,,,,,,,,,,,,1.0,2.0,1.0,2.0,2.0,2.0,2.0,2.0,,,,,,,,,9.0,,,,,,,,,,,,,,,,,,,,,,,,,,,,,,,,,,,,,,,,,,,,,,1.0,,,,,5.0,2.0,,,186.0,44.0,4.81,1.14,34.81,135.0,133.0,2.0
26397.0,3.0,2.0,1.0,1.0,34.0,414.0,415.0,1.0,3.0,2.0,1.0,1.0,,,3.0,2.0,,1.0,6.0,6.0,6.0,1.19,,2.0,28.0,2.0,3.0,1.0,3.0,1.0,2.0,2.0,1.0,2.0,2.0,1.0,2.0,2.0,1.0,29497.650102,31395.958755,2.0,42.0,1.0,733.0,,,1.0,2.0,2.0,2.0,1.0,4.0,82.0,,1.0,1.0,130.0,104.0,62.0,2.0,100.0,56.0,2.0,100.0,64.0,2.0,,,,100.0,60.0,2.0,,,,,2.0,,,,2.0,,,,,,,,,2.0,,,,2.0,2.0,0.0,2.0,2.0,2.0,2.0,2.0,2.0,2.0,2.0,,,,,,,,,,,,,,,2.0,,,,,,,,,,,,,,,,,,,,,,,,,,,,,,,,,,,1.0,0.0,2.0,2.0,2.0,2.0,2.0,2.0,,,,,,,,,,,,,,,,,,,,,,,,,,,,,,,,,,,,,,,,,,,,,,,,,,,,,,,2.0,,,,,,2.0,,,243.0,38.0,6.28,0.98,33.91,158.0,151.0,1.0
26401.0,3.0,2.0,2.0,2.0,31.0,383.0,384.0,3.0,1.0,2.0,1.0,1.0,,,5.0,3.0,,1.0,2.0,11.0,11.0,5.0,2.0,1.0,31.0,3.0,4.0,1.0,5.0,1.0,2.0,2.0,1.0,2.0,2.0,1.0,2.0,2.0,1.0,87418.81399,94710.003088,1.0,32.0,1.0,599.0,,,1.0,2.0,2.0,2.0,1.0,3.0,72.0,,1.0,1.0,130.0,102.0,48.0,2.0,,,2.0,100.0,56.0,2.0,,,2.0,100.0,56.0,2.0,,,,,2.0,,,,2.0,,,,,,,,,2.0,,,,2.0,2.0,0.0,2.0,2.0,2.0,2.0,2.0,2.0,2.0,1.0,,,1.0,,,,,,,,,,30.0,,2.0,,,,,,,,,,,,,,,,,,,,,,,,,,,,,,,,,,,1.0,0.0,1.0,2.0,2.0,2.0,2.0,2.0,,2.0,,,,,,,,,,,,,,,,,,,,,,,,,,,,,,,,,,,,,,,,,,,,,,,,,,,,,2.0,,,,,,2.0,,,225.0,57.0,5.82,1.47,38.43,138.0,128.0,3.0
26407.0,3.0,2.0,1.0,1.0,30.0,371.0,372.0,3.0,1.0,2.0,3.0,2.0,2.0,,5.0,3.0,,1.0,4.0,3.0,3.0,0.58,,1.0,30.0,3.0,5.0,1.0,5.0,1.0,2.0,2.0,1.0,2.0,2.0,1.0,2.0,2.0,1.0,32145.856938,34731.90939,2.0,43.0,1.0,876.0,,,2.0,2.0,2.0,2.0,1.0,3.0,82.0,,1.0,1.0,140.0,114.0,76.0,2.0,106.0,70.0,2.0,104.0,72.0,2.0,,,,105.0,71.0,2.0,,,,,2.0,,,,2.0,,,,,,,,,2.0,,,,2.0,2.0,0.0,2.0,2.0,2.0,2.0,2.0,2.0,2.0,2.0,,,,,,,,,,,,,,,2.0,,,,,,,,,,,,,,,,,,,,,,,,,,,,,,,,,,,1.0,0.0,2.0,2.0,2.0,2.0,2.0,2.0,,,,,,,,,,,,,,,,,,,,,,,,,,,,,,,,,,,,,,,,,,,,,,,,,,,,,,,2.0,,,,,,2.0,,,,,,,33.33,180.0,171.0,1.0
26419.0,3.0,2.0,1.0,1.0,29.0,351.0,352.0,1.0,3.0,2.0,1.0,1.0,,,5.0,3.0,,1.0,4.0,11.0,11.0,4.21,,1.0,29.0,1.0,5.0,1.0,5.0,1.0,2.0,2.0,1.0,2.0,2.0,1.0,2.0,2.0,1.0,31779.530919,31812.609984,1.0,38.0,1.0,643.0,,,2.0,2.0,2.0,2.0,1.0,4.0,56.0,,1.0,1.0,130.0,114.0,68.0,2.0,120.0,62.0,2.0,116.0,74.0,2.0,,,,118.0,68.0,2.0,,,,,2.0,,,,2.0,,,,,,,,,2.0,,,,2.0,2.0,0.0,2.0,2.0,2.0,2.0,2.0,2.0,2.0,2.0,,,,,,,,,,,,,,,2.0,,,,,,,,,,,,,,,,,,,,,,,,,,,,,,,,,,,1.0,2.0,2.0,2.0,2.0,2.0,2.0,2.0,,,,,,,,,,,,,,,,,,,,,,,,,,,,,,,,,,,,,,,,,,,,,,,,,,,,,,,1.0,,2.0,,,,2.0,,,140.0,52.0,3.62,1.34,53.49,131.0,,3.0
26432.0,3.0,2.0,1.0,1.0,48.0,578.0,579.0,4.0,2.0,1.0,1.0,1.0,,,3.0,2.0,,1.0,4.0,11.0,11.0,5.0,,2.0,41.0,1.0,4.0,1.0,3.0,1.0,2.0,2.0,1.0,2.0,2.0,1.0,2.0,2.0,1.0,26397.250933,27623.099468,1.0,37.0,1.0,583.0,,,1.0,2.0,2.0,2.0,1.0,4.0,82.0,,1.0,1.0,180.0,142.0,96.0,2.0,142.0,90.0,2.0,134.0,88.0,2.0,,,,138.0,89.0,2.0,,,,,2.0,,,,1.0,3.0,,,,,,,,2.0,,,,2.0,2.0,0.0,2.0,2.0,2.0,2.0,2.0,2.0,2.0,2.0,,,,,,,,,,,,,,,2.0,,,,,,,,,,,,,,,,,,,,,,,,,,,,,,,,,,,1.0,0.0,2.0,2.0,2.0,2.0,2.0,2.0,,,,,,,,,,,,,,,,,,,,,,,,,,,,,,,,,,,,,,,,,,,,,,,,,,,,,,,2.0,,,,,,2.0,,,223.0,40.0,5.77,1.03,34.2,148.0,140.0,2.0
26441.0,3.0,2.0,2.0,1.0,27.0,324.0,,3.0,1.0,2.0,1.0,1.0,,,4.0,3.0,,3.0,3.0,7.0,7.0,4.23,,1.0,33.0,,,3.0,,1.0,2.0,2.0,1.0,2.0,2.0,1.0,2.0,2.0,1.0,73404.22245,75005.653867,1.0,29.0,1.0,648.0,,,1.0,2.0,2.0,2.0,1.0,4.0,56.0,,1.0,1.0,150.0,122.0,62.0,2.0,122.0,56.0,2.0,114.0,58.0,2.0,,,,118.0,57.0,2.0,,,,,2.0,,,,2.0,,,,,,,,,2.0,,,,2.0,2.0,0.0,2.0,2.0,2.0,2.0,2.0,2.0,2.0,2.0,,,,,,,,,,,,,,,2.0,,,,,,,,,,,,,,,,,,,,,,,,,,,,,,,,,,,1.0,0.0,2.0,1.0,1.0,2.0,9.0,2.0,,,,,,,,,,,,,,,6.0,,,,,,,4.0,,,,,,,,,,,,,,,,,,,,,,,,,,,,,,,,,2.0,,,,,,2.0,,,152.0,44.0,3.93,1.14,38.01,162.0,,2.0
26443.0,3.0,2.0,2.0,1.0,38.0,465.0,465.0,1.0,3.0,2.0,2.0,2.0,4.0,,1.0,1.0,,1.0,7.0,7.0,5.0,0.91,,1.0,38.0,2.0,1.0,1.0,1.0,2.0,2.0,2.0,2.0,2.0,2.0,2.0,2.0,2.0,2.0,28950.133261,32751.384664,2.0,41.0,1.0,793.0,,,2.0,2.0,2.0,2.0,1.0,4.0,54.0,,1.0,1.0,140.0,114.0,60.0,2.0,116.0,64.0,2.0,114.0,62.0,2.0,,,,115.0,63.0,2.0,,,,,2.0,,,,2.0,,,,,,,,,2.0,,,,2.0,2.0,0.0,2.0,2.0,2.0,2.0,2.0,2.0,2.0,2.0,,,,,,,,,,,,,,,2.0,,,,,,,,,,,,,,,,,,,,,,,,,,,,,,,,,,,1.0,0.0,2.0,2.0,2.0,2.0,2.0,2.0,,,,,,,,,,,,,,,,,,,,,,,,,,,,,,,,,,,,,,,,,,,,,,,,,,,,,,,2.0,,,,,,2.0,,,184.0,43.0,4.76,1.11,34.64,168.0,160.0,1.0
26461.0,3.0,2.0,1.0,2.0,23.0,277.0,277.0,2.0,5.0,2.0,1.0,1.0,,,4.0,3.0,,5.0,1.0,6.0,6.0,2.9,2.0,2.0,23.0,1.0,4.0,5.0,,1.0,2.0,2.0,1.0,2.0,2.0,1.0,2.0,2.0,1.0,66672.951867,71485.078594,1.0,35.0,1.0,658.0,,,1.0,2.0,2.0,2.0,1.0,4.0,82.0,,1.0,1.0,130.0,106.0,62.0,2.0,98.0,64.0,2.0,108.0,62.0,2.0,,,,103.0,63.0,2.0,,,,,2.0,,,,2.0,,,,,,,,,2.0,,,,2.0,2.0,0.0,2.0,2.0,2.0,2.0,1.0,2.0,2.0,2.0,,,,,,,,,,,,,,,2.0,,,,,,,,,,,,,,,,,,,,,,,,,,,,,,,,,,,1.0,0.0,2.0,2.0,2.0,2.0,1.0,2.0,,,,,,,,,,,,,,,,,,,,,,,,,,,,,,,,,,,,,1.0,,,4.0,,,,,,,,,,,,,,,2.0,,,,,,2.0,,,141.0,54.0,3.65,1.4,35.14,135.0,126.0,2.0
26481.0,3.0,2.0,2.0,1.0,33.0,402.0,403.0,3.0,1.0,2.0,1.0,1.0,,,3.0,2.0,,1.0,4.0,9.0,9.0,3.34,,2.0,33.0,1.0,4.0,1.0,3.0,1.0,2.0,2.0,1.0,2.0,2.0,1.0,2.0,2.0,1.0,95919.263547,101962.540547,2.0,34.0,1.0,781.0,,,1.0,2.0,2.0,2.0,1.0,5.0,80.0,,1.0,1.0,140.0,130.0,74.0,2.0,128.0,68.0,2.0,126.0,74.0,2.0,,,,127.0,71.0,2.0,,,,,2.0,,,,2.0,,,,,,,,,2.0,,,,2.0,2.0,0.0,2.0,2.0,2.0,2.0,2.0,2.0,2.0,2.0,,,,,,,,,,,,,,,2.0,,,,,,,,,,,,,,,,,,,,,,,,,,,,,,,,,,,1.0,0.0,1.0,2.0,2.0,2.0,2.0,2.0,,,,,,,7.0,,,,,,,,,,,,,,,,,,,,,,,,,,,,,,,,,,,,,,,,,,,,,,,,2.0,,,,,,2.0,,,212.0,47.0,5.48,1.22,42.29,140.0,136.0,2.0
26487.0,3.0,2.0,1.0,2.0,21.0,263.0,263.0,3.0,1.0,2.0,1.0,1.0,,,4.0,3.0,,5.0,4.0,7.0,5.0,1.65,2.0,2.0,55.0,1.0,3.0,3.0,,1.0,2.0,2.0,1.0,2.0,2.0,1.0,2.0,2.0,1.0,71265.783269,74599.097568,1.0,40.0,1.0,694.0,,,1.0,2.0,2.0,2.0,1.0,4.0,100.0,,1.0,1.0,140.0,112.0,84.0,2.0,114.0,80.0,2.0,112.0,78.0,2.0,,,,113.0,79.0,2.0,,,,,2.0,,,,1.0,2.0,,,,,,,,2.0,,,,2.0,2.0,0.0,2.0,2.0,2.0,2.0,1.0,2.0,2.0,1.0,,,1.0,,,,,,,,,,15.0,,1.0,13.0,,,,,,,9.0,,,,,,,,,,,,,,,,,,,,,,,,,,,2.0,,1.0,1.0,2.0,2.0,1.0,1.0,,2.0,,,,,,,,,,,,5.0,,,,,,,,,,,,,,,,,,,,,,,,2.0,,,,,,,,,,,,,,,,9.0,1.0,1.0,,,,,2.0,,,168.0,48.0,4.34,1.24,33.29,140.0,139.0,2.0
26493.0,3.0,2.0,2.0,2.0,36.0,437.0,438.0,4.0,2.0,2.0,1.0,1.0,,,3.0,2.0,,3.0,5.0,5.0,5.0,1.09,2.0,2.0,36.0,1.0,3.0,3.0,,1.0,2.0,2.0,1.0,2.0,2.0,1.0,2.0,2.0,1.0,32619.121176,33746.609795,1.0,33.0,1.0,987.0,,,2.0,2.0,2.0,2.0,1.0,4.0,78.0,,1.0,1.0,120.0,,,2.0,100.0,66.0,1.0,100.0,60.0,2.0,102.0,68.0,1.0,101.0,64.0,2.0,,,,,2.0,,,,2.0,,,,,,,,,2.0,,,,2.0,2.0,0.0,2.0,2.0,2.0,2.0,2.0,2.0,2.0,2.0,,,,,,,,,,,,,,,2.0,,,,,,,,,,,,,,,,,,,,,,,,,,,,,,,,,,,1.0,0.0,1.0,1.0,2.0,2.0,2.0,2.0,,,,,,6.0,,,,,,,,5.0,,,,,,,,,,,,,,,,,,,,,,,,,,,,,,,,,,,,,,,,,2.0,,,,,,2.0,,,207.0,63.0,5.35,1.63,37.84,117.0,,3.0
26502.0,3.0,2.0,2.0,2.0,23.0,279.0,280.0,4.0,2.0,1.0,1.0,1.0,,,4.0,3.0,,5.0,3.0,2.0,2.0,0.32,2.0,2.0,23.0,1.0,4.0,5.0,,1.0,2.0,2.0,1.0,2.0,2.0,1.0,2.0,2.0,1.0,29055.483783,30284.105629,2.0,33.0,1.0,577.0,,,1.0,2.0,2.0,2.0,1.0,4.0,54.0,,1.0,1.0,130.0,106.0,52.0,2.0,108.0,48.0,2.0,98.0,52.0,2.0,,,,103.0,50.0,2.0,,,,,2.0,,,,2.0,,,,,,,,,1.0,,,,2.0,2.0,0.0,2.0,2.0,2.0,2.0,2.0,2.0,2.0,2.0,,,,,,,,,,,,,,,2.0,,,,,,,,,,,,,,,,,,,,,,,,,,,,,,,,,,,1.0,0.0,9.0,9.0,9.0,9.0,9.0,9.0,,,,,,,,,,,,,,,,,,,,,,,,,,,,,,,,,,,,,,,,,,,,,,,,,,,,,,,9.0,,,,,,9.0,,,162.0,59.0,4.19,1.53,34.17,145.0,135.0,2.0
26507.0,3.0,2.0,1.0,1.0,21.0,254.0,255.0,3.0,1.0,2.0,1.0,1.0,,,4.0,3.0,,5.0,3.0,11.0,11.0,5.0,,1.0,54.0,3.0,3.0,1.0,3.0,1.0,2.0,2.0,1.0,2.0,2.0,1.0,2.0,2.0,1.0,67380.312372,69980.141798,1.0,39.0,1.0,687.0,,,1.0,2.0,2.0,2.0,1.0,5.0,64.0,,1.0,1.0,150.0,122.0,58.0,2.0,126.0,66.0,2.0,124.0,64.0,2.0,,,,125.0,65.0,2.0,,,,,2.0,,,,2.0,,,,,,,,,2.0,,,,2.0,2.0,0.0,2.0,2.0,2.0,2.0,2.0,2.0,2.0,2.0,,,,,,,,,,,,,,,2.0,,,,,,,,,,,,,,,,,,,,,,,,,,,,,,,,,,,1.0,0.0,1.0,1.0,2.0,2.0,2.0,2.0,1.0,,3.0,4.0,,,,,9.0,,,3.0,,,,,,,,,,,,,,,,,,,,,,,,,,,,,,,,,,,,,,,,,,,2.0,,,,,,2.0,,,238.0,36.0,6.15,0.93,52.4,149.0,142.0,3.0
26513.0,3.0,2.0,1.0,2.0,43.0,517.0,518.0,5.0,4.0,2.0,1.0,1.0,,,4.0,3.0,,1.0,2.0,11.0,11.0,5.0,2.0,1.0,43.0,1.0,4.0,1.0,4.0,1.0,2.0,2.0,1.0,2.0,2.0,1.0,2.0,2.0,1.0,79341.430304,85229.540719,1.0,43.0,1.0,521.0,,,2.0,2.0,2.0,2.0,1.0,4.0,84.0,,1.0,1.0,140.0,104.0,72.0,2.0,100.0,70.0,2.0,102.0,72.0,2.0,,,,101.0,71.0,2.0,,,,,2.0,,,,2.0,,,,,,,,,2.0,,,,2.0,2.0,0.0,2.0,2.0,2.0,2.0,1.0,2.0,2.0,2.0,,,,,,,,,,,,,,,2.0,,,,,,,,,,,,,,,,,,,,,,,,,,,,,,,,,,,1.0,0.0,1.0,2.0,2.0,2.0,2.0,9.0,,,,,,,,8.0,,,,,,,,,,,,,,,,,,,,,,,,,,,,,,,,,,,,,,,,,,,,,,,9.0,,,,,,9.0,,,145.0,59.0,3.75,1.53,31.07,126.0,121.0,2.0
26532.0,3.0,2.0,2.0,1.0,20.0,246.0,247.0,4.0,2.0,2.0,1.0,1.0,,,4.0,3.0,,5.0,3.0,9.0,9.0,3.93,,1.0,49.0,1.0,3.0,1.0,3.0,1.0,2.0,2.0,1.0,2.0,2.0,1.0,2.0,2.0,1.0,5445.738701,5973.46696,1.0,42.0,1.0,679.0,,,1.0,2.0,2.0,2.0,1.0,4.0,60.0,,1.0,1.0,160.0,130.0,94.0,2.0,132.0,88.0,2.0,122.0,88.0,2.0,,,,127.0,88.0,2.0,,,,,2.0,,,,2.0,,,,,,,,,2.0,,,,2.0,2.0,0.0,2.0,2.0,2.0,2.0,2.0,2.0,2.0,2.0,,,,,,,,,,,,,,,2.0,,,,,,,,,,,,,,,,,,,,,,,,,,,,,,,,,,,1.0,0.0,2.0,2.0,2.0,2.0,2.0,2.0,,,,,,,,,,,,,,,,,,,,,,,,,,,,,,,,,,,,,,,,,,,,,,,,,,,,,,,2.0,,,,,,2.0,,,177.0,55.0,4.58,1.42,41.02,162.0,150.0,2.0
26546.0,3.0,2.0,2.0,2.0,37.0,453.0,454.0,3.0,1.0,2.0,1.0,1.0,,,4.0,3.0,,1.0,4.0,7.0,7.0,2.12,2.0,1.0,41.0,1.0,4.0,1.0,4.0,1.0,2.0,2.0,1.0,2.0,2.0,1.0,2.0,2.0,1.0,101777.787624,105916.080981,2.0,32.0,1.0,557.0,,,2.0,2.0,2.0,2.0,1.0,4.0,58.0,1.0,2.0,1.0,150.0,112.0,62.0,2.0,112.0,66.0,2.0,112.0,64.0,2.0,,,,112.0,65.0,2.0,,,,,2.0,,,,2.0,,,,,,,,,2.0,,,,2.0,2.0,0.0,2.0,2.0,2.0,2.0,2.0,2.0,2.0,2.0,,,,,,,,,,,,,,,2.0,,,,,,,,,,,,,,,,,,,,,,,,,,,,,,,,,,,1.0,0.0,2.0,2.0,2.0,2.0,2.0,2.0,,,,,,,,,,,,,,,,,,,,,,,,,,,,,,,,,,,,,,,,,,,,,,,,,,,,,,,2.0,,,,,,2.0,,,235.0,59.0,6.08,1.53,30.9,127.0,116.0,2.0
26555.0,3.0,2.0,2.0,2.0,26.0,314.0,314.0,4.0,2.0,2.0,1.0,1.0,,,2.0,1.0,,5.0,4.0,1.0,1.0,0.25,2.0,2.0,45.0,1.0,3.0,5.0,,1.0,2.0,2.0,1.0,2.0,2.0,1.0,2.0,2.0,1.0,27089.745435,28235.24531,1.0,30.0,1.0,586.0,,,2.0,2.0,2.0,2.0,1.0,4.0,86.0,,1.0,1.0,150.0,124.0,76.0,2.0,120.0,68.0,2.0,,,2.0,124.0,66.0,2.0,122.0,67.0,2.0,,,,,2.0,,,,2.0,,,,,,,,,2.0,,,,2.0,2.0,0.0,2.0,2.0,2.0,2.0,2.0,2.0,2.0,2.0,,,,,,,,,,,,,,,2.0,,,,,,,,,,,,,,,,,,,,,,,,,,,,,,,,,,,2.0,,2.0,2.0,2.0,2.0,1.0,2.0,,,,,,,,,,,,,,,,,,,,,,,,,,,,,,,,,,,,,,,3.0,,,,,,,,,,,,,,,,2.0,,,,,,2.0,,,174.0,60.0,4.5,1.55,33.64,144.0,139.0,2.0
26561.0,3.0,2.0,1.0,1.0,41.0,492.0,492.0,3.0,1.0,2.0,1.0,1.0,,,5.0,3.0,,1.0,4.0,11.0,11.0,5.0,,1.0,41.0,1.0,5.0,1.0,5.0,1.0,2.0,2.0,1.0,2.0,2.0,1.0,2.0,2.0,1.0,98201.830071,103014.423932,2.0,30.0,1.0,533.0,,,2.0,2.0,2.0,2.0,1.0,4.0,86.0,,1.0,1.0,160.0,130.0,84.0,2.0,142.0,84.0,2.0,146.0,72.0,2.0,,,,144.0,78.0,2.0,,,,,2.0,,,,2.0,,,,,,,,,2.0,,,,1.0,2.0,0.0,2.0,2.0,2.0,2.0,1.0,2.0,2.0,2.0,,,,13.0,,,,,,,,,,1.0,2.0,,,,,,,,,,,,,,,,,,,,,,,,,,,,,,,,,,,1.0,1.0,1.0,2.0,2.0,1.0,1.0,1.0,,,3.0,,5.0,,,,,,,,,,,,,,,,,,,,,,,1.0,,,,,,,,,1.0,2.0,3.0,,,,,,,,,,4.0,,,,,,1.0,1.0,,,,,2.0,,,187.0,61.0,4.84,1.58,37.21,146.0,143.0,2.0
26566.0,3.0,2.0,2.0,1.0,36.0,442.0,443.0,4.0,2.0,2.0,1.0,1.0,,,5.0,3.0,,1.0,3.0,10.0,10.0,4.26,,1.0,36.0,1.0,5.0,1.0,4.0,1.0,2.0,2.0,1.0,2.0,2.0,1.0,2.0,2.0,1.0,5937.57818,6252.887243,1.0,42.0,1.0,586.0,,,2.0,2.0,2.0,2.0,1.0,5.0,76.0,,1.0,1.0,140.0,112.0,70.0,2.0,110.0,72.0,2.0,112.0,70.0,2.0,,,,111.0,71.0,2.0,,,,,2.0,,,,2.0,,,,,,,,,2.0,,,,2.0,2.0,0.0,2.0,2.0,2.0,2.0,2.0,2.0,2.0,2.0,,,,,,,,,,,,,,,2.0,,,,,,,,,,,,,,,,,,,,,,,,,,,,,,,,,,,1.0,0.0,1.0,2.0,1.0,2.0,1.0,2.0,1.0,2.0,,,,,,,,,,,,,,,,,,,,,,,,,9.0,,,,,,,,,,1.0,2.0,,,,,,8.0,,,,,,,,,,,2.0,,,,,,1.0,56.0,,182.0,30.0,4.71,0.78,35.86,156.0,148.0,2.0
26572.0,3.0,2.0,1.0,2.0,26.0,313.0,313.0,3.0,1.0,2.0,1.0,1.0,,,3.0,2.0,,4.0,3.0,4.0,4.0,0.98,2.0,2.0,26.0,1.0,3.0,4.0,,1.0,2.0,2.0,1.0,2.0,2.0,1.0,2.0,2.0,1.0,74344.782371,77822.110687,2.0,36.0,1.0,407.0,,,1.0,2.0,2.0,2.0,1.0,3.0,70.0,,1.0,1.0,130.0,108.0,58.0,2.0,,,2.0,,,2.0,,,2.0,108.0,58.0,2.0,,,,,2.0,,,,2.0,,,,,,,,,2.0,,,,2.0,2.0,0.0,2.0,2.0,2.0,2.0,2.0,2.0,2.0,2.0,,,,,,,,,,,,,,,2.0,,,,,,,,,,,,,,,,,,,,,,,,,,,,,,,,,,,1.0,0.0,1.0,2.0,2.0,2.0,2.0,2.0,,,,,5.0,,,,,,,,,,,,,,,,,,,,,,,,,,,,,,,,,,,,,,,,,,,,,,,,,,2.0,,,,,,2.0,,,158.0,52.0,4.09,1.34,38.43,163.0,,3.0
26580.0,3.0,2.0,1.0,1.0,25.0,308.0,310.0,5.0,4.0,2.0,3.0,2.0,3.0,,3.0,2.0,,5.0,5.0,10.0,10.0,3.27,,1.0,53.0,3.0,5.0,1.0,4.0,1.0,2.0,2.0,1.0,2.0,2.0,1.0,2.0,2.0,1.0,72062.929619,74843.435057,2.0,39.0,1.0,618.0,,,2.0,2.0,2.0,2.0,1.0,5.0,70.0,,1.0,1.0,170.0,154.0,84.0,2.0,146.0,84.0,2.0,146.0,86.0,2.0,,,,146.0,85.0,2.0,,,,,2.0,,,,2.0,,,,,,,,,2.0,,,,2.0,2.0,0.0,2.0,2.0,2.0,2.0,2.0,2.0,2.0,2.0,,,,,,,,,,,,,,,2.0,,,,,,,,,,,,,,,,,,,,,,,,,,,,,,,,,,,1.0,1.0,2.0,2.0,2.0,2.0,2.0,2.0,,,,,,,,,,,,,,,,,,,,,,,,,,,,,,,,,,,,,,,,,,,,,,,,,,,,,,,2.0,,,,,,2.0,,,196.0,39.0,5.07,1.01,43.26,135.0,126.0,2.0
26585.0,3.0,2.0,2.0,2.0,49.0,594.0,594.0,3.0,1.0,2.0,1.0,1.0,,,3.0,2.0,,5.0,1.0,8.0,8.0,5.0,2.0,2.0,49.0,1.0,3.0,5.0,,1.0,2.0,2.0,1.0,2.0,2.0,1.0,2.0,2.0,1.0,115113.375947,123656.204896,1.0,32.0,1.0,539.0,,,2.0,2.0,2.0,2.0,1.0,3.0,60.0,,1.0,1.0,160.0,128.0,84.0,2.0,128.0,82.0,2.0,124.0,80.0,2.0,,,,126.0,81.0,2.0,,,,,2.0,,,,2.0,,,,,,,,,2.0,,,,2.0,2.0,0.0,2.0,2.0,2.0,2.0,2.0,2.0,2.0,1.0,,,1.0,,,,,,,,,,30.0,,2.0,,,,,,,,,,,,,,,,,,,,,,,,,,,,,,,,,,,1.0,3.0,1.0,2.0,2.0,1.0,1.0,1.0,,,3.0,,,,,,,,,,,,,,,,,,,,,,,,,,,,,,,,,9.0,,2.0,,,,,,,,,2.0,,,,,,,,2.0,,,,,,2.0,,,163.0,46.0,4.22,1.19,54.57,107.0,90.0,3.0
26592.0,3.0,2.0,2.0,1.0,27.0,327.0,327.0,3.0,1.0,2.0,1.0,1.0,,,4.0,3.0,,5.0,2.0,8.0,6.0,2.9,,1.0,27.0,1.0,4.0,5.0,,1.0,2.0,2.0,1.0,2.0,2.0,1.0,2.0,2.0,1.0,61559.503246,61122.578212,2.0,30.0,1.0,872.0,,,2.0,2.0,2.0,2.0,1.0,4.0,52.0,,1.0,1.0,150.0,120.0,68.0,2.0,124.0,62.0,2.0,118.0,56.0,2.0,,,,121.0,59.0,2.0,,,,,2.0,,,,2.0,,,,,,,,,2.0,,,,2.0,2.0,0.0,2.0,2.0,2.0,2.0,2.0,2.0,2.0,2.0,,,,,,,,,,,,,,,2.0,,,,,,,,,,,,,,,,,,,,,,,,,,,,,,,,,,,1.0,0.0,2.0,1.0,2.0,2.0,1.0,2.0,,,,,,,,,,1.0,2.0,,,,,,,,,,,,,,,,,,,,,,,,,,,2.0,,,,,,,,,,,,,,,,,2.0,,,,,,2.0,,,168.0,73.0,4.34,1.89,41.53,153.0,138.0,2.0
26620.0,3.0,2.0,2.0,1.0,37.0,449.0,449.0,3.0,1.0,2.0,1.0,1.0,,,5.0,3.0,,1.0,3.0,11.0,11.0,5.0,,1.0,37.0,1.0,5.0,1.0,4.0,1.0,2.0,2.0,1.0,2.0,2.0,1.0,2.0,2.0,1.0,89677.848453,96892.203332,1.0,32.0,1.0,613.0,,,1.0,2.0,2.0,2.0,1.0,4.0,92.0,,1.0,1.0,150.0,118.0,82.0,2.0,120.0,88.0,2.0,120.0,90.0,2.0,,,,120.0,89.0,2.0,,,,,2.0,,,,2.0,,,,,,,,,2.0,,,,2.0,2.0,0.0,2.0,2.0,2.0,2.0,1.0,2.0,2.0,2.0,,,,,,,,,,,,,,,2.0,,,,,,,,,,,,,,,,,,,,,,,,,,,,,,,,,,,1.0,25.0,1.0,1.0,2.0,2.0,2.0,2.0,,2.0,,,,,,,,,,,,5.0,,,,,,,,,,,,,,,,,,,,,,,,,,,,,,,,,,,,,,,,,2.0,,,,,,2.0,,,209.0,38.0,5.4,0.98,43.73,142.0,136.0,3.0
26624.0,3.0,2.0,2.0,1.0,31.0,377.0,378.0,5.0,4.0,2.0,3.0,2.0,6.0,,3.0,2.0,,5.0,5.0,7.0,6.0,1.63,,1.0,31.0,3.0,3.0,5.0,,1.0,2.0,2.0,1.0,2.0,2.0,,,,,75306.132395,81364.319261,1.0,33.0,1.0,691.0,,,2.0,2.0,2.0,2.0,1.0,4.0,64.0,,1.0,1.0,140.0,112.0,78.0,2.0,114.0,86.0,2.0,110.0,82.0,2.0,,,,112.0,84.0,2.0,,,,,2.0,,,,2.0,,,,,,,,,2.0,,,,2.0,2.0,0.0,2.0,2.0,2.0,2.0,2.0,2.0,2.0,2.0,,,,,,,,,,,,,,,2.0,,,,,,,,,,,,,,,,,,,,,,,,,,,,,,,,,,,1.0,0.0,2.0,2.0,2.0,2.0,2.0,2.0,,,,,,,,,,,,,,,,,,,,,,,,,,,,,,,,,,,,,,,,,,,,,,,,,,,,,,,2.0,,,,,,9.0,,,169.0,66.0,4.37,1.71,37.88,161.0,151.0,2.0
26625.0,3.0,2.0,2.0,2.0,23.0,276.0,277.0,3.0,1.0,2.0,1.0,1.0,,,4.0,3.0,,3.0,3.0,3.0,3.0,0.7,2.0,2.0,23.0,1.0,4.0,3.0,,1.0,2.0,2.0,1.0,2.0,2.0,1.0,2.0,2.0,1.0,69461.642774,71536.670295,2.0,34.0,1.0,599.0,,,1.0,2.0,2.0,2.0,1.0,4.0,66.0,,1.0,1.0,130.0,114.0,52.0,2.0,,,2.0,116.0,32.0,2.0,,,2.0,116.0,32.0,2.0,,,,,2.0,,,,2.0,,,,,,,,,2.0,,,,2.0,2.0,0.0,2.0,2.0,2.0,2.0,1.0,2.0,2.0,2.0,,,,,,,,,,,,,,,2.0,,,,,,,,,,,,,,,,,,,,,,,,,,,,,,,,,,,1.0,0.0,1.0,1.0,2.0,2.0,1.0,2.0,,,,4.0,,6.0,,,,,,,4.0,,,,,,,,,,,,,,,,,,,,,,,,1.0,,,,,,,,,,,,,,,,,,2.0,,,,,,2.0,,,289.0,69.0,7.47,1.78,34.79,129.0,124.0,2.0
26681.0,3.0,2.0,1.0,1.0,21.0,260.0,260.0,4.0,2.0,2.0,1.0,1.0,,,4.0,3.0,,5.0,2.0,9.0,9.0,4.95,,2.0,52.0,1.0,4.0,5.0,,1.0,2.0,2.0,1.0,2.0,2.0,1.0,2.0,2.0,1.0,25340.19972,27444.565856,1.0,36.0,1.0,520.0,,,2.0,2.0,2.0,2.0,1.0,3.0,78.0,,1.0,1.0,130.0,106.0,78.0,2.0,98.0,72.0,2.0,96.0,72.0,2.0,,,,97.0,72.0,2.0,,,,,2.0,,,,2.0,,,,,,,,,2.0,,,,2.0,2.0,0.0,2.0,2.0,2.0,2.0,2.0,2.0,2.0,2.0,,,,,,,,,,,,,,,2.0,,,,,,,,,,,,,,,,,,,,,,,,,,,,,,,,,,,1.0,5.0,1.0,2.0,2.0,2.0,1.0,2.0,1.0,,,,,,7.0,,,,,,,,,,,,,,,,,,,,,,,,,,,,,,1.0,,,,,,,,,,,,,,,,,,2.0,,,,,,2.0,,,166.0,48.0,4.29,1.24,40.6,174.0,167.0,2.0
26684.0,3.0,2.0,2.0,1.0,39.0,468.0,469.0,3.0,1.0,2.0,1.0,1.0,,,3.0,2.0,,1.0,5.0,8.0,8.0,2.27,,1.0,39.0,1.0,3.0,1.0,3.0,1.0,2.0,2.0,1.0,2.0,2.0,1.0,2.0,2.0,1.0,104407.879699,110985.971677,2.0,32.0,1.0,712.0,,,2.0,2.0,2.0,2.0,1.0,4.0,70.0,,1.0,1.0,150.0,122.0,86.0,2.0,,,2.0,122.0,82.0,2.0,,,2.0,122.0,82.0,2.0,,,,,2.0,,,,2.0,,,,,,,,,2.0,,,,2.0,2.0,0.0,2.0,2.0,2.0,2.0,2.0,2.0,2.0,2.0,,,,,,,,,,,,,,,2.0,,,,,,,,,,,,,,,,,,,,,,,,,,,,,,,,,,,1.0,6.0,1.0,2.0,1.0,1.0,1.0,2.0,,2.0,,,,,,,,,,,,,,,,,,2.0,,,,,,,,1.0,,,,,,,,,,2.0,,,,,,,,,,,,,,,,,2.0,,,,,,2.0,,,222.0,70.0,5.74,1.81,32.88,157.0,144.0,1.0
26687.0,3.0,2.0,1.0,1.0,26.0,320.0,321.0,3.0,1.0,2.0,1.0,1.0,,,4.0,3.0,,6.0,2.0,8.0,6.0,2.69,,2.0,24.0,1.0,4.0,6.0,,1.0,2.0,2.0,1.0,2.0,2.0,1.0,2.0,2.0,1.0,65843.94857,70043.988759,2.0,42.0,1.0,695.0,,,2.0,2.0,2.0,2.0,1.0,3.0,78.0,,1.0,1.0,150.0,,,2.0,122.0,64.0,2.0,122.0,60.0,2.0,,,2.0,122.0,60.0,2.0,,,,,2.0,,,,2.0,,,,,,,,,2.0,,,,2.0,2.0,0.0,2.0,2.0,2.0,2.0,2.0,2.0,2.0,2.0,,,,,,,,,,,,,,,2.0,,,,,,,,,,,,,,,,,,,,,,,,,,,,,,,,,,,1.0,0.0,2.0,9.0,2.0,2.0,2.0,2.0,,,,,,,,,,,,,,,,,,,,,,,,,,,,,,,,,,,,,,,,,,,,,,,,,,,,,,,2.0,,,,,,2.0,,,183.0,65.0,4.73,1.68,50.0,147.0,138.0,3.0
26692.0,3.0,2.0,2.0,1.0,30.0,368.0,369.0,5.0,4.0,2.0,3.0,1.0,5.0,,5.0,3.0,,5.0,6.0,11.0,7.0,3.97,,1.0,22.0,1.0,5.0,5.0,,1.0,2.0,2.0,1.0,2.0,2.0,1.0,2.0,2.0,1.0,68161.07516,73644.460339,2.0,29.0,1.0,591.0,,,1.0,2.0,2.0,2.0,1.0,3.0,76.0,,1.0,1.0,130.0,118.0,56.0,2.0,120.0,64.0,2.0,122.0,68.0,2.0,,,,121.0,66.0,2.0,,,,,2.0,,,,2.0,,,,,,,,,2.0,,,,2.0,2.0,0.0,2.0,2.0,2.0,2.0,2.0,2.0,2.0,2.0,,,,,,,,,,,,,,,2.0,,,,,,,,,,,,,,,,,,,,,,,,,,,,,,,,,,,1.0,1.0,1.0,2.0,2.0,2.0,2.0,2.0,,2.0,,,,,,,9.0,,,,,,,,,,,,,,,,,,,,,,,,,,,,,,,,,,,,,,,,,,,,,,1.0,,,3.0,,,2.0,,,144.0,46.0,3.72,1.19,30.28,180.0,171.0,1.0
26720.0,3.0,2.0,2.0,1.0,35.0,430.0,432.0,3.0,1.0,2.0,1.0,1.0,,,5.0,3.0,,1.0,2.0,11.0,11.0,5.0,,1.0,35.0,1.0,5.0,1.0,5.0,1.0,2.0,2.0,1.0,2.0,2.0,1.0,2.0,2.0,1.0,74496.463409,82442.758018,1.0,33.0,1.0,590.0,,,2.0,2.0,2.0,2.0,1.0,4.0,70.0,,1.0,1.0,150.0,122.0,76.0,2.0,128.0,76.0,2.0,126.0,84.0,2.0,,,,127.0,80.0,2.0,,,,,2.0,,,,2.0,,,,,,,,,2.0,,,,2.0,2.0,0.0,2.0,2.0,2.0,2.0,2.0,2.0,2.0,2.0,,,,,,,,,,,,,,,2.0,,,,,,,,,,,,,,,,,,,,,,,,,,,,,,,,,,,1.0,3.0,2.0,2.0,2.0,2.0,2.0,2.0,,,,,,,,,,,,,,,,,,,,,,,,,,,,,,,,,,,,,,,,,,,,,,,,,,,,,,,1.0,,,,,5.0,2.0,,,184.0,55.0,4.76,1.42,41.12,149.0,144.0,2.0
26723.0,3.0,2.0,1.0,1.0,49.0,589.0,589.0,3.0,1.0,1.0,1.0,1.0,,,5.0,3.0,,1.0,4.0,11.0,11.0,4.35,,2.0,51.0,1.0,4.0,1.0,5.0,1.0,2.0,2.0,1.0,2.0,2.0,1.0,2.0,2.0,1.0,95553.011723,100235.794491,1.0,38.0,1.0,567.0,,,2.0,2.0,2.0,2.0,1.0,4.0,74.0,,1.0,1.0,170.0,138.0,90.0,2.0,136.0,88.0,2.0,128.0,98.0,2.0,,,,132.0,93.0,2.0,,,,,2.0,,,,2.0,,,,,,,,,2.0,,,,2.0,2.0,0.0,2.0,2.0,2.0,2.0,2.0,2.0,2.0,2.0,,,,,,,,,,,,,,,2.0,,,,,,,,,,,,,,,,,,,,,,,,,,,,,,,,,,,1.0,1.0,1.0,2.0,2.0,2.0,2.0,2.0,1.0,2.0,,,,,,,,,,,,,,,,,,,,,,,,,,,,,,,,,,,,,,,,,,,,,,,,,,,,,2.0,,,,,,2.0,,,253.0,44.0,6.54,1.14,34.18,131.0,124.0,2.0
26736.0,3.0,2.0,2.0,1.0,39.0,474.0,475.0,2.0,5.0,2.0,3.0,2.0,2.0,,2.0,1.0,,1.0,6.0,7.0,6.0,1.3,,2.0,35.0,3.0,2.0,1.0,1.0,2.0,2.0,2.0,1.0,2.0,2.0,,,,,42996.076117,47504.780971,1.0,36.0,1.0,787.0,,,2.0,2.0,2.0,2.0,1.0,4.0,64.0,,1.0,1.0,160.0,116.0,84.0,2.0,114.0,84.0,2.0,108.0,82.0,2.0,,,,111.0,83.0,2.0,,,,,2.0,,,,2.0,,,,,,,,,2.0,,,,2.0,2.0,0.0,2.0,2.0,2.0,2.0,2.0,2.0,2.0,2.0,,,,,,,,,,,,,,,2.0,,,,,,,,,,,,,,,,,,,,,,,,,,,,,,,,,,,1.0,0.0,2.0,2.0,2.0,2.0,2.0,2.0,,,,,,,,,,,,,,,,,,,,,,,,,,,,,,,,,,,,,,,,,,,,,,,,,,,,,,,2.0,,,,,,9.0,,,244.0,58.0,6.31,1.5,46.68,127.0,115.0,3.0
26750.0,3.0,2.0,2.0,1.0,43.0,524.0,526.0,4.0,2.0,2.0,1.0,1.0,,,5.0,3.0,,1.0,4.0,11.0,11.0,4.35,,1.0,43.0,1.0,5.0,1.0,5.0,1.0,2.0,2.0,1.0,2.0,2.0,1.0,2.0,2.0,1.0,20714.12723,21676.060068,1.0,42.0,1.0,677.0,,,2.0,2.0,2.0,2.0,1.0,5.0,58.0,,1.0,1.0,170.0,142.0,78.0,2.0,,,2.0,,,2.0,134.0,86.0,2.0,134.0,86.0,2.0,,,,,2.0,,,,2.0,,,,,,,,,2.0,,,,2.0,2.0,0.0,2.0,2.0,2.0,2.0,2.0,2.0,2.0,2.0,,,,,,,,,,,,,,,2.0,,,,,,,,,,,,,,,,,,,,,,,,,,,,,,,,,,,1.0,0.0,1.0,2.0,2.0,2.0,1.0,2.0,,,,,,,,,9.0,,,,,,,,,,,,,,,,,,,,,,,,,,,,,,,,5.0,,,,9.0,,,,,,,,,,2.0,,,,,,2.0,,,198.0,41.0,5.12,1.06,40.43,126.0,114.0,3.0
26753.0,3.0,2.0,1.0,2.0,41.0,494.0,494.0,1.0,3.0,2.0,1.0,1.0,,,4.0,3.0,,1.0,3.0,11.0,11.0,5.0,2.0,1.0,38.0,1.0,4.0,1.0,4.0,1.0,2.0,2.0,1.0,2.0,2.0,1.0,2.0,2.0,1.0,20095.817637,21588.583869,1.0,34.0,1.0,700.0,,,2.0,2.0,2.0,2.0,1.0,4.0,78.0,,1.0,1.0,150.0,122.0,84.0,2.0,134.0,88.0,2.0,124.0,80.0,2.0,,,,129.0,84.0,2.0,,,,,2.0,,,,2.0,,,,,,,,,2.0,,,,2.0,2.0,0.0,2.0,2.0,2.0,2.0,1.0,2.0,2.0,2.0,,,,,,,,,,,,,,,2.0,,,,,,,,,,,,,,,,,,,,,,,,,,,,,,,,,,,1.0,0.0,1.0,2.0,2.0,2.0,1.0,2.0,1.0,,3.0,4.0,5.0,,,,,,,,,,,,,,,,,,,,,,,,,,,,,,,,1.0,,,,,,,,,,,,,,,,,,2.0,,,,,,2.0,,,217.0,52.0,5.61,1.34,21.25,135.0,132.0,1.0
26756.0,3.0,2.0,1.0,2.0,24.0,296.0,297.0,4.0,2.0,2.0,1.0,1.0,,,4.0,3.0,,5.0,3.0,5.0,2.0,0.64,3.0,1.0,25.0,1.0,3.0,5.0,,1.0,2.0,2.0,1.0,2.0,2.0,1.0,2.0,2.0,1.0,29796.445365,31056.399045,2.0,39.0,1.0,638.0,,,1.0,2.0,2.0,2.0,1.0,5.0,100.0,,1.0,1.0,140.0,116.0,70.0,2.0,120.0,68.0,2.0,116.0,76.0,2.0,,,,118.0,72.0,1.0,1.0,2.0,,,2.0,,,,2.0,,,,,,,,,2.0,,,,2.0,2.0,0.0,2.0,2.0,2.0,2.0,1.0,2.0,2.0,2.0,,,,,,,,,,,,,,,2.0,,,,,,,,,,,,,,,,,,,,,,,,,,,,,,,,,,,1.0,0.0,1.0,1.0,1.0,2.0,1.0,2.0,,,3.0,,,,,,,,,3.0,,,,,,,1.0,,,,,,,,,,,,,,,,,,,2.0,3.0,,,,,,,,,,,,,,,,2.0,,,,,,2.0,,,127.0,74.0,3.28,1.91,29.12,152.0,,1.0
26767.0,3.0,2.0,1.0,2.0,45.0,549.0,550.0,1.0,3.0,2.0,1.0,1.0,,,4.0,3.0,,6.0,2.0,11.0,8.0,5.0,2.0,2.0,45.0,1.0,4.0,6.0,,1.0,2.0,2.0,1.0,2.0,2.0,1.0,2.0,2.0,1.0,16061.695667,16265.61481,2.0,40.0,1.0,643.0,,,1.0,2.0,2.0,2.0,1.0,3.0,62.0,,1.0,1.0,150.0,110.0,72.0,2.0,110.0,70.0,2.0,108.0,76.0,2.0,,,,109.0,73.0,2.0,,,,,2.0,,,,2.0,,,,,,,,,1.0,,,,2.0,2.0,0.0,2.0,2.0,2.0,2.0,2.0,2.0,2.0,2.0,,,,,,,,,,,,,,,2.0,,,,,,,,,,,,,,,,,,,,,,,,,,,,,,,,,,,1.0,0.0,1.0,2.0,2.0,2.0,9.0,2.0,,,,,,,,,9.0,,,,,,,,,,,,,,,,,,,,,,,,,,,,,,,,,,,,,,,,,,,,,,2.0,,,,,,2.0,,,190.0,48.0,4.91,1.24,41.78,115.0,102.0,3.0
26770.0,3.0,2.0,2.0,2.0,23.0,287.0,288.0,4.0,2.0,2.0,1.0,1.0,,,4.0,3.0,,5.0,1.0,5.0,5.0,2.34,2.0,2.0,23.0,1.0,4.0,5.0,,1.0,2.0,2.0,1.0,2.0,2.0,1.0,2.0,2.0,1.0,26100.524138,26860.403651,2.0,31.0,1.0,651.0,,,2.0,2.0,2.0,2.0,1.0,4.0,92.0,,1.0,1.0,140.0,116.0,60.0,2.0,116.0,56.0,2.0,116.0,58.0,2.0,,,,116.0,57.0,2.0,,,,,2.0,,,,2.0,,,,,,,,,2.0,,,,2.0,2.0,0.0,2.0,2.0,2.0,2.0,2.0,2.0,2.0,2.0,,,,,,,,,,,,,,,2.0,,,,,,,,,,,,,,,,,,,,,,,,,,,,,,,,,,,1.0,0.0,1.0,2.0,2.0,2.0,2.0,2.0,,,3.0,,,,,,,,,,,,,,,,,,,,,,,,,,,,,,,,,,,,,,,,,,,,,,,,,,,,2.0,,,,,,2.0,,,205.0,52.0,5.3,1.34,24.71,147.0,129.0,1.0
26771.0,3.0,2.0,1.0,1.0,25.0,305.0,306.0,3.0,1.0,2.0,1.0,1.0,,,4.0,3.0,,6.0,2.0,7.0,5.0,2.15,,1.0,25.0,1.0,4.0,6.0,,1.0,2.0,2.0,1.0,2.0,2.0,1.0,2.0,2.0,1.0,69311.33373,73732.550766,2.0,35.0,1.0,1048.0,,,1.0,2.0,2.0,2.0,1.0,4.0,66.0,,1.0,1.0,160.0,132.0,86.0,2.0,130.0,84.0,2.0,134.0,84.0,2.0,,,,132.0,84.0,2.0,,,,,2.0,,,,2.0,,,,,,,,,2.0,,,,2.0,2.0,0.0,2.0,2.0,2.0,2.0,2.0,2.0,2.0,2.0,,,,,,,,,,,,,,,2.0,,,,,,,,,,,,,,,,,,,,,,,,,,,,,,,,,,,1.0,1.0,2.0,1.0,1.0,1.0,2.0,2.0,,,,,,,,,,,,,4.0,,,,,9.0,,,,,,6.0,,,,,,,,5.0,,,,,,,,,,,,,,,,,,,,,,,2.0,,,,,,2.0,,,184.0,48.0,4.76,1.24,39.03,156.0,148.0,2.0
26786.0,3.0,2.0,1.0,2.0,37.0,445.0,446.0,1.0,3.0,2.0,1.0,1.0,,,3.0,2.0,,3.0,3.0,7.0,7.0,2.23,2.0,2.0,37.0,1.0,3.0,3.0,,1.0,2.0,2.0,1.0,2.0,2.0,1.0,2.0,2.0,1.0,28616.494565,29588.045825,2.0,39.0,1.0,626.0,,,1.0,2.0,2.0,2.0,1.0,3.0,82.0,,1.0,1.0,140.0,106.0,86.0,2.0,,,2.0,112.0,84.0,2.0,110.0,82.0,2.0,111.0,83.0,2.0,,,,,2.0,,,,2.0,,,,,,,,,2.0,,,,2.0,2.0,0.0,2.0,2.0,2.0,2.0,2.0,2.0,2.0,2.0,,,,,,,,,,,,,,,2.0,,,,,,,,,,,,,,,,,,,,,,,,,,,,,,,,,,,1.0,0.0,2.0,2.0,2.0,2.0,2.0,2.0,,,,,,,,,,,,,,,,,,,,,,,,,,,,,,,,,,,,,,,,,,,,,,,,,,,,,,,2.0,,,,,,2.0,,,173.0,48.0,4.47,1.24,37.6,132.0,121.0,3.0
26801.0,3.0,2.0,2.0,2.0,46.0,563.0,564.0,3.0,1.0,2.0,1.0,1.0,,,4.0,3.0,,1.0,3.0,10.0,10.0,4.47,2.0,1.0,52.0,1.0,5.0,1.0,4.0,1.0,2.0,2.0,1.0,2.0,2.0,1.0,2.0,2.0,1.0,134021.318696,138287.194431,2.0,32.0,1.0,694.0,,,2.0,2.0,2.0,2.0,1.0,4.0,68.0,,1.0,1.0,170.0,140.0,96.0,2.0,140.0,94.0,2.0,142.0,86.0,2.0,,,,141.0,90.0,2.0,,,,,2.0,,,,2.0,,,,,,,,,2.0,,,,2.0,2.0,0.0,2.0,2.0,2.0,2.0,1.0,2.0,2.0,2.0,,,,,,,,,,,,,,,2.0,,,,,,,,,,,,,,,,,,,,,,,,,,,,,,,,,,,1.0,2.0,2.0,2.0,1.0,2.0,2.0,2.0,,,,,,,,,,,,,,,,,,,,,,,,,,,9.0,,,,,,,,,,,,,,,,,,,,,,,,,,,,2.0,,,,,,2.0,,,194.0,40.0,5.02,1.03,21.4,147.0,,1.0
26821.0,3.0,2.0,2.0,1.0,26.0,316.0,317.0,3.0,1.0,2.0,1.0,1.0,,,5.0,3.0,,6.0,2.0,10.0,6.0,3.34,,1.0,26.0,1.0,5.0,6.0,,1.0,2.0,2.0,1.0,2.0,2.0,1.0,2.0,2.0,1.0,64789.306859,68922.073779,1.0,33.0,1.0,757.0,,,2.0,2.0,2.0,2.0,1.0,4.0,60.0,,1.0,1.0,130.0,108.0,64.0,2.0,114.0,62.0,2.0,112.0,64.0,2.0,,,,113.0,63.0,2.0,,,,,2.0,,,,2.0,,,,,,,,,2.0,,,,2.0,2.0,0.0,2.0,2.0,2.0,2.0,2.0,2.0,2.0,2.0,,,,,,,,,,,,,,,2.0,,,,,,,,,,,,,,,,,,,,,,,,,,,,,,,,,,,1.0,0.0,2.0,2.0,1.0,2.0,2.0,2.0,,,,,,,,,,,,,,,,,,,,,,,,,7.0,,,,,,,,,,,,,,,,,,,,,,,,,,,,,,2.0,,,,,,2.0,,,164.0,46.0,4.24,1.19,50.05,152.0,149.0,3.0
26835.0,3.0,2.0,2.0,1.0,45.0,541.0,542.0,3.0,1.0,2.0,1.0,1.0,,,5.0,3.0,,1.0,2.0,11.0,11.0,5.0,,1.0,45.0,1.0,5.0,1.0,5.0,1.0,2.0,2.0,1.0,2.0,2.0,1.0,2.0,2.0,1.0,86859.560553,93327.426274,1.0,30.0,1.0,626.0,,,2.0,2.0,2.0,2.0,1.0,4.0,72.0,,1.0,1.0,150.0,106.0,66.0,2.0,,,2.0,106.0,72.0,2.0,108.0,72.0,2.0,107.0,72.0,2.0,,,,,2.0,,,,2.0,,,,,,,,,2.0,,,,2.0,2.0,0.0,2.0,2.0,2.0,2.0,2.0,2.0,2.0,2.0,,,,,,,,,,,,,,,2.0,,,,,,,,,,,,,,,,,,,,,,,,,,,,,,,,,,,1.0,1.0,2.0,2.0,2.0,2.0,2.0,2.0,,,,,,,,,,,,,,,,,,,,,,,,,,,,,,,,,,,,,,,,,,,,,,,,,,,,,,,9.0,,,,,,2.0,,,183.0,42.0,4.73,1.09,36.97,135.0,120.0,2.0
26837.0,3.0,2.0,2.0,1.0,29.0,348.0,348.0,3.0,1.0,1.0,1.0,1.0,,,4.0,3.0,,5.0,1.0,6.0,6.0,3.01,,1.0,29.0,1.0,4.0,5.0,,1.0,2.0,2.0,1.0,2.0,2.0,1.0,2.0,2.0,1.0,75700.271552,80529.024834,2.0,37.0,1.0,692.0,,,2.0,2.0,2.0,1.0,1.0,3.0,86.0,,1.0,1.0,170.0,140.0,72.0,2.0,,,2.0,144.0,76.0,2.0,142.0,76.0,2.0,143.0,76.0,2.0,,,,,2.0,,,,2.0,,,,,,,,,1.0,,,,2.0,2.0,0.0,2.0,2.0,2.0,2.0,2.0,2.0,2.0,2.0,,,,,,,,,,,,,,,2.0,,,,,,,,,,,,,,,,,,,,,,,,,,,,,,,,,,,1.0,2.0,2.0,2.0,2.0,2.0,2.0,2.0,,,,,,,,,,,,,,,,,,,,,,,,,,,,,,,,,,,,,,,,,,,,,,,,,,,,,,,2.0,,,,,,2.0,,,164.0,45.0,4.24,1.16,38.69,180.0,170.0,2.0
26841.0,3.0,2.0,2.0,1.0,25.0,309.0,310.0,4.0,2.0,2.0,1.0,1.0,,,3.0,2.0,,6.0,6.0,6.0,6.0,1.39,,2.0,24.0,1.0,3.0,,,1.0,2.0,2.0,1.0,2.0,2.0,1.0,2.0,2.0,1.0,27835.240364,29026.028195,1.0,41.0,1.0,969.0,,,2.0,2.0,2.0,2.0,1.0,5.0,62.0,,1.0,1.0,160.0,,,2.0,140.0,88.0,2.0,138.0,92.0,2.0,138.0,92.0,2.0,138.0,92.0,2.0,,,,,2.0,,,,2.0,,,,,,,,,2.0,,,,2.0,2.0,0.0,2.0,2.0,2.0,2.0,2.0,2.0,2.0,2.0,,,,,,,,,,,,,,,2.0,,,,,,,,,,,,,,,,,,,,,,,,,,,,,,,,,,,1.0,0.0,2.0,2.0,2.0,2.0,1.0,2.0,,,,,,,,,,,,,,,,,,,,,,,,,,,,,,,,,,,,,,2.0,,,,,,,,,,,,,,,,,2.0,,,,,,2.0,,,135.0,47.0,3.49,1.22,39.8,165.0,147.0,2.0
26854.0,3.0,2.0,1.0,1.0,47.0,575.0,575.0,4.0,2.0,2.0,1.0,1.0,,,4.0,3.0,,1.0,2.0,11.0,11.0,5.0,,1.0,47.0,1.0,4.0,1.0,5.0,1.0,2.0,2.0,1.0,2.0,2.0,1.0,2.0,2.0,1.0,23606.492536,24390.563578,1.0,35.0,1.0,687.0,,,2.0,2.0,2.0,2.0,1.0,4.0,72.0,,1.0,1.0,150.0,112.0,88.0,2.0,114.0,84.0,2.0,106.0,84.0,2.0,,,,110.0,84.0,1.0,6.0,2.0,,,2.0,,,,1.0,2.0,,,,,,,,2.0,,,,2.0,2.0,0.0,2.0,2.0,2.0,2.0,2.0,2.0,2.0,2.0,,,,,,,,,,,,,,,2.0,,,,,,,,,,,,,,,,,,,,,,,,,,,,,,,,,,,1.0,0.0,1.0,2.0,1.0,2.0,1.0,2.0,,,,,,,,,9.0,,,,,,,,,,1.0,,,,,,,,,,,,,,,,,,1.0,2.0,,,,,7.0,8.0,,,,,,,,,,,1.0,1.0,,,,,2.0,,,224.0,35.0,5.79,0.91,26.86,149.0,138.0,1.0
26857.0,3.0,2.0,2.0,2.0,47.0,571.0,572.0,4.0,2.0,2.0,3.0,2.0,3.0,,1.0,1.0,,5.0,4.0,8.0,3.0,1.29,2.0,2.0,19.0,1.0,4.0,5.0,,1.0,2.0,2.0,1.0,2.0,2.0,1.0,2.0,2.0,1.0,25588.083104,26714.18859,2.0,41.0,1.0,1055.0,,,2.0,2.0,2.0,2.0,1.0,4.0,58.0,,1.0,1.0,170.0,134.0,80.0,2.0,136.0,78.0,2.0,124.0,78.0,2.0,,,,130.0,78.0,2.0,,,,,2.0,,,,2.0,,,,,,,,,2.0,,,,2.0,2.0,0.0,2.0,2.0,2.0,2.0,2.0,2.0,2.0,2.0,,,,,,,,,,,,,,,2.0,,,,,,,,,,,,,,,,,,,,,,,,,,,,,,,,,,,1.0,0.0,1.0,2.0,2.0,2.0,1.0,2.0,1.0,2.0,,,,,7.0,8.0,,,,,,,,,,,,,,,,,,,,,,,,,,,,,1.0,2.0,,,,,,8.0,,,,,,,,,,,1.0,1.0,,,,,2.0,,,,,,,22.07,142.0,126.0,1.0
26864.0,3.0,2.0,1.0,2.0,41.0,499.0,500.0,1.0,3.0,2.0,2.0,2.0,2.0,,4.0,3.0,,1.0,7.0,6.0,6.0,0.88,2.0,1.0,46.0,2.0,1.0,1.0,4.0,2.0,2.0,2.0,2.0,2.0,2.0,2.0,2.0,2.0,2.0,15548.964564,15750.04687,2.0,42.0,1.0,19.0,,,2.0,2.0,2.0,2.0,1.0,5.0,68.0,,1.0,1.0,130.0,104.0,56.0,2.0,96.0,62.0,2.0,102.0,58.0,2.0,,,,99.0,60.0,2.0,,,,,2.0,,,,2.0,,,,,,,,,2.0,,,,1.0,2.0,0.0,2.0,2.0,2.0,2.0,1.0,2.0,2.0,2.0,,,,36.0,,,,,,,,,,9.0,2.0,,,,,,,,,,,,,,,,,,,,,,,,,,,,,,,,,,,1.0,0.0,1.0,2.0,2.0,2.0,2.0,2.0,1.0,,,,,,,,,,,,,,,,,,,,,,,,,,,,,,,,,,,,,,,,,,,,,,,,,,,,,,2.0,,,,,,2.0,,,245.0,38.0,6.34,0.98,30.6,116.0,105.0,2.0
26902.0,3.0,2.0,2.0,1.0,42.0,508.0,509.0,3.0,1.0,2.0,1.0,1.0,,,4.0,3.0,,1.0,6.0,10.0,10.0,2.63,,1.0,42.0,1.0,4.0,1.0,4.0,1.0,2.0,2.0,1.0,2.0,2.0,1.0,2.0,2.0,1.0,98374.146497,101529.11369,1.0,29.0,1.0,679.0,,,2.0,2.0,2.0,2.0,1.0,5.0,68.0,,1.0,1.0,130.0,108.0,68.0,2.0,110.0,76.0,2.0,102.0,78.0,2.0,,,,106.0,77.0,2.0,,,,,2.0,,,,2.0,,,,,,,,,2.0,,,,1.0,2.0,0.0,2.0,2.0,2.0,2.0,2.0,2.0,2.0,2.0,,,,38.0,,,,,,,,,,9.0,2.0,,,,,,,,,,,,,,,,,,,,,,,,,,,,,,,,,,,1.0,4.0,1.0,2.0,1.0,2.0,2.0,2.0,,2.0,,,,,7.0,,,,,,,,,,,,,2.0,,,,,,,,,,,,,,,,,,,,,,,,,,,,,,,,,,,1.0,,,,,5.0,2.0,,,244.0,47.0,6.31,1.22,40.6,124.0,112.0,3.0
26909.0,3.0,2.0,1.0,1.0,31.0,372.0,373.0,3.0,1.0,2.0,1.0,1.0,,,5.0,3.0,,1.0,2.0,11.0,11.0,5.0,,2.0,31.0,1.0,5.0,1.0,5.0,1.0,2.0,2.0,1.0,2.0,2.0,1.0,2.0,2.0,1.0,84254.279425,93241.408421,2.0,30.0,1.0,631.0,,,2.0,2.0,2.0,2.0,1.0,4.0,50.0,,1.0,1.0,140.0,,,2.0,,,2.0,108.0,76.0,2.0,108.0,72.0,2.0,108.0,72.0,1.0,23.0,2.0,,,2.0,,,,2.0,,,,,,,,,2.0,,,,2.0,2.0,0.0,2.0,2.0,2.0,2.0,2.0,1.0,2.0,2.0,2.0,,,,,,,,,,19.0,,,,2.0,,,,,,,,,,,,,,,,,,,,,,,,,,,,,,,,,,,1.0,1.0,2.0,1.0,2.0,1.0,2.0,2.0,,,,,,,,,,,,,4.0,,,,,,,,,,,,,,,,,,,5.0,,,,,,,,,,,,,,,,,,,,,,,2.0,,,,,,2.0,,,207.0,43.0,5.35,1.11,47.04,153.0,148.0,3.0
26915.0,3.0,2.0,2.0,1.0,48.0,583.0,584.0,1.0,3.0,2.0,2.0,1.0,4.0,,1.0,1.0,,1.0,5.0,9.0,9.0,2.79,,1.0,48.0,2.0,1.0,1.0,1.0,2.0,2.0,2.0,1.0,2.0,2.0,2.0,2.0,2.0,2.0,14817.206395,14981.607493,1.0,42.0,1.0,562.0,,,1.0,2.0,2.0,2.0,1.0,5.0,76.0,,1.0,1.0,150.0,128.0,70.0,2.0,124.0,70.0,2.0,132.0,72.0,2.0,,,,128.0,71.0,2.0,,,,,2.0,,,,2.0,,,,,,,,,2.0,,,,2.0,2.0,0.0,2.0,2.0,2.0,2.0,1.0,2.0,2.0,2.0,,,,,,,,,,,,,,,2.0,,,,,,,,,,,,,,,,,,,,,,,,,,,,,,,,,,,1.0,0.0,2.0,2.0,2.0,2.0,2.0,2.0,,,,,,,,,,,,,,,,,,,,,,,,,,,,,,,,,,,,,,,,,,,,,,,,,,,,,,,2.0,,,,,,2.0,,,236.0,58.0,6.1,1.5,42.89,120.0,116.0,3.0
26940.0,3.0,2.0,1.0,1.0,27.0,328.0,331.0,2.0,5.0,2.0,3.0,2.0,4.0,,5.0,3.0,,5.0,2.0,7.0,7.0,3.36,,2.0,24.0,3.0,5.0,5.0,,1.0,2.0,2.0,1.0,2.0,2.0,1.0,2.0,2.0,1.0,70064.647843,74533.917125,2.0,35.0,1.0,683.0,,,2.0,2.0,2.0,2.0,1.0,5.0,74.0,,1.0,1.0,160.0,136.0,66.0,2.0,128.0,72.0,2.0,124.0,72.0,2.0,,,,126.0,72.0,2.0,,,,,2.0,,,,2.0,,,,,,,,,2.0,,,,2.0,2.0,0.0,2.0,2.0,2.0,2.0,2.0,2.0,2.0,2.0,,,,,,,,,,,,,,,2.0,,,,,,,,,,,,,,,,,,,,,,,,,,,,,,,,,,,1.0,0.0,1.0,2.0,2.0,2.0,2.0,2.0,,,,4.0,,,,,,,,,,,,,,,,,,,,,,,,,,,,,,,,,,,,,,,,,,,,,,,,,,,2.0,,,,,,2.0,,,291.0,33.0,7.53,0.85,42.78,168.0,,2.0
26941.0,3.0,2.0,1.0,2.0,43.0,526.0,526.0,3.0,1.0,2.0,1.0,1.0,,,3.0,2.0,,3.0,1.0,7.0,7.0,4.3,2.0,2.0,43.0,1.0,3.0,3.0,,1.0,2.0,2.0,1.0,2.0,2.0,1.0,2.0,2.0,1.0,131780.724396,141560.47569,2.0,36.0,1.0,715.0,,,1.0,2.0,2.0,2.0,1.0,4.0,92.0,,1.0,1.0,160.0,136.0,88.0,2.0,126.0,86.0,2.0,134.0,84.0,2.0,,,,130.0,85.0,2.0,,,,,2.0,,,,2.0,,,,,,,,,2.0,,,,2.0,2.0,0.0,2.0,2.0,2.0,2.0,1.0,2.0,2.0,1.0,,,1.0,,,,,,,,,,35.0,,2.0,,,,,,,,,,,,,,,,,,,,,,,,,,,,,,,,,,,1.0,45.0,1.0,2.0,2.0,2.0,2.0,1.0,,2.0,3.0,,,,,,,,,,,,,,,,,,,,,,,,,,,,,,,,,,,,,,,,,,,,2.0,,,,,,,,2.0,,,,,,2.0,,,187.0,78.0,4.84,2.02,22.78,157.0,,1.0
26950.0,3.0,2.0,1.0,1.0,26.0,318.0,319.0,3.0,1.0,2.0,1.0,1.0,,,5.0,3.0,,5.0,1.0,3.0,3.0,1.07,,1.0,26.0,1.0,5.0,5.0,,1.0,2.0,2.0,1.0,2.0,2.0,1.0,2.0,2.0,1.0,33803.610698,35959.868434,2.0,40.0,1.0,875.0,,,2.0,2.0,2.0,2.0,1.0,4.0,82.0,,1.0,1.0,130.0,110.0,84.0,2.0,108.0,88.0,2.0,102.0,82.0,2.0,,,,105.0,85.0,2.0,,,,,2.0,,,,2.0,,,,,,,,,2.0,,,,2.0,2.0,0.0,2.0,2.0,2.0,2.0,2.0,2.0,2.0,2.0,,,,,,,,,,,,,,,2.0,,,,,,,,,,,,,,,,,,,,,,,,,,,,,,,,,,,1.0,0.0,1.0,2.0,2.0,2.0,1.0,1.0,,,,4.0,,,,,,,,,,,,,,,,,,,,,,,,,,,,,,,,,,,,4.0,,,,,,,,,4.0,,,,,,2.0,,,,,,2.0,,,93.0,52.0,2.4,1.34,33.33,184.0,124.0,1.0
26955.0,3.0,2.0,1.0,1.0,41.0,497.0,498.0,1.0,3.0,2.0,2.0,2.0,2.0,,2.0,1.0,,1.0,7.0,6.0,3.0,0.53,,2.0,19.0,2.0,2.0,6.0,,2.0,2.0,2.0,1.0,2.0,2.0,2.0,2.0,2.0,2.0,15082.929674,16272.548128,2.0,40.0,1.0,704.0,,,1.0,2.0,2.0,2.0,1.0,4.0,54.0,,1.0,1.0,140.0,118.0,70.0,2.0,108.0,74.0,2.0,118.0,72.0,2.0,,,,113.0,73.0,2.0,,,,,2.0,,,,2.0,,,,,,,,,2.0,,,,2.0,2.0,0.0,2.0,2.0,2.0,2.0,1.0,2.0,1.0,2.0,,2.0,,,,,,,,,,12.0,,,2.0,,,,,,,,,,,,,,,,,,,,,,,,,,,,,,,,,,,1.0,0.0,1.0,2.0,2.0,2.0,2.0,2.0,,2.0,,,,,7.0,,,,,,,,,,,,,,,,,,,,,,,,,,,,,,,,,,,,,,,,,,,,,,,,2.0,,,,,,2.0,,,219.0,50.0,5.66,1.29,46.2,126.0,112.0,3.0
26975.0,3.0,2.0,2.0,2.0,34.0,412.0,412.0,3.0,1.0,2.0,1.0,1.0,,,5.0,3.0,,1.0,3.0,11.0,11.0,5.0,2.0,1.0,36.0,1.0,4.0,1.0,5.0,1.0,2.0,2.0,1.0,2.0,2.0,1.0,2.0,2.0,1.0,65729.673445,69524.713964,2.0,29.0,1.0,522.0,,,2.0,2.0,2.0,2.0,1.0,3.0,74.0,,1.0,1.0,140.0,110.0,68.0,2.0,110.0,74.0,2.0,112.0,68.0,2.0,,,,111.0,71.0,2.0,,,,,2.0,,,,2.0,,,,,,,,,2.0,,,,2.0,2.0,0.0,2.0,2.0,2.0,2.0,2.0,2.0,2.0,2.0,,,,,,,,,,,,,,,2.0,,,,,,,,,,,,,,,,,,,,,,,,,,,,,,,,,,,1.0,1.0,2.0,2.0,2.0,2.0,2.0,1.0,,,,,,,,,,,,,,,,,,,,,,,,,,,,,,,,,,,,,,,,,,,,,,,2.0,,,,,,,,1.0,,,,,5.0,2.0,,,259.0,55.0,6.7,1.42,31.85,141.0,132.0,2.0
26976.0,3.0,2.0,2.0,1.0,21.0,255.0,255.0,3.0,1.0,2.0,1.0,1.0,,,4.0,3.0,,5.0,5.0,,12.0,,,1.0,43.0,,,1.0,3.0,1.0,2.0,2.0,1.0,2.0,2.0,1.0,2.0,2.0,1.0,73404.22245,75005.653867,1.0,29.0,1.0,695.0,,,2.0,2.0,2.0,2.0,1.0,4.0,56.0,,1.0,1.0,150.0,128.0,66.0,2.0,122.0,64.0,2.0,122.0,58.0,2.0,,,,122.0,61.0,2.0,,,,,2.0,,,,2.0,,,,,,,,,1.0,,,,2.0,2.0,0.0,2.0,2.0,2.0,2.0,2.0,2.0,2.0,2.0,,,,,,,,,,,,,,,2.0,,,,,,,,,,,,,,,,,,,,,,,,,,,,,,,,,,,1.0,1.0,2.0,2.0,2.0,1.0,2.0,2.0,,,,,,,,,,,,,,,,,,,,,,,,,,,,,,,,,,,,9.0,,,,,,,,,,,,,,,,,,,2.0,,,,,,2.0,,,165.0,94.0,4.27,2.43,66.07,135.0,123.0,3.0
26986.0,3.0,2.0,1.0,2.0,42.0,508.0,509.0,1.0,3.0,2.0,1.0,1.0,,,3.0,2.0,,3.0,2.0,3.0,3.0,0.83,2.0,2.0,42.0,1.0,3.0,3.0,,1.0,2.0,2.0,1.0,2.0,2.0,1.0,2.0,2.0,1.0,20095.817637,21588.583869,1.0,34.0,1.0,817.0,,,1.0,2.0,2.0,2.0,1.0,4.0,50.0,,1.0,1.0,160.0,140.0,76.0,2.0,146.0,76.0,2.0,134.0,74.0,2.0,,,,140.0,75.0,2.0,,,,,2.0,,,,2.0,,,,,,,,,2.0,,,,2.0,2.0,0.0,2.0,2.0,2.0,2.0,2.0,2.0,2.0,1.0,,,1.0,,,,,,,,,,38.0,,2.0,,,,,,,,,,,,,,,,,,,,,,,,,,,,,,,,,,,1.0,2.0,1.0,2.0,2.0,1.0,1.0,1.0,1.0,2.0,3.0,4.0,5.0,,,,,,,,,,,,,,,,,,,,,,,1.0,,,,,,,,,1.0,,3.0,,5.0,,,,,,,3.0,,,,,,,2.0,,,,,,1.0,65.0,,222.0,46.0,5.74,1.19,30.86,125.0,117.0,2.0
26992.0,3.0,2.0,2.0,2.0,33.0,401.0,402.0,3.0,1.0,2.0,3.0,2.0,4.0,,5.0,3.0,,5.0,3.0,7.0,1.0,0.32,2.0,2.0,34.0,3.0,4.0,5.0,,1.0,2.0,2.0,1.0,2.0,2.0,1.0,2.0,2.0,1.0,72432.098302,76614.117373,2.0,41.0,1.0,509.0,,,2.0,2.0,2.0,2.0,1.0,3.0,82.0,,1.0,1.0,130.0,112.0,60.0,2.0,102.0,66.0,2.0,100.0,60.0,2.0,,,,101.0,63.0,2.0,,,,,2.0,,,,2.0,,,,,,,,,2.0,,,,2.0,2.0,0.0,2.0,2.0,2.0,2.0,2.0,2.0,2.0,2.0,,,,,,,,,,,,,,,2.0,,,,,,,,,,,,,,,,,,,,,,,,,,,,,,,,,,,1.0,5.0,1.0,2.0,1.0,2.0,2.0,2.0,1.0,,,,,,,,,,,,,,,,,,,,,,5.0,,,,,,,,,,,,,,,,,,,,,,,,,,,,,,,,2.0,,,,,,2.0,,,199.0,90.0,5.15,2.33,36.23,135.0,124.0,3.0
26996.0,3.0,2.0,1.0,2.0,28.0,338.0,339.0,3.0,1.0,2.0,1.0,1.0,,,5.0,3.0,,5.0,1.0,3.0,3.0,1.07,2.0,2.0,28.0,1.0,5.0,5.0,,1.0,2.0,2.0,1.0,2.0,2.0,1.0,2.0,2.0,1.0,48901.242049,52430.693907,2.0,40.0,1.0,614.0,,,2.0,2.0,2.0,2.0,1.0,3.0,70.0,,1.0,1.0,140.0,106.0,74.0,2.0,112.0,76.0,2.0,112.0,76.0,2.0,,,,112.0,76.0,2.0,,,,,2.0,,,,2.0,,,,,,,,,2.0,,,,1.0,2.0,0.0,2.0,2.0,2.0,2.0,2.0,2.0,2.0,1.0,,,9.0,12.0,,,,,,,,,26.0,3.0,2.0,,,,,,,,,,,,,,,,,,,,,,,,,,,,,,,,,,,1.0,6.0,2.0,1.0,1.0,2.0,1.0,1.0,,,,,,,,,,,,,,5.0,,,,,,,,,,,7.0,,,,,,,,,,,,1.0,2.0,,,,,,,,,,,,,,,,9.0,1.0,1.0,,,,,2.0,,,162.0,51.0,4.19,1.32,31.44,160.0,154.0,2.0
26998.0,3.0,2.0,2.0,2.0,31.0,372.0,374.0,1.0,3.0,2.0,2.0,2.0,1.0,,3.0,2.0,,5.0,7.0,7.0,1.0,0.0,2.0,2.0,28.0,2.0,3.0,5.0,,2.0,2.0,2.0,1.0,2.0,2.0,2.0,2.0,2.0,2.0,26425.88089,27323.059188,2.0,37.0,1.0,658.0,,,2.0,2.0,2.0,2.0,1.0,4.0,78.0,,1.0,1.0,140.0,106.0,62.0,2.0,,,2.0,108.0,58.0,2.0,106.0,62.0,2.0,107.0,60.0,2.0,,,,,2.0,,,,2.0,,,,,,,,,2.0,,,,2.0,2.0,0.0,2.0,2.0,2.0,2.0,2.0,2.0,2.0,2.0,,,,,,,,,,,,,,,2.0,,,,,,,,,,,,,,,,,,,,,,,,,,,,,,,,,,,1.0,0.0,1.0,2.0,2.0,2.0,2.0,2.0,,,3.0,,,,,,,,,,,,,,,,,,,,,,,,,,,,,,,,,,,,,,,,,,,,,,,,,,,,2.0,,,,,,2.0,,,198.0,56.0,5.12,1.45,38.6,135.0,126.0,3.0
27001.0,3.0,2.0,2.0,1.0,38.0,460.0,460.0,5.0,4.0,2.0,1.0,1.0,,,3.0,2.0,,1.0,6.0,11.0,11.0,3.04,,1.0,38.0,1.0,3.0,1.0,3.0,1.0,2.0,2.0,1.0,2.0,2.0,1.0,2.0,2.0,1.0,75306.132395,81364.319261,1.0,33.0,1.0,673.0,,,2.0,2.0,2.0,2.0,1.0,5.0,72.0,,1.0,1.0,140.0,114.0,80.0,2.0,108.0,78.0,2.0,110.0,78.0,2.0,,,,109.0,78.0,2.0,,,,,2.0,,,,2.0,,,,,,,,,2.0,,,,2.0,2.0,0.0,2.0,2.0,2.0,2.0,2.0,2.0,2.0,2.0,,,,,,,,,,,,,,,2.0,,,,,,,,,,,,,,,,,,,,,,,,,,,,,,,,,,,1.0,0.0,1.0,2.0,1.0,2.0,1.0,2.0,,,3.0,,,,,,,,,,,,,,,,,,,,,,,,9.0,,,,,,,,,,1.0,,,,,,,,,,,,,,,,,,2.0,,,,,,2.0,,,207.0,45.0,5.35,1.16,45.44,131.0,121.0,3.0
27018.0,3.0,2.0,1.0,1.0,34.0,416.0,417.0,1.0,3.0,2.0,2.0,1.0,5.0,,3.0,2.0,,1.0,4.0,7.0,7.0,2.36,,1.0,34.0,2.0,3.0,1.0,2.0,2.0,2.0,2.0,1.0,2.0,2.0,2.0,2.0,2.0,2.0,29497.650102,31395.958755,2.0,42.0,1.0,557.0,,,1.0,2.0,2.0,2.0,1.0,3.0,72.0,,1.0,1.0,120.0,86.0,50.0,2.0,92.0,48.0,2.0,84.0,56.0,2.0,,,,88.0,52.0,2.0,,,,,2.0,,,,2.0,,,,,,,,,2.0,,,,2.0,2.0,0.0,2.0,2.0,2.0,2.0,2.0,2.0,2.0,2.0,,,,,,,,,,,,,,,2.0,,,,,,,,,,,,,,,,,,,,,,,,,,,,,,,,,,,2.0,,1.0,2.0,2.0,2.0,2.0,2.0,1.0,2.0,,,,,,,,,,,,,,,,,,,,,,,,,,,,,,,,,,,,,,,,,,,,,,,,,,,,,2.0,,,,,,2.0,,,153.0,44.0,3.96,1.14,37.15,164.0,157.0,2.0
27028.0,3.0,2.0,2.0,1.0,22.0,269.0,269.0,3.0,1.0,2.0,1.0,1.0,,,4.0,3.0,,5.0,4.0,11.0,11.0,5.0,,1.0,55.0,1.0,3.0,1.0,3.0,1.0,2.0,2.0,1.0,2.0,2.0,1.0,2.0,2.0,1.0,67380.312372,69980.141798,1.0,39.0,1.0,616.0,,,1.0,2.0,2.0,2.0,1.0,4.0,62.0,,1.0,1.0,160.0,128.0,58.0,2.0,,,2.0,124.0,66.0,2.0,128.0,70.0,2.0,126.0,68.0,2.0,,,,,2.0,,,,2.0,,,,,,,,,2.0,,,,2.0,2.0,0.0,2.0,2.0,2.0,2.0,2.0,2.0,2.0,2.0,,,,,,,,,,,,,,,2.0,,,,,,,,,,,,,,,,,,,,,,,,,,,,,,,,,,,1.0,0.0,2.0,1.0,1.0,9.0,1.0,2.0,,,,,,,,,,,,,,5.0,,,,,,2.0,,,,,,,,,,,,,,,,,,2.0,,,,,,,,,,,,,,,,,2.0,,,,,,2.0,,,143.0,40.0,3.7,1.03,41.3,165.0,147.0,2.0
27040.0,3.0,2.0,1.0,2.0,37.0,453.0,453.0,1.0,3.0,2.0,2.0,1.0,4.0,,5.0,3.0,,1.0,5.0,10.0,9.0,2.99,2.0,1.0,33.0,1.0,4.0,1.0,5.0,1.0,2.0,2.0,1.0,2.0,2.0,1.0,2.0,2.0,1.0,28553.716489,29523.136387,2.0,43.0,1.0,608.0,,,2.0,2.0,2.0,2.0,1.0,3.0,100.0,,1.0,1.0,130.0,104.0,76.0,2.0,104.0,76.0,2.0,108.0,74.0,2.0,,,,106.0,75.0,2.0,,,,,2.0,,,,2.0,,,,,,,,,2.0,,,,2.0,2.0,0.0,2.0,2.0,2.0,2.0,2.0,2.0,2.0,2.0,,,,,,,,,,,,,,,2.0,,,,,,,,,,,,,,,,,,,,,,,,,,,,,,,,,,,1.0,0.0,1.0,2.0,1.0,2.0,2.0,2.0,,,,,5.0,,,,,,,,,,,,,,,,,,,,,,9.0,,,,,,,,,,,,,,,,,,,,,,,,,,,,2.0,,,,,,2.0,,,213.0,73.0,5.51,1.89,34.04,135.0,138.0,2.0
27048.0,3.0,2.0,2.0,1.0,33.0,401.0,402.0,3.0,1.0,2.0,1.0,1.0,,,4.0,3.0,,1.0,4.0,11.0,10.0,4.47,,1.0,33.0,1.0,4.0,1.0,4.0,1.0,2.0,2.0,1.0,2.0,2.0,1.0,2.0,2.0,1.0,79930.623785,86360.839224,2.0,33.0,1.0,683.0,,,2.0,2.0,2.0,2.0,1.0,4.0,60.0,,1.0,1.0,140.0,110.0,52.0,2.0,102.0,52.0,2.0,104.0,50.0,2.0,,,,103.0,51.0,2.0,,,,,2.0,,,,2.0,,,,,,,,,2.0,,,,2.0,2.0,0.0,2.0,2.0,2.0,2.0,2.0,2.0,2.0,2.0,,,,,,,,,,,,,,,2.0,,,,,,,,,,,,,,,,,,,,,,,,,,,,,,,,,,,1.0,0.0,1.0,2.0,2.0,2.0,2.0,2.0,,,,,5.0,,,,,,,,,,,,,,,,,,,,,,,,,,,,,,,,,,,,,,,,,,,,,,,,,,9.0,,,,,,2.0,,,204.0,63.0,5.28,1.63,32.0,185.0,165.0,1.0
27056.0,3.0,2.0,2.0,2.0,24.0,293.0,293.0,3.0,1.0,2.0,1.0,1.0,,,4.0,3.0,,1.0,4.0,5.0,5.0,1.27,2.0,2.0,24.0,1.0,4.0,1.0,3.0,1.0,2.0,2.0,1.0,2.0,2.0,,,,,69461.642774,71536.670295,2.0,34.0,1.0,497.0,,,2.0,2.0,2.0,2.0,1.0,4.0,76.0,,1.0,1.0,130.0,98.0,66.0,2.0,104.0,64.0,2.0,96.0,64.0,2.0,,,,100.0,64.0,2.0,,,,,2.0,,,,2.0,,,,,,,,,2.0,,,,2.0,2.0,0.0,2.0,2.0,2.0,2.0,1.0,2.0,2.0,2.0,,,,,,,,,,,,,,,2.0,,,,,,,,,,,,,,,,,,,,,,,,,,,,,,,,,,,1.0,0.0,2.0,2.0,2.0,2.0,1.0,2.0,,,,,,,,,,,,,,,,,,,,,,,,,,,,,,,,,,,,,1.0,,,,,,,,,,,,,,,,,,2.0,,,,,,2.0,,,175.0,37.0,4.53,0.96,52.6,116.0,110.0,3.0
27057.0,3.0,2.0,1.0,1.0,46.0,561.0,562.0,3.0,1.0,2.0,1.0,1.0,,,3.0,2.0,,1.0,2.0,2.0,2.0,0.41,,2.0,46.0,1.0,4.0,1.0,3.0,1.0,2.0,2.0,1.0,2.0,2.0,1.0,2.0,2.0,1.0,98532.833906,105869.93226,1.0,37.0,1.0,509.0,,,2.0,2.0,2.0,2.0,1.0,4.0,74.0,,1.0,1.0,160.0,130.0,74.0,2.0,136.0,78.0,2.0,128.0,82.0,2.0,,,,132.0,80.0,2.0,,,,,2.0,,,,2.0,,,,,,,,,1.0,,,,2.0,2.0,0.0,2.0,2.0,2.0,2.0,2.0,2.0,2.0,2.0,,,,,,,,,,,,,,,2.0,,,,,,,,,,,,,,,,,,,,,,,,,,,,,,,,,,,1.0,0.0,1.0,2.0,2.0,2.0,1.0,1.0,1.0,,,,,,,,,,,,,,,,,,,,,,,,,,,,,,,,,,,,1.0,,,,,,,,,1.0,,,,,,,,,2.0,,,,,,2.0,,,263.0,51.0,6.8,1.32,43.76,130.0,119.0,3.0
27058.0,3.0,2.0,2.0,1.0,20.0,249.0,250.0,3.0,1.0,2.0,1.0,1.0,,,3.0,2.0,,5.0,2.0,,,,,2.0,44.0,,,3.0,,1.0,2.0,2.0,,,,1.0,2.0,2.0,1.0,42250.882141,43646.464992,1.0,29.0,1.0,725.0,,,2.0,2.0,2.0,2.0,1.0,3.0,70.0,,1.0,1.0,140.0,102.0,86.0,2.0,120.0,80.0,2.0,120.0,84.0,2.0,,,,120.0,82.0,2.0,,,,,2.0,,,,2.0,,,,,,,,,2.0,,,,2.0,2.0,0.0,2.0,2.0,2.0,2.0,2.0,2.0,2.0,2.0,,,,,,,,,,,,,,,2.0,,,,,,,,,,,,,,,,,,,,,,,,,,,,,,,,,,,1.0,0.0,2.0,2.0,2.0,2.0,2.0,2.0,,,,,,,,,,,,,,,,,,,,,,,,,,,,,,,,,,,,,,,,,,,,,,,,,,,,,,,1.0,,2.0,,,,2.0,,,165.0,56.0,4.27,1.45,40.42,179.0,166.0,2.0
27111.0,3.0,2.0,1.0,1.0,35.0,428.0,430.0,4.0,2.0,2.0,3.0,2.0,1.0,,5.0,3.0,,1.0,2.0,9.0,9.0,4.95,,2.0,34.0,3.0,5.0,1.0,5.0,1.0,2.0,2.0,1.0,2.0,2.0,1.0,2.0,2.0,1.0,25539.95674,26556.331319,1.0,35.0,1.0,815.0,,,1.0,2.0,2.0,2.0,1.0,3.0,66.0,,1.0,1.0,150.0,134.0,86.0,2.0,132.0,88.0,2.0,134.0,82.0,2.0,,,,133.0,85.0,2.0,,,,,2.0,,,,2.0,,,,,,,,,2.0,,,,2.0,2.0,0.0,2.0,2.0,2.0,2.0,2.0,2.0,2.0,2.0,,,,,,,,,,,,,,,2.0,,,,,,,,,,,,,,,,,,,,,,,,,,,,,,,,,,,1.0,30.0,1.0,2.0,2.0,2.0,2.0,2.0,,,,,,,,,9.0,,,,,,,,,,,,,,,,,,,,,,,,,,,,,,,,,,,,,,,,,,,,,,2.0,,,,,,2.0,,,263.0,42.0,6.8,1.09,36.08,162.0,173.0,2.0
27117.0,3.0,2.0,2.0,2.0,30.0,362.0,363.0,4.0,2.0,2.0,1.0,1.0,,,5.0,3.0,,6.0,4.0,6.0,3.0,1.34,2.0,2.0,30.0,1.0,5.0,6.0,,1.0,2.0,2.0,1.0,2.0,2.0,1.0,2.0,2.0,1.0,35810.067762,37047.852301,1.0,36.0,1.0,693.0,,,1.0,2.0,2.0,2.0,1.0,4.0,72.0,,1.0,1.0,140.0,114.0,62.0,2.0,122.0,60.0,2.0,114.0,60.0,2.0,,,,118.0,60.0,2.0,,,,,2.0,,,,2.0,,,,,,,,,2.0,,,,2.0,2.0,0.0,2.0,2.0,2.0,2.0,1.0,2.0,2.0,2.0,,,,,,,,,,,,,,,2.0,,,,,,,,,,,,,,,,,,,,,,,,,,,,,,,,,,,1.0,0.0,1.0,2.0,2.0,2.0,2.0,2.0,,,,,,,7.0,8.0,,,,,,,,,,,,,,,,,,,,,,,,,,,,,,,,,,,,,,,,,,,,,,,2.0,,,,,,2.0,,,183.0,44.0,4.73,1.14,31.11,136.0,127.0,2.0
27124.0,3.0,2.0,2.0,1.0,28.0,345.0,346.0,3.0,1.0,2.0,3.0,2.0,2.0,,5.0,3.0,,5.0,5.0,11.0,3.0,1.18,,1.0,29.0,3.0,5.0,5.0,,1.0,2.0,2.0,1.0,2.0,2.0,1.0,2.0,2.0,1.0,58642.087621,60904.757823,2.0,29.0,1.0,553.0,,,2.0,2.0,2.0,2.0,1.0,3.0,72.0,,1.0,1.0,140.0,108.0,80.0,2.0,108.0,76.0,2.0,106.0,82.0,2.0,,,,107.0,79.0,2.0,,,,,2.0,,,,2.0,,,,,,,,,2.0,,,,2.0,2.0,0.0,2.0,2.0,2.0,2.0,2.0,2.0,2.0,2.0,,,,,,,,,,,,,,,2.0,,,,,,,,,,,,,,,,,,,,,,,,,,,,,,,,,,,1.0,10.0,1.0,2.0,2.0,1.0,2.0,1.0,,,,,5.0,,,,,,,,,,,,,,,,,,,,,,,1.0,,3.0,,5.0,,,,,,,,,,,,,,,2.0,,,,,,,,2.0,,,,,,2.0,,,214.0,50.0,5.53,1.29,51.84,139.0,126.0,3.0
27160.0,3.0,2.0,1.0,1.0,31.0,379.0,380.0,1.0,3.0,2.0,2.0,2.0,1.0,,3.0,2.0,,1.0,3.0,3.0,3.0,0.93,,1.0,31.0,2.0,3.0,1.0,,2.0,2.0,2.0,2.0,2.0,2.0,2.0,2.0,2.0,2.0,29497.650102,31395.958755,2.0,42.0,1.0,602.0,,,2.0,2.0,2.0,2.0,1.0,4.0,58.0,,1.0,1.0,150.0,120.0,62.0,2.0,116.0,56.0,2.0,114.0,56.0,2.0,,,,115.0,56.0,2.0,,,,,2.0,,,,2.0,,,,,,,,,2.0,,,,2.0,2.0,0.0,2.0,2.0,2.0,2.0,2.0,2.0,2.0,2.0,,,,,,,,,,,,,,,2.0,,,,,,,,,,,,,,,,,,,,,,,,,,,,,,,,,,,1.0,0.0,2.0,2.0,2.0,2.0,2.0,2.0,,,,,,,,,,,,,,,,,,,,,,,,,,,,,,,,,,,,,,,,,,,,,,,,,,,,,,,2.0,,,,,,2.0,,,176.0,37.0,4.55,0.96,34.73,163.0,139.0,1.0
27161.0,3.0,2.0,2.0,1.0,36.0,442.0,442.0,1.0,3.0,2.0,2.0,2.0,5.0,,1.0,1.0,,1.0,5.0,5.0,3.0,0.76,,1.0,36.0,2.0,1.0,1.0,2.0,2.0,2.0,2.0,2.0,2.0,2.0,2.0,2.0,2.0,2.0,30185.930846,32004.120516,1.0,39.0,1.0,511.0,,,2.0,2.0,2.0,2.0,1.0,4.0,76.0,,1.0,1.0,150.0,114.0,74.0,2.0,116.0,72.0,2.0,118.0,70.0,2.0,,,,117.0,71.0,1.0,5.0,2.0,,,2.0,,,,2.0,,,,,,,,,2.0,,,,1.0,2.0,0.0,2.0,2.0,2.0,2.0,2.0,2.0,2.0,2.0,,,,32.0,,,,,,,,,,3.0,2.0,,,,,,,,,,,,,,,,,,,,,,,,,,,,,,,,,,,1.0,3.0,1.0,2.0,2.0,2.0,2.0,2.0,,,,,,,,,9.0,,,,,,,,,,,,,,,,,,,,,,,,,,,,,,,,,,,,,,,,,,,,,,2.0,,,,,,2.0,,,263.0,36.0,6.8,0.93,38.29,144.0,,2.0
27174.0,3.0,2.0,1.0,1.0,34.0,414.0,415.0,3.0,1.0,2.0,3.0,2.0,3.0,,4.0,3.0,,1.0,7.0,7.0,7.0,1.23,,2.0,34.0,3.0,5.0,1.0,4.0,1.0,2.0,1.0,1.0,2.0,1.0,1.0,2.0,1.0,,42629.981203,46059.454793,2.0,39.0,1.0,587.0,,,1.0,2.0,2.0,2.0,1.0,4.0,62.0,,1.0,1.0,130.0,110.0,84.0,2.0,110.0,82.0,2.0,106.0,84.0,2.0,,,,108.0,83.0,2.0,,,,,2.0,,,,2.0,,,,,,,,,2.0,,,,2.0,2.0,0.0,2.0,2.0,2.0,2.0,2.0,1.0,2.0,2.0,1.0,,,,,,,,,,23.0,,,,2.0,,,,,,,,,,,,,,,,,,,,,,,,,,,,,,,,,,,1.0,0.0,2.0,2.0,2.0,2.0,2.0,2.0,,,,,,,,,,,,,,,,,,,,,,,,,,,,,,,,,,,,,,,,,,,,,,,,,,,,,,,2.0,,,,,,2.0,,,200.0,46.0,5.17,1.19,39.38,173.0,136.0,2.0
27175.0,3.0,2.0,1.0,1.0,44.0,535.0,535.0,3.0,1.0,2.0,1.0,1.0,,,5.0,3.0,,4.0,1.0,11.0,11.0,5.0,,1.0,44.0,1.0,5.0,4.0,,1.0,2.0,2.0,1.0,2.0,2.0,1.0,2.0,2.0,1.0,111797.849125,112118.341633,2.0,34.0,1.0,672.0,,,2.0,2.0,2.0,2.0,1.0,4.0,78.0,,1.0,1.0,160.0,120.0,78.0,2.0,,,2.0,124.0,72.0,2.0,,,2.0,124.0,72.0,2.0,,,,,2.0,,,,2.0,,,,,,,,,2.0,,,,2.0,2.0,0.0,2.0,2.0,2.0,2.0,1.0,2.0,2.0,2.0,,,,,,,,,,,,,,,2.0,,,,,,,,,,,,,,,,,,,,,,,,,,,,,,,,,,,1.0,0.0,1.0,2.0,2.0,9.0,2.0,2.0,,,3.0,,,,,,,,,,,,,,,,,,,,,,,,,,,,,,,,,,,,,,,,,,,,,,,,,,,,2.0,,,,,,2.0,,,247.0,50.0,6.39,1.29,35.2,140.0,134.0,2.0
27176.0,3.0,2.0,1.0,2.0,32.0,392.0,394.0,3.0,1.0,2.0,1.0,1.0,,,5.0,3.0,,1.0,2.0,11.0,11.0,5.0,2.0,1.0,37.0,1.0,5.0,1.0,5.0,1.0,2.0,2.0,1.0,2.0,2.0,1.0,2.0,2.0,1.0,93183.312808,94228.145207,1.0,34.0,1.0,797.0,,,2.0,2.0,2.0,2.0,1.0,4.0,78.0,,1.0,1.0,130.0,102.0,66.0,2.0,108.0,64.0,2.0,102.0,66.0,2.0,,,,105.0,65.0,1.0,19.0,1.0,2.0,,2.0,,,,2.0,,,,,,,,,2.0,,,,1.0,2.0,0.0,2.0,2.0,2.0,2.0,2.0,2.0,2.0,1.0,,,1.0,32.0,,,,,,,,,22.0,3.0,2.0,,,,,,,,,,,,,,,,,,,,,,,,,,,,,,,,,,,1.0,2.0,1.0,2.0,1.0,2.0,2.0,2.0,1.0,,,,,,,,,,,,,,,,,,,2.0,3.0,4.0,,,,,,,,,,,,,,,,,,,,,,,,,,,,,,,,,2.0,,,,,,2.0,,,184.0,65.0,4.76,1.68,30.59,158.0,148.0,2.0
27193.0,3.0,2.0,2.0,1.0,21.0,256.0,257.0,3.0,1.0,2.0,1.0,1.0,,,4.0,3.0,,5.0,3.0,6.0,4.0,1.93,,1.0,21.0,1.0,4.0,5.0,,1.0,2.0,2.0,1.0,2.0,2.0,1.0,2.0,2.0,1.0,69515.376634,72197.58625,2.0,33.0,1.0,579.0,,,2.0,2.0,2.0,2.0,1.0,4.0,68.0,,1.0,1.0,140.0,118.0,66.0,2.0,114.0,62.0,2.0,120.0,58.0,2.0,,,,117.0,60.0,2.0,,,,,2.0,,,,2.0,,,,,,,,,2.0,,,,2.0,2.0,0.0,2.0,2.0,2.0,2.0,2.0,2.0,2.0,2.0,,,,,,,,,,,,,,,2.0,,,,,,,,,,,,,,,,,,,,,,,,,,,,,,,,,,,1.0,1.0,2.0,1.0,2.0,2.0,2.0,2.0,,,,,,,,,,,,,,5.0,6.0,,,,,,,,,,,,,,,,,,,,,,,,,,,,,,,,,,,,,,,,2.0,,,,,,2.0,,,186.0,43.0,4.81,1.11,40.63,158.0,145.0,2.0
27196.0,3.0,2.0,2.0,2.0,22.0,264.0,264.0,3.0,1.0,2.0,1.0,1.0,,,4.0,3.0,,5.0,1.0,2.0,2.0,0.56,2.0,2.0,22.0,1.0,4.0,5.0,,1.0,2.0,2.0,1.0,2.0,2.0,1.0,2.0,2.0,1.0,74434.953907,74489.351784,1.0,29.0,1.0,749.0,,,1.0,2.0,2.0,2.0,1.0,3.0,76.0,,1.0,1.0,140.0,112.0,74.0,2.0,112.0,72.0,2.0,112.0,68.0,2.0,,,,112.0,70.0,2.0,,,,,2.0,,,,2.0,,,,,,,,,2.0,,,,2.0,2.0,0.0,2.0,2.0,2.0,2.0,2.0,2.0,2.0,2.0,,,,,,,,,,,,,,,2.0,,,,,,,,,,,,,,,,,,,,,,,,,,,,,,,,,,,1.0,2.0,1.0,2.0,2.0,2.0,1.0,1.0,,,3.0,,5.0,,,,,,,,,,,,,,,,,,,,,,,,,,,,,,,,,,3.0,,,,,,,,2.0,,,,,,,,2.0,,,,,,2.0,,,214.0,51.0,5.53,1.32,40.35,140.0,129.0,3.0
27200.0,3.0,2.0,2.0,2.0,25.0,310.0,311.0,2.0,5.0,2.0,1.0,1.0,,,5.0,3.0,,5.0,1.0,8.0,8.0,5.0,2.0,2.0,25.0,1.0,5.0,5.0,,1.0,2.0,2.0,1.0,2.0,2.0,1.0,2.0,2.0,1.0,68326.456957,73257.925573,1.0,39.0,1.0,580.0,,,2.0,2.0,2.0,2.0,1.0,3.0,74.0,,1.0,1.0,140.0,104.0,60.0,2.0,110.0,56.0,2.0,,,2.0,110.0,58.0,2.0,110.0,57.0,2.0,,,,,2.0,,,,2.0,,,,,,,,,2.0,,,,2.0,2.0,0.0,2.0,2.0,2.0,2.0,2.0,2.0,2.0,2.0,,,,,,,,,,,,,,,2.0,,,,,,,,,,,,,,,,,,,,,,,,,,,,,,,,,,,1.0,3.0,1.0,2.0,1.0,2.0,1.0,2.0,,2.0,,,,,,,,,,,,,,,,,,2.0,,,,,,,,,,,,,,,,,,2.0,,,,,,,,,,,,,,,,,2.0,,,,,,2.0,,,164.0,84.0,4.24,2.17,35.72,162.0,155.0,2.0
27204.0,3.0,2.0,1.0,1.0,39.0,479.0,480.0,3.0,1.0,2.0,1.0,1.0,,,3.0,2.0,,5.0,1.0,5.0,5.0,2.36,,1.0,39.0,1.0,3.0,5.0,,1.0,2.0,2.0,1.0,2.0,2.0,1.0,2.0,2.0,1.0,79696.009842,88196.923098,2.0,35.0,1.0,587.0,,,2.0,2.0,2.0,2.0,1.0,4.0,82.0,,1.0,1.0,150.0,118.0,68.0,2.0,118.0,68.0,2.0,120.0,68.0,2.0,,,,119.0,68.0,2.0,,,,,2.0,,,,2.0,,,,,,,,,2.0,,,,2.0,2.0,0.0,2.0,2.0,2.0,2.0,2.0,2.0,2.0,2.0,,,,,,,,,,,,,,,2.0,,,,,,,,,,,,,,,,,,,,,,,,,,,,,,,,,,,1.0,1.0,2.0,2.0,2.0,2.0,2.0,2.0,,,,,,,,,,,,,,,,,,,,,,,,,,,,,,,,,,,,,,,,,,,,,,,,,,,,,,,1.0,1.0,,,,,2.0,,,227.0,66.0,5.87,1.71,69.13,120.0,110.0,3.0
27216.0,3.0,2.0,2.0,2.0,27.0,328.0,329.0,2.0,5.0,2.0,3.0,2.0,4.0,,4.0,3.0,,5.0,6.0,10.0,10.0,2.58,2.0,1.0,23.0,3.0,3.0,5.0,,1.0,2.0,2.0,1.0,2.0,2.0,2.0,2.0,2.0,2.0,65529.204458,68594.201771,2.0,41.0,1.0,517.0,,,1.0,2.0,2.0,2.0,1.0,3.0,66.0,,1.0,1.0,130.0,100.0,66.0,2.0,102.0,76.0,2.0,102.0,72.0,2.0,,,,102.0,74.0,2.0,,,,,2.0,,,,2.0,,,,,,,,,2.0,,,,2.0,2.0,0.0,2.0,2.0,2.0,2.0,2.0,2.0,2.0,2.0,,,,,,,,,,,,,,,2.0,,,,,,,,,,,,,,,,,,,,,,,,,,,,,,,,,,,1.0,0.0,2.0,2.0,1.0,2.0,2.0,2.0,,,,,,,,,,,,,,,,,,,,,,,,,7.0,,,,,,,,,,,,,,,,,,,,,,,,,,,,,,2.0,,,,,,2.0,,,182.0,66.0,4.71,1.71,35.64,147.0,147.0,2.0
27228.0,3.0,2.0,2.0,1.0,26.0,320.0,321.0,3.0,1.0,2.0,1.0,1.0,,,3.0,2.0,,1.0,2.0,11.0,11.0,5.0,,1.0,26.0,1.0,3.0,1.0,3.0,1.0,2.0,2.0,1.0,2.0,2.0,,,,,77992.502946,82967.47261,1.0,32.0,1.0,634.0,,,2.0,2.0,2.0,2.0,1.0,5.0,76.0,,1.0,1.0,160.0,120.0,64.0,2.0,124.0,66.0,2.0,,,2.0,128.0,62.0,2.0,126.0,64.0,1.0,16.0,1.0,2.0,,2.0,,,,2.0,,,,,,,,,2.0,,,,2.0,2.0,0.0,2.0,2.0,2.0,2.0,1.0,2.0,2.0,2.0,,,,,,,,,,,,,,,2.0,,,,,,,,,,,,,,,,,,,,,,,,,,,,,,,,,,,1.0,0.0,2.0,2.0,2.0,2.0,2.0,2.0,,,,,,,,,,,,,,,,,,,,,,,,,,,,,,,,,,,,,,,,,,,,,,,,,,,,,,,2.0,,,,,,2.0,,,226.0,31.0,5.84,0.8,35.85,156.0,142.0,1.0
27230.0,3.0,2.0,1.0,1.0,25.0,303.0,304.0,1.0,3.0,2.0,2.0,2.0,3.0,,1.0,1.0,,1.0,6.0,7.0,5.0,1.44,,1.0,28.0,2.0,2.0,1.0,1.0,2.0,2.0,2.0,2.0,2.0,2.0,1.0,2.0,2.0,2.0,31324.793653,31235.972493,1.0,40.0,1.0,664.0,,,2.0,2.0,2.0,2.0,1.0,4.0,82.0,,1.0,1.0,130.0,120.0,78.0,2.0,114.0,70.0,2.0,108.0,76.0,2.0,,,,111.0,73.0,9.0,,,,,2.0,,,,2.0,,,,,,,,,2.0,,,,2.0,2.0,0.0,2.0,2.0,2.0,2.0,2.0,2.0,2.0,2.0,,,,,,,,,,,,,,,2.0,,,,,,,,,,,,,,,,,,,,,,,,,,,,,,,,,,,1.0,0.0,2.0,2.0,2.0,2.0,2.0,2.0,,,,,,,,,,,,,,,,,,,,,,,,,,,,,,,,,,,,,,,,,,,,,,,,,,,,,,,2.0,,,,,,2.0,,,204.0,48.0,5.28,1.24,48.77,147.0,136.0,3.0
27239.0,3.0,2.0,1.0,1.0,29.0,354.0,354.0,1.0,3.0,2.0,2.0,2.0,3.0,,4.0,3.0,,1.0,2.0,7.0,7.0,2.8,,1.0,29.0,2.0,4.0,1.0,5.0,2.0,2.0,2.0,2.0,2.0,2.0,1.0,2.0,2.0,1.0,26176.488723,26197.625111,2.0,40.0,1.0,682.0,,,2.0,2.0,2.0,2.0,1.0,4.0,70.0,,1.0,1.0,160.0,120.0,56.0,2.0,116.0,56.0,2.0,120.0,58.0,2.0,,,,118.0,57.0,2.0,,,,,2.0,,,,2.0,,,,,,,,,2.0,,,,2.0,2.0,0.0,2.0,2.0,2.0,2.0,2.0,2.0,2.0,2.0,,,,,,,,,,,,,,,2.0,,,,,,,,,,,,,,,,,,,,,,,,,,,,,,,,,,,1.0,0.0,2.0,2.0,2.0,2.0,2.0,2.0,,,,,,,,,,,,,,,,,,,,,,,,,,,,,,,,,,,,,,,,,,,,,,,,,,,,,,,2.0,,,,,,2.0,,,203.0,62.0,5.25,1.6,57.95,124.0,112.0,3.0
27242.0,3.0,2.0,2.0,2.0,28.0,343.0,344.0,3.0,1.0,2.0,1.0,1.0,,,4.0,3.0,,1.0,4.0,11.0,10.0,4.47,2.0,1.0,33.0,1.0,4.0,1.0,4.0,1.0,2.0,2.0,1.0,2.0,2.0,1.0,2.0,2.0,1.0,70491.501482,73788.600301,2.0,33.0,1.0,609.0,,,2.0,2.0,2.0,2.0,1.0,3.0,80.0,,1.0,1.0,140.0,106.0,60.0,2.0,106.0,62.0,2.0,108.0,64.0,2.0,,,,107.0,63.0,2.0,,,,,2.0,,,,2.0,,,,,,,,,2.0,,,,2.0,2.0,0.0,2.0,2.0,2.0,2.0,2.0,2.0,2.0,2.0,,,,,,,,,,,,,,,2.0,,,,,,,,,,,,,,,,,,,,,,,,,,,,,,,,,,,1.0,2.0,2.0,2.0,2.0,2.0,2.0,2.0,,,,,,,,,,,,,,,,,,,,,,,,,,,,,,,,,,,,,,,,,,,,,,,,,,,,,,,1.0,,2.0,,,,2.0,,,201.0,65.0,5.2,1.68,25.63,184.0,,1.0
27243.0,3.0,2.0,2.0,1.0,34.0,409.0,409.0,3.0,1.0,2.0,1.0,1.0,,,4.0,3.0,,1.0,4.0,9.0,9.0,2.99,,2.0,29.0,1.0,4.0,1.0,4.0,1.0,2.0,2.0,1.0,2.0,2.0,1.0,2.0,2.0,1.0,74496.463409,80489.514464,1.0,33.0,1.0,832.0,,,2.0,2.0,2.0,2.0,1.0,4.0,80.0,,1.0,1.0,140.0,110.0,64.0,2.0,108.0,60.0,2.0,110.0,66.0,2.0,,,,109.0,63.0,2.0,,,,,2.0,,,,2.0,,,,,,,,,2.0,,,,2.0,2.0,0.0,2.0,2.0,2.0,2.0,2.0,2.0,2.0,2.0,,,,,,,,,,,,,,,2.0,,,,,,,,,,,,,,,,,,,,,,,,,,,,,,,,,,,1.0,0.0,2.0,2.0,2.0,2.0,2.0,2.0,,,,,,,,,,,,,,,,,,,,,,,,,,,,,,,,,,,,,,,,,,,,,,,,,,,,,,,2.0,,,,,,2.0,,,242.0,35.0,6.26,0.91,41.55,144.0,133.0,2.0
27244.0,3.0,2.0,1.0,2.0,39.0,470.0,472.0,4.0,2.0,2.0,1.0,1.0,,,3.0,2.0,,1.0,5.0,,,,2.0,1.0,45.0,1.0,3.0,1.0,3.0,1.0,2.0,2.0,,,,1.0,2.0,2.0,1.0,33102.647144,34246.848967,1.0,35.0,1.0,567.0,,,1.0,2.0,2.0,1.0,1.0,3.0,72.0,,1.0,1.0,150.0,112.0,76.0,2.0,110.0,78.0,2.0,106.0,76.0,2.0,,,,108.0,77.0,2.0,,,,,2.0,,,,2.0,,,,,,,,,2.0,,,,2.0,2.0,0.0,2.0,2.0,2.0,2.0,2.0,2.0,2.0,2.0,,,,,,,,,,,,,,,2.0,,,,,,,,,,,,,,,,,,,,,,,,,,,,,,,,,,,1.0,1.0,2.0,2.0,2.0,2.0,2.0,2.0,,,,,,,,,,,,,,,,,,,,,,,,,,,,,,,,,,,,,,,,,,,,,,,,,,,,,,,2.0,,,,,,2.0,,,147.0,49.0,3.8,1.27,31.9,127.0,121.0,2.0
27251.0,3.0,2.0,1.0,1.0,46.0,554.0,555.0,1.0,3.0,2.0,2.0,2.0,5.0,,2.0,1.0,,1.0,5.0,11.0,11.0,4.24,,1.0,85.0,2.0,2.0,2.0,,1.0,2.0,2.0,1.0,2.0,2.0,1.0,2.0,2.0,1.0,13805.891165,13959.071435,2.0,43.0,1.0,587.0,,,2.0,2.0,2.0,2.0,1.0,4.0,60.0,,1.0,1.0,150.0,110.0,72.0,2.0,106.0,70.0,2.0,102.0,68.0,2.0,,,,104.0,69.0,2.0,,,,,2.0,,,,2.0,,,,,,,,,2.0,,,,2.0,2.0,0.0,2.0,2.0,2.0,2.0,2.0,2.0,2.0,2.0,,,,,,,,,,,,,,,2.0,,,,,,,,,,,,,,,,,,,,,,,,,,,,,,,,,,,1.0,1.0,2.0,2.0,1.0,2.0,1.0,2.0,,,,,,,,,,,,,,,,,,,,,,,,,,,9.0,,,,,,,,,,1.0,,,,,,,,,,,,,,,,,,2.0,,,,,,2.0,,,307.0,54.0,7.94,1.4,36.94,141.0,117.0,2.0
27285.0,3.0,2.0,1.0,1.0,48.0,583.0,584.0,1.0,3.0,2.0,1.0,1.0,,,4.0,3.0,,1.0,3.0,8.0,8.0,3.28,,1.0,48.0,1.0,4.0,1.0,1.0,1.0,2.0,2.0,1.0,2.0,2.0,1.0,2.0,2.0,1.0,21351.256943,22984.689138,1.0,34.0,1.0,661.0,,,2.0,2.0,2.0,2.0,1.0,4.0,60.0,,1.0,1.0,140.0,118.0,78.0,2.0,120.0,80.0,2.0,116.0,84.0,2.0,,,,118.0,82.0,2.0,,,,,2.0,,,,2.0,,,,,,,,,2.0,,,,2.0,2.0,0.0,2.0,2.0,2.0,2.0,2.0,2.0,2.0,2.0,,,,,,,,,,,,,,,2.0,,,,,,,,,,,,,,,,,,,,,,,,,,,,,,,,,,,1.0,4.0,1.0,2.0,2.0,2.0,2.0,2.0,1.0,2.0,,,,,,,,,,,,,,,,,,,,,,,,,,,,,,,,,,,,,,,,,,,,,,,,,,,,,2.0,,,,,,2.0,,,180.0,54.0,4.65,1.4,29.82,149.0,149.0,1.0
27288.0,3.0,2.0,2.0,1.0,31.0,383.0,384.0,1.0,3.0,2.0,2.0,2.0,2.0,,4.0,3.0,,1.0,2.0,8.0,8.0,4.29,,1.0,31.0,2.0,4.0,1.0,,1.0,2.0,2.0,1.0,2.0,2.0,2.0,2.0,2.0,2.0,5454.378714,5804.039149,1.0,42.0,1.0,618.0,,,1.0,2.0,2.0,2.0,1.0,4.0,54.0,,1.0,1.0,150.0,122.0,56.0,2.0,116.0,56.0,2.0,,,2.0,110.0,52.0,2.0,113.0,54.0,2.0,,,,,2.0,,,,2.0,,,,,,,,,1.0,,,,2.0,2.0,0.0,2.0,2.0,2.0,2.0,2.0,2.0,2.0,2.0,,,,,,,,,,,,,,,2.0,,,,,,,,,,,,,,,,,,,,,,,,,,,,,,,,,,,1.0,0.0,1.0,2.0,2.0,2.0,2.0,2.0,,2.0,,,,,,,,,,,,,,,,,,,,,,,,,,,,,,,,,,,,,,,,,,,,,,,,,,,,,2.0,,,,,,2.0,,,186.0,34.0,4.81,0.88,41.06,158.0,144.0,2.0
27289.0,3.0,2.0,1.0,1.0,35.0,423.0,425.0,1.0,3.0,2.0,2.0,1.0,4.0,,4.0,3.0,,6.0,4.0,11.0,6.0,3.22,,2.0,30.0,2.0,4.0,1.0,,1.0,2.0,2.0,1.0,2.0,2.0,1.0,2.0,2.0,1.0,26309.942929,28003.10805,2.0,40.0,1.0,641.0,,,2.0,2.0,2.0,2.0,1.0,4.0,56.0,,1.0,1.0,140.0,114.0,78.0,2.0,110.0,84.0,2.0,108.0,72.0,2.0,,,,109.0,78.0,2.0,,,,,2.0,,,,2.0,,,,,,,,,2.0,,,,2.0,2.0,0.0,2.0,2.0,2.0,2.0,1.0,2.0,2.0,2.0,,,,,,,,,,,,,,,2.0,,,,,,,,,,,,,,,,,,,,,,,,,,,,,,,,,,,1.0,3.0,2.0,2.0,2.0,2.0,2.0,2.0,,,,,,,,,,,,,,,,,,,,,,,,,,,,,,,,,,,,,,,,,,,,,,,,,,,,,,,2.0,,,,,,2.0,,,256.0,36.0,6.62,0.93,31.87,159.0,,1.0
27307.0,3.0,2.0,1.0,1.0,22.0,272.0,273.0,1.0,3.0,2.0,2.0,2.0,2.0,,2.0,1.0,,6.0,2.0,4.0,3.0,1.4,,1.0,22.0,2.0,2.0,6.0,,2.0,2.0,2.0,1.0,2.0,2.0,2.0,2.0,2.0,2.0,29348.026612,28608.974172,2.0,42.0,1.0,691.0,,,2.0,2.0,2.0,2.0,1.0,4.0,70.0,,1.0,1.0,130.0,110.0,70.0,2.0,110.0,68.0,2.0,110.0,72.0,2.0,,,,110.0,70.0,2.0,,,,,2.0,,,,2.0,,,,,,,,,2.0,,,,2.0,2.0,0.0,2.0,2.0,2.0,2.0,2.0,2.0,2.0,2.0,,,,,,,,,,,,,,,2.0,,,,,,,,,,,,,,,,,,,,,,,,,,,,,,,,,,,1.0,0.0,2.0,2.0,2.0,2.0,2.0,2.0,,,,,,,,,,,,,,,,,,,,,,,,,,,,,,,,,,,,,,,,,,,,,,,,,,,,,,,2.0,,,,,,2.0,,,188.0,38.0,4.86,0.98,33.6,169.0,149.0,1.0
27318.0,3.0,2.0,1.0,2.0,43.0,525.0,526.0,4.0,2.0,2.0,1.0,1.0,,,2.0,1.0,,4.0,7.0,5.0,1.0,0.0,2.0,2.0,43.0,1.0,2.0,4.0,,1.0,2.0,2.0,1.0,2.0,2.0,1.0,2.0,2.0,1.0,26072.015468,27219.418325,2.0,42.0,1.0,647.0,,,1.0,2.0,2.0,2.0,1.0,3.0,86.0,,1.0,1.0,180.0,162.0,88.0,2.0,160.0,78.0,2.0,160.0,82.0,2.0,,,,160.0,80.0,2.0,,,,,2.0,,,,2.0,,,,,,,,,2.0,,,,2.0,2.0,0.0,2.0,2.0,2.0,2.0,2.0,2.0,2.0,2.0,,,,,,,,,,,,,,,2.0,,,,,,,,,,,,,,,,,,,,,,,,,,,,,,,,,,,1.0,0.0,1.0,2.0,2.0,2.0,1.0,2.0,1.0,,,,,,,,,,,,,,,,,,,,,,,,,,,,,,,,,,,,1.0,,,,,,,,,,,,,,,,,,2.0,,,,,,2.0,,,221.0,99.0,5.72,2.56,27.1,151.0,144.0,2.0
27320.0,3.0,2.0,1.0,1.0,47.0,572.0,573.0,4.0,2.0,2.0,1.0,1.0,,,2.0,1.0,,1.0,5.0,11.0,10.0,4.66,,1.0,47.0,1.0,2.0,1.0,4.0,1.0,2.0,2.0,1.0,2.0,2.0,1.0,2.0,2.0,1.0,23640.329686,24738.150955,2.0,42.0,1.0,743.0,,,2.0,2.0,2.0,2.0,1.0,4.0,64.0,,1.0,1.0,150.0,122.0,82.0,2.0,124.0,84.0,2.0,128.0,72.0,2.0,,,,126.0,78.0,2.0,,,,,2.0,,,,1.0,3.0,,,,,,,,2.0,,,,2.0,2.0,0.0,2.0,2.0,2.0,2.0,2.0,2.0,2.0,2.0,,,,,,,,,,,,,,,2.0,,,,,,,,,,,,,,,,,,,,,,,,,,,,,,,,,,,1.0,0.0,2.0,1.0,2.0,2.0,2.0,2.0,,,,,,,,,,,2.0,,,,,,,,,,,,,,,,,,,,,,,,,,,,,,,,,,,,,,,,,,,,2.0,,,,,,2.0,,,221.0,51.0,5.72,1.32,46.45,117.0,107.0,3.0
27345.0,3.0,2.0,2.0,2.0,28.0,343.0,344.0,3.0,1.0,2.0,1.0,1.0,,,5.0,3.0,,5.0,2.0,8.0,5.0,2.56,2.0,2.0,25.0,1.0,5.0,5.0,,1.0,2.0,2.0,1.0,2.0,2.0,1.0,2.0,2.0,1.0,74434.953907,74489.351784,1.0,29.0,1.0,761.0,,,1.0,2.0,2.0,2.0,1.0,4.0,78.0,,1.0,1.0,130.0,102.0,52.0,2.0,96.0,50.0,2.0,98.0,50.0,2.0,,,,97.0,50.0,2.0,,,,,2.0,,,,2.0,,,,,,,,,2.0,,,,2.0,2.0,0.0,2.0,2.0,2.0,2.0,2.0,2.0,2.0,2.0,,,,,,,,,,,,,,,2.0,,,,,,,,,,,,,,,,,,,,,,,,,,,,,,,,,,,1.0,2.0,1.0,2.0,2.0,2.0,2.0,2.0,,,,4.0,,,,,,,,,,,,,,,,,,,,,,,,,,,,,,,,,,,,,,,,,,,,,,,,,,,2.0,,,,,,2.0,,,218.0,77.0,5.64,1.99,34.95,137.0,121.0,2.0
27348.0,3.0,2.0,1.0,1.0,46.0,558.0,559.0,1.0,3.0,2.0,2.0,2.0,7.0,,1.0,1.0,,1.0,7.0,6.0,6.0,0.88,,1.0,46.0,2.0,1.0,1.0,4.0,2.0,2.0,2.0,2.0,2.0,2.0,2.0,2.0,2.0,2.0,16910.374274,17164.46652,2.0,42.0,1.0,633.0,,,2.0,2.0,2.0,2.0,1.0,4.0,66.0,,1.0,1.0,140.0,114.0,72.0,2.0,110.0,82.0,2.0,108.0,74.0,2.0,,,,109.0,78.0,2.0,,,,,2.0,,,,2.0,,,,,,,,,2.0,,,,2.0,2.0,0.0,2.0,2.0,2.0,2.0,2.0,2.0,2.0,2.0,,,,,,,,,,,,,,,2.0,,,,,,,,,,,,,,,,,,,,,,,,,,,,,,,,,,,1.0,0.0,1.0,2.0,2.0,2.0,2.0,2.0,,,,,,,7.0,,,,,,,,,,,,,,,,,,,,,,,,,,,,,,,,,,,,,,,,,,,,,,,,1.0,1.0,,,,,2.0,,,237.0,40.0,6.13,1.03,40.03,129.0,114.0,3.0
27354.0,3.0,2.0,1.0,2.0,48.0,581.0,582.0,3.0,1.0,2.0,1.0,1.0,,,3.0,2.0,,3.0,2.0,4.0,4.0,1.56,2.0,1.0,50.0,1.0,2.0,4.0,,1.0,2.0,2.0,1.0,2.0,2.0,1.0,2.0,2.0,1.0,57382.863774,58464.255807,2.0,36.0,1.0,691.0,,,1.0,2.0,2.0,2.0,1.0,5.0,90.0,,1.0,1.0,160.0,118.0,70.0,2.0,124.0,60.0,2.0,,,2.0,,,2.0,124.0,60.0,2.0,,,,,2.0,,,,2.0,,,,,,,,,1.0,,,,2.0,2.0,0.0,2.0,2.0,2.0,2.0,1.0,1.0,2.0,1.0,2.0,,2.0,,,,,,,,24.0,,40.0,,2.0,,,,,,,,,,,,,,,,,,,,,,,,,,,,,,,,,,,1.0,0.0,2.0,2.0,2.0,2.0,2.0,2.0,,,,,,,,,,,,,,,,,,,,,,,,,,,,,,,,,,,,,,,,,,,,,,,,,,,,,,,2.0,,,,,,2.0,,,205.0,48.0,5.3,1.24,39.4,127.0,,3.0
27358.0,3.0,2.0,2.0,2.0,41.0,500.0,501.0,1.0,3.0,2.0,2.0,2.0,4.0,,2.0,1.0,,1.0,6.0,6.0,6.0,1.09,2.0,1.0,48.0,2.0,5.0,1.0,2.0,2.0,2.0,2.0,1.0,2.0,2.0,2.0,2.0,2.0,2.0,15208.47069,15405.149661,1.0,42.0,1.0,531.0,,,2.0,2.0,2.0,2.0,1.0,4.0,58.0,,1.0,1.0,160.0,120.0,72.0,2.0,122.0,66.0,2.0,122.0,70.0,2.0,,,,122.0,68.0,2.0,,,,,1.0,,,,2.0,,,,,,,,,2.0,,,,2.0,2.0,0.0,2.0,2.0,2.0,2.0,2.0,2.0,2.0,2.0,,,,,,,,,,,,,,,2.0,,,,,,,,,,,,,,,,,,,,,,,,,,,,,,,,,,,2.0,,1.0,2.0,2.0,2.0,2.0,2.0,,,,,,,7.0,8.0,9.0,,,,,,,,,,,,,,,,,,,,,,,,,,,,,,,,,,,,,,,,,,,,,,2.0,,,,,,2.0,,,198.0,70.0,5.12,1.81,58.27,112.0,112.0,3.0
27361.0,3.0,2.0,2.0,2.0,27.0,329.0,330.0,3.0,1.0,2.0,1.0,1.0,,,2.0,1.0,,5.0,3.0,3.0,3.0,0.64,2.0,2.0,27.0,1.0,2.0,5.0,,1.0,2.0,2.0,1.0,2.0,2.0,,,,,59359.298906,63539.840326,1.0,37.0,1.0,623.0,,,1.0,2.0,2.0,2.0,1.0,3.0,74.0,,1.0,1.0,150.0,120.0,66.0,2.0,120.0,66.0,2.0,124.0,70.0,2.0,,,,122.0,68.0,2.0,,,,,2.0,,,,2.0,,,,,,,,,2.0,,,,2.0,2.0,0.0,2.0,2.0,2.0,2.0,2.0,2.0,2.0,2.0,,,,,,,,,,,,,,,2.0,,,,,,,,,,,,,,,,,,,,,,,,,,,,,,,,,,,1.0,0.0,2.0,1.0,2.0,2.0,1.0,2.0,,,,,,,,,,,,,4.0,,,,,,,,,,,,,,,,,,,,,,,,,,3.0,,,,7.0,,,,,,,,,,,,2.0,,,,,,2.0,,,,,,,41.73,130.0,108.0,3.0
27379.0,3.0,2.0,1.0,1.0,21.0,256.0,256.0,5.0,4.0,2.0,3.0,1.0,5.0,,4.0,3.0,,5.0,4.0,1.0,1.0,0.21,,1.0,21.0,,,5.0,,1.0,2.0,2.0,1.0,2.0,2.0,1.0,2.0,2.0,1.0,31277.823055,32484.659324,2.0,43.0,1.0,635.0,,,2.0,2.0,2.0,2.0,1.0,4.0,60.0,,1.0,1.0,140.0,100.0,48.0,2.0,,,2.0,108.0,60.0,2.0,,,2.0,108.0,60.0,2.0,,,,,2.0,,,,2.0,,,,,,,,,2.0,,,,2.0,2.0,0.0,2.0,2.0,2.0,2.0,2.0,2.0,2.0,2.0,,,,,,,,,,,,,,,2.0,,,,,,,,,,,,,,,,,,,,,,,,,,,,,,,,,,,1.0,0.0,2.0,2.0,2.0,2.0,2.0,2.0,,,,,,,,,,,,,,,,,,,,,,,,,,,,,,,,,,,,,,,,,,,,,,,,,,,,,,,2.0,,,,,,2.0,,,128.0,54.0,3.31,1.4,43.55,154.0,37.0,2.0
27382.0,3.0,2.0,2.0,1.0,28.0,340.0,341.0,3.0,1.0,2.0,3.0,2.0,2.0,,5.0,3.0,,5.0,6.0,11.0,6.0,3.01,,1.0,22.0,1.0,5.0,5.0,,1.0,2.0,2.0,1.0,2.0,2.0,1.0,2.0,2.0,1.0,58642.087621,60904.757823,2.0,29.0,1.0,720.0,,,1.0,2.0,2.0,2.0,1.0,4.0,62.0,,1.0,1.0,140.0,126.0,62.0,2.0,,,2.0,126.0,62.0,2.0,124.0,56.0,2.0,125.0,59.0,2.0,,,,,2.0,,,,2.0,,,,,,,,,2.0,,,,2.0,2.0,0.0,2.0,2.0,2.0,2.0,2.0,2.0,2.0,2.0,,,,,,,,,,,,,,,2.0,,,,,,,,,,,,,,,,,,,,,,,,,,,,,,,,,,,1.0,10.0,2.0,2.0,2.0,2.0,1.0,2.0,,,,,,,,,,,,,,,,,,,,,,,,,,,,,,,,,,,,,,2.0,,,,,,,,,,,,,,,,,2.0,,,,,,2.0,,,203.0,55.0,5.25,1.42,44.68,151.0,139.0,3.0
27398.0,3.0,2.0,2.0,2.0,23.0,279.0,279.0,1.0,3.0,2.0,1.0,1.0,,,3.0,2.0,,5.0,2.0,3.0,2.0,0.64,2.0,1.0,25.0,1.0,2.0,,,1.0,2.0,2.0,1.0,2.0,2.0,1.0,2.0,2.0,1.0,31621.666407,33758.478336,2.0,31.0,1.0,747.0,,,2.0,2.0,2.0,2.0,1.0,4.0,66.0,,1.0,1.0,130.0,104.0,60.0,2.0,106.0,76.0,2.0,104.0,66.0,2.0,,,,105.0,71.0,2.0,,,,,2.0,,,,2.0,,,,,,,,,2.0,,,,1.0,2.0,0.0,2.0,2.0,2.0,2.0,1.0,2.0,2.0,2.0,,,,10.0,,,,,,,,,,2.0,2.0,,,,,,,,,,,,,,,,,,,,,,,,,,,,,,,,,,,1.0,1.0,1.0,2.0,1.0,1.0,1.0,1.0,,,3.0,,,6.0,,,,,,,,,,,,,,,,,5.0,,,,,1.0,,3.0,,,,,,,,,3.0,,,,,,,,,3.0,,,,,,,1.0,1.0,,,,,2.0,,,162.0,47.0,4.19,1.22,49.0,126.0,109.0,3.0
27442.0,3.0,2.0,2.0,1.0,22.0,271.0,271.0,3.0,1.0,2.0,1.0,1.0,,,3.0,2.0,,5.0,7.0,5.0,1.0,0.38,,2.0,40.0,1.0,4.0,1.0,2.0,1.0,2.0,2.0,1.0,2.0,2.0,1.0,2.0,2.0,1.0,48016.251375,49063.803286,1.0,29.0,1.0,631.0,,,2.0,2.0,2.0,2.0,1.0,4.0,74.0,,1.0,1.0,140.0,106.0,60.0,2.0,,,2.0,108.0,70.0,2.0,102.0,64.0,2.0,105.0,67.0,2.0,,,,,2.0,,,,2.0,,,,,,,,,2.0,,,,2.0,2.0,0.0,2.0,2.0,2.0,2.0,2.0,2.0,2.0,2.0,,,,,,,,,,,,,,,2.0,,,,,,,,,,,,,,,,,,,,,,,,,,,,,,,,,,,1.0,0.0,1.0,2.0,1.0,2.0,2.0,2.0,,,,,,,,,9.0,,,,,,,,,,,,,4.0,,,,,9.0,,,,,,,,,,,,,,,,,,,,,,,,,,,,2.0,,,,,,2.0,,,191.0,46.0,4.94,1.19,36.7,157.0,,1.0
27448.0,3.0,2.0,2.0,1.0,22.0,267.0,268.0,3.0,1.0,2.0,1.0,1.0,,,2.0,1.0,,5.0,3.0,3.0,3.0,0.92,,2.0,30.0,1.0,1.0,3.0,,1.0,2.0,2.0,1.0,2.0,2.0,1.0,2.0,2.0,1.0,40012.493657,42495.433283,2.0,31.0,1.0,809.0,,,2.0,2.0,2.0,2.0,1.0,4.0,56.0,,1.0,1.0,160.0,132.0,52.0,2.0,134.0,40.0,2.0,130.0,44.0,2.0,,,,132.0,42.0,2.0,,,,,2.0,,,,2.0,,,,,,,,,2.0,,,,2.0,2.0,0.0,2.0,2.0,2.0,2.0,1.0,2.0,2.0,2.0,,,,,,,,,,,,,,,2.0,,,,,,,,,,,,,,,,,,,,,,,,,,,,,,,,,,,1.0,1.0,1.0,1.0,1.0,2.0,1.0,1.0,1.0,2.0,3.0,4.0,5.0,6.0,,,9.0,,,,,,6.0,,,,,,3.0,4.0,,,,,9.0,,,,,,,,,,1.0,2.0,,,,,,,,,2.0,,,,,,,,2.0,,,,,,2.0,,,167.0,40.0,4.32,1.03,51.83,140.0,111.0,3.0
27468.0,3.0,2.0,2.0,1.0,28.0,339.0,339.0,3.0,1.0,2.0,1.0,1.0,,,4.0,3.0,,5.0,1.0,3.0,3.0,1.45,,1.0,28.0,1.0,4.0,5.0,,1.0,2.0,2.0,1.0,2.0,2.0,1.0,2.0,2.0,1.0,44891.859621,47755.412288,1.0,32.0,1.0,566.0,,,2.0,2.0,2.0,2.0,1.0,5.0,76.0,,1.0,1.0,160.0,126.0,76.0,2.0,122.0,78.0,2.0,124.0,78.0,2.0,,,,123.0,78.0,2.0,,,,,2.0,,,,2.0,,,,,,,,,2.0,,,,2.0,2.0,0.0,2.0,2.0,2.0,2.0,1.0,2.0,2.0,2.0,,,,,,,,,,,,,,,2.0,,,,,,,,,,,,,,,,,,,,,,,,,,,,,,,,,,,1.0,60.0,2.0,2.0,1.0,2.0,1.0,1.0,,,,,,,,,,,,,,,,,,,,,,,,,,8.0,,,,,,,,,,,,,,4.0,,,,,,,,,4.0,,,,,,2.0,,,,,,2.0,,,173.0,40.0,4.47,1.03,45.19,129.0,110.0,3.0
27469.0,3.0,2.0,1.0,1.0,29.0,353.0,354.0,3.0,1.0,2.0,3.0,2.0,3.0,,5.0,3.0,,5.0,1.0,5.0,5.0,2.58,,1.0,29.0,3.0,5.0,5.0,,1.0,2.0,2.0,1.0,2.0,2.0,1.0,2.0,2.0,1.0,58728.424912,62474.581547,2.0,40.0,1.0,878.0,,,1.0,2.0,2.0,2.0,1.0,5.0,86.0,,1.0,1.0,150.0,120.0,70.0,2.0,122.0,72.0,2.0,122.0,74.0,2.0,,,,122.0,73.0,2.0,,,,,2.0,,,,2.0,,,,,,,,,2.0,,,,2.0,2.0,0.0,2.0,2.0,2.0,2.0,2.0,2.0,2.0,2.0,,,,,,,,,,,,,,,2.0,,,,,,,,,,,,,,,,,,,,,,,,,,,,,,,,,,,1.0,3.0,1.0,2.0,2.0,2.0,1.0,2.0,,,3.0,,,,,,,,,,,,,,,,,,,,,,,,,,,,,,,,,,,2.0,,,,,,,,,,,,,,,,,2.0,,,,,,2.0,,,155.0,52.0,4.01,1.34,44.74,163.0,150.0,3.0
27487.0,3.0,2.0,1.0,1.0,38.0,464.0,465.0,1.0,3.0,2.0,2.0,2.0,1.0,,1.0,1.0,,5.0,4.0,,1.0,0.13,,1.0,28.0,2.0,2.0,5.0,,2.0,2.0,2.0,1.0,2.0,2.0,2.0,2.0,2.0,2.0,29497.650102,31274.382547,2.0,42.0,1.0,708.0,,,2.0,2.0,2.0,2.0,1.0,3.0,58.0,,1.0,1.0,150.0,118.0,66.0,2.0,118.0,72.0,2.0,112.0,70.0,2.0,,,,115.0,71.0,2.0,,,,,2.0,,,,2.0,,,,,,,,,2.0,,,,2.0,2.0,0.0,2.0,2.0,2.0,2.0,2.0,2.0,2.0,2.0,,,,,,,,,,,,,,,2.0,,,,,,,,,,,,,,,,,,,,,,,,,,,,,,,,,,,1.0,0.0,1.0,2.0,2.0,2.0,1.0,2.0,1.0,,,,,,,,,,,,,,,,,,,,,,,,,,,,,,,,,,,,1.0,,,,,,,,,,,,,,,,,,2.0,,,,,,2.0,,,221.0,70.0,5.72,1.81,46.35,134.0,122.0,3.0
27489.0,3.0,2.0,1.0,1.0,32.0,386.0,386.0,4.0,2.0,2.0,1.0,1.0,,,4.0,3.0,,1.0,3.0,7.0,7.0,2.23,,1.0,32.0,1.0,4.0,1.0,5.0,1.0,2.0,2.0,1.0,2.0,2.0,1.0,2.0,2.0,1.0,34682.094144,36523.851555,2.0,36.0,1.0,423.0,,,1.0,2.0,2.0,2.0,1.0,5.0,80.0,,1.0,1.0,140.0,106.0,70.0,2.0,,,2.0,,,2.0,,,2.0,106.0,70.0,2.0,,,,,2.0,,,,2.0,,,,,,,,,2.0,,,,2.0,2.0,0.0,2.0,2.0,2.0,2.0,1.0,2.0,2.0,2.0,,,,,,,,,,,,,,,2.0,,,,,,,,,,,,,,,,,,,,,,,,,,,,,,,,,,,1.0,2.0,1.0,2.0,2.0,2.0,2.0,2.0,,,3.0,,,,,,,,,,,,,,,,,,,,,,,,,,,,,,,,,,,,,,,,,,,,,,,,,,,,2.0,,,,,,2.0,,,144.0,28.0,3.72,0.72,69.87,126.0,,3.0
27499.0,3.0,2.0,2.0,2.0,23.0,287.0,288.0,4.0,2.0,2.0,1.0,1.0,,,5.0,3.0,,5.0,1.0,8.0,8.0,5.0,2.0,2.0,23.0,1.0,5.0,5.0,,1.0,2.0,2.0,1.0,2.0,2.0,1.0,2.0,2.0,1.0,31640.596928,32561.767755,2.0,37.0,1.0,700.0,,,2.0,2.0,2.0,2.0,1.0,4.0,88.0,,1.0,1.0,150.0,112.0,78.0,2.0,,,2.0,116.0,82.0,2.0,118.0,78.0,2.0,117.0,80.0,2.0,,,,,2.0,,,,2.0,,,,,,,,,2.0,,,,2.0,2.0,0.0,2.0,2.0,2.0,2.0,2.0,2.0,2.0,2.0,,,,,,,,,,,,,,,2.0,,,,,,,,,,,,,,,,,,,,,,,,,,,,,,,,,,,1.0,2.0,1.0,2.0,2.0,2.0,2.0,2.0,,,,4.0,,,,,9.0,,,,,,,,,,,,,,,,,,,,,,,,,,,,,,,,,,,,,,,,,,,,,,2.0,,,,,,2.0,,,175.0,64.0,4.53,1.66,28.96,158.0,159.0,1.0
27501.0,3.0,2.0,1.0,2.0,28.0,339.0,340.0,1.0,3.0,2.0,2.0,2.0,4.0,,2.0,1.0,,1.0,4.0,5.0,5.0,1.25,1.0,1.0,35.0,2.0,3.0,1.0,2.0,2.0,2.0,2.0,2.0,2.0,2.0,2.0,2.0,2.0,2.0,4338.275899,4366.939554,1.0,38.0,1.0,547.0,,,2.0,2.0,2.0,2.0,1.0,5.0,80.0,,1.0,1.0,150.0,116.0,62.0,2.0,122.0,56.0,2.0,114.0,60.0,2.0,,,,118.0,58.0,2.0,,,,,2.0,,,,2.0,,,,,,,,,2.0,,,,2.0,2.0,0.0,2.0,2.0,2.0,2.0,1.0,2.0,2.0,2.0,,,,,,,,,,,,,,,2.0,,,,,,,,,,,,,,,,,,,,,,,,,,,,,,,,,,,1.0,1.0,2.0,2.0,2.0,2.0,2.0,2.0,,,,,,,,,,,,,,,,,,,,,,,,,,,,,,,,,,,,,,,,,,,,,,,,,,,,,,,2.0,,,,,,2.0,,,,,,,25.6,129.0,123.0,1.0
27508.0,3.0,2.0,2.0,2.0,43.0,525.0,526.0,4.0,2.0,2.0,1.0,1.0,,,3.0,2.0,,3.0,1.0,7.0,7.0,3.9,2.0,2.0,43.0,1.0,3.0,3.0,,1.0,2.0,2.0,1.0,2.0,2.0,1.0,2.0,2.0,1.0,30882.439273,31834.094118,1.0,32.0,1.0,520.0,,,2.0,2.0,2.0,2.0,1.0,3.0,68.0,,1.0,1.0,140.0,100.0,62.0,2.0,98.0,60.0,2.0,96.0,62.0,2.0,,,,97.0,61.0,2.0,,,,,2.0,,,,2.0,,,,,,,,,2.0,,,,2.0,2.0,0.0,2.0,2.0,2.0,2.0,2.0,2.0,2.0,2.0,,,,,,,,,,,,,,,2.0,,,,,,,,,,,,,,,,,,,,,,,,,,,,,,,,,,,1.0,0.0,1.0,2.0,2.0,2.0,2.0,1.0,,2.0,,,,,,,,,,,,,,,,,,,,,,,,,,,,,,,,,,,,,,,,,,,,,2.0,,,,,,,,2.0,,,,,,2.0,,,191.0,66.0,4.94,1.71,49.86,123.0,111.0,3.0
27533.0,3.0,2.0,2.0,1.0,20.0,246.0,247.0,3.0,1.0,2.0,1.0,1.0,,,4.0,3.0,,5.0,4.0,11.0,11.0,3.98,,2.0,51.0,1.0,5.0,1.0,5.0,1.0,2.0,2.0,1.0,2.0,2.0,1.0,2.0,2.0,1.0,78130.600612,79835.145585,2.0,31.0,1.0,503.0,,,2.0,2.0,2.0,2.0,1.0,4.0,70.0,,1.0,1.0,140.0,118.0,76.0,2.0,122.0,74.0,2.0,112.0,82.0,2.0,,,,117.0,78.0,2.0,,,,,2.0,,,,2.0,,,,,,,,,1.0,,,,2.0,2.0,0.0,2.0,2.0,2.0,2.0,2.0,2.0,2.0,2.0,,,,,,,,,,,,,,,2.0,,,,,,,,,,,,,,,,,,,,,,,,,,,,,,,,,,,1.0,2.0,1.0,2.0,2.0,2.0,2.0,2.0,,2.0,,,,6.0,,,9.0,,,,,,,,,,,,,,,,,,,,,,,,,,,,,,,,,,,,,,,,,,,,,,2.0,,,,,,2.0,,,155.0,30.0,4.01,0.78,37.82,177.0,166.0,2.0
27543.0,3.0,2.0,2.0,2.0,25.0,301.0,302.0,4.0,2.0,2.0,1.0,1.0,,,4.0,3.0,,5.0,5.0,7.0,7.0,1.86,2.0,2.0,44.0,1.0,3.0,5.0,,1.0,2.0,2.0,1.0,2.0,2.0,1.0,2.0,2.0,1.0,24114.386001,25134.071706,1.0,42.0,1.0,838.0,,,2.0,2.0,2.0,2.0,1.0,4.0,94.0,,1.0,1.0,150.0,,,2.0,,,2.0,136.0,54.0,2.0,,,2.0,136.0,54.0,2.0,,,,,2.0,,,,2.0,,,,,,,,,2.0,,,,2.0,2.0,0.0,2.0,2.0,2.0,2.0,2.0,2.0,2.0,2.0,,,,,,,,,,,,,,,2.0,,,,,,,,,,,,,,,,,,,,,,,,,,,,,,,,,,,2.0,,1.0,2.0,2.0,2.0,2.0,2.0,,,3.0,,,,,,,,,,,,,,,,,,,,,,,,,,,,,,,,,,,,,,,,,,,,,,,,,,,,2.0,,,,,,2.0,,,177.0,70.0,4.58,1.81,34.91,133.0,119.0,2.0
27554.0,3.0,2.0,2.0,1.0,37.0,444.0,445.0,3.0,1.0,2.0,1.0,1.0,,,4.0,3.0,,1.0,4.0,11.0,11.0,4.24,,1.0,37.0,1.0,4.0,1.0,5.0,1.0,2.0,2.0,1.0,2.0,2.0,1.0,2.0,2.0,1.0,70782.749552,75242.33094,2.0,30.0,1.0,748.0,,,2.0,2.0,2.0,2.0,1.0,4.0,72.0,,1.0,1.0,140.0,120.0,78.0,2.0,122.0,78.0,2.0,120.0,76.0,2.0,,,,121.0,77.0,2.0,,,,,2.0,,,,2.0,,,,,,,,,2.0,,,,2.0,2.0,0.0,2.0,2.0,2.0,2.0,2.0,2.0,2.0,2.0,,,,,,,,,,,,,,,2.0,,,,,,,,,,,,,,,,,,,,,,,,,,,,,,,,,,,1.0,0.0,1.0,2.0,2.0,2.0,1.0,2.0,,,,4.0,,,,,,,,,,,,,,,,,,,,,,,,,,,,,,,,,,2.0,,,,,,,,,,,,,,,,,2.0,,,,,,2.0,,,155.0,32.0,4.01,0.83,37.82,151.0,130.0,2.0
27582.0,3.0,2.0,2.0,1.0,29.0,354.0,354.0,1.0,3.0,2.0,2.0,2.0,4.0,,1.0,1.0,,6.0,4.0,5.0,5.0,1.33,,2.0,19.0,2.0,2.0,6.0,,1.0,2.0,2.0,1.0,2.0,2.0,2.0,2.0,2.0,2.0,25715.324839,25642.409276,1.0,42.0,1.0,538.0,,,2.0,2.0,2.0,2.0,1.0,3.0,66.0,,1.0,1.0,150.0,116.0,70.0,2.0,116.0,66.0,2.0,116.0,74.0,2.0,,,,116.0,70.0,2.0,,,,,2.0,,,,2.0,,,,,,,,,2.0,,,,2.0,2.0,0.0,2.0,2.0,2.0,2.0,2.0,2.0,2.0,2.0,,,,,,,,,,,,,,,2.0,,,,,,,,,,,,,,,,,,,,,,,,,,,,,,,,,,,1.0,0.0,1.0,2.0,2.0,2.0,2.0,2.0,,,3.0,,,,,,,,,,,,,,,,,,,,,,,,,,,,,,,,,,,,,,,,,,,,,,,,,,,,2.0,,,,,,2.0,,,196.0,48.0,5.07,1.24,37.42,162.0,144.0,2.0
27604.0,3.0,2.0,1.0,2.0,42.0,511.0,511.0,4.0,2.0,2.0,1.0,1.0,,,4.0,3.0,,4.0,2.0,6.0,6.0,2.56,2.0,2.0,42.0,1.0,4.0,4.0,,1.0,2.0,2.0,1.0,2.0,2.0,1.0,2.0,2.0,1.0,26072.015468,26875.43516,2.0,42.0,1.0,534.0,,,1.0,2.0,2.0,2.0,1.0,3.0,74.0,,1.0,1.0,140.0,102.0,72.0,2.0,100.0,76.0,2.0,100.0,70.0,2.0,,,,100.0,73.0,2.0,,,,,2.0,,,,2.0,,,,,,,,,2.0,,,,2.0,2.0,0.0,2.0,2.0,2.0,2.0,2.0,2.0,2.0,2.0,,,,,,,,,,,,,,,2.0,,,,,,,,,,,,,,,,,,,,,,,,,,,,,,,,,,,1.0,0.0,1.0,2.0,1.0,2.0,2.0,2.0,,2.0,,,5.0,,,,9.0,,,,,,,,,,,,,,,,7.0,,,,,,,,,,,,,,,,,,,,,,,,,,,,,,2.0,,,,,,1.0,42.0,,155.0,56.0,4.01,1.45,28.67,139.0,130.0,2.0
27606.0,3.0,2.0,1.0,1.0,21.0,254.0,255.0,3.0,1.0,2.0,1.0,1.0,,,4.0,3.0,,5.0,1.0,1.0,1.0,0.33,,1.0,21.0,1.0,4.0,5.0,,1.0,2.0,2.0,1.0,2.0,2.0,1.0,2.0,2.0,1.0,71127.283178,75664.335623,1.0,36.0,1.0,575.0,,,1.0,2.0,2.0,2.0,1.0,4.0,58.0,,1.0,1.0,140.0,104.0,70.0,2.0,122.0,62.0,2.0,116.0,66.0,2.0,,,,119.0,64.0,2.0,,,,,2.0,,,,2.0,,,,,,,,,2.0,,,,2.0,2.0,0.0,2.0,2.0,2.0,2.0,2.0,2.0,2.0,2.0,,,,,,,,,,,,,,,2.0,,,,,,,,,,,,,,,,,,,,,,,,,,,,,,,,,,,1.0,0.0,2.0,2.0,2.0,2.0,2.0,2.0,,,,,,,,,,,,,,,,,,,,,,,,,,,,,,,,,,,,,,,,,,,,,,,,,,,,,,,2.0,,,,,,2.0,,,161.0,63.0,4.16,1.63,55.06,150.0,140.0,3.0
27632.0,3.0,2.0,2.0,1.0,21.0,257.0,259.0,4.0,2.0,2.0,1.0,1.0,,,4.0,3.0,,5.0,3.0,7.0,7.0,2.23,,2.0,50.0,1.0,3.0,3.0,,1.0,2.0,2.0,1.0,2.0,2.0,1.0,2.0,2.0,1.0,26969.397877,29582.911703,2.0,37.0,1.0,697.0,,,1.0,2.0,2.0,2.0,1.0,4.0,84.0,,1.0,1.0,150.0,120.0,66.0,2.0,124.0,70.0,2.0,,,2.0,128.0,56.0,2.0,126.0,63.0,2.0,,,,,2.0,,,,2.0,,,,,,,,,2.0,,,,2.0,2.0,0.0,2.0,2.0,2.0,2.0,2.0,2.0,2.0,2.0,,,,,,,,,,,,,,,2.0,,,,,,,,,,,,,,,,,,,,,,,,,,,,,,,,,,,1.0,0.0,1.0,2.0,1.0,2.0,2.0,2.0,,,3.0,,,,,,,,,,,,,,,,1.0,,,,,,,,,,,,,,,,,,,,,,,,,,,,,,,,,,,,2.0,,,,,,2.0,,,146.0,34.0,3.78,0.88,36.88,170.0,156.0,1.0
27648.0,3.0,2.0,1.0,2.0,34.0,412.0,413.0,3.0,1.0,2.0,1.0,1.0,,,5.0,3.0,,5.0,1.0,7.0,7.0,4.34,2.0,2.0,34.0,1.0,5.0,5.0,,1.0,2.0,2.0,1.0,2.0,2.0,1.0,2.0,2.0,1.0,73696.328891,79842.990522,1.0,35.0,1.0,690.0,,,1.0,2.0,2.0,2.0,1.0,3.0,74.0,,1.0,1.0,130.0,116.0,60.0,2.0,114.0,60.0,2.0,112.0,62.0,2.0,,,,113.0,61.0,2.0,,,,,2.0,,,,2.0,,,,,,,,,2.0,,,,2.0,2.0,0.0,2.0,2.0,2.0,2.0,2.0,2.0,2.0,2.0,,,,,,,,,,,,,,,2.0,,,,,,,,,,,,,,,,,,,,,,,,,,,,,,,,,,,1.0,2.0,2.0,1.0,2.0,1.0,2.0,2.0,,,,,,,,,,,,,,5.0,,,,,,,,,,,,,,,,3.0,,,,,,,,,,,,,,,,,,,,,,,,,2.0,,,,,,2.0,,,231.0,83.0,5.97,2.15,30.82,150.0,132.0,2.0
27649.0,3.0,2.0,2.0,2.0,37.0,448.0,449.0,4.0,2.0,2.0,1.0,1.0,,,2.0,1.0,,5.0,4.0,6.0,5.0,1.31,2.0,2.0,59.0,,,4.0,,1.0,2.0,2.0,1.0,2.0,2.0,1.0,2.0,2.0,1.0,31439.159009,33693.98838,1.0,41.0,1.0,663.0,,,1.0,2.0,2.0,2.0,1.0,3.0,92.0,,1.0,1.0,130.0,114.0,68.0,2.0,112.0,62.0,2.0,,,2.0,,,2.0,112.0,62.0,2.0,,,,,2.0,,,,1.0,2.0,,,,,,,,1.0,,,,2.0,2.0,0.0,2.0,2.0,2.0,2.0,2.0,2.0,2.0,1.0,,,1.0,,,,,,,,,,36.0,,2.0,,,,,,,,,,,,,,,,,,,,,,,,,,,,,,,,,,,1.0,4.0,1.0,2.0,2.0,2.0,1.0,2.0,,,3.0,,,,,,,,,,,,,,,,,,,,,,,,,,,,,,,,,,1.0,,3.0,,,,,,,,,,,,,,,,2.0,,,,,,2.0,,,150.0,58.0,3.88,1.5,28.89,154.0,149.0,2.0
27660.0,3.0,2.0,1.0,1.0,45.0,542.0,543.0,3.0,1.0,2.0,1.0,1.0,,,4.0,3.0,,1.0,4.0,11.0,11.0,3.98,,1.0,45.0,1.0,4.0,1.0,4.0,1.0,2.0,2.0,1.0,2.0,2.0,1.0,2.0,2.0,1.0,119657.215563,125521.277166,2.0,36.0,1.0,704.0,,,1.0,2.0,2.0,2.0,1.0,4.0,78.0,,1.0,1.0,150.0,116.0,60.0,2.0,116.0,58.0,2.0,114.0,62.0,2.0,,,,115.0,60.0,2.0,,,,,2.0,,,,2.0,,,,,,,,,1.0,,,,2.0,2.0,0.0,2.0,2.0,2.0,2.0,2.0,2.0,2.0,2.0,,,,,,,,,,,,,,,2.0,,,,,,,,,,,,,,,,,,,,,,,,,,,,,,,,,,,1.0,4.0,2.0,1.0,2.0,2.0,2.0,2.0,,,,,,,,,,,,,,5.0,,,,,,,,,,,,,,,,,,,,,,,,,,,,,,,,,,,,,,,,,2.0,,,,,,2.0,,,189.0,40.0,4.89,1.03,69.78,120.0,114.0,3.0
27665.0,3.0,2.0,2.0,2.0,24.0,290.0,291.0,4.0,2.0,2.0,1.0,1.0,,,5.0,3.0,,5.0,3.0,7.0,6.0,2.78,2.0,2.0,24.0,1.0,5.0,5.0,,1.0,2.0,2.0,1.0,2.0,2.0,1.0,2.0,2.0,1.0,29729.215649,30986.326496,1.0,36.0,1.0,1057.0,,,2.0,2.0,2.0,2.0,1.0,4.0,64.0,,1.0,1.0,150.0,134.0,78.0,2.0,118.0,78.0,2.0,124.0,82.0,2.0,,,,121.0,80.0,1.0,8.0,1.0,1.0,2.0,2.0,,,,2.0,,,,,,,,,2.0,,,,2.0,2.0,0.0,2.0,2.0,2.0,2.0,1.0,1.0,2.0,2.0,2.0,,,,,,,,,,10.0,,,,2.0,,,,,,,,,,,,,,,,,,,,,,,,,,,,,,,,,,,2.0,,1.0,2.0,1.0,2.0,1.0,2.0,1.0,2.0,3.0,4.0,5.0,6.0,,,,,,,,,,,,,1.0,2.0,,,,,7.0,8.0,,,,,,,,,,,1.0,2.0,3.0,4.0,5.0,6.0,,,,,,,,,,,,,2.0,,,,,,2.0,,,235.0,80.0,6.08,2.07,33.8,125.0,116.0,2.0
27667.0,3.0,2.0,2.0,2.0,45.0,543.0,544.0,3.0,1.0,2.0,1.0,1.0,,,4.0,3.0,,1.0,2.0,6.0,6.0,2.4,2.0,2.0,45.0,1.0,4.0,1.0,5.0,1.0,2.0,2.0,1.0,2.0,2.0,1.0,2.0,2.0,1.0,86553.045789,92976.34681,2.0,29.0,1.0,535.0,,,2.0,2.0,2.0,2.0,1.0,4.0,60.0,,1.0,1.0,130.0,110.0,70.0,2.0,112.0,68.0,2.0,104.0,76.0,2.0,,,,108.0,72.0,1.0,38.0,1.0,2.0,,2.0,,,,2.0,,,,,,,,,1.0,,,,1.0,2.0,0.0,2.0,2.0,2.0,2.0,1.0,2.0,2.0,1.0,,,1.0,43.0,,,,,,,,,40.0,9.0,2.0,,,,,,,,,,,,,,,,,,,,,,,,,,,,,,,,,,,1.0,0.0,2.0,2.0,2.0,2.0,2.0,2.0,,,,,,,,,,,,,,,,,,,,,,,,,,,,,,,,,,,,,,,,,,,,,,,,,,,,,,,2.0,,,,,,1.0,78.0,,185.0,57.0,4.78,1.47,34.65,104.0,89.0,3.0
27670.0,3.0,2.0,2.0,2.0,20.0,246.0,247.0,1.0,3.0,2.0,1.0,1.0,,,4.0,3.0,,1.0,2.0,3.0,3.0,0.96,2.0,1.0,18.0,1.0,3.0,1.0,4.0,1.0,2.0,2.0,1.0,2.0,2.0,1.0,2.0,2.0,1.0,33762.694837,36044.185261,2.0,39.0,1.0,666.0,,,2.0,2.0,2.0,2.0,1.0,4.0,66.0,,1.0,1.0,140.0,110.0,58.0,2.0,,,2.0,,,2.0,112.0,54.0,2.0,112.0,54.0,2.0,,,,,2.0,,,,2.0,,,,,,,,,2.0,,,,2.0,2.0,0.0,2.0,2.0,2.0,2.0,2.0,2.0,2.0,2.0,,,,,,,,,,,,,,,2.0,,,,,,,,,,,,,,,,,,,,,,,,,,,,,,,,,,,1.0,0.0,2.0,2.0,2.0,1.0,2.0,2.0,,,,,,,,,,,,,,,,,,,,,,,,,,,,,,3.0,,,,,,,,,,,,,,,,,,,,,,,,,2.0,,,,,,2.0,,,221.0,64.0,5.72,1.66,34.35,145.0,128.0,2.0
27676.0,3.0,2.0,1.0,1.0,35.0,425.0,426.0,3.0,1.0,1.0,1.0,1.0,,,3.0,2.0,,6.0,2.0,10.0,6.0,3.65,,1.0,35.0,1.0,3.0,6.0,,1.0,2.0,2.0,1.0,2.0,2.0,1.0,2.0,2.0,1.0,75709.118421,83784.762982,2.0,42.0,1.0,754.0,,,2.0,2.0,2.0,2.0,1.0,4.0,66.0,,1.0,1.0,130.0,102.0,56.0,2.0,100.0,66.0,2.0,100.0,64.0,2.0,,,,100.0,65.0,2.0,,,,,2.0,,,,2.0,,,,,,,,,2.0,,,,2.0,2.0,0.0,2.0,2.0,2.0,2.0,2.0,2.0,2.0,2.0,,,,,,,,,,,,,,,2.0,,,,,,,,,,,,,,,,,,,,,,,,,,,,,,,,,,,1.0,5.0,2.0,1.0,2.0,1.0,2.0,2.0,,,,,,,,,,,,,4.0,,,,,,,,,,,,,,,,2.0,,,,,,,,,,,,,,,,,,,,,,,,,,2.0,,,,,,2.0,,,189.0,66.0,4.89,1.71,37.31,148.0,139.0,2.0
27693.0,3.0,2.0,1.0,1.0,32.0,386.0,386.0,3.0,1.0,2.0,1.0,1.0,,,5.0,3.0,,3.0,1.0,7.0,7.0,3.76,,1.0,32.0,1.0,5.0,3.0,,1.0,2.0,2.0,1.0,2.0,2.0,1.0,2.0,2.0,1.0,102662.368594,113613.02838,2.0,36.0,1.0,736.0,,,1.0,2.0,2.0,2.0,1.0,3.0,78.0,,1.0,1.0,170.0,136.0,84.0,2.0,140.0,72.0,2.0,134.0,74.0,2.0,,,,137.0,73.0,1.0,2.0,1.0,1.0,2.0,2.0,,,,2.0,,,,,,,,,2.0,,,,2.0,2.0,0.0,2.0,2.0,2.0,2.0,2.0,2.0,2.0,2.0,,,,,,,,,,,,,,,2.0,,,,,,,,,,,,,,,,,,,,,,,,,,,,,,,,,,,1.0,3.0,1.0,1.0,1.0,2.0,1.0,2.0,,,,,,,,,9.0,,,,,,,,,9.0,,2.0,,4.0,,,,,9.0,,,,,,,,,,,,,4.0,,,,,,,,,,,,,,,2.0,,,,,,2.0,,,200.0,50.0,5.17,1.29,38.15,165.0,159.0,2.0
27701.0,3.0,2.0,2.0,1.0,26.0,314.0,315.0,3.0,1.0,2.0,1.0,1.0,,,5.0,3.0,,1.0,2.0,7.0,7.0,3.2,,1.0,26.0,1.0,5.0,1.0,4.0,1.0,2.0,2.0,1.0,2.0,2.0,1.0,2.0,2.0,1.0,75700.271552,80529.024834,2.0,37.0,1.0,688.0,,,2.0,2.0,2.0,2.0,1.0,4.0,82.0,,1.0,1.0,150.0,122.0,76.0,2.0,,,2.0,116.0,86.0,2.0,114.0,76.0,2.0,115.0,81.0,2.0,,,,,2.0,,,,2.0,,,,,,,,,2.0,,,,2.0,2.0,0.0,2.0,2.0,2.0,2.0,2.0,2.0,2.0,2.0,,,,,,,,,,,,,,,2.0,,,,,,,,,,,,,,,,,,,,,,,,,,,,,,,,,,,1.0,0.0,2.0,2.0,2.0,2.0,1.0,2.0,,,,,,,,,,,,,,,,,,,,,,,,,,,,,,,,,,,,,,2.0,,,,,,,,,,,,,,,,,2.0,,,,,,2.0,,,194.0,48.0,5.02,1.24,33.44,165.0,148.0,1.0
27712.0,3.0,2.0,2.0,1.0,39.0,477.0,477.0,3.0,1.0,2.0,1.0,1.0,,,4.0,3.0,,6.0,3.0,11.0,8.0,5.0,,2.0,29.0,1.0,5.0,6.0,,1.0,2.0,2.0,1.0,2.0,2.0,1.0,2.0,2.0,1.0,84402.121847,89719.775286,1.0,29.0,1.0,1114.0,,,1.0,2.0,2.0,2.0,1.0,4.0,78.0,,1.0,1.0,140.0,114.0,64.0,2.0,114.0,62.0,2.0,112.0,68.0,2.0,,,,113.0,65.0,2.0,,,,,2.0,,,,2.0,,,,,,,,,2.0,,,,2.0,2.0,0.0,2.0,2.0,2.0,2.0,2.0,2.0,2.0,2.0,,,,,,,,,,,,,,,2.0,,,,,,,,,,,,,,,,,,,,,,,,,,,,,,,,,,,1.0,2.0,1.0,2.0,2.0,2.0,2.0,2.0,,2.0,,,,,,,9.0,,,,,,,,,,,,,,,,,,,,,,,,,,,,,,,,,,,,,,,,,,,,,,2.0,,,,,,2.0,,,179.0,40.0,4.63,1.03,44.09,138.0,128.0,3.0
27725.0,3.0,2.0,2.0,1.0,24.0,298.0,299.0,3.0,1.0,2.0,1.0,1.0,,,4.0,3.0,,1.0,5.0,8.0,8.0,2.23,,2.0,26.0,1.0,4.0,1.0,4.0,1.0,2.0,2.0,1.0,2.0,2.0,1.0,2.0,2.0,1.0,62445.622291,64855.049624,1.0,41.0,1.0,648.0,,,2.0,2.0,2.0,2.0,1.0,4.0,66.0,,1.0,1.0,140.0,110.0,56.0,2.0,114.0,60.0,2.0,114.0,64.0,2.0,,,,114.0,62.0,2.0,,,,,2.0,,,,2.0,,,,,,,,,2.0,,,,2.0,2.0,0.0,2.0,2.0,2.0,2.0,2.0,2.0,2.0,2.0,,,,,,,,,,,,,,,2.0,,,,,,,,,,,,,,,,,,,,,,,,,,,,,,,,,,,1.0,2.0,1.0,2.0,1.0,2.0,1.0,2.0,1.0,,,,,,,,,,,,,,,,,,1.0,,,,,,,,,,,,,,,,,,,2.0,,,,,7.0,,,,,,,,,,,,2.0,,,,,,2.0,,,170.0,46.0,4.4,1.19,41.92,145.0,131.0,2.0
27729.0,3.0,2.0,2.0,2.0,32.0,390.0,390.0,3.0,1.0,2.0,1.0,1.0,,,5.0,3.0,,1.0,5.0,9.0,9.0,2.5,2.0,2.0,32.0,1.0,5.0,1.0,4.0,1.0,2.0,2.0,1.0,2.0,2.0,1.0,2.0,2.0,1.0,93503.004395,97304.844373,2.0,34.0,1.0,508.0,,,1.0,2.0,2.0,2.0,1.0,4.0,70.0,,1.0,1.0,130.0,112.0,64.0,2.0,106.0,68.0,2.0,94.0,64.0,2.0,,,,100.0,66.0,2.0,,,,,2.0,,,,2.0,,,,,,,,,2.0,,,,1.0,2.0,0.0,2.0,2.0,2.0,2.0,2.0,1.0,2.0,2.0,2.0,,,5.0,,,,,,,5.0,,,9.0,2.0,,,,,,,,,,,,,,,,,,,,,,,,,,,,,,,,,,,1.0,2.0,1.0,2.0,1.0,1.0,2.0,2.0,,,,,,,7.0,,,,,,,,,,,,1.0,,,,,,,,,1.0,2.0,,,,,,8.0,,,,,,,,,,,,,,,,,,,,2.0,,,,,,2.0,,,155.0,42.0,4.01,1.09,32.9,147.0,133.0,2.0
27738.0,3.0,2.0,1.0,2.0,35.0,431.0,431.0,4.0,2.0,2.0,1.0,1.0,,,4.0,3.0,,4.0,3.0,6.0,6.0,1.77,2.0,2.0,35.0,1.0,4.0,4.0,,1.0,2.0,2.0,1.0,2.0,2.0,1.0,2.0,2.0,1.0,35896.604302,37137.379999,1.0,38.0,1.0,676.0,,,2.0,2.0,2.0,2.0,1.0,5.0,88.0,,1.0,1.0,150.0,,,2.0,,,2.0,116.0,64.0,2.0,112.0,62.0,2.0,112.0,62.0,2.0,,,,,2.0,,,,2.0,,,,,,,,,2.0,,,,2.0,2.0,0.0,2.0,2.0,2.0,2.0,2.0,2.0,2.0,2.0,,,,,,,,,,,,,,,2.0,,,,,,,,,,,,,,,,,,,,,,,,,,,,,,,,,,,1.0,0.0,1.0,2.0,1.0,9.0,2.0,2.0,,,,,5.0,,,,9.0,,,,,,,,,,,,,,,,,,9.0,,,,,,,,,,,,,,,,,,,,,,,,,,,,2.0,,,,,,2.0,,,204.0,58.0,5.28,1.5,32.51,133.0,130.0,2.0
27743.0,3.0,2.0,2.0,1.0,26.0,320.0,321.0,3.0,1.0,2.0,1.0,1.0,,,3.0,2.0,,5.0,3.0,10.0,10.0,4.42,,1.0,56.0,1.0,4.0,1.0,3.0,1.0,2.0,2.0,1.0,2.0,2.0,1.0,2.0,2.0,1.0,73404.22245,75005.653867,1.0,29.0,1.0,762.0,,,1.0,2.0,2.0,2.0,1.0,4.0,82.0,,1.0,1.0,140.0,116.0,74.0,2.0,106.0,76.0,2.0,106.0,78.0,2.0,,,,106.0,77.0,2.0,,,,,2.0,,,,2.0,,,,,,,,,2.0,,,,2.0,2.0,0.0,2.0,2.0,2.0,2.0,2.0,2.0,2.0,2.0,,,,,,,,,,,,,,,2.0,,,,,,,,,,,,,,,,,,,,,,,,,,,,,,,,,,,1.0,2.0,2.0,2.0,2.0,2.0,2.0,2.0,,,,,,,,,,,,,,,,,,,,,,,,,,,,,,,,,,,,,,,,,,,,,,,,,,,,,,,2.0,,,,,,2.0,,,164.0,52.0,4.24,1.34,47.0,169.0,,3.0
27747.0,3.0,2.0,1.0,1.0,39.0,472.0,473.0,3.0,1.0,2.0,1.0,1.0,,,3.0,2.0,,1.0,3.0,11.0,11.0,5.0,,1.0,39.0,1.0,3.0,1.0,3.0,1.0,2.0,2.0,1.0,2.0,2.0,1.0,2.0,2.0,1.0,84538.270972,91339.159911,1.0,37.0,1.0,506.0,,,1.0,2.0,2.0,2.0,1.0,4.0,92.0,,1.0,1.0,150.0,122.0,86.0,2.0,126.0,90.0,2.0,124.0,86.0,2.0,,,,125.0,88.0,2.0,,,,,2.0,,,,2.0,,,,,,,,,2.0,,,,2.0,2.0,0.0,2.0,2.0,2.0,2.0,1.0,2.0,2.0,2.0,,,,,,,,,,,,,,,2.0,,,,,,,,,,,,,,,,,,,,,,,,,,,,,,,,,,,1.0,0.0,1.0,2.0,2.0,2.0,2.0,2.0,,,3.0,,,,,,,,,,,,,,,,,,,,,,,,,,,,,,,,,,,,,,,,,,,,,,,,,,,,2.0,,,,,,2.0,,,203.0,32.0,5.25,0.83,37.6,141.0,136.0,2.0
27756.0,3.0,2.0,1.0,2.0,26.0,312.0,312.0,4.0,2.0,2.0,1.0,1.0,,,2.0,1.0,,5.0,4.0,6.0,4.0,1.2,1.0,2.0,52.0,1.0,2.0,4.0,,1.0,2.0,2.0,1.0,2.0,2.0,1.0,2.0,2.0,1.0,8000.895893,8288.671115,2.0,36.0,1.0,632.0,,,1.0,2.0,2.0,2.0,1.0,3.0,82.0,,1.0,1.0,120.0,102.0,52.0,2.0,98.0,60.0,2.0,100.0,60.0,2.0,,,,99.0,60.0,2.0,,,,,2.0,,,,2.0,,,,,,,,,2.0,,,,2.0,2.0,0.0,2.0,2.0,2.0,2.0,2.0,2.0,2.0,2.0,,,,,,,,,,,,,,,2.0,,,,,,,,,,,,,,,,,,,,,,,,,,,,,,,,,,,2.0,,1.0,2.0,1.0,2.0,2.0,2.0,,,,,,,,,9.0,,,,,,,,,,,,3.0,,,,,8.0,9.0,,,,,,,,,,,,,,,,,,,,,,,,,,,,2.0,,,,,,2.0,,,158.0,68.0,4.09,1.76,31.62,159.0,147.0,2.0
27759.0,3.0,2.0,2.0,1.0,21.0,252.0,252.0,4.0,2.0,2.0,1.0,1.0,,,3.0,2.0,,5.0,4.0,11.0,11.0,5.0,,1.0,41.0,1.0,3.0,1.0,4.0,1.0,2.0,2.0,1.0,2.0,2.0,1.0,2.0,2.0,1.0,23090.402645,25328.016063,1.0,30.0,1.0,500.0,,,2.0,2.0,2.0,2.0,1.0,3.0,56.0,,1.0,1.0,130.0,108.0,62.0,2.0,104.0,68.0,2.0,108.0,62.0,2.0,,,,106.0,65.0,2.0,,,,,2.0,,,,2.0,,,,,,,,,2.0,,,,2.0,2.0,0.0,2.0,2.0,2.0,2.0,2.0,2.0,2.0,2.0,,,,,,,,,,,,,,,2.0,,,,,,,,,,,,,,,,,,,,,,,,,,,,,,,,,,,1.0,1.0,2.0,2.0,9.0,9.0,9.0,9.0,,,,,,,,,,,,,,,,,,,,,,,,,,,,,,,,,,,,,,,,,,,,,,,,,,,,,,,2.0,,,,,,2.0,,,121.0,41.0,3.13,1.06,48.08,167.0,157.0,3.0
27772.0,3.0,2.0,2.0,2.0,32.0,384.0,384.0,3.0,1.0,2.0,1.0,1.0,,,5.0,3.0,,1.0,3.0,11.0,11.0,4.79,2.0,1.0,34.0,1.0,5.0,1.0,5.0,1.0,2.0,2.0,1.0,2.0,2.0,1.0,2.0,2.0,1.0,101777.787624,105916.080981,2.0,32.0,1.0,507.0,,,2.0,2.0,2.0,2.0,1.0,4.0,84.0,,1.0,1.0,140.0,104.0,74.0,2.0,100.0,70.0,2.0,108.0,68.0,2.0,,,,104.0,69.0,2.0,,,,,2.0,,,,2.0,,,,,,,,,2.0,,,,2.0,2.0,0.0,2.0,2.0,2.0,2.0,2.0,2.0,2.0,2.0,,,,,,,,,,,,,,,2.0,,,,,,,,,,,,,,,,,,,,,,,,,,,,,,,,,,,1.0,0.0,1.0,1.0,2.0,2.0,2.0,2.0,,,3.0,,5.0,6.0,7.0,,,,,,,,,,,9.0,,,,,,,,,,,,,,,,,,,,,,,,,,,,,,,,,,,,,1.0,,,3.0,,,2.0,,,210.0,43.0,5.43,1.11,32.89,145.0,138.0,2.0
27776.0,3.0,2.0,2.0,1.0,20.0,251.0,253.0,4.0,2.0,2.0,1.0,1.0,,,3.0,2.0,,5.0,4.0,4.0,4.0,1.28,,2.0,37.0,1.0,4.0,3.0,,1.0,2.0,2.0,1.0,2.0,2.0,1.0,2.0,2.0,1.0,24765.93297,27165.916407,2.0,33.0,1.0,601.0,,,2.0,2.0,2.0,2.0,1.0,3.0,70.0,,1.0,1.0,140.0,120.0,66.0,2.0,122.0,64.0,2.0,118.0,66.0,2.0,,,,120.0,65.0,2.0,,,,,2.0,,,,2.0,,,,,,,,,2.0,,,,2.0,2.0,0.0,2.0,2.0,2.0,2.0,2.0,2.0,2.0,2.0,,,,,,,,,,,,,,,2.0,,,,,,,,,,,,,,,,,,,,,,,,,,,,,,,,,,,2.0,,2.0,2.0,2.0,2.0,2.0,2.0,,,,,,,,,,,,,,,,,,,,,,,,,,,,,,,,,,,,,,,,,,,,,,,,,,,,,,,2.0,,,,,,2.0,,,173.0,67.0,4.47,1.73,44.42,155.0,152.0,3.0
27779.0,3.0,2.0,2.0,2.0,38.0,460.0,461.0,3.0,1.0,2.0,1.0,1.0,,,4.0,3.0,,5.0,2.0,10.0,5.0,2.67,2.0,1.0,49.0,1.0,5.0,5.0,,1.0,2.0,2.0,1.0,2.0,2.0,1.0,2.0,2.0,1.0,102963.345727,104117.838268,1.0,31.0,1.0,683.0,,,2.0,2.0,2.0,2.0,1.0,3.0,58.0,,1.0,1.0,120.0,102.0,56.0,2.0,108.0,58.0,2.0,98.0,60.0,2.0,,,,103.0,59.0,2.0,,,,,2.0,,,,2.0,,,,,,,,,2.0,,,,1.0,2.0,0.0,2.0,2.0,2.0,2.0,2.0,2.0,2.0,2.0,,,,9.0,,,,,,,,,,9.0,2.0,,,,,,,,,,,,,,,,,,,,,,,,,,,,,,,,,,,1.0,5.0,1.0,2.0,2.0,2.0,2.0,2.0,,,,,,,7.0,,,,,,,,,,,,,,,,,,,,,,,,,,,,,,,,,,,,,,,,,,,,,,,,2.0,,,,,,2.0,,,205.0,76.0,5.3,1.97,39.98,123.0,111.0,3.0
27793.0,3.0,2.0,1.0,1.0,24.0,297.0,297.0,1.0,3.0,2.0,2.0,2.0,6.0,,1.0,1.0,,6.0,5.0,6.0,4.0,0.9,,2.0,31.0,1.0,4.0,,,1.0,2.0,2.0,1.0,2.0,2.0,1.0,2.0,2.0,1.0,39796.235755,39683.393901,2.0,36.0,1.0,683.0,,,2.0,2.0,2.0,2.0,1.0,5.0,58.0,,1.0,1.0,140.0,108.0,54.0,2.0,110.0,58.0,2.0,106.0,58.0,2.0,,,,108.0,58.0,2.0,,,,,2.0,,,,2.0,,,,,,,,,2.0,,,,2.0,2.0,0.0,2.0,2.0,2.0,2.0,2.0,2.0,2.0,2.0,,,,,,,,,,,,,,,2.0,,,,,,,,,,,,,,,,,,,,,,,,,,,,,,,,,,,2.0,,1.0,2.0,2.0,2.0,9.0,9.0,,,,,5.0,,,,,,,,,,,,,,,,,,,,,,,,,,,,,,,,,,,,,,,,,,,,,,,,,,1.0,,2.0,,,,2.0,,,168.0,62.0,4.34,1.6,35.45,175.0,,1.0
27806.0,3.0,2.0,1.0,1.0,25.0,306.0,307.0,3.0,1.0,2.0,1.0,1.0,,,3.0,2.0,,1.0,4.0,,99.0,,,2.0,52.0,1.0,2.0,3.0,,1.0,2.0,2.0,1.0,2.0,2.0,1.0,2.0,2.0,1.0,41039.228093,42622.702391,1.0,38.0,1.0,683.0,,,2.0,2.0,2.0,2.0,1.0,4.0,82.0,,1.0,1.0,160.0,,,2.0,120.0,84.0,1.0,126.0,80.0,1.0,,,2.0,126.0,80.0,2.0,,,,,2.0,,,,2.0,,,,,,,,,1.0,,,,1.0,2.0,0.0,2.0,2.0,2.0,2.0,2.0,2.0,2.0,2.0,,,,12.0,,,,,,,,,,9.0,2.0,,,,,,,,,,,,,,,,,,,,,,,,,,,,,,,,,,,1.0,1.0,2.0,1.0,2.0,2.0,2.0,1.0,,,,,,,,,,,,,,,6.0,,,,,,,,,,,,,,,,,,,,,,,,,,,,,,,,2.0,,,,,,,,2.0,,,,,,2.0,,,198.0,30.0,5.12,0.78,50.07,125.0,111.0,3.0
27811.0,3.0,2.0,2.0,1.0,47.0,573.0,574.0,3.0,1.0,2.0,1.0,1.0,,,3.0,2.0,,3.0,4.0,8.0,8.0,2.65,,1.0,47.0,1.0,3.0,3.0,,1.0,2.0,2.0,1.0,2.0,2.0,1.0,2.0,2.0,1.0,82500.207596,85146.080091,2.0,30.0,1.0,625.0,,,1.0,2.0,2.0,2.0,1.0,4.0,58.0,,1.0,1.0,160.0,126.0,80.0,2.0,,,2.0,,,2.0,,,2.0,126.0,80.0,2.0,,,,,2.0,,,,2.0,,,,,,,,,2.0,,,,2.0,2.0,0.0,2.0,2.0,2.0,2.0,2.0,2.0,2.0,2.0,,,,,,,,,,,,,,,2.0,,,,,,,,,,,,,,,,,,,,,,,,,,,,,,,,,,,1.0,0.0,1.0,2.0,1.0,2.0,2.0,2.0,1.0,,,,,,,,,,,,,,,,,,,,,,,,,,9.0,,,,,,,,,,,,,,,,,,,,,,,,,,,,2.0,,,,,,2.0,,,303.0,60.0,7.84,1.55,45.8,123.0,108.0,3.0
27829.0,3.0,2.0,2.0,2.0,37.0,452.0,454.0,4.0,2.0,2.0,1.0,1.0,,,4.0,3.0,,3.0,4.0,4.0,4.0,1.28,2.0,2.0,37.0,1.0,4.0,3.0,,1.0,2.0,2.0,1.0,2.0,2.0,,,,,34998.529911,36208.263428,2.0,33.0,1.0,528.0,,,2.0,2.0,2.0,2.0,1.0,4.0,74.0,,1.0,1.0,130.0,98.0,64.0,2.0,104.0,72.0,2.0,96.0,62.0,2.0,,,,100.0,67.0,2.0,,,,,1.0,,,,2.0,,,,,,,,,2.0,,,,2.0,2.0,0.0,2.0,2.0,2.0,2.0,2.0,2.0,2.0,2.0,,,,,,,,,,,,,,,2.0,,,,,,,,,,,,,,,,,,,,,,,,,,,,,,,,,,,1.0,0.0,2.0,2.0,2.0,2.0,2.0,2.0,,,,,,,,,,,,,,,,,,,,,,,,,,,,,,,,,,,,,,,,,,,,,,,,,,,,,,,2.0,,,,,,2.0,,,243.0,118.0,6.28,3.05,23.01,150.0,114.0,1.0
27832.0,3.0,2.0,2.0,2.0,40.0,487.0,487.0,3.0,1.0,2.0,1.0,1.0,,,3.0,2.0,,1.0,4.0,9.0,9.0,3.26,2.0,2.0,40.0,1.0,3.0,1.0,3.0,1.0,2.0,2.0,1.0,2.0,2.0,1.0,2.0,2.0,1.0,108341.283275,111789.767859,1.0,29.0,1.0,724.0,,,2.0,2.0,2.0,2.0,1.0,5.0,92.0,,1.0,1.0,130.0,108.0,74.0,2.0,108.0,76.0,2.0,116.0,72.0,2.0,,,,112.0,74.0,2.0,,,,,2.0,,,,2.0,,,,,,,,,1.0,,,,2.0,2.0,0.0,2.0,2.0,2.0,2.0,1.0,1.0,2.0,2.0,2.0,,,,,,,,,,26.0,,,,1.0,15.0,,,,,,,,,28.0,,,,,,,,,,,,,,,,,,,,,,,,,1.0,13.0,2.0,2.0,1.0,1.0,2.0,2.0,,,,,,,,,,,,,,,,,,,,2.0,,,,,,8.0,,,,,,,,,8.0,,,,,,,,,,,,,,,,,,,,1.0,1.0,,,,,2.0,,,,,,,36.87,116.0,110.0,3.0
27833.0,3.0,2.0,1.0,1.0,21.0,262.0,262.0,5.0,4.0,2.0,1.0,1.0,,,4.0,3.0,,5.0,4.0,1.0,1.0,0.0,,1.0,21.0,,,5.0,,1.0,2.0,2.0,1.0,2.0,2.0,1.0,2.0,2.0,1.0,31277.823055,32484.659324,2.0,43.0,1.0,613.0,,,1.0,2.0,2.0,2.0,1.0,4.0,66.0,,1.0,1.0,160.0,124.0,66.0,2.0,122.0,60.0,2.0,126.0,60.0,2.0,,,,124.0,60.0,2.0,,,,,2.0,,,,2.0,,,,,,,,,2.0,,,,2.0,2.0,0.0,2.0,2.0,2.0,2.0,2.0,2.0,2.0,2.0,,,,,,,,,,,,,,,2.0,,,,,,,,,,,,,,,,,,,,,,,,,,,,,,,,,,,2.0,,2.0,2.0,2.0,2.0,2.0,2.0,,,,,,,,,,,,,,,,,,,,,,,,,,,,,,,,,,,,,,,,,,,,,,,,,,,,,,,2.0,,,,,,2.0,,,186.0,77.0,4.81,1.99,36.59,174.0,164.0,1.0
27840.0,3.0,2.0,2.0,1.0,46.0,554.0,555.0,4.0,2.0,1.0,1.0,1.0,,,3.0,2.0,,1.0,4.0,7.0,7.0,2.12,,2.0,44.0,1.0,4.0,1.0,3.0,1.0,2.0,2.0,1.0,2.0,2.0,1.0,2.0,2.0,1.0,27179.101735,28441.258242,2.0,37.0,1.0,717.0,,,2.0,2.0,2.0,2.0,1.0,4.0,60.0,,1.0,1.0,160.0,128.0,72.0,2.0,128.0,70.0,2.0,,,2.0,124.0,76.0,2.0,126.0,73.0,2.0,,,,,2.0,,,,1.0,2.0,,,,,,,,1.0,,,,2.0,2.0,0.0,2.0,2.0,2.0,2.0,2.0,2.0,2.0,2.0,,,,,,,,,,,,,,,2.0,,,,,,,,,,,,,,,,,,,,,,,,,,,,,,,,,,,1.0,0.0,1.0,2.0,2.0,2.0,1.0,2.0,,2.0,,,,,,,9.0,,,,,,,,,,,,,,,,,,,,,,,,,,,,1.0,2.0,,,,,,,,,,,,,,,,,2.0,,,,,,2.0,,,167.0,62.0,4.32,1.6,40.7,131.0,113.0,3.0
27845.0,3.0,2.0,2.0,1.0,21.0,257.0,258.0,4.0,2.0,2.0,1.0,1.0,,,4.0,3.0,,5.0,7.0,,,,,1.0,55.0,,,1.0,,1.0,2.0,2.0,,,,1.0,2.0,2.0,1.0,20554.304715,23394.654362,1.0,42.0,1.0,660.0,,,2.0,2.0,2.0,1.0,1.0,4.0,88.0,,1.0,1.0,160.0,122.0,68.0,2.0,128.0,54.0,2.0,,,2.0,128.0,50.0,2.0,128.0,52.0,2.0,,,,,2.0,,,,2.0,,,,,,,,,2.0,,,,2.0,2.0,0.0,2.0,2.0,2.0,2.0,2.0,2.0,2.0,2.0,,,,,,,,,,,,,,,2.0,,,,,,,,,,,,,,,,,,,,,,,,,,,,,,,,,,,1.0,3.0,1.0,2.0,2.0,2.0,1.0,2.0,1.0,,,,,,,,,,,,,,,,,,,,,,,,,,,,,,,,,,,,,2.0,,,,,,,,,,,,,,,,,2.0,,,,,,2.0,,,181.0,94.0,4.68,2.43,44.7,167.0,171.0,3.0
27847.0,3.0,2.0,1.0,1.0,34.0,418.0,420.0,3.0,1.0,1.0,1.0,1.0,,,4.0,3.0,,1.0,3.0,11.0,11.0,5.0,,1.0,34.0,1.0,4.0,1.0,5.0,1.0,2.0,2.0,1.0,2.0,2.0,1.0,2.0,2.0,1.0,79696.009842,86107.351186,2.0,35.0,1.0,732.0,,,1.0,2.0,2.0,2.0,1.0,4.0,66.0,,1.0,1.0,150.0,112.0,80.0,2.0,,,2.0,116.0,84.0,2.0,120.0,92.0,2.0,118.0,88.0,2.0,,,,,2.0,,,,2.0,,,,,,,,,2.0,,,,2.0,2.0,0.0,2.0,2.0,2.0,2.0,2.0,2.0,2.0,2.0,,,,,,,,,,,,,,,2.0,,,,,,,,,,,,,,,,,,,,,,,,,,,,,,,,,,,1.0,2.0,1.0,2.0,2.0,2.0,2.0,2.0,1.0,,,,,,,,,,,,,,,,,,,,,,,,,,,,,,,,,,,,,,,,,,,,,,,,,,,,,,1.0,1.0,,,,,2.0,,,178.0,55.0,4.6,1.42,44.36,140.0,133.0,3.0
27853.0,3.0,2.0,2.0,1.0,29.0,359.0,359.0,3.0,1.0,2.0,1.0,1.0,,,4.0,3.0,,5.0,1.0,7.0,7.0,4.68,,1.0,29.0,1.0,4.0,5.0,,1.0,2.0,2.0,1.0,2.0,2.0,1.0,2.0,2.0,1.0,77992.502946,82967.47261,1.0,32.0,1.0,594.0,,,1.0,2.0,2.0,2.0,1.0,5.0,88.0,,1.0,1.0,140.0,116.0,80.0,2.0,118.0,78.0,2.0,,,2.0,114.0,80.0,2.0,116.0,79.0,2.0,,,,,2.0,,,,2.0,,,,,,,,,2.0,,,,2.0,2.0,0.0,2.0,2.0,2.0,2.0,1.0,2.0,2.0,2.0,,,,,,,,,,,,,,,2.0,,,,,,,,,,,,,,,,,,,,,,,,,,,,,,,,,,,1.0,15.0,1.0,2.0,2.0,1.0,9.0,2.0,1.0,,3.0,,,,,,,,,,,,,,,,,,,,,,,,,,,,,5.0,,,,,,,,,,,,,,,,,,,,,,,2.0,,,,,,2.0,,,191.0,38.0,4.94,0.98,37.97,136.0,135.0,2.0
27855.0,3.0,2.0,1.0,1.0,28.0,336.0,336.0,3.0,1.0,2.0,1.0,1.0,,,4.0,3.0,,1.0,4.0,5.0,5.0,1.27,,1.0,28.0,1.0,4.0,1.0,4.0,1.0,2.0,2.0,1.0,2.0,2.0,1.0,2.0,2.0,1.0,33803.610698,35107.902986,2.0,40.0,1.0,884.0,,,2.0,2.0,2.0,2.0,1.0,4.0,68.0,,1.0,1.0,130.0,112.0,72.0,2.0,114.0,60.0,2.0,110.0,74.0,2.0,,,,112.0,67.0,2.0,,,,,2.0,,,,2.0,,,,,,,,,2.0,,,,2.0,2.0,0.0,2.0,2.0,2.0,2.0,2.0,2.0,2.0,2.0,,,,,,,,,,,,,,,2.0,,,,,,,,,,,,,,,,,,,,,,,,,,,,,,,,,,,1.0,0.0,2.0,2.0,2.0,2.0,2.0,2.0,,,,,,,,,,,,,,,,,,,,,,,,,,,,,,,,,,,,,,,,,,,,,,,,,,,,,,,2.0,,,,,,2.0,,,135.0,61.0,3.49,1.58,42.09,167.0,164.0,2.0
27869.0,3.0,2.0,2.0,2.0,41.0,500.0,501.0,3.0,1.0,2.0,1.0,1.0,,,3.0,2.0,,1.0,4.0,11.0,11.0,4.24,2.0,2.0,41.0,1.0,3.0,1.0,3.0,1.0,2.0,2.0,1.0,2.0,2.0,1.0,2.0,2.0,1.0,115317.201801,118987.728683,2.0,31.0,1.0,664.0,,,2.0,2.0,2.0,2.0,1.0,4.0,74.0,,1.0,1.0,130.0,114.0,84.0,2.0,110.0,80.0,2.0,104.0,78.0,2.0,,,,107.0,79.0,2.0,,,,,2.0,,,,2.0,,,,,,,,,1.0,,,,2.0,2.0,0.0,2.0,2.0,2.0,2.0,2.0,2.0,2.0,2.0,,,,,,,,,,,,,,,2.0,,,,,,,,,,,,,,,,,,,,,,,,,,,,,,,,,,,1.0,0.0,2.0,1.0,2.0,2.0,2.0,2.0,,,,,,,,,,,,3.0,,,,,,,,,,,,,,,,,,,,,,,,,,,,,,,,,,,,,,,,,,,2.0,,,,,,2.0,,,232.0,47.0,6.0,1.22,26.79,146.0,126.0,2.0
27886.0,3.0,2.0,2.0,1.0,34.0,417.0,418.0,5.0,1.0,2.0,1.0,1.0,,,2.0,1.0,,5.0,2.0,7.0,7.0,3.12,,1.0,34.0,1.0,2.0,5.0,,1.0,2.0,2.0,1.0,2.0,2.0,1.0,2.0,2.0,1.0,71552.055831,76894.851813,2.0,30.0,1.0,609.0,,,2.0,2.0,2.0,2.0,1.0,4.0,88.0,,1.0,1.0,160.0,132.0,86.0,2.0,134.0,88.0,2.0,122.0,82.0,2.0,,,,128.0,85.0,2.0,,,,,2.0,,,,2.0,,,,,,,,,2.0,,,,2.0,2.0,0.0,2.0,2.0,2.0,2.0,1.0,2.0,2.0,2.0,,,,,,,,,,,,,,,2.0,,,,,,,,,,,,,,,,,,,,,,,,,,,,,,,,,,,1.0,0.0,2.0,2.0,1.0,2.0,9.0,2.0,,,,,,,,,,,,,,,,,,,,2.0,,,,,,,,,,,,,,,,,,,,,,,,,,,,,,,,,,,2.0,,,,,,2.0,,,191.0,39.0,4.94,1.01,25.95,182.0,173.0,1.0
27893.0,3.0,2.0,1.0,1.0,35.0,430.0,431.0,3.0,1.0,2.0,1.0,1.0,,,4.0,3.0,,5.0,1.0,8.0,8.0,5.0,,1.0,35.0,1.0,4.0,5.0,,1.0,2.0,2.0,1.0,2.0,2.0,1.0,2.0,2.0,1.0,79696.009842,88196.923098,2.0,35.0,1.0,646.0,,,2.0,2.0,2.0,2.0,1.0,4.0,64.0,,1.0,1.0,150.0,,,2.0,116.0,62.0,2.0,116.0,66.0,2.0,114.0,76.0,2.0,115.0,71.0,2.0,,,,,2.0,,,,2.0,,,,,,,,,2.0,,,,2.0,2.0,0.0,2.0,2.0,2.0,2.0,2.0,2.0,2.0,2.0,,,,,,,,,,,,,,,2.0,,,,,,,,,,,,,,,,,,,,,,,,,,,,,,,,,,,1.0,2.0,2.0,2.0,2.0,2.0,1.0,2.0,,,,,,,,,,,,,,,,,,,,,,,,,,,,,,,,,,,,,,2.0,,,,,,,,,,,,,,,,,2.0,,,,,,2.0,,,172.0,59.0,4.45,1.53,39.24,155.0,147.0,2.0
27899.0,3.0,2.0,2.0,2.0,23.0,278.0,279.0,3.0,1.0,2.0,1.0,1.0,,,3.0,2.0,,5.0,2.0,9.0,7.0,4.23,2.0,2.0,23.0,1.0,3.0,5.0,,1.0,2.0,2.0,1.0,2.0,2.0,1.0,2.0,2.0,1.0,65699.068919,70440.905551,1.0,33.0,1.0,777.0,,,1.0,2.0,2.0,2.0,1.0,3.0,70.0,,1.0,1.0,120.0,90.0,56.0,2.0,92.0,60.0,2.0,92.0,60.0,2.0,,,,92.0,60.0,1.0,15.0,2.0,,,2.0,,,,2.0,,,,,,,,,2.0,,,,2.0,2.0,0.0,2.0,2.0,2.0,2.0,2.0,2.0,2.0,2.0,,,,,,,,,,,,,,,2.0,,,,,,,,,,,,,,,,,,,,,,,,,,,,,,,,,,,1.0,0.0,2.0,2.0,2.0,2.0,2.0,2.0,,,,,,,,,,,,,,,,,,,,,,,,,,,,,,,,,,,,,,,,,,,,,,,,,,,,,,,2.0,,,,,,2.0,,,160.0,47.0,4.14,1.22,54.57,133.0,,3.0
27907.0,3.0,2.0,2.0,2.0,34.0,416.0,416.0,4.0,2.0,2.0,1.0,1.0,,,3.0,2.0,,5.0,4.0,3.0,2.0,0.33,2.0,2.0,79.0,1.0,3.0,2.0,,1.0,2.0,2.0,1.0,2.0,2.0,1.0,2.0,2.0,1.0,32630.716906,33758.606335,1.0,30.0,1.0,690.0,,,2.0,2.0,2.0,2.0,1.0,4.0,76.0,,1.0,1.0,130.0,116.0,68.0,2.0,116.0,72.0,2.0,112.0,74.0,2.0,,,,114.0,73.0,2.0,,,,,2.0,,,,2.0,,,,,,,,,2.0,,,,2.0,2.0,0.0,2.0,2.0,2.0,2.0,2.0,2.0,2.0,2.0,,,,,,,,,,,,,,,2.0,,,,,,,,,,,,,,,,,,,,,,,,,,,,,,,,,,,1.0,1.0,1.0,2.0,2.0,2.0,1.0,2.0,1.0,,,,,,,,,,,,,,,,,,,,,,,,,,,,,,,,,,,,1.0,,,,,,,,,,,,,,,,,,2.0,,,,,,2.0,,,169.0,60.0,4.37,1.55,40.11,136.0,123.0,3.0
27914.0,3.0,2.0,2.0,2.0,34.0,408.0,409.0,3.0,1.0,2.0,1.0,1.0,,,5.0,3.0,,1.0,4.0,11.0,11.0,5.0,2.0,2.0,34.0,1.0,5.0,1.0,5.0,1.0,2.0,2.0,1.0,2.0,2.0,1.0,2.0,2.0,1.0,77917.127287,82415.836008,2.0,33.0,1.0,606.0,,,1.0,2.0,2.0,2.0,1.0,4.0,60.0,,1.0,1.0,150.0,120.0,52.0,2.0,120.0,50.0,2.0,118.0,54.0,2.0,,,,119.0,52.0,2.0,,,,,2.0,,,,2.0,,,,,,,,,2.0,,,,2.0,2.0,0.0,2.0,2.0,2.0,2.0,2.0,2.0,2.0,2.0,,,,,,,,,,,,,,,2.0,,,,,,,,,,,,,,,,,,,,,,,,,,,,,,,,,,,1.0,1.0,2.0,2.0,2.0,2.0,2.0,2.0,,,,,,,,,,,,,,,,,,,,,,,,,,,,,,,,,,,,,,,,,,,,,,,,,,,,,,,2.0,,,,,,2.0,,,231.0,78.0,5.97,2.02,40.0,134.0,116.0,3.0
27925.0,3.0,2.0,2.0,2.0,24.0,298.0,298.0,4.0,2.0,2.0,1.0,1.0,,,2.0,1.0,,6.0,7.0,4.0,2.0,0.39,2.0,2.0,24.0,1.0,2.0,6.0,,1.0,2.0,2.0,1.0,2.0,2.0,1.0,2.0,2.0,1.0,26100.524138,28227.99591,1.0,41.0,1.0,693.0,,,2.0,2.0,2.0,2.0,1.0,3.0,80.0,,1.0,1.0,130.0,102.0,74.0,2.0,104.0,78.0,2.0,104.0,74.0,2.0,,,,104.0,76.0,2.0,,,,,2.0,,,,2.0,,,,,,,,,1.0,,,,2.0,2.0,0.0,2.0,2.0,2.0,2.0,2.0,2.0,2.0,2.0,,,,,,,,,,,,,,,2.0,,,,,,,,,,,,,,,,,,,,,,,,,,,,,,,,,,,1.0,0.0,2.0,2.0,2.0,2.0,1.0,2.0,,,,,,,,,,,,,,,,,,,,,,,,,,,,,,,,,,,,,1.0,,,,,,,,,,,,,,,,,,2.0,,,,,,2.0,,,161.0,82.0,4.16,2.12,51.58,126.0,119.0,3.0
27932.0,3.0,2.0,2.0,1.0,41.0,494.0,495.0,4.0,2.0,2.0,1.0,1.0,,,4.0,3.0,,5.0,1.0,7.0,7.0,4.45,,1.0,41.0,1.0,4.0,5.0,,1.0,2.0,2.0,1.0,2.0,2.0,1.0,2.0,2.0,1.0,23269.9449,24042.837777,1.0,30.0,1.0,592.0,,,1.0,2.0,2.0,2.0,1.0,4.0,78.0,,1.0,1.0,140.0,116.0,52.0,2.0,,,2.0,,,2.0,122.0,58.0,2.0,122.0,58.0,2.0,,,,,2.0,,,,2.0,,,,,,,,,2.0,,,,2.0,2.0,0.0,2.0,2.0,2.0,2.0,2.0,2.0,2.0,2.0,,,,,,,,,,,,,,,2.0,,,,,,,,,,,,,,,,,,,,,,,,,,,,,,,,,,,1.0,4.0,1.0,2.0,2.0,2.0,1.0,1.0,,,3.0,,,,,,,,,,,,,,,,,,,,,,,,,,,,,,,,,,,2.0,,,,,,,,,2.0,,,,,,,,2.0,,,,,,2.0,,,245.0,44.0,6.34,1.14,34.96,147.0,121.0,2.0
27935.0,3.0,2.0,1.0,2.0,21.0,255.0,256.0,1.0,3.0,2.0,1.0,1.0,,,4.0,3.0,,5.0,3.0,,4.0,1.61,2.0,2.0,21.0,,,5.0,,1.0,2.0,2.0,1.0,2.0,2.0,1.0,2.0,2.0,1.0,24441.275894,24602.763152,2.0,43.0,1.0,648.0,,,2.0,2.0,2.0,2.0,1.0,3.0,60.0,,1.0,1.0,150.0,,,2.0,,,2.0,110.0,66.0,2.0,104.0,70.0,2.0,104.0,70.0,2.0,,,,,2.0,,,,2.0,,,,,,,,,1.0,,,,2.0,2.0,0.0,2.0,2.0,2.0,2.0,2.0,2.0,2.0,2.0,,,,,,,,,,,,,,,2.0,,,,,,,,,,,,,,,,,,,,,,,,,,,,,,,,,,,1.0,1.0,1.0,2.0,1.0,2.0,1.0,2.0,,,,,,6.0,,,9.0,,,,,,,,,,,,,,,,7.0,,,,,,,,,,,,,2.0,,,5.0,,,,,,,,,,,,,,2.0,,,,,,1.0,39.0,,179.0,69.0,4.63,1.78,35.62,148.0,132.0,2.0
27940.0,3.0,2.0,2.0,1.0,27.0,326.0,326.0,3.0,1.0,2.0,1.0,1.0,,,4.0,3.0,,1.0,2.0,11.0,11.0,5.0,,2.0,29.0,1.0,5.0,1.0,4.0,1.0,2.0,2.0,1.0,2.0,2.0,1.0,2.0,2.0,1.0,61559.503246,61122.578212,2.0,30.0,1.0,691.0,,,2.0,2.0,2.0,2.0,1.0,4.0,56.0,,1.0,1.0,130.0,118.0,72.0,2.0,108.0,60.0,2.0,118.0,64.0,2.0,,,,113.0,62.0,2.0,,,,,2.0,,,,2.0,,,,,,,,,2.0,,,,2.0,2.0,0.0,2.0,2.0,2.0,2.0,2.0,2.0,2.0,2.0,,,,,,,,,,,,,,,2.0,,,,,,,,,,,,,,,,,,,,,,,,,,,,,,,,,,,1.0,0.0,9.0,9.0,9.0,9.0,9.0,9.0,,,,,,,,,,,,,,,,,,,,,,,,,,,,,,,,,,,,,,,,,,,,,,,,,,,,,,,9.0,,,,,,9.0,,,220.0,65.0,5.69,1.68,42.78,168.0,162.0,2.0
27944.0,3.0,2.0,2.0,1.0,23.0,279.0,279.0,4.0,2.0,2.0,1.0,1.0,,,2.0,1.0,,5.0,4.0,,1.0,0.11,,1.0,23.0,,,99.0,,1.0,2.0,2.0,1.0,2.0,2.0,,,,,5351.093507,5834.072929,1.0,42.0,1.0,559.0,,,2.0,2.0,2.0,2.0,1.0,4.0,74.0,,1.0,1.0,130.0,102.0,58.0,2.0,100.0,46.0,2.0,96.0,68.0,2.0,,,,98.0,57.0,2.0,,,,,2.0,,,,2.0,,,,,,,,,2.0,,,,2.0,2.0,0.0,2.0,2.0,2.0,2.0,2.0,2.0,2.0,2.0,,,,,,,,,,,,,,,2.0,,,,,,,,,,,,,,,,,,,,,,,,,,,,,,,,,,,1.0,0.0,2.0,2.0,2.0,2.0,2.0,2.0,,,,,,,,,,,,,,,,,,,,,,,,,,,,,,,,,,,,,,,,,,,,,,,,,,,,,,,2.0,,,,,,2.0,,,189.0,46.0,4.89,1.19,53.4,133.0,114.0,3.0
27967.0,3.0,2.0,2.0,1.0,21.0,260.0,261.0,3.0,1.0,2.0,1.0,1.0,,,4.0,3.0,,5.0,6.0,,77.0,,,2.0,46.0,1.0,4.0,1.0,4.0,1.0,2.0,2.0,1.0,2.0,2.0,1.0,2.0,2.0,1.0,61559.503246,62902.523023,2.0,30.0,1.0,799.0,,,1.0,2.0,2.0,2.0,1.0,3.0,62.0,,1.0,1.0,140.0,106.0,54.0,2.0,104.0,56.0,2.0,106.0,60.0,2.0,,,,105.0,58.0,2.0,,,,,2.0,,,,2.0,,,,,,,,,2.0,,,,2.0,2.0,0.0,2.0,2.0,2.0,2.0,2.0,2.0,2.0,2.0,,,,,,,,,,,,,,,2.0,,,,,,,,,,,,,,,,,,,,,,,,,,,,,,,,,,,1.0,0.0,1.0,2.0,2.0,2.0,2.0,1.0,,,,,,,,,9.0,,,,,,,,,,,,,,,,,,,,,,,,,,,,,,,,,,,,,,,,,,6.0,,,,2.0,,,,,,2.0,,,108.0,39.0,2.79,1.01,67.49,132.0,109.0,3.0
27968.0,3.0,2.0,1.0,1.0,28.0,342.0,343.0,1.0,3.0,2.0,2.0,2.0,5.0,,3.0,2.0,,1.0,6.0,10.0,7.0,2.17,,1.0,50.0,3.0,5.0,1.0,3.0,1.0,2.0,2.0,1.0,2.0,2.0,1.0,2.0,2.0,1.0,30032.816129,30064.077052,1.0,39.0,1.0,579.0,,,1.0,2.0,2.0,2.0,1.0,4.0,82.0,,1.0,1.0,150.0,130.0,82.0,2.0,124.0,76.0,2.0,124.0,82.0,2.0,,,,124.0,79.0,2.0,,,,,2.0,,,,2.0,,,,,,,,,2.0,,,,2.0,2.0,0.0,2.0,2.0,2.0,2.0,2.0,2.0,2.0,2.0,,,,,,,,,,,,,,,2.0,,,,,,,,,,,,,,,,,,,,,,,,,,,,,,,,,,,1.0,1.0,1.0,2.0,2.0,2.0,1.0,2.0,,,,,5.0,,,,9.0,,,,,,,,,,,,,,,,,,,,,,,,,,,,,,,,5.0,,,,,,,,,,,,,,2.0,,,,,,2.0,,,172.0,32.0,4.45,0.83,46.63,145.0,145.0,3.0
27970.0,3.0,2.0,1.0,1.0,22.0,272.0,274.0,1.0,3.0,2.0,2.0,2.0,2.0,,2.0,1.0,,5.0,3.0,3.0,3.0,0.89,,1.0,44.0,2.0,4.0,1.0,,2.0,2.0,2.0,1.0,2.0,2.0,2.0,2.0,2.0,2.0,44549.083877,44595.454669,2.0,38.0,1.0,709.0,,,2.0,2.0,2.0,2.0,1.0,4.0,74.0,,1.0,1.0,140.0,114.0,86.0,2.0,,,2.0,,,2.0,110.0,82.0,2.0,110.0,82.0,2.0,,,,,2.0,,,,2.0,,,,,,,,,2.0,,,,2.0,2.0,0.0,2.0,2.0,2.0,2.0,1.0,2.0,2.0,2.0,,,,,,,,,,,,,,,2.0,,,,,,,,,,,,,,,,,,,,,,,,,,,,,,,,,,,1.0,2.0,2.0,2.0,2.0,2.0,2.0,2.0,,,,,,,,,,,,,,,,,,,,,,,,,,,,,,,,,,,,,,,,,,,,,,,,,,,,,,,2.0,,,,,,2.0,,,220.0,52.0,5.69,1.34,37.03,157.0,144.0,1.0
27971.0,3.0,2.0,1.0,2.0,42.0,511.0,511.0,4.0,2.0,2.0,1.0,1.0,,,5.0,3.0,,1.0,3.0,5.0,5.0,1.43,2.0,1.0,42.0,,,1.0,5.0,1.0,2.0,2.0,1.0,2.0,2.0,1.0,2.0,2.0,1.0,35353.929854,36909.820314,2.0,36.0,1.0,726.0,,,1.0,2.0,2.0,2.0,1.0,4.0,80.0,,1.0,1.0,160.0,136.0,78.0,2.0,128.0,80.0,2.0,132.0,76.0,2.0,,,,130.0,78.0,2.0,,,,,2.0,,,,2.0,,,,,,,,,2.0,,,,2.0,2.0,0.0,2.0,2.0,2.0,2.0,1.0,2.0,2.0,2.0,,,,,,,,,,,,,,,2.0,,,,,,,,,,,,,,,,,,,,,,,,,,,,,,,,,,,1.0,14.0,1.0,2.0,1.0,2.0,2.0,1.0,,,,,,,7.0,,,,,,,,,,,,,,3.0,4.0,,,7.0,,,,,,,,,,,,,,,,,,,,,,2.0,,,,,,,9.0,2.0,,,,,,2.0,,,174.0,67.0,4.5,1.73,43.9,124.0,,3.0
27975.0,3.0,2.0,2.0,2.0,30.0,363.0,365.0,3.0,1.0,2.0,1.0,1.0,,,4.0,3.0,,1.0,2.0,10.0,10.0,5.0,2.0,1.0,33.0,1.0,3.0,1.0,4.0,1.0,2.0,2.0,1.0,2.0,2.0,1.0,2.0,2.0,1.0,77917.127287,84415.825715,2.0,33.0,1.0,587.0,,,1.0,2.0,2.0,2.0,1.0,4.0,88.0,,1.0,1.0,130.0,118.0,62.0,2.0,108.0,64.0,2.0,108.0,66.0,2.0,,,,108.0,65.0,2.0,,,,,2.0,,,,2.0,,,,,,,,,1.0,,,,2.0,2.0,0.0,2.0,2.0,2.0,2.0,2.0,2.0,2.0,2.0,,,,,,,,,,,,,,,2.0,,,,,,,,,,,,,,,,,,,,,,,,,,,,,,,,,,,1.0,0.0,1.0,1.0,1.0,1.0,1.0,2.0,1.0,,3.0,,,6.0,,,,,,3.0,,,,,,,,,3.0,,,,,,,,,3.0,,,,,,,1.0,,,,,,,,,,,,,,,,,,1.0,,2.0,,,,2.0,,,216.0,68.0,5.59,1.76,39.17,143.0,133.0,3.0
27979.0,3.0,2.0,2.0,1.0,47.0,573.0,574.0,4.0,2.0,2.0,3.0,2.0,2.0,,5.0,3.0,,3.0,1.0,9.0,9.0,5.0,,1.0,47.0,3.0,5.0,3.0,,1.0,2.0,2.0,1.0,2.0,2.0,1.0,2.0,2.0,1.0,23201.532745,23972.153366,2.0,41.0,1.0,553.0,,,2.0,2.0,2.0,2.0,1.0,4.0,68.0,,1.0,1.0,150.0,118.0,74.0,2.0,118.0,76.0,2.0,118.0,74.0,2.0,,,,118.0,75.0,1.0,1.0,2.0,,,2.0,,,,2.0,,,,,,,,,2.0,,,,1.0,2.0,0.0,2.0,2.0,2.0,2.0,2.0,2.0,2.0,2.0,,,,40.0,,,,,,,,,,9.0,2.0,,,,,,,,,,,,,,,,,,,,,,,,,,,,,,,,,,,1.0,0.0,1.0,2.0,1.0,2.0,1.0,2.0,,2.0,,,,,,,,,,,,,,,,,,,,,,,7.0,8.0,,,,,,,,,,,1.0,,,,,,,,,,,,,,,,,,2.0,,,,,,2.0,,,233.0,69.0,6.03,1.78,34.85,135.0,124.0,2.0
27988.0,3.0,2.0,2.0,2.0,20.0,248.0,249.0,3.0,1.0,2.0,1.0,1.0,,,2.0,1.0,,6.0,2.0,1.0,1.0,0.06,2.0,1.0,39.0,1.0,3.0,3.0,,1.0,2.0,2.0,1.0,2.0,2.0,1.0,2.0,2.0,1.0,61121.299521,61165.967633,1.0,29.0,1.0,807.0,,,1.0,2.0,2.0,2.0,1.0,4.0,78.0,,1.0,1.0,130.0,106.0,68.0,2.0,106.0,70.0,2.0,106.0,72.0,2.0,,,,106.0,71.0,2.0,,,,,2.0,,,,2.0,,,,,,,,,2.0,,,,2.0,2.0,0.0,2.0,2.0,2.0,2.0,1.0,2.0,2.0,2.0,,,,,,,,,,,,,,,2.0,,,,,,,,,,,,,,,,,,,,,,,,,,,,,,,,,,,1.0,1.0,2.0,2.0,2.0,2.0,1.0,1.0,,,,,,,,,,,,,,,,,,,,,,,,,,,,,,,,,,,,,,,,,,6.0,,,,,,,,,6.0,,,,2.0,,,,,,2.0,,,222.0,35.0,5.74,0.91,50.23,120.0,114.0,3.0
28000.0,3.0,2.0,1.0,1.0,46.0,559.0,559.0,4.0,2.0,1.0,1.0,1.0,,,5.0,3.0,,1.0,2.0,11.0,11.0,5.0,,1.0,46.0,1.0,5.0,1.0,4.0,1.0,2.0,2.0,1.0,2.0,2.0,1.0,2.0,2.0,1.0,26397.250933,27274.014815,1.0,37.0,1.0,710.0,,,2.0,2.0,2.0,2.0,1.0,5.0,58.0,2.0,2.0,1.0,160.0,126.0,66.0,2.0,110.0,68.0,2.0,110.0,70.0,2.0,,,,110.0,69.0,2.0,,,,,2.0,,,,2.0,,,,,,,,,2.0,,,,2.0,2.0,0.0,2.0,2.0,2.0,2.0,1.0,2.0,2.0,2.0,,,,,,,,,,,,,,,2.0,,,,,,,,,,,,,,,,,,,,,,,,,,,,,,,,,,,1.0,2.0,1.0,1.0,2.0,2.0,1.0,2.0,1.0,2.0,3.0,,,,7.0,,,,,,,5.0,,,,,,,,,,,,,,,,,,,,,,,1.0,2.0,,,,,7.0,8.0,,,,,,,,,,,2.0,,,,,,2.0,,,188.0,41.0,4.86,1.06,42.31,117.0,102.0,3.0
28009.0,3.0,2.0,1.0,1.0,48.0,587.0,588.0,1.0,3.0,2.0,2.0,1.0,3.0,,3.0,2.0,,1.0,5.0,8.0,8.0,2.27,,2.0,47.0,2.0,3.0,1.0,3.0,2.0,2.0,1.0,2.0,2.0,1.0,2.0,2.0,2.0,2.0,25669.244882,26054.946345,1.0,34.0,1.0,550.0,,,2.0,2.0,2.0,2.0,1.0,4.0,80.0,,1.0,1.0,160.0,124.0,82.0,2.0,128.0,88.0,2.0,128.0,86.0,2.0,,,,128.0,87.0,2.0,,,,,2.0,,,,2.0,,,,,,,,,2.0,,,,2.0,2.0,0.0,2.0,2.0,2.0,2.0,2.0,2.0,2.0,2.0,,,,,,,,,,,,,,,2.0,,,,,,,,,,,,,,,,,,,,,,,,,,,,,,,,,,,1.0,0.0,1.0,2.0,2.0,2.0,2.0,2.0,,,,,,,,8.0,,,,,,,,,,,,,,,,,,,,,,,,,,,,,,,,,,,,,,,,,,,,,,,1.0,1.0,,,,,2.0,,,200.0,31.0,5.17,0.8,48.05,129.0,112.0,3.0
28029.0,3.0,2.0,2.0,2.0,27.0,335.0,336.0,4.0,2.0,2.0,1.0,1.0,,,4.0,3.0,,5.0,2.0,5.0,5.0,1.65,2.0,2.0,27.0,1.0,4.0,5.0,,1.0,2.0,2.0,1.0,2.0,2.0,1.0,2.0,2.0,1.0,32598.68556,33547.74977,1.0,32.0,1.0,653.0,,,2.0,2.0,2.0,2.0,1.0,4.0,66.0,,1.0,1.0,150.0,116.0,62.0,2.0,116.0,70.0,2.0,,,2.0,118.0,62.0,2.0,117.0,66.0,1.0,8.0,1.0,2.0,,2.0,,,,2.0,,,,,,,,,2.0,,,,2.0,2.0,0.0,2.0,2.0,2.0,2.0,1.0,2.0,2.0,2.0,,,,,,,,,,,,,,,2.0,,,,,,,,,,,,,,,,,,,,,,,,,,,,,,,,,,,1.0,0.0,2.0,2.0,1.0,2.0,2.0,2.0,,,,,,,,,,,,,,,,,,,,2.0,,,,,,,,,,,,,,,,,,,,,,,,,,,,,,,,,,,1.0,,,3.0,,,2.0,,,152.0,56.0,3.93,1.45,36.6,129.0,116.0,2.0
28030.0,3.0,2.0,1.0,2.0,34.0,419.0,421.0,4.0,2.0,2.0,3.0,1.0,4.0,,5.0,3.0,,1.0,2.0,9.0,9.0,4.95,2.0,2.0,34.0,3.0,5.0,1.0,5.0,1.0,2.0,2.0,1.0,2.0,2.0,1.0,2.0,2.0,1.0,33102.647144,33814.057223,1.0,35.0,1.0,666.0,,,2.0,2.0,2.0,2.0,1.0,3.0,88.0,,1.0,1.0,160.0,128.0,64.0,2.0,128.0,62.0,2.0,126.0,58.0,2.0,,,,127.0,60.0,2.0,,,,,2.0,,,,2.0,,,,,,,,,2.0,,,,2.0,2.0,0.0,2.0,2.0,2.0,2.0,2.0,2.0,2.0,1.0,,,1.0,,,,,,,,,,34.0,,2.0,,,,,,,,,,,,,,,,,,,,,,,,,,,,,,,,,,,1.0,0.0,2.0,2.0,1.0,2.0,1.0,2.0,,,,,,,,,,,,,,,,,,,,,,,,,,,9.0,,,,,,,,,,,,,,,,,,9.0,,,,,,,,,,2.0,,,,,,1.0,45.0,,188.0,82.0,4.86,2.12,28.38,151.0,133.0,1.0
28038.0,3.0,2.0,2.0,1.0,43.0,526.0,527.0,1.0,3.0,2.0,2.0,1.0,7.0,,4.0,3.0,,4.0,1.0,11.0,11.0,5.0,,1.0,43.0,2.0,4.0,4.0,,1.0,2.0,2.0,1.0,2.0,2.0,1.0,2.0,2.0,1.0,19441.72475,19729.250828,2.0,37.0,1.0,622.0,,,2.0,2.0,2.0,2.0,1.0,4.0,58.0,,1.0,1.0,160.0,136.0,76.0,2.0,134.0,76.0,2.0,,,2.0,,,2.0,134.0,76.0,2.0,,,,,2.0,,,,2.0,,,,,,,,,2.0,,,,2.0,2.0,0.0,2.0,2.0,2.0,2.0,2.0,2.0,2.0,2.0,,,,,,,,,,,,,,,2.0,,,,,,,,,,,,,,,,,,,,,,,,,,,,,,,,,,,1.0,1.0,1.0,2.0,1.0,2.0,2.0,2.0,,,,,,,,,9.0,,,,,,,,,,,,,,,,,,9.0,,,,,,,,,,,,,,,,,,,,,,,,,,,,2.0,,,,,,2.0,,,167.0,51.0,4.32,1.32,58.04,114.0,93.0,3.0
28053.0,3.0,2.0,2.0,2.0,25.0,311.0,311.0,3.0,1.0,2.0,3.0,2.0,2.0,,5.0,3.0,,5.0,1.0,7.0,7.0,4.45,2.0,2.0,25.0,3.0,5.0,5.0,,1.0,2.0,2.0,1.0,2.0,2.0,1.0,2.0,2.0,1.0,65722.424198,70465.946499,1.0,30.0,1.0,759.0,,,2.0,2.0,2.0,2.0,1.0,3.0,64.0,,1.0,1.0,150.0,112.0,50.0,2.0,110.0,46.0,2.0,110.0,46.0,2.0,,,,110.0,46.0,1.0,11.0,2.0,,,2.0,,,,2.0,,,,,,,,,2.0,,,,2.0,2.0,0.0,2.0,2.0,2.0,2.0,2.0,2.0,2.0,2.0,,,,,,,,,,,,,,,2.0,,,,,,,,,,,,,,,,,,,,,,,,,,,,,,,,,,,1.0,0.0,1.0,2.0,2.0,2.0,2.0,2.0,,,3.0,,,,,,,,,,,,,,,,,,,,,,,,,,,,,,,,,,,,,,,,,,,,,,,,,,,,2.0,,,,,,2.0,,,150.0,71.0,3.88,1.84,50.95,109.0,102.0,3.0
28068.0,3.0,2.0,2.0,2.0,45.0,545.0,545.0,3.0,1.0,2.0,1.0,1.0,,,4.0,3.0,,1.0,5.0,10.0,10.0,3.09,2.0,1.0,49.0,1.0,5.0,1.0,4.0,1.0,2.0,2.0,1.0,2.0,2.0,1.0,2.0,2.0,1.0,86553.045789,90773.540227,2.0,29.0,1.0,522.0,,,2.0,2.0,2.0,2.0,1.0,3.0,56.0,,1.0,1.0,130.0,110.0,72.0,2.0,106.0,72.0,2.0,102.0,70.0,2.0,,,,104.0,71.0,2.0,,,,,2.0,,,,2.0,,,,,,,,,2.0,,,,2.0,2.0,0.0,2.0,2.0,2.0,2.0,2.0,2.0,2.0,2.0,,,,,,,,,,,,,,,2.0,,,,,,,,,,,,,,,,,,,,,,,,,,,,,,,,,,,1.0,1.0,2.0,2.0,2.0,2.0,1.0,1.0,,,,,,,,,,,,,,,,,,,,,,,,,,,,,,,,,,,,,,2.0,,,,,,,,,2.0,,,,,,,,2.0,,,,,,2.0,,,227.0,71.0,5.87,1.84,78.89,107.0,92.0,3.0
28070.0,3.0,2.0,2.0,2.0,43.0,518.0,518.0,3.0,1.0,2.0,1.0,1.0,,,4.0,3.0,,3.0,3.0,2.0,2.0,0.51,2.0,2.0,43.0,1.0,4.0,3.0,,1.0,2.0,2.0,1.0,2.0,2.0,1.0,2.0,2.0,1.0,39563.833669,40823.143752,2.0,30.0,1.0,964.0,,,2.0,2.0,2.0,2.0,1.0,4.0,78.0,,1.0,1.0,160.0,146.0,70.0,2.0,130.0,80.0,2.0,142.0,80.0,2.0,,,,136.0,80.0,2.0,,,,,2.0,,,,2.0,,,,,,,,,2.0,,,,1.0,2.0,0.0,2.0,2.0,2.0,2.0,1.0,2.0,2.0,2.0,,,,37.0,,,,,,,,,,1.0,1.0,15.0,,,,,,,,,37.0,,,,,,,,,,,,,,,,,,,,,,,,,1.0,0.0,2.0,2.0,2.0,2.0,2.0,2.0,,,,,,,,,,,,,,,,,,,,,,,,,,,,,,,,,,,,,,,,,,,,,,,,,,,,,,,1.0,1.0,,,,,2.0,,,200.0,50.0,5.17,1.29,32.9,129.0,120.0,3.0
28077.0,3.0,2.0,2.0,1.0,44.0,534.0,535.0,3.0,1.0,2.0,1.0,1.0,,,4.0,3.0,,1.0,2.0,9.0,9.0,4.4,,2.0,27.0,1.0,5.0,1.0,4.0,1.0,2.0,2.0,1.0,2.0,2.0,1.0,2.0,2.0,1.0,82500.207596,82736.712132,2.0,43.0,1.0,833.0,,,1.0,2.0,2.0,2.0,1.0,4.0,66.0,,1.0,1.0,150.0,108.0,68.0,2.0,116.0,70.0,2.0,122.0,68.0,2.0,,,,119.0,69.0,2.0,,,,,2.0,,,,2.0,,,,,,,,,2.0,,,,2.0,2.0,0.0,2.0,2.0,2.0,2.0,2.0,2.0,2.0,2.0,,,,,,,,,,,,,,,2.0,,,,,,,,,,,,,,,,,,,,,,,,,,,,,,,,,,,1.0,3.0,1.0,2.0,1.0,2.0,1.0,2.0,,2.0,,,,,,,,,,,,,,,,,,,,,,,,,9.0,,,,,,,,,,,2.0,,,,,,,,,,,,,,,,,2.0,,,,,,2.0,,,220.0,39.0,5.69,1.01,47.51,124.0,109.0,3.0
28084.0,3.0,2.0,1.0,1.0,21.0,259.0,261.0,3.0,1.0,2.0,1.0,1.0,,,4.0,3.0,,5.0,4.0,7.0,3.0,1.29,,1.0,21.0,1.0,4.0,5.0,,1.0,2.0,2.0,1.0,2.0,2.0,1.0,2.0,2.0,1.0,30941.533268,32135.393994,2.0,43.0,1.0,551.0,,,1.0,2.0,2.0,2.0,1.0,3.0,68.0,,1.0,1.0,140.0,110.0,70.0,2.0,118.0,68.0,2.0,112.0,70.0,2.0,,,,115.0,69.0,2.0,,,,,2.0,,,,2.0,,,,,,,,,2.0,,,,2.0,2.0,0.0,2.0,2.0,2.0,2.0,2.0,2.0,2.0,2.0,,,,,,,,,,,,,,,2.0,,,,,,,,,,,,,,,,,,,,,,,,,,,,,,,,,,,1.0,0.0,2.0,1.0,2.0,2.0,2.0,2.0,,,,,,,,,,,,,,,6.0,,,,,,,,,,,,,,,,,,,,,,,,,,,,,,,,,,,,,,,,2.0,,,,,,2.0,,,137.0,48.0,3.54,1.24,48.22,145.0,,3.0
28094.0,3.0,2.0,2.0,1.0,35.0,422.0,422.0,3.0,1.0,2.0,1.0,1.0,,,5.0,3.0,,1.0,3.0,11.0,11.0,5.0,,1.0,35.0,1.0,5.0,1.0,5.0,1.0,2.0,2.0,1.0,2.0,2.0,1.0,2.0,2.0,1.0,77475.670269,83708.39094,1.0,39.0,1.0,582.0,,,2.0,2.0,2.0,2.0,1.0,4.0,58.0,,1.0,1.0,150.0,114.0,62.0,2.0,110.0,62.0,2.0,108.0,58.0,2.0,,,,109.0,60.0,2.0,,,,,2.0,,,,2.0,,,,,,,,,2.0,,,,2.0,2.0,0.0,2.0,2.0,2.0,2.0,1.0,2.0,2.0,2.0,,,,,,,,,,,,,,,2.0,,,,,,,,,,,,,,,,,,,,,,,,,,,,,,,,,,,1.0,0.0,9.0,9.0,9.0,9.0,9.0,9.0,,,,,,,,,,,,,,,,,,,,,,,,,,,,,,,,,,,,,,,,,,,,,,,,,,,,,,,9.0,,,,,,9.0,,,217.0,42.0,5.61,1.09,41.91,136.0,,2.0
28096.0,3.0,2.0,1.0,2.0,45.0,542.0,544.0,3.0,1.0,2.0,1.0,1.0,,,3.0,2.0,,5.0,3.0,7.0,7.0,2.23,2.0,1.0,74.0,1.0,1.0,1.0,1.0,1.0,2.0,2.0,1.0,2.0,2.0,1.0,2.0,2.0,1.0,123125.057476,132443.352447,2.0,34.0,1.0,784.0,,,2.0,2.0,2.0,2.0,1.0,3.0,72.0,,1.0,1.0,180.0,160.0,80.0,2.0,150.0,84.0,2.0,,,2.0,148.0,84.0,2.0,149.0,84.0,2.0,,,,,2.0,,,,2.0,,,,,,,,,2.0,,,,2.0,2.0,0.0,2.0,2.0,2.0,2.0,2.0,2.0,2.0,2.0,,,,,,,,,,,,,,,2.0,,,,,,,,,,,,,,,,,,,,,,,,,,,,,,,,,,,1.0,0.0,1.0,1.0,2.0,2.0,9.0,2.0,,2.0,,,,,,,,,,3.0,,,,,,,,,,,,,,,,,,,,,,,,,,,,,,,,,,,,,,,,,,,2.0,,,,,,2.0,,,249.0,62.0,6.44,1.6,39.59,116.0,111.0,3.0
28099.0,3.0,2.0,2.0,2.0,34.0,418.0,419.0,3.0,1.0,2.0,1.0,1.0,,,4.0,3.0,,1.0,4.0,8.0,8.0,2.61,2.0,1.0,49.0,1.0,4.0,1.0,4.0,1.0,2.0,2.0,1.0,2.0,2.0,1.0,2.0,2.0,1.0,102963.345727,107149.843976,1.0,31.0,1.0,544.0,,,2.0,2.0,2.0,2.0,1.0,4.0,74.0,,1.0,1.0,140.0,104.0,66.0,2.0,108.0,70.0,2.0,106.0,66.0,2.0,,,,107.0,68.0,2.0,,,,,2.0,,,,2.0,,,,,,,,,1.0,,,,1.0,2.0,0.0,2.0,2.0,2.0,2.0,2.0,2.0,2.0,2.0,,,,22.0,,,,,,,,,,2.0,2.0,,,,,,,,,,,,,,,,,,,,,,,,,,,,,,,,,,,2.0,,1.0,2.0,1.0,2.0,2.0,2.0,1.0,,3.0,,,,,,,,,,,,,,,,,,3.0,,,,,,9.0,,,,,,,,,,,,,,,,,,,,,,,,,,,,2.0,,,,,,1.0,53.0,,290.0,60.0,7.5,1.55,25.23,159.0,154.0,1.0
28100.0,3.0,2.0,1.0,1.0,39.0,472.0,473.0,3.0,1.0,2.0,1.0,1.0,,,4.0,3.0,,1.0,3.0,7.0,7.0,2.62,,2.0,45.0,1.0,4.0,1.0,4.0,1.0,2.0,2.0,1.0,2.0,2.0,1.0,2.0,2.0,1.0,84538.270972,91339.159911,1.0,37.0,1.0,688.0,,,1.0,2.0,2.0,2.0,1.0,4.0,54.0,,1.0,1.0,150.0,126.0,74.0,2.0,120.0,72.0,2.0,,,2.0,,,2.0,120.0,72.0,2.0,,,,,2.0,,,,2.0,,,,,,,,,2.0,,,,2.0,2.0,0.0,2.0,2.0,2.0,2.0,2.0,2.0,1.0,2.0,,1.0,,,,,,,,,,11.0,,,2.0,,,,,,,,,,,,,,,,,,,,,,,,,,,,,,,,,,,1.0,2.0,2.0,2.0,1.0,2.0,1.0,2.0,,,,,,,,,,,,,,,,,,,,2.0,,,,6.0,,,,,,,,,,,,,1.0,,,4.0,,,,,,,,,,,,,,,2.0,,,,,,2.0,,,137.0,46.0,3.54,1.19,38.2,135.0,118.0,2.0
28126.0,3.0,2.0,1.0,2.0,38.0,456.0,,3.0,1.0,2.0,1.0,1.0,,,2.0,1.0,,6.0,5.0,11.0,8.0,2.65,2.0,2.0,38.0,1.0,2.0,6.0,,1.0,2.0,2.0,1.0,2.0,2.0,1.0,2.0,2.0,1.0,79904.13939,80240.427891,2.0,39.0,1.0,512.0,,,1.0,2.0,2.0,2.0,1.0,4.0,82.0,,1.0,1.0,140.0,104.0,66.0,2.0,100.0,70.0,2.0,102.0,68.0,2.0,,,,101.0,69.0,2.0,,,,,2.0,,,,2.0,,,,,,,,,2.0,,,,2.0,2.0,0.0,2.0,2.0,2.0,2.0,2.0,2.0,2.0,2.0,,,,,,,,,,,,,,,2.0,,,,,,,,,,,,,,,,,,,,,,,,,,,,,,,,,,,1.0,0.0,1.0,2.0,2.0,9.0,1.0,1.0,,,,,5.0,,,,,,,,,,,,,,,,,,,,,,,,,,,,,,,,,2.0,,,,,,,,,2.0,,,,,,,,2.0,,,,,,2.0,,,270.0,66.0,6.98,1.71,26.1,136.0,126.0,1.0
28145.0,3.0,2.0,1.0,2.0,30.0,360.0,360.0,1.0,3.0,2.0,1.0,1.0,,,4.0,3.0,,1.0,4.0,4.0,4.0,0.87,2.0,1.0,29.0,1.0,4.0,1.0,4.0,1.0,2.0,2.0,1.0,2.0,2.0,1.0,2.0,2.0,1.0,29706.542643,32575.422498,2.0,38.0,1.0,440.0,,,2.0,2.0,2.0,2.0,1.0,4.0,80.0,,1.0,1.0,140.0,118.0,66.0,2.0,124.0,66.0,2.0,120.0,68.0,2.0,,,,122.0,67.0,2.0,,,,,2.0,,,,2.0,,,,,,,,,2.0,,,,2.0,2.0,0.0,2.0,2.0,2.0,2.0,2.0,2.0,2.0,2.0,,,,,,,,,,,,,,,2.0,,,,,,,,,,,,,,,,,,,,,,,,,,,,,,,,,,,2.0,,2.0,2.0,2.0,2.0,2.0,2.0,,,,,,,,,,,,,,,,,,,,,,,,,,,,,,,,,,,,,,,,,,,,,,,,,,,,,,,2.0,,,,,,2.0,,,192.0,52.0,4.97,1.34,27.57,154.0,146.0,1.0
28151.0,3.0,2.0,1.0,2.0,43.0,524.0,525.0,1.0,3.0,2.0,1.0,1.0,,,2.0,1.0,,4.0,4.0,,,,2.0,1.0,71.0,,,1.0,,1.0,2.0,2.0,,,,1.0,2.0,2.0,1.0,19898.137351,20077.414971,2.0,43.0,1.0,673.0,,,2.0,2.0,2.0,2.0,1.0,4.0,68.0,,1.0,1.0,170.0,,,2.0,142.0,80.0,2.0,134.0,82.0,2.0,136.0,86.0,2.0,135.0,84.0,2.0,,,,,2.0,,,,2.0,,,,,,,,,1.0,,,,1.0,2.0,0.0,2.0,2.0,2.0,2.0,1.0,2.0,2.0,2.0,,,,40.0,,,,,,,,,,3.0,2.0,,,,,,,,,,,,,,,,,,,,,,,,,,,,,,,,,,,1.0,3.0,1.0,2.0,1.0,2.0,1.0,1.0,1.0,,3.0,4.0,,,,,9.0,,,,,,,,,,,,,,,,7.0,,,,,,,,,,,,1.0,,,,,,,,,,,,,,,,,9.0,2.0,,,,,,2.0,,,228.0,43.0,5.9,1.11,47.4,116.0,107.0,3.0
28156.0,3.0,2.0,2.0,1.0,30.0,363.0,364.0,3.0,1.0,1.0,1.0,1.0,,,4.0,3.0,,5.0,2.0,10.0,7.0,4.3,,1.0,24.0,1.0,3.0,5.0,,1.0,2.0,2.0,1.0,2.0,2.0,1.0,2.0,2.0,1.0,87042.180001,96326.685252,2.0,37.0,1.0,626.0,,,1.0,2.0,2.0,2.0,1.0,4.0,80.0,,1.0,1.0,140.0,,,2.0,,,2.0,108.0,62.0,2.0,112.0,60.0,2.0,112.0,60.0,2.0,,,,,2.0,,,,2.0,,,,,,,,,2.0,,,,2.0,2.0,0.0,2.0,2.0,2.0,2.0,1.0,2.0,2.0,2.0,,,,,,,,,,,,,,,2.0,,,,,,,,,,,,,,,,,,,,,,,,,,,,,,,,,,,1.0,0.0,2.0,2.0,2.0,2.0,1.0,1.0,,,,,,,,,,,,,,,,,,,,,,,,,,,,,,,,,,,,,,2.0,,,,6.0,,,,,2.0,,,,6.0,,,,2.0,,,,,,2.0,,,244.0,39.0,6.31,1.01,41.27,171.0,166.0,2.0
28161.0,3.0,2.0,1.0,2.0,32.0,394.0,395.0,1.0,3.0,2.0,1.0,1.0,,,3.0,2.0,,1.0,5.0,6.0,6.0,1.45,2.0,1.0,32.0,1.0,5.0,1.0,3.0,1.0,2.0,2.0,1.0,2.0,2.0,,,,,38947.423846,40269.717835,2.0,38.0,1.0,660.0,,,1.0,2.0,2.0,2.0,1.0,3.0,90.0,,1.0,1.0,150.0,126.0,78.0,2.0,126.0,78.0,2.0,,,2.0,122.0,78.0,2.0,124.0,78.0,2.0,,,,,2.0,,,,2.0,,,,,,,,,2.0,,,,2.0,2.0,0.0,2.0,2.0,2.0,2.0,2.0,2.0,2.0,2.0,,,,,,,,,,,,,,,2.0,,,,,,,,,,,,,,,,,,,,,,,,,,,,,,,,,,,1.0,3.0,2.0,1.0,2.0,1.0,2.0,2.0,,,,,,,,,,,,,,5.0,,,,,,,,,,,,,,1.0,,,,,,,,,,,,,,,,,,,,,,,,,,,2.0,,,,,,2.0,,,197.0,63.0,5.09,1.63,32.87,143.0,138.0,2.0
28176.0,3.0,2.0,2.0,2.0,25.0,300.0,302.0,2.0,5.0,2.0,3.0,1.0,3.0,,4.0,3.0,,1.0,3.0,9.0,,,2.0,1.0,26.0,,,1.0,4.0,1.0,2.0,2.0,1.0,2.0,2.0,1.0,2.0,2.0,1.0,63322.474672,66284.256619,1.0,41.0,1.0,931.0,,,1.0,2.0,2.0,2.0,1.0,3.0,66.0,,1.0,1.0,120.0,96.0,50.0,2.0,92.0,48.0,2.0,98.0,50.0,2.0,,,,95.0,49.0,2.0,,,,,2.0,,,,2.0,,,,,,,,,2.0,,,,2.0,2.0,0.0,2.0,2.0,2.0,2.0,2.0,2.0,2.0,2.0,,,,,,,,,,,,,,,2.0,,,,,,,,,,,,,,,,,,,,,,,,,,,,,,,,,,,1.0,0.0,1.0,2.0,1.0,2.0,2.0,2.0,,,3.0,,,,,,,,,,,,,,,,,,,,,,,8.0,,,,,,,,,,,,,,,,,,,,,,,,,,,,,2.0,,,,,,2.0,,,148.0,67.0,3.83,1.73,33.35,127.0,98.0,2.0
28222.0,3.0,2.0,2.0,1.0,39.0,470.0,471.0,3.0,1.0,2.0,1.0,1.0,,,3.0,2.0,,1.0,4.0,9.0,9.0,3.18,,1.0,39.0,1.0,3.0,1.0,4.0,1.0,2.0,2.0,1.0,2.0,2.0,1.0,2.0,2.0,1.0,95919.263547,101962.540547,2.0,34.0,1.0,635.0,,,2.0,2.0,2.0,2.0,1.0,4.0,82.0,,1.0,1.0,160.0,132.0,76.0,2.0,124.0,76.0,2.0,124.0,76.0,2.0,,,,124.0,76.0,2.0,,,,,2.0,,,,2.0,,,,,,,,,2.0,,,,2.0,2.0,0.0,2.0,2.0,2.0,2.0,2.0,2.0,2.0,2.0,,,,,,,,,,,,,,,2.0,,,,,,,,,,,,,,,,,,,,,,,,,,,,,,,,,,,1.0,2.0,1.0,2.0,2.0,2.0,2.0,2.0,1.0,,,,,,,,,,,,,,,,,,,,,,,,,,,,,,,,,,,,,,,,,,,,,,,,,,,,,,2.0,,,,,,1.0,53.0,,185.0,34.0,4.78,0.88,40.32,140.0,133.0,2.0
28225.0,3.0,2.0,1.0,1.0,46.0,559.0,559.0,4.0,2.0,1.0,1.0,1.0,,,3.0,2.0,,4.0,1.0,3.0,3.0,1.34,,1.0,46.0,1.0,3.0,4.0,,1.0,2.0,2.0,1.0,2.0,2.0,1.0,2.0,2.0,1.0,25598.947354,26449.196212,1.0,38.0,1.0,624.0,,,2.0,2.0,2.0,2.0,1.0,4.0,88.0,,1.0,1.0,150.0,126.0,88.0,2.0,126.0,88.0,2.0,118.0,88.0,2.0,,,,122.0,88.0,2.0,,,,,2.0,,,,1.0,3.0,,,,,,,,2.0,,,,2.0,2.0,0.0,2.0,2.0,2.0,2.0,2.0,2.0,2.0,2.0,,,,,,,,,,,,,,,2.0,,,,,,,,,,,,,,,,,,,,,,,,,,,,,,,,,,,1.0,10.0,2.0,2.0,2.0,2.0,2.0,2.0,,,,,,,,,,,,,,,,,,,,,,,,,,,,,,,,,,,,,,,,,,,,,,,,,,,,,,,2.0,,,,,,2.0,,,177.0,56.0,4.58,1.45,37.16,145.0,135.0,2.0
28230.0,3.0,2.0,1.0,1.0,33.0,405.0,406.0,3.0,1.0,2.0,1.0,1.0,,,5.0,3.0,,1.0,2.0,10.0,10.0,5.0,,1.0,33.0,1.0,5.0,1.0,5.0,1.0,2.0,2.0,1.0,2.0,2.0,1.0,2.0,2.0,1.0,74522.946063,82472.06549,1.0,30.0,1.0,827.0,,,2.0,2.0,1.0,2.0,1.0,3.0,74.0,,1.0,1.0,140.0,120.0,72.0,2.0,114.0,72.0,2.0,110.0,74.0,2.0,,,,112.0,73.0,2.0,,,,,2.0,,,,2.0,,,,,,,,,2.0,,,,2.0,2.0,0.0,2.0,2.0,2.0,2.0,2.0,2.0,2.0,2.0,,,,,,,,,,,,,,,2.0,,,,,,,,,,,,,,,,,,,,,,,,,,,,,,,,,,,1.0,1.0,2.0,2.0,2.0,2.0,2.0,2.0,,,,,,,,,,,,,,,,,,,,,,,,,,,,,,,,,,,,,,,,,,,,,,,,,,,,,,,2.0,,,,,,2.0,,,142.0,50.0,3.67,1.29,53.87,138.0,126.0,3.0
28239.0,3.0,2.0,2.0,1.0,25.0,304.0,304.0,3.0,1.0,1.0,1.0,1.0,,,3.0,2.0,,6.0,3.0,,,,,2.0,18.0,1.0,2.0,6.0,,1.0,2.0,2.0,1.0,2.0,2.0,1.0,2.0,2.0,1.0,77992.502946,81001.797456,1.0,32.0,1.0,636.0,,,2.0,2.0,2.0,1.0,1.0,4.0,88.0,,1.0,1.0,150.0,124.0,58.0,2.0,,,2.0,,,2.0,114.0,54.0,2.0,114.0,54.0,2.0,,,,,2.0,,,,2.0,,,,,,,,,1.0,,,,2.0,2.0,0.0,2.0,2.0,2.0,2.0,2.0,2.0,2.0,2.0,,,,,,,,,,,,,,,2.0,,,,,,,,,,,,,,,,,,,,,,,,,,,,,,,,,,,1.0,0.0,1.0,2.0,1.0,2.0,2.0,2.0,1.0,,,,,,,,,,,,,,,,,,1.0,,,,,,,,,,,,,,,,,,,,,,,,,,,,,,,,,,,,2.0,,,,,,2.0,,,178.0,30.0,4.6,0.78,45.96,137.0,122.0,3.0
28245.0,3.0,2.0,1.0,2.0,21.0,258.0,259.0,3.0,1.0,2.0,1.0,1.0,,,3.0,2.0,,4.0,2.0,9.0,1.0,0.21,2.0,2.0,21.0,1.0,3.0,4.0,,1.0,2.0,2.0,1.0,2.0,2.0,1.0,2.0,2.0,1.0,54826.10629,58783.185796,2.0,42.0,1.0,685.0,,,1.0,2.0,2.0,2.0,1.0,4.0,84.0,,1.0,1.0,140.0,114.0,52.0,2.0,114.0,62.0,2.0,116.0,58.0,2.0,,,,115.0,60.0,2.0,,,,,2.0,,,,2.0,,,,,,,,,1.0,,,,1.0,2.0,0.0,2.0,2.0,2.0,2.0,1.0,2.0,2.0,2.0,,,,19.0,,,,,,,,,,9.0,2.0,,,,,,,,,,,,,,,,,,,,,,,,,,,,,,,,,,,1.0,0.0,1.0,1.0,1.0,1.0,2.0,2.0,,,3.0,,,,,,,,,3.0,,,,,,,,,,,,,,,9.0,,,3.0,,,,,,,,,,,,,,,,,,,,,,,,,2.0,,,,,,2.0,,,158.0,48.0,4.09,1.24,28.66,156.0,145.0,1.0
28246.0,3.0,2.0,1.0,2.0,40.0,488.0,488.0,3.0,1.0,2.0,1.0,1.0,,,4.0,3.0,,1.0,4.0,5.0,5.0,1.27,2.0,1.0,28.0,1.0,4.0,1.0,4.0,1.0,2.0,2.0,1.0,2.0,2.0,1.0,2.0,2.0,1.0,37744.320736,39584.807045,2.0,40.0,1.0,793.0,,,1.0,2.0,2.0,2.0,1.0,4.0,68.0,,1.0,1.0,130.0,104.0,68.0,2.0,110.0,64.0,2.0,102.0,62.0,2.0,,,,106.0,63.0,2.0,,,,,2.0,,,,2.0,,,,,,,,,2.0,,,,2.0,2.0,0.0,2.0,2.0,2.0,2.0,2.0,2.0,2.0,1.0,,,1.0,,,,,,,,,,26.0,,2.0,,,,,,,,,,,,,,,,,,,,,,,,,,,,,,,,,,,1.0,0.0,2.0,2.0,2.0,2.0,1.0,1.0,,,,,,,,,,,,,,,,,,,,,,,,,,,,,,,,,,,,,,2.0,,,,,,,,,2.0,,,,,,,,2.0,,,,,,2.0,,,175.0,58.0,4.53,1.5,45.54,117.0,109.0,3.0
28252.0,3.0,2.0,1.0,1.0,28.0,345.0,346.0,1.0,3.0,2.0,1.0,1.0,,,3.0,2.0,,1.0,3.0,7.0,7.0,2.69,,1.0,28.0,1.0,3.0,1.0,3.0,1.0,2.0,2.0,1.0,2.0,2.0,1.0,2.0,2.0,1.0,37055.197408,39340.425,1.0,34.0,1.0,720.0,,,1.0,2.0,2.0,2.0,1.0,4.0,58.0,,1.0,1.0,140.0,120.0,68.0,2.0,120.0,82.0,2.0,112.0,68.0,2.0,,,,116.0,75.0,2.0,,,,,2.0,,,,2.0,,,,,,,,,1.0,,,,2.0,2.0,0.0,2.0,2.0,2.0,2.0,2.0,2.0,2.0,2.0,,,,,,,,,,,,,,,2.0,,,,,,,,,,,,,,,,,,,,,,,,,,,,,,,,,,,1.0,1.0,1.0,1.0,2.0,2.0,1.0,2.0,,,3.0,,,,,,,,,,,5.0,,,,,,,,,,,,,,,,,,,,,,,,,,,5.0,,,,,,,,,,,,,,1.0,,,3.0,,,9.0,,,175.0,41.0,4.53,1.06,40.08,135.0,119.0,2.0
28254.0,3.0,2.0,1.0,1.0,35.0,427.0,428.0,3.0,1.0,2.0,1.0,1.0,,,2.0,1.0,,1.0,5.0,6.0,6.0,1.21,,2.0,34.0,1.0,4.0,1.0,2.0,1.0,2.0,2.0,1.0,2.0,2.0,1.0,2.0,2.0,1.0,42636.579892,46066.58433,1.0,38.0,1.0,710.0,,,2.0,2.0,2.0,2.0,1.0,5.0,84.0,,1.0,1.0,180.0,144.0,90.0,2.0,144.0,92.0,2.0,144.0,92.0,2.0,,,,144.0,92.0,1.0,12.0,2.0,,,2.0,,,,2.0,,,,,,,,,1.0,,,,2.0,2.0,0.0,2.0,2.0,2.0,2.0,2.0,2.0,2.0,2.0,,,,,,,,,,,,,,,2.0,,,,,,,,,,,,,,,,,,,,,,,,,,,,,,,,,,,1.0,6.0,2.0,2.0,1.0,2.0,1.0,2.0,,,,,,,,,,,,,,,,,,,,,,,,,,,9.0,,,,,,,,,,,,,,5.0,,,,,,,,,,,,,,2.0,,,,,,2.0,,,179.0,33.0,4.63,0.85,43.4,128.0,126.0,3.0
28258.0,3.0,2.0,2.0,2.0,35.0,424.0,424.0,3.0,1.0,2.0,1.0,1.0,,,2.0,1.0,,3.0,2.0,3.0,3.0,0.96,2.0,2.0,35.0,1.0,2.0,3.0,,1.0,2.0,2.0,1.0,2.0,2.0,1.0,2.0,2.0,1.0,63074.851315,66359.861011,2.0,32.0,1.0,562.0,,,1.0,2.0,2.0,2.0,1.0,4.0,98.0,,1.0,1.0,140.0,124.0,78.0,2.0,120.0,78.0,2.0,120.0,80.0,2.0,,,,120.0,79.0,2.0,,,,,2.0,,,,2.0,,,,,,,,,2.0,,,,2.0,2.0,0.0,2.0,2.0,2.0,2.0,2.0,2.0,2.0,2.0,,,,,,,,,,,,,,,2.0,,,,,,,,,,,,,,,,,,,,,,,,,,,,,,,,,,,1.0,0.0,2.0,2.0,1.0,2.0,2.0,2.0,,,,,,,,,,,,,,,,,,,,,,,,,,,9.0,,,,,,,,,,,,,,,,,,,,,,,,,,,,1.0,,2.0,,,,2.0,,,271.0,52.0,7.01,1.34,50.79,124.0,,3.0
28276.0,3.0,2.0,2.0,1.0,32.0,392.0,393.0,4.0,2.0,2.0,1.0,1.0,,,4.0,3.0,,1.0,4.0,9.0,9.0,2.92,,2.0,34.0,1.0,4.0,1.0,4.0,1.0,2.0,2.0,1.0,2.0,2.0,1.0,2.0,2.0,1.0,27002.702715,28436.653837,2.0,33.0,1.0,859.0,,,2.0,2.0,2.0,2.0,1.0,4.0,62.0,,1.0,1.0,160.0,120.0,84.0,2.0,122.0,80.0,2.0,130.0,90.0,2.0,,,,126.0,85.0,2.0,,,,,2.0,,,,2.0,,,,,,,,,2.0,,,,2.0,2.0,0.0,2.0,2.0,2.0,2.0,2.0,2.0,2.0,2.0,,,,,,,,,,,,,,,2.0,,,,,,,,,,,,,,,,,,,,,,,,,,,,,,,,,,,1.0,0.0,2.0,2.0,2.0,2.0,2.0,2.0,,,,,,,,,,,,,,,,,,,,,,,,,,,,,,,,,,,,,,,,,,,,,,,,,,,,,,,2.0,,,,,,2.0,,,234.0,40.0,6.05,1.03,31.61,170.0,166.0,1.0
28292.0,3.0,2.0,1.0,1.0,29.0,351.0,352.0,5.0,4.0,2.0,3.0,1.0,4.0,,4.0,3.0,,1.0,3.0,8.0,8.0,3.01,,1.0,29.0,3.0,4.0,1.0,4.0,1.0,2.0,2.0,1.0,2.0,2.0,1.0,2.0,2.0,1.0,68112.639072,70740.72489,1.0,39.0,1.0,660.0,,,2.0,2.0,2.0,2.0,1.0,4.0,58.0,,1.0,1.0,160.0,120.0,66.0,2.0,126.0,80.0,2.0,,,2.0,120.0,70.0,2.0,123.0,75.0,2.0,,,,,2.0,,,,2.0,,,,,,,,,2.0,,,,2.0,2.0,0.0,2.0,2.0,2.0,2.0,2.0,2.0,2.0,2.0,,,,,,,,,,,,,,,2.0,,,,,,,,,,,,,,,,,,,,,,,,,,,,,,,,,,,1.0,0.0,2.0,2.0,2.0,1.0,2.0,2.0,,,,,,,,,,,,,,,,,,,,,,,,,,,,,,3.0,,,,,,,,,,,,,,,,,,,,,,,,,2.0,,,,,,2.0,,,177.0,39.0,4.58,1.01,43.16,146.0,132.0,2.0
28298.0,3.0,2.0,1.0,2.0,27.0,330.0,331.0,3.0,1.0,2.0,1.0,1.0,,,5.0,3.0,,1.0,2.0,8.0,8.0,4.0,2.0,1.0,25.0,1.0,5.0,1.0,5.0,1.0,2.0,2.0,1.0,2.0,2.0,1.0,2.0,2.0,1.0,72289.14818,77506.624418,2.0,39.0,1.0,667.0,,,2.0,2.0,2.0,2.0,1.0,5.0,80.0,,1.0,1.0,160.0,,,2.0,132.0,76.0,2.0,126.0,76.0,2.0,128.0,74.0,2.0,127.0,75.0,1.0,22.0,1.0,2.0,,2.0,,,,2.0,,,,,,,,,2.0,,,,2.0,2.0,0.0,2.0,2.0,2.0,2.0,1.0,2.0,2.0,2.0,,,,,,,,,,,,,,,2.0,,,,,,,,,,,,,,,,,,,,,,,,,,,,,,,,,,,1.0,2.0,2.0,2.0,2.0,2.0,1.0,1.0,,,,,,,,,,,,,,,,,,,,,,,,,,,,,,,,,,,,,1.0,,3.0,4.0,,,,,,,,,4.0,,,,,,2.0,,,,,,2.0,,,242.0,62.0,6.26,1.6,35.43,130.0,124.0,2.0
28301.0,3.0,2.0,1.0,2.0,32.0,395.0,396.0,1.0,3.0,2.0,2.0,2.0,4.0,,1.0,1.0,,1.0,7.0,11.0,8.0,1.86,2.0,1.0,35.0,2.0,3.0,1.0,1.0,2.0,2.0,2.0,2.0,2.0,2.0,,,,,20501.252238,21197.28499,2.0,40.0,1.0,643.0,,,2.0,2.0,2.0,2.0,1.0,4.0,76.0,,1.0,1.0,120.0,100.0,68.0,2.0,98.0,66.0,2.0,98.0,68.0,2.0,,,,98.0,67.0,2.0,,,,,2.0,,,,2.0,,,,,,,,,2.0,,,,2.0,2.0,0.0,2.0,2.0,2.0,2.0,2.0,2.0,2.0,2.0,,,,,,,,,,,,,,,2.0,,,,,,,,,,,,,,,,,,,,,,,,,,,,,,,,,,,2.0,,1.0,2.0,2.0,2.0,2.0,2.0,,,3.0,,,,,,,,,,,,,,,,,,,,,,,,,,,,,,,,,,,,,,,,,,,,,,,,,,,,2.0,,,,,,2.0,,,213.0,36.0,5.51,0.93,38.95,136.0,133.0,3.0
28305.0,3.0,2.0,1.0,2.0,21.0,253.0,254.0,4.0,2.0,2.0,1.0,1.0,,,3.0,2.0,,5.0,2.0,6.0,5.0,2.23,2.0,2.0,21.0,1.0,3.0,5.0,,1.0,2.0,2.0,1.0,2.0,2.0,1.0,2.0,2.0,1.0,30730.404004,31625.075863,1.0,37.0,1.0,572.0,,,2.0,2.0,2.0,2.0,1.0,3.0,76.0,,1.0,1.0,160.0,130.0,64.0,2.0,134.0,66.0,2.0,136.0,70.0,2.0,,,,135.0,68.0,2.0,,,,,2.0,,,,2.0,,,,,,,,,2.0,,,,2.0,2.0,0.0,2.0,2.0,2.0,2.0,2.0,2.0,2.0,2.0,,,,,,,,,,,,,,,2.0,,,,,,,,,,,,,,,,,,,,,,,,,,,,,,,,,,,1.0,0.0,2.0,2.0,2.0,2.0,2.0,2.0,,,,,,,,,,,,,,,,,,,,,,,,,,,,,,,,,,,,,,,,,,,,,,,,,,,,,,,2.0,,,,,,2.0,,,149.0,45.0,3.85,1.16,50.1,140.0,129.0,3.0
28310.0,3.0,2.0,2.0,1.0,30.0,365.0,366.0,3.0,1.0,1.0,1.0,1.0,,,5.0,3.0,,1.0,3.0,8.0,8.0,3.19,,1.0,30.0,1.0,5.0,1.0,5.0,1.0,2.0,2.0,1.0,2.0,2.0,1.0,2.0,2.0,1.0,87042.180001,94044.502055,2.0,37.0,1.0,658.0,,,2.0,2.0,2.0,2.0,1.0,4.0,54.0,,1.0,1.0,170.0,140.0,80.0,2.0,136.0,74.0,2.0,134.0,68.0,2.0,,,,135.0,71.0,2.0,,,,,2.0,,,,2.0,,,,,,,,,2.0,,,,2.0,2.0,0.0,2.0,2.0,2.0,2.0,2.0,2.0,2.0,2.0,,,,,,,,,,,,,,,2.0,,,,,,,,,,,,,,,,,,,,,,,,,,,,,,,,,,,1.0,7.0,2.0,2.0,2.0,2.0,1.0,2.0,,,,,,,,,,,,,,,,,,,,,,,,,,,,,,,,,,,,,1.0,,,,,,,,,,,,,,,,,,2.0,,,,,,2.0,,,197.0,26.0,5.09,0.67,39.71,147.0,135.0,2.0
28315.0,3.0,2.0,1.0,2.0,25.0,303.0,305.0,1.0,3.0,2.0,1.0,1.0,,,2.0,1.0,,1.0,5.0,4.0,3.0,1.11,2.0,2.0,25.0,1.0,2.0,1.0,,1.0,2.0,2.0,1.0,2.0,2.0,1.0,2.0,2.0,1.0,37178.698627,37961.594798,1.0,31.0,1.0,600.0,,,2.0,2.0,2.0,2.0,1.0,4.0,64.0,,1.0,1.0,130.0,110.0,56.0,2.0,110.0,62.0,2.0,110.0,62.0,2.0,,,,110.0,62.0,2.0,,,,,2.0,,,,2.0,,,,,,,,,2.0,,,,2.0,2.0,0.0,2.0,2.0,2.0,2.0,2.0,2.0,2.0,2.0,,,,,,,,,,,,,,,2.0,,,,,,,,,,,,,,,,,,,,,,,,,,,,,,,,,,,1.0,3.0,2.0,2.0,2.0,2.0,2.0,2.0,,,,,,,,,,,,,,,,,,,,,,,,,,,,,,,,,,,,,,,,,,,,,,,,,,,,,,,2.0,,,,,,2.0,,,134.0,45.0,3.47,1.16,45.57,109.0,103.0,3.0
28318.0,3.0,2.0,1.0,2.0,36.0,441.0,441.0,3.0,1.0,2.0,1.0,1.0,,,4.0,3.0,,1.0,4.0,5.0,5.0,1.2,2.0,1.0,33.0,1.0,4.0,1.0,4.0,1.0,2.0,2.0,1.0,2.0,2.0,1.0,2.0,2.0,1.0,49526.738211,52386.26829,1.0,38.0,1.0,604.0,,,2.0,2.0,2.0,1.0,1.0,4.0,90.0,,1.0,1.0,150.0,122.0,64.0,2.0,,,2.0,116.0,64.0,2.0,134.0,66.0,2.0,125.0,65.0,1.0,23.0,2.0,,,2.0,,,,1.0,3.0,,,,,,,,2.0,,,,2.0,2.0,0.0,2.0,2.0,2.0,2.0,1.0,2.0,2.0,2.0,,,,,,,,,,,,,,,2.0,,,,,,,,,,,,,,,,,,,,,,,,,,,,,,,,,,,1.0,0.0,1.0,2.0,2.0,2.0,1.0,1.0,,,3.0,4.0,,,,,,,,,,,,,,,,,,,,,,,,,,,,,,,,,,,3.0,,,,,,,,,,4.0,,,,,,1.0,,2.0,,,,2.0,,,153.0,36.0,3.96,0.93,37.23,149.0,139.0,3.0
28320.0,3.0,2.0,2.0,2.0,27.0,326.0,327.0,3.0,1.0,2.0,1.0,1.0,,,3.0,2.0,,2.0,3.0,3.0,3.0,0.85,2.0,2.0,27.0,1.0,3.0,2.0,,1.0,2.0,2.0,1.0,2.0,2.0,1.0,2.0,2.0,1.0,61121.299521,62947.175984,2.0,34.0,1.0,810.0,,,1.0,2.0,2.0,2.0,1.0,3.0,94.0,,1.0,1.0,130.0,92.0,70.0,2.0,98.0,74.0,2.0,98.0,60.0,2.0,,,,98.0,67.0,2.0,,,,,2.0,,,,2.0,,,,,,,,,2.0,,,,2.0,2.0,0.0,2.0,2.0,2.0,2.0,2.0,1.0,2.0,2.0,2.0,,,,,,,,,,22.0,,,,2.0,,,,,,,,,,,,,,,,,,,,,,,,,,,,,,,,,,,1.0,1.0,2.0,1.0,2.0,1.0,2.0,2.0,,,,,,,,,,,,3.0,,,,,,,,,,,,,,,,,,,,,,,,9.0,,,,,,,,,,,,,,,,,,,2.0,,,,,,2.0,,,160.0,61.0,4.14,1.58,31.6,169.0,166.0,2.0
28325.0,3.0,2.0,2.0,2.0,26.0,312.0,313.0,5.0,4.0,2.0,1.0,1.0,,,5.0,3.0,,5.0,1.0,9.0,9.0,5.0,2.0,2.0,26.0,1.0,5.0,5.0,,1.0,2.0,2.0,1.0,2.0,2.0,1.0,2.0,2.0,1.0,72126.042184,77331.74623,1.0,36.0,1.0,699.0,,,2.0,2.0,2.0,2.0,1.0,3.0,70.0,,1.0,1.0,140.0,114.0,64.0,2.0,112.0,58.0,2.0,114.0,62.0,2.0,,,,113.0,60.0,2.0,,,,,2.0,,,,2.0,,,,,,,,,2.0,,,,2.0,2.0,0.0,2.0,2.0,2.0,2.0,2.0,2.0,2.0,2.0,,,,,,,,,,,,,,,2.0,,,,,,,,,,,,,,,,,,,,,,,,,,,,,,,,,,,2.0,,1.0,2.0,2.0,1.0,2.0,2.0,,,,4.0,,,,,,,,,,,,,,,,,,,,,,,,,,,,5.0,,,,,,,,,,,,,,,,,,,,,,,2.0,,,,,,2.0,,,156.0,72.0,4.03,1.86,36.32,138.0,126.0,2.0
28330.0,3.0,2.0,2.0,2.0,47.0,572.0,573.0,3.0,1.0,2.0,1.0,1.0,,,5.0,3.0,,1.0,5.0,11.0,11.0,3.6,2.0,1.0,49.0,1.0,3.0,1.0,5.0,1.0,2.0,2.0,1.0,2.0,2.0,1.0,2.0,2.0,1.0,85153.383757,89305.627958,2.0,34.0,1.0,558.0,,,2.0,2.0,2.0,2.0,1.0,4.0,88.0,,1.0,1.0,170.0,124.0,80.0,2.0,,,2.0,124.0,80.0,2.0,,,2.0,124.0,80.0,2.0,,,,,2.0,,,,2.0,,,,,,,,,2.0,,,,1.0,2.0,0.0,2.0,2.0,2.0,2.0,2.0,2.0,2.0,2.0,,,,45.0,,,,,,,,,,9.0,2.0,,,,,,,,,,,,,,,,,,,,,,,,,,,,,,,,,,,1.0,0.0,2.0,2.0,2.0,1.0,2.0,2.0,,,,,,,,,,,,,,,,,,,,,,,,,,,,1.0,,,,,,,,,,,,,,,,,,,,,,,,,,,2.0,,,,,,2.0,,,223.0,61.0,5.77,1.58,33.52,145.0,134.0,3.0
28337.0,3.0,2.0,1.0,2.0,47.0,575.0,576.0,3.0,1.0,2.0,3.0,1.0,8.0,,4.0,3.0,,3.0,4.0,11.0,10.0,4.59,2.0,2.0,47.0,3.0,4.0,3.0,,1.0,2.0,2.0,1.0,2.0,2.0,1.0,2.0,2.0,1.0,108516.04868,113807.50175,1.0,37.0,1.0,599.0,,,1.0,2.0,2.0,2.0,1.0,3.0,80.0,,1.0,1.0,150.0,,,2.0,122.0,88.0,2.0,118.0,84.0,2.0,118.0,88.0,2.0,118.0,86.0,2.0,,,,,2.0,,,,2.0,,,,,,,,,2.0,,,,2.0,2.0,0.0,2.0,2.0,2.0,2.0,2.0,2.0,2.0,2.0,,,,,,,,,,,,,,,2.0,,,,,,,,,,,,,,,,,,,,,,,,,,,,,,,,,,,1.0,3.0,1.0,2.0,2.0,2.0,2.0,2.0,,2.0,,,,,,,,,,,,,,,,,,,,,,,,,,,,,,,,,,,,,,,,,,,,,,,,,,,,,2.0,,,,,,2.0,,,190.0,70.0,4.91,1.81,32.28,133.0,124.0,2.0
28343.0,3.0,2.0,2.0,2.0,21.0,255.0,255.0,1.0,3.0,2.0,1.0,1.0,,,3.0,2.0,,5.0,4.0,99.0,13.0,,3.0,2.0,18.0,,,99.0,,1.0,2.0,2.0,1.0,2.0,2.0,1.0,2.0,2.0,1.0,52463.318035,52809.951223,1.0,42.0,1.0,589.0,,,1.0,2.0,2.0,2.0,1.0,3.0,82.0,,1.0,1.0,140.0,90.0,62.0,2.0,,,2.0,,,2.0,100.0,60.0,2.0,100.0,60.0,2.0,,,,,2.0,,,,2.0,,,,,,,,,2.0,,,,2.0,2.0,0.0,2.0,2.0,2.0,2.0,2.0,2.0,1.0,2.0,,2.0,,,,,,,,,,7.0,,,2.0,,,,,,,,,,,,,,,,,,,,,,,,,,,,,,,,,,,1.0,0.0,1.0,1.0,1.0,2.0,1.0,2.0,,,3.0,4.0,5.0,6.0,,,,,,,,5.0,,,,,,,,4.0,,,,,,,,,,,,,,,,2.0,,4.0,,,,,,,,,,,,,,,2.0,,,,,,1.0,42.0,,205.0,75.0,5.3,1.94,44.2,151.0,140.0,3.0
28344.0,3.0,2.0,2.0,2.0,36.0,437.0,438.0,3.0,1.0,2.0,1.0,1.0,,,5.0,3.0,,1.0,3.0,11.0,11.0,5.0,2.0,1.0,37.0,1.0,5.0,1.0,5.0,1.0,2.0,2.0,1.0,2.0,2.0,1.0,2.0,2.0,1.0,82275.985846,85621.334312,1.0,29.0,1.0,691.0,,,2.0,2.0,2.0,2.0,1.0,3.0,68.0,,1.0,1.0,120.0,98.0,64.0,2.0,104.0,58.0,2.0,100.0,58.0,2.0,,,,102.0,58.0,2.0,,,,,2.0,,,,2.0,,,,,,,,,2.0,,,,2.0,2.0,0.0,2.0,2.0,2.0,2.0,2.0,2.0,2.0,2.0,,,,,,,,,,,,,,,2.0,,,,,,,,,,,,,,,,,,,,,,,,,,,,,,,,,,,1.0,0.0,1.0,2.0,2.0,2.0,2.0,2.0,,,3.0,,,,,,9.0,,,,,,,,,,,,,,,,,,,,,,,,,,,,,,,,,,,,,,,,,,,,,,2.0,,,,,,2.0,,,180.0,64.0,4.65,1.66,33.93,145.0,128.0,2.0
28345.0,3.0,2.0,2.0,1.0,35.0,427.0,428.0,4.0,2.0,2.0,1.0,1.0,,,5.0,3.0,,5.0,3.0,11.0,8.0,4.13,,1.0,35.0,1.0,5.0,5.0,,1.0,2.0,2.0,1.0,2.0,2.0,1.0,2.0,2.0,1.0,25175.844535,26512.782207,1.0,30.0,1.0,608.0,,,1.0,2.0,2.0,2.0,1.0,5.0,66.0,,1.0,1.0,160.0,124.0,68.0,2.0,128.0,66.0,2.0,126.0,70.0,2.0,,,,127.0,68.0,2.0,,,,,2.0,,,,1.0,2.0,,,,,,,,2.0,,,,2.0,2.0,0.0,2.0,2.0,2.0,2.0,1.0,2.0,2.0,2.0,,,,,,,,,,,,,,,2.0,,,,,,,,,,,,,,,,,,,,,,,,,,,,,,,,,,,1.0,0.0,2.0,1.0,2.0,2.0,2.0,2.0,,,,,,,,,,,,3.0,,,,,,,,,,,,,,,,,,,,,,,,,,,,,,,,,,,,,,,,,,,2.0,,,,,,2.0,,,198.0,52.0,5.12,1.34,42.2,149.0,130.0,2.0
28359.0,3.0,2.0,1.0,2.0,38.0,467.0,468.0,1.0,3.0,2.0,2.0,2.0,4.0,,2.0,1.0,,1.0,5.0,8.0,8.0,2.32,2.0,1.0,47.0,2.0,5.0,1.0,2.0,2.0,2.0,2.0,2.0,2.0,2.0,,,,,26256.450577,27147.87659,1.0,39.0,1.0,398.0,,,2.0,2.0,2.0,2.0,1.0,4.0,88.0,,1.0,1.0,140.0,118.0,66.0,2.0,,,2.0,,,2.0,,,2.0,118.0,66.0,2.0,,,,,2.0,,,,2.0,,,,,,,,,1.0,,,,2.0,2.0,0.0,2.0,2.0,2.0,2.0,2.0,2.0,2.0,2.0,,,,,,,,,,,,,,,2.0,,,,,,,,,,,,,,,,,,,,,,,,,,,,,,,,,,,2.0,,2.0,2.0,2.0,2.0,2.0,2.0,,,,,,,,,,,,,,,,,,,,,,,,,,,,,,,,,,,,,,,,,,,,,,,,,,,,,,,2.0,,,,,,2.0,,,150.0,65.0,3.88,1.68,54.93,120.0,113.0,3.0
28362.0,3.0,2.0,2.0,1.0,33.0,403.0,403.0,3.0,1.0,2.0,1.0,1.0,,,5.0,3.0,,1.0,3.0,11.0,11.0,4.79,,1.0,33.0,1.0,5.0,1.0,5.0,1.0,2.0,2.0,1.0,2.0,2.0,1.0,2.0,2.0,1.0,87042.180001,94044.502055,2.0,37.0,1.0,652.0,,,2.0,2.0,2.0,2.0,1.0,4.0,66.0,,1.0,1.0,170.0,138.0,90.0,2.0,138.0,86.0,2.0,,,2.0,138.0,90.0,2.0,138.0,88.0,2.0,,,,,2.0,,,,2.0,,,,,,,,,2.0,,,,2.0,2.0,0.0,2.0,2.0,2.0,2.0,2.0,2.0,2.0,2.0,,,,,,,,,,,,,,,2.0,,,,,,,,,,,,,,,,,,,,,,,,,,,,,,,,,,,1.0,5.0,1.0,2.0,2.0,2.0,2.0,2.0,1.0,,3.0,,,,,,,,,,,,,,,,,,,,,,,,,,,,,,,,,,,,,,,,,,,,,,,,,,,,2.0,,,,,,2.0,,,203.0,37.0,5.25,0.96,33.43,162.0,153.0,1.0
28370.0,3.0,2.0,2.0,2.0,35.0,431.0,432.0,3.0,1.0,2.0,1.0,1.0,,,4.0,3.0,,1.0,5.0,7.0,4.0,0.95,2.0,2.0,56.0,1.0,3.0,2.0,,1.0,2.0,2.0,1.0,2.0,2.0,1.0,2.0,2.0,1.0,93503.004395,97304.844373,2.0,34.0,1.0,537.0,,,2.0,2.0,2.0,2.0,1.0,3.0,70.0,,1.0,1.0,150.0,116.0,66.0,2.0,112.0,64.0,2.0,110.0,66.0,2.0,,,,111.0,65.0,2.0,,,,,2.0,,,,2.0,,,,,,,,,2.0,,,,2.0,2.0,0.0,2.0,2.0,2.0,2.0,2.0,2.0,2.0,2.0,,,,,,,,,,,,,,,2.0,,,,,,,,,,,,,,,,,,,,,,,,,,,,,,,,,,,1.0,0.0,1.0,2.0,2.0,2.0,2.0,2.0,,,,,5.0,,,,,,,,,,,,,,,,,,,,,,,,,,,,,,,,,,,,,,,,,,,,,,,,,,2.0,,,,,,2.0,,,244.0,87.0,6.31,2.25,27.42,160.0,151.0,1.0
28392.0,3.0,2.0,2.0,1.0,23.0,277.0,278.0,1.0,3.0,2.0,1.0,1.0,,,2.0,1.0,,5.0,2.0,6.0,6.0,2.06,,1.0,23.0,1.0,2.0,5.0,,1.0,2.0,2.0,1.0,2.0,2.0,,,,,27833.32143,27132.412834,1.0,41.0,1.0,558.0,,,2.0,2.0,2.0,1.0,1.0,4.0,78.0,,1.0,1.0,130.0,106.0,58.0,2.0,104.0,56.0,2.0,106.0,60.0,2.0,,,,105.0,58.0,2.0,,,,,2.0,,,,2.0,,,,,,,,,2.0,,,,2.0,2.0,0.0,2.0,2.0,2.0,2.0,2.0,2.0,2.0,2.0,,,,,,,,,,,,,,,2.0,,,,,,,,,,,,,,,,,,,,,,,,,,,,,,,,,,,1.0,0.0,1.0,9.0,2.0,2.0,1.0,2.0,,,,,,6.0,,,,,,,,,,,,,,,,,,,,,,,,,,,,,,,,2.0,,,,6.0,,,,,,,,,,,,,2.0,,,,,,9.0,,,,,,,40.02,164.0,149.0,2.0
28405.0,3.0,2.0,2.0,1.0,41.0,497.0,498.0,3.0,1.0,2.0,1.0,1.0,,,5.0,3.0,,1.0,5.0,9.0,9.0,2.72,,1.0,41.0,1.0,5.0,1.0,4.0,1.0,2.0,2.0,1.0,2.0,2.0,1.0,2.0,2.0,1.0,95538.223374,100220.281407,2.0,39.0,1.0,704.0,,,2.0,2.0,2.0,2.0,1.0,5.0,60.0,,1.0,1.0,150.0,132.0,74.0,2.0,130.0,74.0,2.0,128.0,72.0,2.0,,,,129.0,73.0,2.0,,,,,2.0,,,,2.0,,,,,,,,,2.0,,,,1.0,2.0,0.0,2.0,2.0,2.0,2.0,2.0,2.0,2.0,2.0,,,,36.0,,,,,,,,,,2.0,2.0,,,,,,,,,,,,,,,,,,,,,,,,,,,,,,,,,,,1.0,0.0,1.0,1.0,2.0,2.0,2.0,2.0,,2.0,,,,,,,,,,3.0,,,,,,,,,,,,,,,,,,,,,,,,,,,,,,,,,,,,,,,,,,,2.0,,,,,,2.0,,,171.0,45.0,4.42,1.16,43.91,132.0,111.0,3.0
28418.0,3.0,2.0,2.0,2.0,42.0,505.0,505.0,4.0,2.0,2.0,1.0,1.0,,,3.0,2.0,,3.0,3.0,4.0,4.0,1.0,2.0,2.0,42.0,1.0,3.0,3.0,,1.0,2.0,2.0,1.0,2.0,2.0,1.0,2.0,2.0,1.0,29974.791818,31293.951889,2.0,37.0,1.0,1083.0,,,2.0,2.0,2.0,2.0,1.0,4.0,70.0,,1.0,1.0,160.0,136.0,78.0,2.0,132.0,88.0,2.0,128.0,80.0,2.0,,,,130.0,84.0,2.0,,,,,2.0,,,,2.0,,,,,,,,,2.0,,,,2.0,2.0,0.0,2.0,2.0,2.0,2.0,2.0,2.0,2.0,2.0,,,,,,,,,,,,,,,2.0,,,,,,,,,,,,,,,,,,,,,,,,,,,,,,,,,,,2.0,,2.0,2.0,2.0,2.0,2.0,2.0,,,,,,,,,,,,,,,,,,,,,,,,,,,,,,,,,,,,,,,,,,,,,,,,,,,,,,,2.0,,,,,,2.0,,,123.0,45.0,3.18,1.16,27.77,128.0,123.0,2.0
28421.0,3.0,2.0,1.0,2.0,38.0,459.0,460.0,2.0,5.0,2.0,1.0,1.0,,,3.0,2.0,,1.0,4.0,5.0,5.0,1.06,2.0,1.0,42.0,1.0,3.0,1.0,3.0,1.0,2.0,2.0,1.0,2.0,2.0,1.0,2.0,2.0,1.0,62020.353764,65601.228933,2.0,36.0,1.0,814.0,,,1.0,2.0,2.0,2.0,1.0,4.0,68.0,,1.0,1.0,150.0,,,2.0,,,2.0,112.0,86.0,2.0,110.0,84.0,2.0,110.0,84.0,2.0,,,,,1.0,,,,2.0,,,,,,,,,1.0,,,,1.0,2.0,0.0,2.0,2.0,2.0,2.0,1.0,2.0,2.0,2.0,,,,34.0,,,,,,,,,,1.0,2.0,,,,,,,,,,,,,,,,,,,,,,,,,,,,,,,,,,,1.0,0.0,1.0,2.0,2.0,2.0,1.0,1.0,1.0,,,,,,,8.0,9.0,,,,,,,,,,,,,,,,,,,,,,,,,,,,,2.0,,,,,,,,,,,,,,,8.0,,2.0,,,,,,2.0,,,160.0,46.0,4.14,1.19,35.73,124.0,121.0,3.0
28423.0,3.0,2.0,1.0,1.0,45.0,546.0,546.0,4.0,2.0,1.0,1.0,1.0,,,5.0,3.0,,1.0,2.0,6.0,6.0,2.72,,1.0,45.0,1.0,5.0,1.0,4.0,1.0,2.0,2.0,1.0,2.0,2.0,1.0,2.0,2.0,1.0,35885.037314,37076.930542,2.0,38.0,1.0,510.0,,,2.0,2.0,2.0,2.0,1.0,4.0,82.0,,1.0,1.0,140.0,100.0,68.0,2.0,106.0,62.0,2.0,104.0,60.0,2.0,,,,105.0,61.0,2.0,,,,,2.0,,,,2.0,,,,,,,,,1.0,,,,2.0,2.0,0.0,2.0,2.0,2.0,2.0,2.0,2.0,2.0,2.0,,,,,,,,,,,,,,,2.0,,,,,,,,,,,,,,,,,,,,,,,,,,,,,,,,,,,1.0,0.0,2.0,2.0,1.0,2.0,2.0,2.0,,,,,,,,,,,,,,,,,,,,,,,,,7.0,,,,,,,,,,,,,,,,,,,,,,,,,,,,,,2.0,,,,,,2.0,,,283.0,49.0,7.32,1.27,35.53,146.0,143.0,2.0
28428.0,3.0,2.0,2.0,1.0,24.0,290.0,291.0,3.0,1.0,2.0,1.0,1.0,,,5.0,3.0,,5.0,1.0,2.0,2.0,1.07,,1.0,24.0,1.0,5.0,5.0,,1.0,2.0,2.0,1.0,2.0,2.0,1.0,2.0,2.0,1.0,42250.882141,41951.002072,1.0,29.0,1.0,732.0,,,2.0,2.0,2.0,2.0,1.0,4.0,62.0,,1.0,1.0,130.0,94.0,64.0,2.0,102.0,60.0,2.0,102.0,66.0,2.0,,,,102.0,63.0,2.0,,,,,2.0,,,,2.0,,,,,,,,,2.0,,,,2.0,2.0,0.0,2.0,2.0,2.0,2.0,2.0,2.0,2.0,2.0,,,,,,,,,,,,,,,2.0,,,,,,,,,,,,,,,,,,,,,,,,,,,,,,,,,,,1.0,3.0,2.0,2.0,9.0,2.0,2.0,2.0,,,,,,,,,,,,,,,,,,,,,,,,,,,,,,,,,,,,,,,,,,,,,,,,,,,,,,,2.0,,,,,,2.0,,,124.0,51.0,3.21,1.32,57.68,163.0,155.0,3.0
28434.0,3.0,2.0,1.0,2.0,38.0,459.0,460.0,1.0,3.0,2.0,1.0,1.0,,,3.0,2.0,,5.0,5.0,11.0,11.0,3.86,2.0,1.0,75.0,1.0,1.0,1.0,1.0,1.0,2.0,2.0,1.0,2.0,2.0,1.0,2.0,2.0,1.0,38947.423846,40113.779307,2.0,38.0,1.0,590.0,,,2.0,2.0,2.0,2.0,1.0,4.0,78.0,,1.0,1.0,150.0,110.0,74.0,2.0,112.0,78.0,2.0,106.0,76.0,2.0,,,,109.0,77.0,2.0,,,,,2.0,,,,2.0,,,,,,,,,2.0,,,,1.0,2.0,0.0,2.0,2.0,2.0,2.0,2.0,2.0,2.0,2.0,,,,21.0,,,,,,,,,,2.0,2.0,,,,,,,,,,,,,,,,,,,,,,,,,,,,,,,,,,,1.0,1.0,2.0,1.0,1.0,2.0,1.0,2.0,,,,,,,,,,,,,,5.0,,,,,,,,,,,7.0,,,,,,,,,,,,,2.0,,,,,7.0,,,,,,,,,,,,2.0,,,,,,2.0,,,167.0,41.0,4.32,1.06,39.82,127.0,117.0,3.0
28446.0,3.0,2.0,2.0,1.0,22.0,271.0,272.0,5.0,4.0,2.0,1.0,1.0,,,4.0,3.0,,5.0,3.0,9.0,9.0,3.83,,1.0,65.0,3.0,5.0,1.0,5.0,1.0,2.0,2.0,1.0,2.0,2.0,1.0,2.0,2.0,1.0,65324.140175,67844.633415,2.0,41.0,1.0,774.0,,,2.0,2.0,2.0,1.0,1.0,4.0,76.0,,1.0,1.0,150.0,,,2.0,120.0,60.0,2.0,128.0,68.0,2.0,116.0,62.0,2.0,122.0,65.0,2.0,,,,,2.0,,,,2.0,,,,,,,,,2.0,,,,2.0,2.0,0.0,2.0,2.0,2.0,2.0,2.0,2.0,2.0,2.0,,,,,,,,,,,,,,,2.0,,,,,,,,,,,,,,,,,,,,,,,,,,,,,,,,,,,1.0,0.0,1.0,2.0,2.0,2.0,1.0,2.0,,2.0,,,,,,,,,,,,,,,,,,,,,,,,,,,,,,,,,,,1.0,,,,,,,,,,,,,,,,,,2.0,,,,,,2.0,,,186.0,55.0,4.81,1.42,47.6,143.0,128.0,3.0
28447.0,3.0,2.0,2.0,1.0,35.0,421.0,421.0,3.0,1.0,2.0,3.0,1.0,4.0,,4.0,3.0,,1.0,4.0,6.0,6.0,1.59,,1.0,35.0,3.0,4.0,1.0,2.0,1.0,2.0,2.0,1.0,2.0,2.0,,,,,74303.853349,80281.409414,2.0,41.0,1.0,415.0,,,2.0,2.0,2.0,2.0,1.0,4.0,64.0,,1.0,1.0,130.0,106.0,72.0,2.0,102.0,76.0,2.0,100.0,78.0,2.0,,,,101.0,77.0,2.0,,,,,2.0,,,,2.0,,,,,,,,,2.0,,,,2.0,2.0,0.0,2.0,2.0,2.0,2.0,2.0,2.0,2.0,2.0,,,,,,,,,,,,,,,2.0,,,,,,,,,,,,,,,,,,,,,,,,,,,,,,,,,,,1.0,0.0,2.0,2.0,2.0,2.0,2.0,1.0,,,,,,,,,,,,,,,,,,,,,,,,,,,,,,,,,,,,,,,,,,,,,,,,,4.0,,,,,,2.0,,,,,,2.0,,,154.0,50.0,3.98,1.29,51.47,128.0,124.0,3.0
28462.0,3.0,2.0,1.0,2.0,43.0,525.0,525.0,4.0,2.0,1.0,1.0,1.0,,,5.0,3.0,,1.0,4.0,11.0,11.0,5.0,2.0,1.0,43.0,1.0,5.0,1.0,5.0,1.0,2.0,2.0,1.0,2.0,2.0,1.0,2.0,2.0,1.0,28232.099986,29474.565964,1.0,38.0,1.0,574.0,,,2.0,2.0,2.0,2.0,1.0,3.0,62.0,,1.0,1.0,140.0,,,2.0,,,2.0,106.0,78.0,2.0,98.0,70.0,2.0,98.0,70.0,2.0,,,,,2.0,,,,2.0,,,,,,,,,2.0,,,,1.0,2.0,0.0,2.0,2.0,2.0,2.0,2.0,2.0,2.0,2.0,,,,43.0,,,,,,,,,,2.0,2.0,,,,,,,,,,,,,,,,,,,,,,,,,,,,,,,,,,,1.0,0.0,1.0,2.0,2.0,2.0,1.0,2.0,,2.0,,,5.0,,,,,,,,,,,,,,,,,,,,,,,,,,,,,,,,,,,,,,,,9.0,,,,,,,,,,1.0,,,3.0,,,2.0,,,176.0,86.0,4.55,2.22,38.17,141.0,118.0,3.0
28474.0,3.0,2.0,1.0,1.0,44.0,534.0,534.0,1.0,3.0,2.0,1.0,1.0,,,3.0,2.0,,1.0,2.0,8.0,8.0,3.84,,2.0,44.0,1.0,2.0,1.0,3.0,1.0,2.0,2.0,1.0,2.0,2.0,1.0,2.0,2.0,1.0,17800.885582,18064.145086,2.0,35.0,1.0,696.0,,,2.0,2.0,2.0,2.0,1.0,4.0,66.0,,1.0,1.0,160.0,,,2.0,120.0,70.0,2.0,120.0,70.0,2.0,118.0,70.0,2.0,119.0,70.0,2.0,,,,,2.0,,,,2.0,,,,,,,,,2.0,,,,2.0,2.0,0.0,2.0,2.0,2.0,2.0,2.0,2.0,2.0,2.0,,,,,,,,,,,,,,,2.0,,,,,,,,,,,,,,,,,,,,,,,,,,,,,,,,,,,1.0,2.0,2.0,2.0,2.0,2.0,2.0,2.0,,,,,,,,,,,,,,,,,,,,,,,,,,,,,,,,,,,,,,,,,,,,,,,,,,,,,,,2.0,,,,,,2.0,,,200.0,68.0,5.17,1.76,33.84,150.0,144.0,2.0
28475.0,3.0,2.0,2.0,1.0,24.0,296.0,297.0,1.0,3.0,2.0,1.0,1.0,,,3.0,2.0,,5.0,4.0,,1.0,0.07,,1.0,24.0,1.0,3.0,5.0,,1.0,2.0,2.0,1.0,2.0,2.0,1.0,2.0,2.0,1.0,5416.685873,5422.324059,1.0,42.0,1.0,574.0,,,2.0,2.0,2.0,2.0,1.0,4.0,76.0,,1.0,1.0,130.0,102.0,66.0,2.0,106.0,72.0,2.0,108.0,76.0,2.0,,,,107.0,74.0,2.0,,,,,2.0,,,,2.0,,,,,,,,,2.0,,,,2.0,2.0,0.0,2.0,2.0,2.0,2.0,2.0,2.0,2.0,2.0,,,,,,,,,,,,,,,2.0,,,,,,,,,,,,,,,,,,,,,,,,,,,,,,,,,,,1.0,0.0,1.0,2.0,1.0,2.0,1.0,2.0,,,,,,,,,9.0,,,,,,,,,,,,,,,,,8.0,,,,,,,,,,,,,3.0,,,,,,,,,,,,,,,,2.0,,,,,,2.0,,,194.0,47.0,5.02,1.22,43.71,158.0,147.0,2.0
28495.0,3.0,2.0,2.0,1.0,47.0,570.0,571.0,3.0,1.0,2.0,1.0,1.0,,,4.0,3.0,,6.0,4.0,5.0,4.0,1.61,,1.0,47.0,1.0,4.0,6.0,,1.0,2.0,2.0,1.0,2.0,2.0,1.0,2.0,2.0,1.0,37153.026853,38973.791587,2.0,39.0,1.0,550.0,,,2.0,2.0,1.0,1.0,1.0,3.0,80.0,,1.0,1.0,140.0,118.0,66.0,2.0,118.0,64.0,2.0,114.0,60.0,2.0,,,,116.0,62.0,2.0,,,,,2.0,,,,2.0,,,,,,,,,2.0,,,,2.0,2.0,0.0,2.0,2.0,2.0,2.0,2.0,2.0,2.0,2.0,,,,,,,,,,,,,,,2.0,,,,,,,,,,,,,,,,,,,,,,,,,,,,,,,,,,,1.0,1.0,2.0,2.0,2.0,2.0,2.0,2.0,,,,,,,,,,,,,,,,,,,,,,,,,,,,,,,,,,,,,,,,,,,,,,,,,,,,,,,2.0,,,,,,2.0,,,231.0,49.0,5.97,1.27,48.38,144.0,129.0,3.0
28525.0,3.0,2.0,2.0,1.0,22.0,271.0,271.0,3.0,1.0,2.0,1.0,1.0,,,5.0,3.0,,5.0,6.0,11.0,1.0,0.43,,1.0,22.0,1.0,5.0,5.0,,1.0,2.0,2.0,1.0,2.0,2.0,1.0,2.0,2.0,1.0,58642.087621,60904.757823,2.0,29.0,1.0,618.0,,,2.0,2.0,2.0,2.0,1.0,3.0,78.0,,1.0,1.0,130.0,,,2.0,102.0,56.0,2.0,,,2.0,104.0,60.0,2.0,104.0,60.0,2.0,,,,,2.0,,,,1.0,3.0,,,,,,,,2.0,,,,2.0,2.0,0.0,2.0,2.0,2.0,2.0,2.0,2.0,2.0,2.0,,,,,,,,,,,,,,,2.0,,,,,,,,,,,,,,,,,,,,,,,,,,,,,,,,,,,1.0,1.0,2.0,2.0,2.0,2.0,1.0,2.0,,,,,,,,,,,,,,,,,,,,,,,,,,,,,,,,,,,,,1.0,2.0,,,,,,,,,,,,,,,,,2.0,,,,,,2.0,,,188.0,74.0,4.86,1.91,44.0,156.0,145.0,2.0
28526.0,3.0,2.0,2.0,2.0,41.0,499.0,501.0,4.0,2.0,2.0,1.0,1.0,,,4.0,3.0,,1.0,5.0,11.0,11.0,3.63,2.0,1.0,43.0,1.0,5.0,1.0,4.0,1.0,2.0,2.0,1.0,2.0,2.0,1.0,2.0,2.0,1.0,25588.083104,26714.18859,2.0,41.0,1.0,669.0,,,1.0,2.0,2.0,2.0,1.0,3.0,88.0,,1.0,1.0,130.0,88.0,70.0,2.0,90.0,68.0,2.0,90.0,68.0,2.0,,,,90.0,68.0,2.0,,,,,2.0,,,,2.0,,,,,,,,,2.0,,,,2.0,2.0,0.0,2.0,2.0,2.0,2.0,2.0,2.0,2.0,2.0,,,,,,,,,,,,,,,2.0,,,,,,,,,,,,,,,,,,,,,,,,,,,,,,,,,,,1.0,0.0,1.0,1.0,2.0,2.0,2.0,2.0,,,,,,,,,9.0,,2.0,,,,,,,,,,,,,,,,,,,,,,,,,,,,,,,,,,,,,,,,,,,,2.0,,,,,,2.0,,,184.0,83.0,4.76,2.15,31.6,135.0,135.0,2.0
28543.0,3.0,2.0,1.0,2.0,32.0,385.0,385.0,3.0,1.0,2.0,1.0,1.0,,,2.0,1.0,,1.0,5.0,10.0,10.0,3.13,1.0,2.0,32.0,1.0,2.0,1.0,4.0,1.0,2.0,2.0,1.0,2.0,2.0,1.0,2.0,2.0,1.0,7412.766217,7840.757818,2.0,39.0,1.0,883.0,,,1.0,2.0,2.0,2.0,1.0,4.0,70.0,,1.0,1.0,130.0,94.0,64.0,2.0,,,2.0,92.0,64.0,2.0,96.0,66.0,2.0,94.0,65.0,2.0,,,,,2.0,,,,2.0,,,,,,,,,2.0,,,,2.0,2.0,0.0,2.0,2.0,2.0,2.0,2.0,2.0,2.0,1.0,,,1.0,,,,,,,,,,21.0,,2.0,,,,,,,,,,,,,,,,,,,,,,,,,,,,,,,,,,,1.0,0.0,1.0,2.0,2.0,2.0,2.0,1.0,1.0,,3.0,,,,,,,,,,,,,,,,,,,,,,,,,,,,,,,,,,,,,,,,,,,,2.0,,,,,,,,2.0,,,,,,2.0,,,157.0,49.0,4.06,1.27,37.93,147.0,134.0,3.0
28549.0,3.0,2.0,2.0,1.0,34.0,414.0,416.0,1.0,3.0,2.0,2.0,2.0,4.0,,2.0,1.0,,1.0,2.0,8.0,8.0,3.71,,1.0,34.0,2.0,2.0,1.0,2.0,2.0,2.0,2.0,1.0,2.0,2.0,2.0,2.0,2.0,2.0,25846.427918,26789.118495,1.0,42.0,1.0,540.0,,,2.0,2.0,2.0,2.0,1.0,4.0,78.0,,1.0,1.0,160.0,118.0,74.0,2.0,120.0,76.0,2.0,128.0,80.0,2.0,,,,124.0,78.0,2.0,,,,,2.0,,,,2.0,,,,,,,,,2.0,,,,2.0,2.0,0.0,2.0,2.0,2.0,2.0,2.0,2.0,2.0,2.0,,,,,,,,,,,,,,,2.0,,,,,,,,,,,,,,,,,,,,,,,,,,,,,,,,,,,1.0,1.0,2.0,2.0,2.0,2.0,2.0,2.0,,,,,,,,,,,,,,,,,,,,,,,,,,,,,,,,,,,,,,,,,,,,,,,,,,,,,,,2.0,,,,,,2.0,,,243.0,55.0,6.28,1.42,45.11,142.0,134.0,3.0
28563.0,3.0,2.0,2.0,1.0,28.0,344.0,344.0,3.0,1.0,2.0,1.0,1.0,,,4.0,3.0,,1.0,4.0,,6.0,2.0,,2.0,39.0,1.0,3.0,1.0,4.0,1.0,2.0,2.0,1.0,2.0,2.0,1.0,2.0,2.0,1.0,48016.251375,49063.803286,2.0,34.0,1.0,682.0,,,2.0,2.0,2.0,2.0,1.0,4.0,84.0,,1.0,1.0,170.0,138.0,80.0,2.0,136.0,88.0,2.0,138.0,90.0,2.0,,,,137.0,89.0,2.0,,,,,2.0,,,,2.0,,,,,,,,,2.0,,,,2.0,2.0,0.0,2.0,2.0,2.0,2.0,2.0,2.0,2.0,2.0,,,,,,,,,,,,,,,2.0,,,,,,,,,,,,,,,,,,,,,,,,,,,,,,,,,,,1.0,0.0,2.0,2.0,2.0,2.0,1.0,2.0,,,,,,,,,,,,,,,,,,,,,,,,,,,,,,,,,,,,,,2.0,,,,,,,,,,,,,,,,,2.0,,,,,,2.0,,,221.0,41.0,5.72,1.06,31.28,178.0,131.0,1.0
28571.0,3.0,2.0,2.0,1.0,27.0,333.0,334.0,4.0,2.0,2.0,1.0,1.0,,,5.0,3.0,,5.0,1.0,7.0,7.0,4.01,,1.0,27.0,1.0,5.0,5.0,,1.0,2.0,2.0,1.0,2.0,2.0,1.0,2.0,2.0,1.0,25340.19972,27444.565856,1.0,36.0,1.0,780.0,,,2.0,2.0,2.0,2.0,1.0,4.0,70.0,,1.0,1.0,130.0,102.0,66.0,2.0,92.0,66.0,2.0,96.0,64.0,2.0,,,,94.0,65.0,2.0,,,,,2.0,,,,2.0,,,,,,,,,1.0,,,,2.0,2.0,0.0,2.0,2.0,2.0,2.0,2.0,2.0,2.0,2.0,,,,,,,,,,,,,,,2.0,,,,,,,,,,,,,,,,,,,,,,,,,,,,,,,,,,,1.0,2.0,1.0,2.0,2.0,2.0,1.0,1.0,,,,,5.0,,,,,,,,,,,,,,,,,,,,,,,,,,,,,,,,,2.0,,,,6.0,,,9.0,,2.0,,,,6.0,,,,2.0,,,,,,2.0,,,146.0,51.0,3.78,1.32,45.98,148.0,131.0,3.0
28583.0,3.0,2.0,1.0,1.0,28.0,339.0,340.0,3.0,1.0,2.0,1.0,1.0,,,3.0,2.0,,1.0,2.0,8.0,8.0,3.84,,1.0,28.0,1.0,3.0,1.0,3.0,1.0,2.0,2.0,1.0,2.0,2.0,1.0,2.0,2.0,1.0,89285.09351,94980.392609,2.0,36.0,1.0,673.0,,,2.0,2.0,2.0,2.0,1.0,4.0,70.0,,1.0,1.0,150.0,120.0,60.0,2.0,120.0,66.0,2.0,114.0,58.0,2.0,,,,117.0,62.0,1.0,4.0,2.0,,,2.0,,,,2.0,,,,,,,,,2.0,,,,2.0,2.0,0.0,2.0,2.0,2.0,2.0,1.0,1.0,2.0,2.0,2.0,,,,,,,,,,12.0,,,,2.0,,,,,,,,,,,,,,,,,,,,,,,,,,,,,,,,,,,1.0,4.0,1.0,2.0,1.0,2.0,2.0,2.0,,2.0,,,,,,,9.0,,,,,,,,,,,2.0,,,,,,,,,,,,,,,,,,,,,,,,,,,,,,,,,,,2.0,,,,,,2.0,,,242.0,36.0,6.26,0.93,27.76,155.0,141.0,1.0
28597.0,3.0,2.0,2.0,1.0,21.0,252.0,253.0,3.0,1.0,2.0,3.0,2.0,3.0,,4.0,3.0,,5.0,4.0,10.0,10.0,3.8,,1.0,47.0,3.0,4.0,1.0,,1.0,2.0,2.0,1.0,2.0,2.0,1.0,2.0,2.0,1.0,77992.502946,81001.797456,1.0,32.0,1.0,610.0,,,2.0,2.0,2.0,2.0,1.0,4.0,62.0,,1.0,1.0,160.0,126.0,58.0,2.0,118.0,62.0,2.0,124.0,70.0,2.0,,,,121.0,66.0,2.0,,,,,2.0,,,,2.0,,,,,,,,,2.0,,,,2.0,2.0,0.0,2.0,2.0,2.0,2.0,2.0,2.0,2.0,2.0,,,,,,,,,,,,,,,2.0,,,,,,,,,,,,,,,,,,,,,,,,,,,,,,,,,,,1.0,1.0,2.0,2.0,2.0,2.0,2.0,2.0,,,,,,,,,,,,,,,,,,,,,,,,,,,,,,,,,,,,,,,,,,,,,,,,,,,,,,,2.0,,,,,,2.0,,,130.0,48.0,3.36,1.24,54.93,138.0,128.0,3.0
28602.0,3.0,2.0,1.0,2.0,42.0,508.0,509.0,5.0,2.0,1.0,1.0,1.0,,,5.0,3.0,,3.0,1.0,7.0,7.0,4.08,2.0,2.0,42.0,1.0,5.0,3.0,,1.0,2.0,2.0,1.0,2.0,2.0,1.0,2.0,2.0,1.0,35353.929854,36443.375488,2.0,36.0,1.0,678.0,,,1.0,2.0,2.0,2.0,1.0,5.0,68.0,,1.0,1.0,130.0,92.0,56.0,2.0,86.0,58.0,2.0,88.0,54.0,2.0,,,,87.0,56.0,2.0,,,,,2.0,,,,2.0,,,,,,,,,2.0,,,,2.0,2.0,0.0,2.0,2.0,2.0,2.0,2.0,2.0,2.0,2.0,,,,,,,,,,,,,,,2.0,,,,,,,,,,,,,,,,,,,,,,,,,,,,,,,,,,,1.0,0.0,1.0,1.0,1.0,1.0,1.0,1.0,1.0,,,,,,,,9.0,,2.0,,,,,,,,,,,,,,7.0,,,1.0,,,,,,,,,1.0,,,,,,,,,1.0,,,,,,,,,1.0,1.0,,,4.0,,1.0,70.0,,151.0,52.0,3.9,1.34,32.6,136.0,121.0,3.0
28609.0,3.0,2.0,1.0,2.0,20.0,247.0,247.0,1.0,3.0,2.0,1.0,1.0,,,3.0,2.0,,1.0,5.0,4.0,4.0,0.85,2.0,2.0,20.0,1.0,3.0,1.0,3.0,1.0,2.0,2.0,1.0,2.0,2.0,1.0,2.0,2.0,1.0,3889.129277,3914.825351,2.0,42.0,1.0,595.0,,,1.0,2.0,2.0,2.0,1.0,3.0,98.0,,1.0,1.0,130.0,98.0,78.0,2.0,,,2.0,,,2.0,,,2.0,98.0,78.0,1.0,10.0,1.0,1.0,2.0,2.0,,,,2.0,,,,,,,,,2.0,,,,2.0,2.0,0.0,2.0,2.0,2.0,2.0,2.0,2.0,2.0,2.0,,,,,,,,,,,,,,,2.0,,,,,,,,,,,,,,,,,,,,,,,,,,,,,,,,,,,2.0,,2.0,2.0,1.0,2.0,2.0,2.0,,,,,,,,,,,,,,,,,,,1.0,,3.0,,,,,,,,,,,,,,,,,,,,,,,,,,,,,,,,,,2.0,,,,,,9.0,,,219.0,63.0,5.66,1.63,29.04,162.0,159.0,1.0
28615.0,3.0,2.0,2.0,2.0,41.0,495.0,496.0,4.0,2.0,2.0,1.0,1.0,,,3.0,2.0,,1.0,5.0,11.0,11.0,5.0,2.0,1.0,44.0,1.0,4.0,1.0,3.0,1.0,2.0,2.0,1.0,2.0,2.0,1.0,2.0,2.0,1.0,22844.818694,23850.195907,1.0,42.0,1.0,528.0,,,2.0,2.0,2.0,2.0,1.0,4.0,70.0,,1.0,1.0,160.0,124.0,82.0,2.0,124.0,82.0,2.0,118.0,82.0,2.0,,,,121.0,82.0,2.0,,,,,2.0,,,,2.0,,,,,,,,,2.0,,,,2.0,2.0,0.0,2.0,2.0,2.0,2.0,1.0,2.0,2.0,2.0,,,,,,,,,,,,,,,2.0,,,,,,,,,,,,,,,,,,,,,,,,,,,,,,,,,,,1.0,0.0,2.0,2.0,2.0,2.0,2.0,2.0,,,,,,,,,,,,,,,,,,,,,,,,,,,,,,,,,,,,,,,,,,,,,,,,,,,,,,,2.0,,,,,,2.0,,,155.0,50.0,4.01,1.29,28.82,142.0,129.0,2.0
28619.0,3.0,2.0,2.0,1.0,35.0,428.0,429.0,3.0,1.0,2.0,1.0,1.0,,,3.0,2.0,,1.0,3.0,10.0,10.0,4.66,,1.0,35.0,1.0,3.0,1.0,4.0,1.0,2.0,2.0,1.0,2.0,2.0,1.0,2.0,2.0,1.0,70782.749552,75242.33094,1.0,33.0,1.0,734.0,,,2.0,2.0,2.0,2.0,1.0,5.0,78.0,,1.0,1.0,130.0,118.0,64.0,2.0,114.0,70.0,2.0,114.0,70.0,2.0,,,,114.0,70.0,2.0,,,,,2.0,,,,2.0,,,,,,,,,2.0,,,,1.0,2.0,0.0,2.0,2.0,2.0,2.0,1.0,2.0,1.0,2.0,,1.0,,30.0,,,,,,,,25.0,,1.0,2.0,,,,,,,,,,,,,,,,,,,,,,,,,,,,,,,,,,,1.0,0.0,1.0,2.0,1.0,2.0,1.0,1.0,1.0,2.0,,,,,,8.0,,,,,,,,,,,,2.0,,,,,,,,,,,,,,,,,1.0,2.0,,,,,,8.0,,,,3.0,4.0,,,,,,1.0,,,,,5.0,2.0,,,270.0,38.0,6.98,0.98,44.14,134.0,125.0,3.0
28620.0,3.0,2.0,1.0,1.0,42.0,508.0,509.0,1.0,3.0,2.0,2.0,1.0,6.0,,5.0,3.0,,1.0,6.0,7.0,7.0,1.42,,2.0,37.0,2.0,5.0,1.0,5.0,1.0,2.0,2.0,1.0,2.0,2.0,1.0,2.0,2.0,1.0,18049.390227,18320.597123,1.0,40.0,1.0,590.0,,,1.0,2.0,2.0,2.0,1.0,4.0,58.0,,1.0,1.0,160.0,128.0,76.0,2.0,126.0,70.0,2.0,120.0,70.0,2.0,,,,123.0,70.0,2.0,,,,,2.0,,,,2.0,,,,,,,,,2.0,,,,2.0,2.0,0.0,2.0,2.0,2.0,2.0,2.0,2.0,2.0,2.0,,,,,,,,,,,,,,,2.0,,,,,,,,,,,,,,,,,,,,,,,,,,,,,,,,,,,1.0,0.0,2.0,2.0,2.0,2.0,2.0,2.0,,,,,,,,,,,,,,,,,,,,,,,,,,,,,,,,,,,,,,,,,,,,,,,,,,,,,,,2.0,,,,,,2.0,,,201.0,56.0,5.2,1.45,43.76,149.0,143.0,3.0
28622.0,3.0,2.0,2.0,2.0,23.0,278.0,278.0,3.0,1.0,2.0,1.0,1.0,,,5.0,3.0,,1.0,2.0,9.0,9.0,4.56,2.0,1.0,24.0,1.0,5.0,1.0,5.0,1.0,2.0,2.0,1.0,2.0,2.0,1.0,2.0,2.0,1.0,79227.699186,79285.599653,2.0,31.0,1.0,716.0,,,1.0,2.0,2.0,2.0,1.0,3.0,64.0,,1.0,1.0,140.0,,,2.0,112.0,56.0,2.0,108.0,54.0,2.0,106.0,58.0,2.0,107.0,56.0,2.0,,,,,2.0,,,,2.0,,,,,,,,,2.0,,,,2.0,2.0,0.0,2.0,2.0,2.0,2.0,2.0,2.0,2.0,2.0,,,,,,,,,,,,,,,2.0,,,,,,,,,,,,,,,,,,,,,,,,,,,,,,,,,,,1.0,0.0,2.0,2.0,2.0,2.0,1.0,2.0,,,,,,,,,,,,,,,,,,,,,,,,,,,,,,,,,,,,,,,,4.0,,,,,,,,,,,,,,,2.0,,,,,,2.0,,,145.0,41.0,3.75,1.06,73.62,127.0,124.0,3.0
28635.0,3.0,2.0,1.0,2.0,44.0,532.0,533.0,3.0,1.0,2.0,1.0,1.0,,,4.0,3.0,,1.0,3.0,11.0,11.0,5.0,2.0,1.0,46.0,1.0,4.0,1.0,4.0,1.0,2.0,2.0,1.0,2.0,2.0,1.0,2.0,2.0,1.0,102300.366262,107288.730598,2.0,35.0,1.0,641.0,,,2.0,2.0,2.0,2.0,1.0,4.0,72.0,,1.0,1.0,150.0,120.0,70.0,2.0,,,2.0,120.0,78.0,2.0,,,2.0,120.0,78.0,2.0,,,,,2.0,,,,2.0,,,,,,,,,2.0,,,,2.0,2.0,0.0,2.0,2.0,2.0,2.0,2.0,2.0,2.0,2.0,,,,,,,,,,,,,,,2.0,,,,,,,,,,,,,,,,,,,,,,,,,,,,,,,,,,,1.0,0.0,2.0,2.0,2.0,1.0,2.0,2.0,,,,,,,,,,,,,,,,,,,,,,,,,,,,1.0,,3.0,,,,,,,,,,,,,,,,,,,,,,,,,2.0,,,,,,2.0,,,143.0,74.0,3.7,1.91,33.08,154.0,128.0,3.0
28639.0,3.0,2.0,1.0,2.0,44.0,529.0,530.0,1.0,3.0,2.0,2.0,2.0,2.0,,4.0,3.0,,1.0,5.0,5.0,5.0,0.98,2.0,2.0,44.0,2.0,4.0,1.0,4.0,1.0,2.0,1.0,1.0,2.0,2.0,2.0,2.0,2.0,2.0,26347.068942,26687.794484,2.0,38.0,1.0,591.0,,,2.0,2.0,2.0,2.0,1.0,4.0,92.0,,1.0,1.0,140.0,112.0,78.0,2.0,,,2.0,114.0,78.0,2.0,116.0,76.0,2.0,115.0,77.0,2.0,,,,,2.0,,,,2.0,,,,,,,,,2.0,,,,2.0,2.0,0.0,2.0,2.0,2.0,2.0,2.0,2.0,2.0,2.0,,,,,,,,,,,,,,,2.0,,,,,,,,,,,,,,,,,,,,,,,,,,,,,,,,,,,2.0,,2.0,2.0,2.0,2.0,2.0,2.0,,,,,,,,,,,,,,,,,,,,,,,,,,,,,,,,,,,,,,,,,,,,,,,,,,,,,,,2.0,,,,,,2.0,,,163.0,39.0,4.22,1.01,21.64,158.0,141.0,1.0
28641.0,3.0,2.0,1.0,1.0,42.0,514.0,515.0,2.0,5.0,2.0,1.0,1.0,,,3.0,2.0,,1.0,4.0,5.0,5.0,1.06,,1.0,42.0,1.0,3.0,1.0,3.0,1.0,2.0,2.0,1.0,2.0,2.0,1.0,2.0,2.0,1.0,47038.192029,49343.40074,2.0,36.0,1.0,775.0,,,1.0,2.0,2.0,2.0,1.0,4.0,46.0,,1.0,1.0,150.0,120.0,86.0,2.0,122.0,80.0,2.0,116.0,72.0,2.0,,,,119.0,76.0,2.0,,,,,2.0,,,,2.0,,,,,,,,,2.0,,,,2.0,2.0,0.0,2.0,2.0,2.0,2.0,2.0,2.0,2.0,2.0,,,,,,,,,,,,,,,2.0,,,,,,,,,,,,,,,,,,,,,,,,,,,,,,,,,,,1.0,0.0,2.0,2.0,2.0,2.0,2.0,2.0,,,,,,,,,,,,,,,,,,,,,,,,,,,,,,,,,,,,,,,,,,,,,,,,,,,,,,,2.0,,,,,,2.0,,,183.0,40.0,4.73,1.03,56.18,111.0,85.0,3.0
28648.0,3.0,2.0,2.0,1.0,33.0,406.0,406.0,3.0,1.0,1.0,1.0,1.0,,,4.0,3.0,,1.0,5.0,9.0,9.0,2.5,,2.0,32.0,1.0,5.0,1.0,4.0,1.0,2.0,2.0,1.0,2.0,2.0,1.0,2.0,2.0,1.0,95919.263547,101962.540547,2.0,34.0,1.0,518.0,,,2.0,2.0,2.0,2.0,1.0,4.0,78.0,,1.0,1.0,140.0,118.0,78.0,2.0,118.0,72.0,2.0,118.0,78.0,2.0,,,,118.0,75.0,2.0,,,,,2.0,,,,2.0,,,,,,,,,2.0,,,,2.0,2.0,0.0,2.0,2.0,2.0,2.0,2.0,2.0,2.0,2.0,,,,,,,,,,,,,,,2.0,,,,,,,,,,,,,,,,,,,,,,,,,,,,,,,,,,,1.0,2.0,1.0,2.0,1.0,2.0,1.0,2.0,,,,4.0,5.0,,,,,,,,,,,,,,,,,4.0,,,,,,,,,,,,,,,1.0,,,4.0,5.0,,,,,,,,,,,,,,2.0,,,,,,2.0,,,201.0,51.0,5.2,1.32,36.28,142.0,,2.0
28651.0,3.0,2.0,1.0,1.0,28.0,344.0,346.0,1.0,3.0,2.0,1.0,1.0,,,3.0,2.0,,3.0,4.0,7.0,6.0,1.7,,2.0,33.0,1.0,3.0,,,1.0,2.0,2.0,1.0,2.0,2.0,1.0,2.0,2.0,1.0,40944.317032,43469.390154,1.0,31.0,1.0,675.0,,,2.0,2.0,2.0,2.0,1.0,4.0,54.0,,1.0,1.0,150.0,124.0,70.0,2.0,114.0,64.0,2.0,108.0,64.0,2.0,,,,111.0,64.0,2.0,,,,,2.0,,,,2.0,,,,,,,,,1.0,,,,2.0,2.0,0.0,2.0,2.0,2.0,2.0,2.0,2.0,2.0,2.0,,,,,,,,,,,,,,,2.0,,,,,,,,,,,,,,,,,,,,,,,,,,,,,,,,,,,1.0,0.0,1.0,2.0,2.0,2.0,1.0,1.0,,2.0,,,,6.0,,8.0,9.0,,,,,,,,,,,,,,,,,,,,,,,,,,,,,2.0,,,,,,,,,2.0,,,,,,,,2.0,,,,,,2.0,,,156.0,45.0,4.03,1.16,40.23,171.0,149.0,2.0
28652.0,3.0,2.0,2.0,2.0,29.0,354.0,355.0,3.0,1.0,2.0,1.0,1.0,,,5.0,3.0,,1.0,3.0,11.0,11.0,4.79,3.0,1.0,33.0,1.0,5.0,1.0,5.0,1.0,2.0,2.0,1.0,2.0,2.0,1.0,2.0,2.0,1.0,76763.243798,80353.690804,2.0,37.0,1.0,616.0,,,2.0,2.0,2.0,2.0,1.0,4.0,64.0,,1.0,1.0,130.0,106.0,62.0,2.0,108.0,62.0,2.0,,,2.0,108.0,70.0,2.0,108.0,66.0,2.0,,,,,2.0,,,,2.0,,,,,,,,,2.0,,,,2.0,2.0,0.0,2.0,2.0,2.0,2.0,2.0,2.0,2.0,2.0,,,,,,,,,,,,,,,2.0,,,,,,,,,,,,,,,,,,,,,,,,,,,,,,,,,,,1.0,5.0,2.0,1.0,2.0,2.0,2.0,2.0,,,,,,,,,,,,,,,,,8.0,,,,,,,,,,,,,,,,,,,,,,,,,,,,,,,,,,,,,,2.0,,,,,,2.0,,,203.0,51.0,5.25,1.32,41.78,131.0,123.0,3.0
28658.0,3.0,2.0,2.0,1.0,47.0,564.0,566.0,4.0,2.0,1.0,1.0,1.0,,,4.0,3.0,,3.0,1.0,4.0,4.0,2.0,,1.0,47.0,1.0,4.0,3.0,,1.0,2.0,2.0,1.0,2.0,2.0,1.0,2.0,2.0,1.0,23269.9449,24042.837777,1.0,30.0,1.0,585.0,,,1.0,2.0,2.0,2.0,1.0,5.0,74.0,,1.0,1.0,150.0,,,2.0,116.0,70.0,2.0,,,2.0,118.0,68.0,2.0,118.0,68.0,2.0,,,,,2.0,,,,2.0,,,,,,,,,2.0,,,,2.0,2.0,0.0,2.0,2.0,2.0,2.0,2.0,2.0,2.0,2.0,,,,,,,,,,,,,,,2.0,,,,,,,,,,,,,,,,,,,,,,,,,,,,,,,,,,,1.0,5.0,2.0,2.0,1.0,2.0,9.0,1.0,,,,,,,,,,,,,,,,,,,,2.0,,,,,,,9.0,,,,,,,,,,,,,,,,,,,,2.0,,,,,,,,2.0,,,,,,2.0,,,160.0,38.0,4.14,0.98,36.6,125.0,119.0,2.0
28667.0,3.0,2.0,2.0,1.0,36.0,441.0,442.0,3.0,1.0,2.0,1.0,1.0,,,4.0,3.0,,1.0,4.0,11.0,11.0,5.0,,1.0,36.0,1.0,4.0,1.0,4.0,1.0,2.0,2.0,1.0,2.0,2.0,1.0,2.0,2.0,1.0,74496.463409,80489.514464,2.0,32.0,1.0,675.0,,,2.0,2.0,2.0,2.0,1.0,4.0,60.0,,1.0,1.0,140.0,108.0,72.0,2.0,106.0,72.0,2.0,110.0,76.0,2.0,,,,108.0,74.0,2.0,,,,,2.0,,,,2.0,,,,,,,,,2.0,,,,2.0,2.0,0.0,2.0,2.0,2.0,2.0,2.0,2.0,2.0,2.0,,,,,,,,,,,,,,,2.0,,,,,,,,,,,,,,,,,,,,,,,,,,,,,,,,,,,1.0,0.0,2.0,2.0,2.0,2.0,2.0,1.0,,,,,,,,,,,,,,,,,,,,,,,,,,,,,,,,,,,,,,,,,,,,,,,,,,,,,,9.0,2.0,,,,,,2.0,,,177.0,75.0,4.58,1.94,46.12,152.0,146.0,3.0
28668.0,3.0,2.0,1.0,2.0,25.0,311.0,311.0,3.0,1.0,2.0,1.0,1.0,,,3.0,2.0,,3.0,2.0,7.0,7.0,2.89,2.0,2.0,25.0,1.0,3.0,3.0,,1.0,2.0,2.0,1.0,2.0,2.0,1.0,2.0,2.0,1.0,61219.894334,65638.446109,1.0,37.0,1.0,580.0,,,2.0,2.0,2.0,2.0,1.0,3.0,76.0,,1.0,1.0,150.0,116.0,82.0,2.0,108.0,74.0,2.0,,,2.0,110.0,80.0,2.0,109.0,77.0,2.0,,,,,9.0,,,,2.0,,,,,,,,,2.0,,,,2.0,2.0,0.0,2.0,2.0,2.0,2.0,2.0,2.0,2.0,2.0,,,,,,,,,,,,,,,2.0,,,,,,,,,,,,,,,,,,,,,,,,,,,,,,,,,,,1.0,0.0,2.0,2.0,2.0,2.0,2.0,2.0,,,,,,,,,,,,,,,,,,,,,,,,,,,,,,,,,,,,,,,,,,,,,,,,,,,,,,,2.0,,,,,,2.0,,,141.0,63.0,3.65,1.63,40.08,165.0,144.0,3.0
28684.0,3.0,2.0,2.0,1.0,28.0,343.0,344.0,1.0,3.0,2.0,1.0,1.0,,,3.0,2.0,,1.0,5.0,4.0,2.0,0.33,,2.0,25.0,1.0,2.0,1.0,,1.0,2.0,2.0,1.0,2.0,2.0,1.0,2.0,2.0,1.0,40944.317032,41575.329779,1.0,31.0,1.0,654.0,,,2.0,2.0,2.0,2.0,1.0,4.0,66.0,,1.0,1.0,150.0,,,2.0,108.0,74.0,2.0,110.0,80.0,2.0,108.0,84.0,2.0,109.0,82.0,2.0,,,,,2.0,,,,2.0,,,,,,,,,1.0,,,,2.0,2.0,0.0,2.0,2.0,2.0,2.0,2.0,2.0,2.0,2.0,,,,,,,,,,,,,,,2.0,,,,,,,,,,,,,,,,,,,,,,,,,,,,,,,,,,,1.0,3.0,1.0,2.0,2.0,2.0,2.0,2.0,,,,,,,,,9.0,,,,,,,,,,,,,,,,,,,,,,,,,,,,,,,,,,,,,,,,,,,,,,1.0,,,,,5.0,2.0,,,165.0,48.0,4.27,1.24,39.5,164.0,157.0,2.0
28698.0,3.0,2.0,2.0,1.0,43.0,516.0,517.0,3.0,1.0,2.0,1.0,1.0,,,3.0,2.0,,1.0,4.0,4.0,4.0,0.8,,1.0,43.0,1.0,3.0,1.0,3.0,1.0,2.0,2.0,1.0,2.0,2.0,1.0,2.0,2.0,1.0,32082.786553,33111.716843,2.0,30.0,1.0,912.0,,,2.0,2.0,2.0,2.0,1.0,3.0,70.0,,1.0,1.0,140.0,110.0,68.0,2.0,108.0,74.0,2.0,112.0,72.0,2.0,,,,110.0,73.0,2.0,,,,,2.0,,,,2.0,,,,,,,,,2.0,,,,1.0,2.0,0.0,2.0,2.0,2.0,2.0,2.0,2.0,2.0,2.0,,,,43.0,,,,,,,,,,9.0,2.0,,,,,,,,,,,,,,,,,,,,,,,,,,,,,,,,,,,1.0,30.0,2.0,2.0,2.0,2.0,2.0,2.0,,,,,,,,,,,,,,,,,,,,,,,,,,,,,,,,,,,,,,,,,,,,,,,,,,,,,,,2.0,,,,,,2.0,,,251.0,102.0,6.49,2.64,42.74,142.0,131.0,3.0
28702.0,3.0,2.0,1.0,1.0,36.0,432.0,433.0,2.0,5.0,2.0,3.0,2.0,4.0,,2.0,1.0,,5.0,6.0,6.0,5.0,1.11,,1.0,45.0,3.0,4.0,1.0,3.0,2.0,2.0,2.0,1.0,2.0,2.0,2.0,2.0,2.0,2.0,42996.076117,46455.001112,1.0,36.0,1.0,612.0,,,2.0,2.0,2.0,2.0,1.0,4.0,60.0,,1.0,1.0,130.0,108.0,62.0,2.0,102.0,62.0,2.0,102.0,70.0,2.0,,,,102.0,66.0,2.0,,,,,2.0,,,,2.0,,,,,,,,,1.0,,,,2.0,2.0,0.0,2.0,2.0,2.0,2.0,2.0,2.0,2.0,2.0,,,,,,,,,,,,,,,2.0,,,,,,,,,,,,,,,,,,,,,,,,,,,,,,,,,,,1.0,10.0,1.0,2.0,2.0,2.0,2.0,2.0,,,,4.0,,,,,9.0,,,,,,,,,,,,,,,,,,,,,,,,,,,,,,,,,,,,,,,,,,,,,,2.0,,,,,,2.0,,,173.0,43.0,4.47,1.11,42.2,163.0,,2.0
28704.0,3.0,2.0,2.0,2.0,29.0,348.0,348.0,3.0,1.0,2.0,1.0,1.0,,,4.0,3.0,,5.0,2.0,2.0,2.0,0.66,2.0,2.0,29.0,1.0,4.0,5.0,,1.0,2.0,2.0,1.0,2.0,2.0,1.0,2.0,2.0,1.0,93150.775582,93218.851185,1.0,31.0,1.0,522.0,,,2.0,2.0,2.0,2.0,1.0,3.0,98.0,,1.0,1.0,130.0,96.0,68.0,2.0,92.0,68.0,2.0,98.0,72.0,2.0,,,,95.0,70.0,1.0,21.0,1.0,2.0,,2.0,,,,2.0,,,,,,,,,2.0,,,,2.0,2.0,0.0,2.0,2.0,2.0,2.0,2.0,2.0,2.0,2.0,,,,,,,,,,,,,,,2.0,,,,,,,,,,,,,,,,,,,,,,,,,,,,,,,,,,,1.0,1.0,2.0,2.0,2.0,2.0,2.0,2.0,,,,,,,,,,,,,,,,,,,,,,,,,,,,,,,,,,,,,,,,,,,,,,,,,,,,,,,2.0,,,,,,2.0,,,176.0,50.0,4.55,1.29,31.64,157.0,146.0,2.0
28713.0,3.0,2.0,1.0,2.0,22.0,272.0,273.0,4.0,2.0,2.0,1.0,1.0,,,5.0,3.0,,5.0,1.0,6.0,6.0,2.78,2.0,2.0,22.0,1.0,5.0,5.0,,1.0,2.0,2.0,1.0,2.0,2.0,1.0,2.0,2.0,1.0,30627.170583,31518.836948,2.0,30.0,1.0,527.0,,,1.0,2.0,2.0,2.0,1.0,3.0,82.0,,1.0,1.0,140.0,102.0,58.0,2.0,98.0,64.0,2.0,102.0,66.0,2.0,,,,100.0,65.0,2.0,,,,,2.0,,,,2.0,,,,,,,,,2.0,,,,2.0,2.0,0.0,2.0,2.0,2.0,2.0,2.0,2.0,2.0,2.0,,,,,,,,,,,,,,,2.0,,,,,,,,,,,,,,,,,,,,,,,,,,,,,,,,,,,1.0,3.0,2.0,1.0,2.0,2.0,2.0,2.0,,,,,,,,,,,,,,,6.0,,,,,,,,,,,,,,,,,,,,,,,,,,,,,,,,,,,,,,,,2.0,,,,,,2.0,,,148.0,71.0,3.83,1.84,39.38,139.0,138.0,3.0
28722.0,3.0,2.0,1.0,1.0,21.0,255.0,256.0,4.0,2.0,2.0,1.0,1.0,,,3.0,2.0,,5.0,3.0,4.0,4.0,1.05,,2.0,52.0,1.0,3.0,5.0,,1.0,2.0,2.0,1.0,2.0,2.0,1.0,2.0,2.0,1.0,25340.19972,27795.83342,1.0,36.0,1.0,597.0,,,2.0,2.0,2.0,2.0,1.0,4.0,64.0,,1.0,1.0,150.0,136.0,68.0,2.0,134.0,72.0,2.0,134.0,76.0,2.0,,,,134.0,74.0,2.0,,,,,2.0,,,,2.0,,,,,,,,,2.0,,,,2.0,2.0,0.0,2.0,2.0,2.0,2.0,2.0,2.0,2.0,2.0,,,,,,,,,,,,,,,2.0,,,,,,,,,,,,,,,,,,,,,,,,,,,,,,,,,,,1.0,0.0,1.0,2.0,2.0,2.0,2.0,2.0,,2.0,,,,,,,,,,,,,,,,,,,,,,,,,,,,,,,,,,,,,,,,,,,,,,,,,,,,,2.0,,,,,,2.0,,,,,,,67.58,135.0,119.0,3.0
28730.0,3.0,2.0,2.0,2.0,41.0,498.0,499.0,4.0,2.0,2.0,1.0,1.0,,,4.0,3.0,,1.0,5.0,11.0,11.0,4.64,2.0,1.0,39.0,1.0,3.0,1.0,4.0,1.0,2.0,2.0,1.0,2.0,2.0,1.0,2.0,2.0,1.0,25654.412399,26783.43697,1.0,33.0,1.0,617.0,,,2.0,2.0,2.0,2.0,1.0,4.0,66.0,,1.0,1.0,140.0,118.0,86.0,2.0,114.0,90.0,2.0,122.0,84.0,2.0,,,,118.0,87.0,2.0,,,,,1.0,,,,2.0,,,,,,,,,2.0,,,,2.0,2.0,0.0,2.0,2.0,2.0,2.0,2.0,2.0,2.0,2.0,,,,,,,,,,,,,,,2.0,,,,,,,,,,,,,,,,,,,,,,,,,,,,,,,,,,,1.0,0.0,2.0,2.0,1.0,2.0,1.0,2.0,,,,,,,,,,,,,,,,,,,,,,,,,7.0,,,,,,,,,,,,1.0,2.0,,,,,,,,,,,,,,,,,2.0,,,,,,2.0,,,154.0,27.0,3.98,0.7,29.65,128.0,128.0,2.0
28731.0,3.0,2.0,1.0,1.0,25.0,309.0,310.0,3.0,1.0,2.0,1.0,1.0,,,3.0,2.0,,5.0,3.0,8.0,8.0,3.19,,2.0,47.0,1.0,2.0,3.0,,1.0,2.0,2.0,1.0,2.0,2.0,1.0,2.0,2.0,1.0,39895.048196,42370.699849,2.0,35.0,1.0,518.0,,,1.0,2.0,2.0,2.0,1.0,4.0,88.0,,1.0,1.0,140.0,110.0,64.0,2.0,104.0,66.0,2.0,110.0,60.0,2.0,,,,107.0,63.0,2.0,,,,,2.0,,,,2.0,,,,,,,,,2.0,,,,2.0,2.0,0.0,2.0,2.0,2.0,2.0,2.0,2.0,2.0,2.0,,,,,,,,,,,,,,,2.0,,,,,,,,,,,,,,,,,,,,,,,,,,,,,,,,,,,1.0,0.0,2.0,2.0,2.0,2.0,1.0,2.0,,,,,,,,,,,,,,,,,,,,,,,,,,,,,,,,,,,,,,2.0,,,,,,,,,,,,,,,,,2.0,,,,,,2.0,,,172.0,48.0,4.45,1.24,45.8,159.0,136.0,3.0
28754.0,3.0,2.0,2.0,2.0,21.0,263.0,264.0,3.0,1.0,2.0,1.0,1.0,,,3.0,2.0,,5.0,1.0,1.0,1.0,0.27,2.0,2.0,21.0,1.0,3.0,5.0,,1.0,2.0,2.0,1.0,2.0,2.0,1.0,2.0,2.0,1.0,69461.642774,69512.4061,2.0,39.0,1.0,713.0,,,2.0,2.0,2.0,1.0,1.0,5.0,56.0,,1.0,1.0,140.0,118.0,58.0,2.0,116.0,56.0,2.0,110.0,56.0,2.0,,,,113.0,56.0,2.0,,,,,2.0,,,,2.0,,,,,,,,,2.0,,,,2.0,2.0,0.0,2.0,2.0,2.0,2.0,1.0,2.0,2.0,2.0,,,,,,,,,,,,,,,2.0,,,,,,,,,,,,,,,,,,,,,,,,,,,,,,,,,,,1.0,2.0,1.0,2.0,2.0,2.0,1.0,9.0,,2.0,,,5.0,,,,9.0,,,,,,,,,,,,,,,,,,,,,,,,,,,,,,,4.0,,,,,,,,,,,,,,,2.0,,,,,,2.0,,,158.0,38.0,4.09,0.98,30.81,135.0,127.0,2.0
28755.0,3.0,2.0,2.0,2.0,38.0,465.0,465.0,3.0,1.0,2.0,1.0,1.0,,,3.0,2.0,,1.0,5.0,11.0,11.0,3.98,2.0,1.0,19.0,1.0,3.0,5.0,,1.0,2.0,2.0,1.0,2.0,2.0,1.0,2.0,2.0,1.0,79904.13939,84517.572421,2.0,39.0,1.0,525.0,,,2.0,2.0,2.0,2.0,1.0,5.0,48.0,2.0,2.0,1.0,140.0,104.0,54.0,2.0,,,2.0,,,2.0,,,2.0,104.0,54.0,2.0,,,,,2.0,,,,2.0,,,,,,,,,2.0,,,,2.0,2.0,0.0,2.0,2.0,2.0,2.0,1.0,2.0,2.0,2.0,,,,,,,,,,,,,,,2.0,,,,,,,,,,,,,,,,,,,,,,,,,,,,,,,,,,,1.0,0.0,2.0,2.0,1.0,2.0,2.0,2.0,,,,,,,,,,,,,,,,,,,,2.0,,,,,,,9.0,,,,,,,,,,,,,,,,,,,,,,,,,,,,1.0,1.0,,,,,2.0,,,99.0,47.0,2.56,1.22,41.0,114.0,97.0,3.0
28756.0,3.0,2.0,2.0,1.0,24.0,298.0,298.0,4.0,2.0,2.0,1.0,1.0,,,4.0,3.0,,5.0,4.0,7.0,7.0,1.9,,1.0,69.0,1.0,1.0,3.0,,1.0,2.0,2.0,1.0,2.0,2.0,1.0,2.0,2.0,1.0,5445.738701,5937.260617,1.0,42.0,1.0,604.0,,,1.0,2.0,2.0,2.0,1.0,3.0,52.0,,1.0,1.0,150.0,114.0,60.0,2.0,136.0,50.0,2.0,120.0,60.0,2.0,,,,128.0,55.0,2.0,,,,,2.0,,,,2.0,,,,,,,,,2.0,,,,2.0,2.0,0.0,2.0,2.0,2.0,2.0,2.0,2.0,2.0,2.0,,,,,,,,,,,,,,,2.0,,,,,,,,,,,,,,,,,,,,,,,,,,,,,,,,,,,1.0,5.0,2.0,2.0,2.0,2.0,2.0,2.0,,,,,,,,,,,,,,,,,,,,,,,,,,,,,,,,,,,,,,,,,,,,,,,,,,,,,,,2.0,,,,,,2.0,,,206.0,80.0,5.33,2.07,47.04,151.0,136.0,3.0
28760.0,3.0,2.0,1.0,2.0,42.0,510.0,512.0,3.0,1.0,2.0,1.0,1.0,,,5.0,3.0,,3.0,2.0,9.0,6.0,3.23,2.0,2.0,42.0,1.0,5.0,3.0,,1.0,2.0,2.0,1.0,2.0,2.0,1.0,2.0,2.0,1.0,97043.563351,104245.38986,1.0,35.0,1.0,590.0,,,2.0,2.0,2.0,2.0,1.0,4.0,64.0,,1.0,1.0,140.0,120.0,72.0,2.0,116.0,68.0,2.0,118.0,68.0,2.0,,,,117.0,68.0,2.0,,,,,2.0,,,,2.0,,,,,,,,,2.0,,,,2.0,2.0,0.0,2.0,2.0,2.0,2.0,2.0,2.0,2.0,2.0,,,,,,,,,,,,,,,2.0,,,,,,,,,,,,,,,,,,,,,,,,,,,,,,,,,,,1.0,0.0,2.0,2.0,1.0,1.0,2.0,2.0,,,,,,,,,,,,,,,,,,,,2.0,,,,,7.0,,,1.0,,,,,,,,,,,,,,,,,,,,,,,,,,,2.0,,,,,,2.0,,,174.0,69.0,4.5,1.78,39.23,111.0,107.0,3.0
28763.0,3.0,2.0,1.0,2.0,49.0,592.0,592.0,3.0,1.0,2.0,1.0,1.0,,,3.0,2.0,,1.0,2.0,9.0,9.0,4.8,2.0,2.0,49.0,1.0,3.0,1.0,,1.0,2.0,2.0,1.0,2.0,2.0,1.0,2.0,2.0,1.0,88449.464991,95013.503652,2.0,40.0,1.0,735.0,,,1.0,2.0,2.0,2.0,1.0,4.0,78.0,,1.0,1.0,160.0,130.0,86.0,2.0,142.0,98.0,2.0,134.0,88.0,2.0,,,,138.0,93.0,2.0,,,,,2.0,,,,2.0,,,,,,,,,2.0,,,,2.0,2.0,0.0,2.0,2.0,2.0,2.0,2.0,2.0,2.0,2.0,,,,,,,,,,,,,,,2.0,,,,,,,,,,,,,,,,,,,,,,,,,,,,,,,,,,,1.0,0.0,2.0,2.0,2.0,2.0,2.0,2.0,,,,,,,,,,,,,,,,,,,,,,,,,,,,,,,,,,,,,,,,,,,,,,,,,,,,,,,2.0,,,,,,2.0,,,207.0,112.0,5.35,2.9,32.84,120.0,,3.0
28779.0,3.0,2.0,1.0,1.0,22.0,264.0,265.0,1.0,3.0,2.0,2.0,2.0,5.0,,4.0,3.0,,5.0,2.0,4.0,4.0,1.36,,2.0,57.0,2.0,1.0,3.0,,1.0,2.0,2.0,1.0,2.0,1.0,1.0,2.0,2.0,1.0,44549.083877,43427.233008,2.0,38.0,1.0,594.0,,,2.0,2.0,2.0,2.0,1.0,4.0,64.0,,1.0,1.0,150.0,116.0,58.0,2.0,120.0,56.0,2.0,,,2.0,114.0,72.0,2.0,117.0,64.0,2.0,,,,,2.0,,,,2.0,,,,,,,,,2.0,,,,2.0,2.0,0.0,2.0,2.0,2.0,2.0,2.0,2.0,2.0,2.0,,,,,,,,,,,,,,,2.0,,,,,,,,,,,,,,,,,,,,,,,,,,,,,,,,,,,1.0,0.0,1.0,1.0,2.0,2.0,2.0,2.0,,,,4.0,,,,,9.0,,,3.0,,,,,,,,,,,,,,,,,,,,,,,,,,,,,,,,,,,,,,,,,,,2.0,,,,,,2.0,,,157.0,32.0,4.06,0.83,31.23,168.0,154.0,1.0
28813.0,3.0,2.0,2.0,2.0,29.0,348.0,349.0,4.0,2.0,2.0,1.0,1.0,,,4.0,3.0,,5.0,3.0,9.0,7.0,3.22,2.0,2.0,58.0,1.0,4.0,3.0,,1.0,2.0,2.0,1.0,2.0,2.0,1.0,2.0,2.0,1.0,26100.524138,27204.194426,1.0,41.0,1.0,725.0,,,2.0,2.0,2.0,2.0,1.0,4.0,80.0,,1.0,1.0,130.0,118.0,78.0,2.0,118.0,78.0,2.0,118.0,84.0,2.0,,,,118.0,81.0,2.0,,,,,2.0,,,,2.0,,,,,,,,,2.0,,,,2.0,2.0,0.0,2.0,2.0,2.0,2.0,2.0,2.0,2.0,2.0,,,,,,,,,,,,,,,2.0,,,,,,,,,,,,,,,,,,,,,,,,,,,,,,,,,,,1.0,0.0,2.0,2.0,2.0,2.0,1.0,2.0,,,,,,,,,,,,,,,,,,,,,,,,,,,,,,,,,,,,,,,,,,,,,9.0,,,,,,,,,,2.0,,,,,,2.0,,,194.0,52.0,5.02,1.34,43.0,135.0,,3.0
28818.0,3.0,2.0,2.0,1.0,21.0,262.0,263.0,1.0,3.0,2.0,1.0,1.0,,,1.0,1.0,,6.0,4.0,6.0,4.0,1.78,,1.0,21.0,1.0,1.0,6.0,,1.0,2.0,2.0,1.0,2.0,2.0,1.0,2.0,2.0,1.0,40944.317032,41575.329779,1.0,31.0,1.0,660.0,,,2.0,2.0,2.0,2.0,1.0,4.0,62.0,,1.0,1.0,150.0,116.0,70.0,2.0,,,2.0,116.0,54.0,2.0,124.0,72.0,2.0,120.0,63.0,2.0,,,,,2.0,,,,2.0,,,,,,,,,2.0,,,,2.0,2.0,0.0,2.0,2.0,2.0,2.0,2.0,2.0,2.0,2.0,,,,,,,,,,,,,,,2.0,,,,,,,,,,,,,,,,,,,,,,,,,,,,,,,,,,,1.0,0.0,2.0,2.0,2.0,2.0,2.0,2.0,,,,,,,,,,,,,,,,,,,,,,,,,,,,,,,,,,,,,,,,,,,,,,,,,,,,,,,2.0,,,,,,2.0,,,170.0,54.0,4.4,1.4,50.46,149.0,128.0,3.0
28822.0,3.0,2.0,2.0,2.0,26.0,322.0,322.0,1.0,3.0,2.0,1.0,1.0,,,4.0,3.0,,6.0,2.0,11.0,8.0,5.0,2.0,1.0,25.0,1.0,3.0,6.0,,1.0,2.0,2.0,1.0,2.0,2.0,1.0,2.0,2.0,1.0,35714.115636,35941.700987,1.0,32.0,1.0,550.0,,,2.0,2.0,2.0,1.0,1.0,4.0,64.0,,1.0,1.0,140.0,116.0,56.0,2.0,116.0,52.0,2.0,118.0,52.0,2.0,,,,117.0,52.0,2.0,,,,,2.0,,,,2.0,,,,,,,,,2.0,,,,1.0,2.0,0.0,2.0,2.0,2.0,2.0,1.0,2.0,2.0,2.0,,,,19.0,,,,,,,,,,9.0,2.0,,,,,,,,,,,,,,,,,,,,,,,,,,,,,,,,,,,1.0,14.0,1.0,2.0,2.0,2.0,2.0,2.0,,,3.0,,,,,,,,,,,,,,,,,,,,,,,,,,,,,,,,,,,,,,,,,,,,,,,,,,,,2.0,,,,,,2.0,,,144.0,53.0,3.72,1.37,37.48,149.0,133.0,3.0
28825.0,3.0,2.0,1.0,1.0,20.0,242.0,243.0,3.0,1.0,2.0,1.0,1.0,,,4.0,3.0,,5.0,2.0,2.0,1.0,0.11,,1.0,21.0,1.0,4.0,5.0,,1.0,2.0,2.0,1.0,2.0,2.0,1.0,2.0,2.0,1.0,58728.424912,62474.581547,2.0,40.0,1.0,747.0,,,2.0,2.0,2.0,2.0,1.0,3.0,74.0,,1.0,1.0,120.0,106.0,70.0,2.0,102.0,74.0,2.0,108.0,68.0,2.0,,,,105.0,71.0,1.0,11.0,2.0,,,2.0,,,,2.0,,,,,,,,,2.0,,,,2.0,2.0,0.0,2.0,2.0,2.0,2.0,2.0,2.0,2.0,2.0,,,,,,,,,,,,,,,2.0,,,,,,,,,,,,,,,,,,,,,,,,,,,,,,,,,,,1.0,0.0,1.0,2.0,2.0,1.0,2.0,2.0,,,,,,,,,9.0,,,,,,,,,,,,,,,,,,,,,,,5.0,,,,,,,,,,,,,,,,,,,,,,,1.0,,,3.0,,,2.0,,,,,,,42.64,157.0,142.0,2.0
28833.0,3.0,2.0,1.0,1.0,49.0,590.0,591.0,3.0,1.0,2.0,1.0,1.0,,,3.0,2.0,,3.0,1.0,,13.0,,,1.0,49.0,1.0,3.0,3.0,,1.0,2.0,2.0,1.0,2.0,2.0,1.0,2.0,2.0,1.0,95538.223374,102652.332587,2.0,34.0,1.0,815.0,,,2.0,2.0,2.0,2.0,1.0,3.0,62.0,,1.0,1.0,190.0,160.0,88.0,2.0,156.0,94.0,2.0,142.0,88.0,2.0,,,,149.0,91.0,2.0,,,,,2.0,,,,2.0,,,,,,,,,2.0,,,,2.0,2.0,0.0,2.0,2.0,2.0,2.0,2.0,2.0,2.0,2.0,,,,,,,,,,,,,,,1.0,32.0,,,,,,,,,,,,,,,,,,,,,,,,,,45.0,,,,,,,,1.0,0.0,1.0,1.0,2.0,2.0,1.0,1.0,,2.0,,,,,,,,,,,,,,,,9.0,,,,,,,,,,,,,,,,,,,,,,,,,7.0,,,,2.0,,,,,,,,2.0,,,,,,2.0,,,,,,,50.36,124.0,116.0,3.0
28837.0,3.0,2.0,1.0,2.0,40.0,485.0,486.0,1.0,3.0,2.0,1.0,1.0,,,4.0,3.0,,5.0,4.0,6.0,3.0,1.16,2.0,2.0,40.0,1.0,4.0,5.0,,1.0,2.0,2.0,1.0,2.0,2.0,1.0,2.0,2.0,1.0,20807.000928,22352.595586,1.0,34.0,1.0,701.0,,,2.0,2.0,2.0,2.0,1.0,3.0,58.0,,1.0,1.0,150.0,112.0,66.0,2.0,106.0,56.0,2.0,110.0,68.0,2.0,,,,108.0,62.0,2.0,,,,,2.0,,,,2.0,,,,,,,,,1.0,,,,2.0,2.0,0.0,2.0,2.0,2.0,2.0,2.0,2.0,2.0,2.0,,,,,,,,,,,,,,,2.0,,,,,,,,,,,,,,,,,,,,,,,,,,,,,,,,,,,1.0,0.0,1.0,1.0,1.0,2.0,2.0,2.0,,,,,,,,,9.0,,,3.0,,,,,,,,,,,,,,,9.0,,,,,,,,,,,,,,,,,,,,,,,,,,,,2.0,,,,,,2.0,,,231.0,49.0,5.97,1.27,53.8,131.0,117.0,3.0
28843.0,3.0,2.0,2.0,1.0,22.0,274.0,276.0,5.0,4.0,2.0,3.0,1.0,4.0,,4.0,3.0,,5.0,6.0,,,,,1.0,52.0,,,1.0,,1.0,2.0,2.0,,,,,,,,59279.442436,62957.975393,2.0,29.0,1.0,552.0,,,2.0,2.0,2.0,2.0,1.0,3.0,86.0,,1.0,1.0,130.0,108.0,72.0,2.0,,,2.0,110.0,76.0,2.0,106.0,76.0,2.0,108.0,76.0,2.0,,,,,2.0,,,,2.0,,,,,,,,,2.0,,,,2.0,2.0,0.0,2.0,2.0,2.0,2.0,2.0,2.0,2.0,2.0,,,,,,,,,,,,,,,2.0,,,,,,,,,,,,,,,,,,,,,,,,,,,,,,,,,,,1.0,0.0,2.0,2.0,2.0,2.0,1.0,2.0,,,,,,,,,,,,,,,,,,,,,,,,,,,,,,,,,,,,,,2.0,,,,,,,,,,,,,,,,,2.0,,,,,,2.0,,,180.0,53.0,4.65,1.37,37.4,178.0,171.0,2.0
28860.0,3.0,2.0,1.0,1.0,29.0,356.0,357.0,1.0,3.0,2.0,1.0,1.0,,,4.0,3.0,,5.0,2.0,13.0,2.0,0.97,,1.0,29.0,1.0,4.0,5.0,,1.0,2.0,2.0,1.0,2.0,2.0,1.0,2.0,2.0,1.0,23960.182948,23979.529765,1.0,43.0,1.0,534.0,,,2.0,2.0,2.0,2.0,1.0,3.0,60.0,,1.0,1.0,150.0,108.0,66.0,2.0,114.0,66.0,2.0,112.0,74.0,2.0,,,,113.0,70.0,2.0,,,,,2.0,,,,2.0,,,,,,,,,2.0,,,,2.0,2.0,0.0,2.0,2.0,2.0,2.0,2.0,9.0,1.0,2.0,,2.0,,,,,,,,,,14.0,,,2.0,,,,,,,,,,,,,,,,,,,,,,,,,,,,,,,,,,,1.0,1.0,1.0,2.0,2.0,2.0,1.0,2.0,,,,4.0,5.0,,,,,,,,,,,,,,,,,,,,,,,,,,,,,,,,,2.0,,,,,,,,,,,,,,,,,2.0,,,,,,2.0,,,153.0,64.0,3.96,1.66,37.55,185.0,181.0,2.0
28861.0,3.0,2.0,1.0,1.0,26.0,316.0,317.0,4.0,2.0,2.0,1.0,1.0,,,4.0,3.0,,5.0,2.0,5.0,3.0,1.34,,1.0,26.0,1.0,4.0,5.0,,1.0,2.0,2.0,1.0,2.0,2.0,1.0,2.0,2.0,1.0,26193.579546,28368.814248,1.0,37.0,1.0,711.0,,,2.0,2.0,2.0,2.0,1.0,5.0,66.0,,1.0,1.0,150.0,116.0,76.0,2.0,,,2.0,124.0,72.0,2.0,118.0,78.0,2.0,121.0,75.0,2.0,,,,,2.0,,,,2.0,,,,,,,,,2.0,,,,2.0,2.0,0.0,2.0,2.0,2.0,2.0,1.0,2.0,2.0,2.0,,,,,,,,,,,,,,,2.0,,,,,,,,,,,,,,,,,,,,,,,,,,,,,,,,,,,1.0,0.0,2.0,2.0,2.0,2.0,1.0,2.0,,,,,,,,,,,,,,,,,,,,,,,,,,,,,,,,,,,,,1.0,,,,,,,,,,,,,,,,,,2.0,,,,,,2.0,,,196.0,42.0,5.07,1.09,40.11,144.0,120.0,2.0
28863.0,3.0,2.0,1.0,2.0,37.0,445.0,446.0,4.0,2.0,2.0,3.0,1.0,6.0,,4.0,3.0,,1.0,6.0,7.0,7.0,1.62,2.0,1.0,43.0,3.0,5.0,1.0,4.0,1.0,2.0,2.0,1.0,2.0,2.0,1.0,2.0,2.0,1.0,33102.647144,34246.848967,1.0,35.0,1.0,649.0,,,2.0,2.0,2.0,2.0,1.0,3.0,72.0,,1.0,1.0,170.0,142.0,104.0,2.0,142.0,102.0,2.0,134.0,96.0,2.0,,,,138.0,99.0,2.0,,,,,2.0,,,,2.0,,,,,,,,,1.0,,,,2.0,2.0,0.0,2.0,2.0,2.0,2.0,1.0,2.0,2.0,2.0,,,,,,,,,,,,,,,2.0,,,,,,,,,,,,,,,,,,,,,,,,,,,,,,,,,,,1.0,30.0,1.0,2.0,1.0,2.0,1.0,2.0,,,3.0,,,,,,9.0,,,,,,,,,,,,,,,,,,9.0,,,,,,,,,,1.0,2.0,,4.0,,,7.0,8.0,9.0,,,,,,,,,,1.0,,,3.0,,5.0,2.0,,,191.0,58.0,4.94,1.5,29.46,160.0,144.0,2.0
28868.0,3.0,2.0,2.0,2.0,39.0,473.0,474.0,3.0,1.0,2.0,1.0,1.0,,,5.0,3.0,,1.0,4.0,11.0,11.0,5.0,2.0,1.0,40.0,1.0,5.0,1.0,5.0,1.0,2.0,2.0,1.0,2.0,2.0,1.0,2.0,2.0,1.0,72619.856408,76812.716088,2.0,32.0,1.0,633.0,,,2.0,2.0,2.0,2.0,1.0,3.0,76.0,,1.0,1.0,150.0,116.0,80.0,2.0,118.0,74.0,2.0,120.0,74.0,2.0,,,,119.0,74.0,2.0,,,,,2.0,,,,2.0,,,,,,,,,2.0,,,,1.0,2.0,0.0,2.0,2.0,2.0,2.0,2.0,2.0,2.0,1.0,,,1.0,23.0,,,,,,,,,19.0,2.0,2.0,,,,,,,,,,,,,,,,,,,,,,,,,,,,,,,,,,,1.0,0.0,2.0,2.0,1.0,1.0,2.0,2.0,,,,,,,,,,,,,,,,,,,1.0,,,,,,,,,1.0,,,,,,,,,,,,,,,,,,,,,,,,,,,2.0,,,,,,2.0,,,217.0,76.0,5.61,1.97,45.03,131.0,119.0,3.0
28893.0,3.0,2.0,2.0,1.0,26.0,317.0,318.0,3.0,1.0,2.0,3.0,2.0,3.0,,4.0,3.0,,1.0,2.0,8.0,8.0,4.13,,1.0,26.0,3.0,4.0,1.0,4.0,1.0,2.0,2.0,1.0,2.0,2.0,1.0,2.0,2.0,1.0,77992.502946,82967.47261,1.0,32.0,1.0,522.0,,,2.0,2.0,2.0,2.0,1.0,5.0,76.0,,1.0,1.0,150.0,122.0,72.0,2.0,124.0,82.0,2.0,122.0,76.0,2.0,,,,123.0,79.0,2.0,,,,,2.0,,,,1.0,2.0,,,,,,,,2.0,,,,2.0,2.0,0.0,2.0,2.0,2.0,2.0,1.0,2.0,2.0,2.0,,,,,,,,,,,,,,,2.0,,,,,,,,,,,,,,,,,,,,,,,,,,,,,,,,,,,1.0,2.0,1.0,2.0,2.0,2.0,2.0,2.0,1.0,2.0,,4.0,,,,,,,,,,,,,,,,,,,,,,,,,,,,,,,,,,,,,,,,,,,,,,,,,,,2.0,,,,,,2.0,,,186.0,36.0,4.81,0.93,33.2,150.0,,1.0
28896.0,3.0,2.0,1.0,1.0,46.0,553.0,554.0,2.0,5.0,2.0,3.0,1.0,7.0,,1.0,1.0,,1.0,6.0,6.0,5.0,1.31,,1.0,46.0,3.0,1.0,1.0,2.0,1.0,2.0,2.0,1.0,2.0,2.0,1.0,2.0,2.0,1.0,34639.009529,37157.695158,1.0,35.0,1.0,820.0,,,1.0,2.0,2.0,2.0,1.0,5.0,76.0,,1.0,1.0,150.0,118.0,78.0,2.0,120.0,86.0,2.0,114.0,82.0,2.0,,,,117.0,84.0,2.0,,,,,2.0,,,,2.0,,,,,,,,,2.0,,,,2.0,2.0,0.0,2.0,2.0,2.0,2.0,2.0,2.0,2.0,2.0,,,,,,,,,,,,,,,2.0,,,,,,,,,,,,,,,,,,,,,,,,,,,,,,,,,,,1.0,0.0,2.0,2.0,2.0,2.0,2.0,2.0,,,,,,,,,,,,,,,,,,,,,,,,,,,,,,,,,,,,,,,,,,,,,,,,,,,,,,,2.0,,,,,,2.0,,,186.0,49.0,4.81,1.27,38.57,109.0,105.0,2.0
28898.0,3.0,2.0,1.0,2.0,41.0,502.0,503.0,4.0,2.0,2.0,1.0,1.0,,,4.0,3.0,,1.0,7.0,4.0,4.0,0.57,2.0,2.0,41.0,1.0,4.0,1.0,2.0,1.0,2.0,2.0,1.0,2.0,2.0,1.0,2.0,2.0,1.0,28164.040394,29403.511138,1.0,36.0,1.0,669.0,,,2.0,2.0,2.0,2.0,1.0,4.0,76.0,,1.0,1.0,150.0,128.0,66.0,2.0,128.0,66.0,2.0,132.0,64.0,2.0,,,,130.0,65.0,1.0,12.0,2.0,,,1.0,,,,1.0,2.0,,,,,,,,2.0,,,,2.0,2.0,0.0,2.0,2.0,2.0,2.0,1.0,2.0,2.0,2.0,,,,,,,,,,,,,,,2.0,,,,,,,,,,,,,,,,,,,,,,,,,,,,,,,,,,,2.0,,1.0,2.0,2.0,2.0,1.0,2.0,1.0,2.0,,,,,,,,,,,,,,,,,,,,,,,,,,,,,,,,,,,1.0,,,,,,,,,,,,,,,,,,2.0,,,,,,2.0,,,226.0,40.0,5.84,1.03,35.1,136.0,,3.0
28899.0,3.0,2.0,2.0,1.0,32.0,385.0,386.0,3.0,1.0,2.0,3.0,2.0,2.0,,4.0,3.0,,1.0,2.0,5.0,5.0,1.65,,2.0,45.0,1.0,5.0,1.0,4.0,1.0,2.0,2.0,1.0,2.0,2.0,1.0,2.0,2.0,1.0,74496.463409,82442.758018,1.0,33.0,1.0,696.0,,,2.0,2.0,2.0,2.0,1.0,4.0,62.0,,1.0,1.0,140.0,110.0,62.0,2.0,114.0,66.0,2.0,108.0,64.0,2.0,,,,111.0,65.0,2.0,,,,,2.0,,,,1.0,2.0,,,,,,,,1.0,,,,2.0,2.0,0.0,2.0,2.0,2.0,2.0,2.0,2.0,2.0,2.0,,,,,,,,,,,,,,,2.0,,,,,,,,,,,,,,,,,,,,,,,,,,,,,,,,,,,1.0,0.0,2.0,2.0,2.0,2.0,2.0,2.0,,,,,,,,,,,,,,,,,,,,,,,,,,,,,,,,,,,,,,,,,,,,,,,,,,,,,,,2.0,,,,,,2.0,,,123.0,41.0,3.18,1.06,58.4,128.0,114.0,3.0
28905.0,3.0,2.0,2.0,1.0,47.0,569.0,569.0,3.0,1.0,2.0,1.0,1.0,,,3.0,2.0,,1.0,2.0,6.0,6.0,2.23,,1.0,47.0,1.0,3.0,1.0,3.0,1.0,2.0,2.0,1.0,2.0,2.0,1.0,2.0,2.0,1.0,86859.560553,93327.426274,1.0,30.0,1.0,539.0,,,1.0,2.0,2.0,2.0,1.0,4.0,78.0,,1.0,1.0,140.0,112.0,74.0,2.0,124.0,72.0,2.0,120.0,66.0,2.0,,,,122.0,69.0,2.0,,,,,2.0,,,,2.0,,,,,,,,,2.0,,,,2.0,2.0,0.0,2.0,2.0,2.0,2.0,1.0,2.0,2.0,2.0,,,,,,,,,,,,,,,2.0,,,,,,,,,,,,,,,,,,,,,,,,,,,,,,,,,,,1.0,10.0,2.0,2.0,2.0,2.0,1.0,2.0,,,,,,,,,,,,,,,,,,,,,,,,,,,,,,,,,,,,,1.0,2.0,,,,,,,,,,,,,,,,,1.0,1.0,,,,,2.0,,,204.0,56.0,5.28,1.45,34.82,143.0,131.0,2.0
28906.0,3.0,2.0,2.0,2.0,44.0,539.0,540.0,3.0,1.0,2.0,1.0,1.0,,,3.0,2.0,,1.0,5.0,11.0,11.0,5.0,2.0,1.0,44.0,1.0,4.0,1.0,3.0,1.0,2.0,2.0,1.0,2.0,2.0,1.0,2.0,2.0,1.0,108341.283275,111789.767859,1.0,29.0,1.0,819.0,,,2.0,2.0,2.0,2.0,1.0,4.0,66.0,,1.0,1.0,130.0,118.0,66.0,2.0,120.0,58.0,2.0,116.0,66.0,2.0,,,,118.0,62.0,2.0,,,,,2.0,,,,2.0,,,,,,,,,2.0,,,,2.0,2.0,0.0,2.0,2.0,2.0,2.0,2.0,2.0,2.0,2.0,,,,,,,,,,,,,,,2.0,,,,,,,,,,,,,,,,,,,,,,,,,,,,,,,,,,,2.0,,1.0,2.0,2.0,2.0,2.0,2.0,,,3.0,,,,,,,,,,,,,,,,,,,,,,,,,,,,,,,,,,,,,,,,,,,,,,,,,,,,2.0,,,,,,2.0,,,195.0,47.0,5.04,1.22,28.48,132.0,,2.0
28954.0,3.0,2.0,2.0,1.0,47.0,571.0,572.0,4.0,2.0,2.0,3.0,2.0,2.0,,3.0,2.0,,3.0,2.0,9.0,7.0,3.9,,1.0,47.0,3.0,3.0,3.0,,1.0,2.0,2.0,1.0,2.0,1.0,1.0,2.0,2.0,1.0,23261.675636,24034.293857,1.0,33.0,1.0,677.0,,,2.0,2.0,2.0,2.0,1.0,4.0,74.0,,1.0,1.0,150.0,114.0,80.0,2.0,116.0,78.0,2.0,112.0,76.0,2.0,,,,114.0,77.0,2.0,,,,,2.0,,,,2.0,,,,,,,,,2.0,,,,2.0,2.0,0.0,2.0,2.0,2.0,2.0,2.0,2.0,2.0,2.0,,,,,,,,,,,,,,,2.0,,,,,,,,,,,,,,,,,,,,,,,,,,,,,,,,,,,1.0,1.0,2.0,2.0,2.0,2.0,2.0,2.0,,,,,,,,,,,,,,,,,,,,,,,,,,,,,,,,,,,,,,,,,,,,,,,,,,,,,,,2.0,,,,,,2.0,,,222.0,28.0,5.74,0.72,35.03,144.0,132.0,2.0
28958.0,3.0,2.0,2.0,2.0,28.0,342.0,343.0,3.0,1.0,2.0,1.0,1.0,,,5.0,3.0,,5.0,1.0,4.0,4.0,2.0,2.0,2.0,28.0,1.0,5.0,5.0,,1.0,2.0,2.0,1.0,2.0,2.0,1.0,2.0,2.0,1.0,79087.662372,84795.822027,1.0,32.0,1.0,512.0,,,2.0,2.0,2.0,2.0,1.0,3.0,74.0,,1.0,1.0,140.0,112.0,70.0,2.0,108.0,70.0,2.0,108.0,74.0,2.0,,,,108.0,72.0,2.0,,,,,2.0,,,,2.0,,,,,,,,,2.0,,,,2.0,2.0,0.0,2.0,2.0,2.0,2.0,2.0,2.0,2.0,2.0,,,,,,,,,,,,,,,2.0,,,,,,,,,,,,,,,,,,,,,,,,,,,,,,,,,,,1.0,0.0,2.0,2.0,2.0,2.0,2.0,2.0,,,,,,,,,,,,,,,,,,,,,,,,,,,,,,,,,,,,,,,,,,,,,,,,,,,,,,,2.0,,,,,,2.0,,,198.0,64.0,5.12,1.66,40.75,162.0,147.0,3.0
28961.0,3.0,2.0,1.0,1.0,31.0,382.0,383.0,4.0,2.0,2.0,1.0,1.0,,,2.0,1.0,,1.0,3.0,,12.0,,,1.0,31.0,1.0,2.0,1.0,2.0,1.0,2.0,2.0,1.0,2.0,2.0,1.0,2.0,2.0,1.0,26923.443849,29371.455928,2.0,35.0,1.0,712.0,,,2.0,2.0,2.0,2.0,1.0,4.0,60.0,,1.0,1.0,170.0,,,2.0,132.0,84.0,2.0,136.0,80.0,2.0,,,2.0,136.0,80.0,2.0,,,,,2.0,,,,2.0,,,,,,,,,2.0,,,,2.0,2.0,0.0,2.0,2.0,2.0,2.0,2.0,2.0,2.0,2.0,,,,,,,,,,,,,,,2.0,,,,,,,,,,,,,,,,,,,,,,,,,,,,,,,,,,,2.0,,2.0,2.0,2.0,2.0,2.0,2.0,,,,,,,,,,,,,,,,,,,,,,,,,,,,,,,,,,,,,,,,,,,,,,,,,,,,,,,2.0,,,,,,2.0,,,183.0,103.0,4.73,2.66,36.71,163.0,138.0,2.0
28992.0,3.0,2.0,2.0,1.0,37.0,455.0,456.0,4.0,2.0,1.0,1.0,1.0,,,4.0,3.0,,1.0,4.0,11.0,11.0,4.24,,1.0,37.0,1.0,4.0,1.0,5.0,1.0,2.0,2.0,1.0,2.0,2.0,1.0,2.0,2.0,1.0,23912.30611,23939.533756,2.0,30.0,1.0,695.0,,,2.0,2.0,2.0,2.0,1.0,4.0,58.0,,1.0,1.0,130.0,112.0,64.0,2.0,100.0,66.0,2.0,110.0,64.0,2.0,,,,105.0,65.0,2.0,,,,,2.0,,,,2.0,,,,,,,,,2.0,,,,2.0,2.0,0.0,2.0,2.0,2.0,2.0,2.0,2.0,2.0,2.0,,,,,,,,,,,,,,,2.0,,,,,,,,,,,,,,,,,,,,,,,,,,,,,,,,,,,1.0,0.0,1.0,2.0,2.0,2.0,1.0,2.0,,,3.0,,,,,,,,,,,,,,,,,,,,,,,,,,,,,,,,,,1.0,,,,,,,,,,,,,,,,,,2.0,,,,,,2.0,,,144.0,32.0,3.72,0.83,49.96,128.0,106.0,3.0
29000.0,3.0,2.0,2.0,1.0,43.0,523.0,523.0,3.0,1.0,2.0,1.0,1.0,,,4.0,3.0,,6.0,4.0,77.0,77.0,,,1.0,43.0,1.0,4.0,6.0,,1.0,2.0,2.0,1.0,2.0,2.0,1.0,2.0,2.0,1.0,98374.146497,101529.11369,1.0,29.0,1.0,689.0,,,1.0,2.0,2.0,2.0,1.0,4.0,62.0,,1.0,1.0,140.0,112.0,66.0,2.0,106.0,66.0,2.0,112.0,70.0,2.0,,,,109.0,68.0,2.0,,,,,2.0,,,,2.0,,,,,,,,,2.0,,,,2.0,2.0,0.0,2.0,2.0,2.0,2.0,2.0,2.0,2.0,2.0,,,,,,,,,,,,,,,2.0,,,,,,,,,,,,,,,,,,,,,,,,,,,,,,,,,,,1.0,1.0,9.0,2.0,2.0,2.0,2.0,2.0,,,,,,,,,,,,,,,,,,,,,,,,,,,,,,,,,,,,,,,,,,,,,,,,,,,,,,,2.0,,,,,,2.0,,,231.0,69.0,5.97,1.78,44.19,147.0,132.0,3.0
29003.0,3.0,2.0,1.0,1.0,42.0,514.0,516.0,3.0,1.0,2.0,1.0,1.0,,,3.0,2.0,,3.0,2.0,7.0,7.0,3.51,,1.0,42.0,1.0,3.0,3.0,,1.0,2.0,2.0,1.0,2.0,2.0,1.0,2.0,2.0,1.0,98532.833906,105869.93226,1.0,37.0,1.0,595.0,,,2.0,2.0,2.0,2.0,1.0,4.0,72.0,,1.0,1.0,160.0,136.0,90.0,2.0,146.0,90.0,2.0,140.0,92.0,2.0,,,,143.0,91.0,2.0,,,,,2.0,,,,2.0,,,,,,,,,2.0,,,,1.0,2.0,0.0,2.0,2.0,2.0,2.0,2.0,2.0,2.0,2.0,,,,42.0,,,,,,,,,,9.0,2.0,,,,,,,,,,,,,,,,,,,,,,,,,,,,,,,,,,,1.0,2.0,2.0,2.0,2.0,2.0,2.0,2.0,,,,,,,,,,,,,,,,,,,,,,,,,,,,,,,,,,,,,,,,,,,,,,,,,,,,,,,2.0,,,,,,2.0,,,204.0,59.0,5.28,1.53,42.88,144.0,133.0,3.0
29007.0,3.0,2.0,2.0,1.0,34.0,409.0,410.0,3.0,1.0,1.0,1.0,1.0,,,5.0,3.0,,5.0,2.0,10.0,10.0,5.0,,1.0,34.0,1.0,5.0,5.0,,1.0,2.0,2.0,1.0,2.0,2.0,1.0,2.0,2.0,1.0,70782.749552,73113.20813,2.0,30.0,1.0,821.0,,,1.0,2.0,2.0,2.0,1.0,4.0,52.0,,1.0,1.0,140.0,102.0,48.0,2.0,100.0,48.0,2.0,100.0,50.0,2.0,,,,100.0,49.0,2.0,,,,,2.0,,,,2.0,,,,,,,,,2.0,,,,2.0,2.0,0.0,2.0,2.0,2.0,2.0,2.0,2.0,2.0,2.0,,,,,,,,,,,,,,,2.0,,,,,,,,,,,,,,,,,,,,,,,,,,,,,,,,,,,1.0,1.0,2.0,2.0,1.0,2.0,2.0,2.0,,,,,,,,,,,,,,,,,,,,2.0,,,,,,,,,,,,,,,,,,,,,,,,,,,,,,,,,,,2.0,,,,,,2.0,,,172.0,70.0,4.45,1.81,48.35,147.0,119.0,3.0
29021.0,3.0,2.0,1.0,2.0,46.0,562.0,563.0,4.0,2.0,2.0,1.0,1.0,,,3.0,2.0,,1.0,4.0,,99.0,,2.0,2.0,46.0,1.0,3.0,1.0,7.0,1.0,2.0,2.0,1.0,2.0,2.0,,,,,28164.040394,29403.511138,1.0,36.0,1.0,586.0,,,1.0,2.0,2.0,2.0,1.0,3.0,64.0,,1.0,1.0,180.0,136.0,78.0,2.0,134.0,80.0,2.0,140.0,80.0,2.0,,,,137.0,80.0,2.0,,,,,2.0,,,,2.0,,,,,,,,,1.0,,,,2.0,2.0,0.0,2.0,2.0,2.0,2.0,2.0,1.0,2.0,2.0,1.0,,,,,,,,,,30.0,,,,2.0,,,,,,,,,,,,,,,,,,,,,,,,,,,,,,,,,,,1.0,220.0,1.0,2.0,1.0,2.0,1.0,2.0,1.0,,,,,,,8.0,,,,,,,,,,,,,3.0,,,,,8.0,,,,,,,,,,,1.0,,,,,,,8.0,,,,,,,,,,,2.0,,,,,,2.0,,,191.0,46.0,4.94,1.19,48.03,110.0,102.0,3.0
29023.0,3.0,2.0,1.0,2.0,33.0,403.0,404.0,2.0,5.0,1.0,1.0,1.0,,,4.0,3.0,,1.0,3.0,6.0,6.0,2.17,2.0,1.0,34.0,1.0,4.0,1.0,4.0,1.0,2.0,2.0,1.0,2.0,2.0,1.0,2.0,2.0,1.0,35891.048731,37131.632399,2.0,39.0,1.0,571.0,,,2.0,2.0,2.0,2.0,1.0,4.0,54.0,,1.0,1.0,140.0,114.0,66.0,2.0,114.0,62.0,2.0,114.0,68.0,2.0,,,,114.0,65.0,2.0,,,,,2.0,,,,2.0,,,,,,,,,2.0,,,,2.0,2.0,0.0,2.0,2.0,2.0,2.0,2.0,2.0,2.0,2.0,,,,,,,,,,,,,,,2.0,,,,,,,,,,,,,,,,,,,,,,,,,,,,,,,,,,,1.0,0.0,1.0,2.0,2.0,2.0,1.0,1.0,,,3.0,,,,,,,,,,,,,,,,,,,,,,,,,,,,,,,,,,,,3.0,,,6.0,,,,,,,,5.0,,,,,2.0,,,,,,2.0,,,256.0,42.0,6.62,1.09,29.75,157.0,147.0,2.0
29034.0,3.0,2.0,2.0,2.0,25.0,306.0,308.0,3.0,1.0,2.0,1.0,1.0,,,5.0,3.0,,5.0,2.0,8.0,5.0,2.56,2.0,2.0,25.0,1.0,5.0,5.0,,1.0,2.0,2.0,1.0,2.0,2.0,1.0,2.0,2.0,1.0,74434.953907,74489.351784,1.0,29.0,1.0,477.0,,,2.0,2.0,2.0,2.0,1.0,3.0,86.0,,1.0,1.0,140.0,108.0,54.0,2.0,,,2.0,,,2.0,,,2.0,108.0,54.0,1.0,21.0,1.0,2.0,,2.0,,,,2.0,,,,,,,,,2.0,,,,2.0,2.0,0.0,2.0,2.0,2.0,2.0,2.0,2.0,2.0,2.0,,,,,,,,,,,,,,,2.0,,,,,,,,,,,,,,,,,,,,,,,,,,,,,,,,,,,1.0,3.0,1.0,2.0,2.0,2.0,2.0,2.0,,,,,,6.0,,,,,,,,,,,,,,,,,,,,,,,,,,,,,,,,,,,,,,,,,,,,,,,,,2.0,,,,,,2.0,,,154.0,50.0,3.98,1.29,44.74,155.0,146.0,3.0
29038.0,3.0,2.0,2.0,2.0,43.0,519.0,521.0,4.0,2.0,2.0,1.0,1.0,,,5.0,3.0,,1.0,4.0,11.0,11.0,5.0,2.0,2.0,43.0,1.0,5.0,1.0,4.0,1.0,2.0,2.0,1.0,2.0,2.0,1.0,2.0,2.0,1.0,27525.77897,28737.160479,2.0,33.0,1.0,679.0,,,1.0,2.0,2.0,2.0,1.0,4.0,68.0,,1.0,1.0,130.0,88.0,60.0,2.0,96.0,66.0,2.0,98.0,64.0,2.0,,,,97.0,65.0,2.0,,,,,2.0,,,,2.0,,,,,,,,,2.0,,,,2.0,2.0,0.0,2.0,2.0,2.0,2.0,2.0,2.0,2.0,2.0,,,,,,,,,,,,,,,2.0,,,,,,,,,,,,,,,,,,,,,,,,,,,,,,,,,,,1.0,3.0,2.0,2.0,2.0,2.0,1.0,2.0,,,,,,,,,,,,,,,,,,,,,,,,,,,,,,,,,,,,,1.0,2.0,3.0,,,,,8.0,,,,,,,,,,,1.0,,,,,5.0,2.0,,,249.0,75.0,6.44,1.94,36.31,122.0,104.0,3.0
29050.0,3.0,2.0,1.0,2.0,46.0,554.0,555.0,3.0,1.0,2.0,1.0,1.0,,,5.0,3.0,,5.0,1.0,7.0,7.0,4.62,2.0,2.0,46.0,1.0,5.0,5.0,,1.0,2.0,2.0,1.0,2.0,2.0,1.0,2.0,2.0,1.0,131780.724396,141560.47569,2.0,36.0,1.0,672.0,,,1.0,2.0,2.0,2.0,1.0,4.0,92.0,,1.0,1.0,150.0,122.0,70.0,2.0,118.0,62.0,2.0,120.0,68.0,2.0,,,,119.0,65.0,2.0,,,,,2.0,,,,2.0,,,,,,,,,1.0,,,,2.0,2.0,0.0,2.0,2.0,2.0,2.0,1.0,2.0,2.0,2.0,,,,,,,,,,,,,,,9.0,,,,,,,,,,,,,,,,,,,,,,,,,,,,,,,,,,,1.0,6.0,1.0,2.0,1.0,1.0,2.0,2.0,,2.0,,,,,,,,,,,,,,,,,,2.0,,,,,,,,,,3.0,,,,,,,,,,,,,,,,,,,,,,,,,2.0,,,,,,2.0,,,199.0,48.0,5.15,1.24,31.57,130.0,124.0,2.0
29054.0,3.0,2.0,1.0,2.0,44.0,538.0,539.0,1.0,3.0,2.0,2.0,2.0,3.0,,1.0,1.0,,1.0,6.0,11.0,9.0,3.93,2.0,1.0,44.0,2.0,2.0,1.0,1.0,2.0,2.0,2.0,2.0,2.0,2.0,2.0,2.0,2.0,2.0,17761.906828,17921.937505,1.0,39.0,1.0,663.0,,,2.0,2.0,2.0,2.0,1.0,4.0,72.0,,1.0,2.0,140.0,126.0,74.0,2.0,116.0,74.0,2.0,110.0,72.0,2.0,,,,113.0,73.0,2.0,,,,,2.0,,,,2.0,,,,,,,,,1.0,,,,2.0,2.0,0.0,2.0,2.0,2.0,2.0,1.0,2.0,2.0,2.0,,,,,,,,,,,,,,,2.0,,,,,,,,,,,,,,,,,,,,,,,,,,,,,,,,,,,1.0,2.0,1.0,2.0,2.0,2.0,2.0,2.0,,,,4.0,,,,,9.0,,,,,,,,,,,,,,,,,,,,,,,,,,,,,,,,,,,,,,,,,,,,,,2.0,,,,,,2.0,,,263.0,60.0,6.8,1.55,28.85,143.0,,2.0
29056.0,3.0,2.0,1.0,2.0,25.0,300.0,300.0,1.0,3.0,2.0,1.0,1.0,,,4.0,3.0,,1.0,4.0,3.0,3.0,0.58,2.0,1.0,27.0,2.0,2.0,1.0,4.0,1.0,2.0,2.0,1.0,2.0,2.0,1.0,2.0,2.0,1.0,45443.578298,45743.83099,2.0,38.0,1.0,624.0,,,2.0,2.0,2.0,2.0,1.0,4.0,86.0,,1.0,1.0,140.0,118.0,64.0,2.0,,,2.0,114.0,70.0,2.0,114.0,60.0,2.0,114.0,65.0,2.0,,,,,2.0,,,,2.0,,,,,,,,,1.0,,,,2.0,2.0,0.0,2.0,2.0,2.0,2.0,1.0,2.0,2.0,2.0,,,,,,,,,,,,,,,2.0,,,,,,,,,,,,,,,,,,,,,,,,,,,,,,,,,,,1.0,0.0,1.0,2.0,2.0,2.0,2.0,2.0,,,,,5.0,6.0,,,,,,,,,,,,,,,,,,,,,,,,,,,,,,,,,,,,,,,,,,,,,,,,,2.0,,,,,,2.0,,,193.0,57.0,4.99,1.47,43.57,131.0,122.0,3.0
29061.0,3.0,2.0,2.0,1.0,25.0,309.0,310.0,3.0,1.0,2.0,1.0,1.0,,,3.0,2.0,,1.0,2.0,6.0,6.0,2.48,,2.0,26.0,1.0,3.0,1.0,3.0,1.0,2.0,2.0,1.0,2.0,2.0,1.0,2.0,2.0,1.0,90803.158254,90158.673309,2.0,32.0,1.0,555.0,,,2.0,2.0,2.0,2.0,1.0,4.0,66.0,,1.0,1.0,140.0,120.0,52.0,2.0,120.0,50.0,2.0,114.0,64.0,2.0,,,,117.0,57.0,1.0,10.0,1.0,2.0,,2.0,,,,2.0,,,,,,,,,2.0,,,,2.0,2.0,0.0,2.0,2.0,2.0,2.0,2.0,2.0,2.0,2.0,,,,,,,,,,,,,,,2.0,,,,,,,,,,,,,,,,,,,,,,,,,,,,,,,,,,,1.0,1.0,2.0,2.0,1.0,2.0,2.0,2.0,,,,,,,,,,,,,,,,,,,,2.0,,,,,,,,,,,,,,,,,,,,,,,,,,,,,,,,,,,2.0,,,,,,2.0,,,120.0,51.0,3.1,1.32,47.92,144.0,121.0,3.0
29067.0,3.0,2.0,2.0,1.0,32.0,385.0,387.0,4.0,2.0,2.0,1.0,1.0,,,4.0,3.0,,6.0,5.0,,,,,2.0,35.0,,,,,1.0,2.0,2.0,,,,1.0,2.0,2.0,1.0,5834.384973,6364.875982,1.0,42.0,1.0,619.0,,,2.0,2.0,2.0,2.0,1.0,3.0,66.0,,1.0,1.0,180.0,152.0,86.0,2.0,146.0,92.0,2.0,150.0,86.0,2.0,,,,148.0,89.0,2.0,,,,,2.0,,,,2.0,,,,,,,,,2.0,,,,2.0,2.0,0.0,2.0,2.0,2.0,2.0,2.0,2.0,2.0,2.0,,,,,,,,,,,,,,,2.0,,,,,,,,,,,,,,,,,,,,,,,,,,,,,,,,,,,1.0,1.0,2.0,1.0,2.0,2.0,2.0,2.0,,,,,,,,,,,,3.0,,,,,,,,,,,,,,,,,,,,,,,,,,,,,,,,,,,,,,,,,,,2.0,,,,,,2.0,,,188.0,97.0,4.86,2.51,37.27,159.0,136.0,2.0
29082.0,3.0,2.0,1.0,1.0,43.0,517.0,518.0,3.0,1.0,2.0,1.0,1.0,,,5.0,3.0,,1.0,3.0,11.0,11.0,5.0,,2.0,43.0,1.0,5.0,1.0,5.0,1.0,2.0,2.0,1.0,2.0,2.0,1.0,2.0,2.0,1.0,111415.606522,114988.827697,1.0,34.0,1.0,883.0,,,2.0,2.0,2.0,2.0,1.0,5.0,56.0,,1.0,1.0,140.0,110.0,80.0,2.0,114.0,76.0,2.0,112.0,74.0,2.0,,,,113.0,75.0,2.0,,,,,2.0,,,,2.0,,,,,,,,,2.0,,,,2.0,2.0,0.0,2.0,2.0,2.0,2.0,2.0,2.0,2.0,2.0,,,,,,,,,,,,,,,2.0,,,,,,,,,,,,,,,,,,,,,,,,,,,,,,,,,,,1.0,2.0,1.0,2.0,1.0,9.0,2.0,9.0,,2.0,,,,,,,,,,,,,,,,,1.0,,,,,,,,,,,,,,,,,,,,,,,,,,,,,,,,,,,,2.0,,,,,,2.0,,,224.0,46.0,5.79,1.19,41.09,129.0,126.0,3.0
29085.0,3.0,2.0,2.0,2.0,27.0,329.0,330.0,3.0,1.0,2.0,1.0,1.0,,,3.0,2.0,,5.0,2.0,11.0,6.0,3.44,2.0,2.0,22.0,1.0,5.0,5.0,,1.0,2.0,2.0,1.0,2.0,2.0,1.0,2.0,2.0,1.0,76763.243798,82303.638318,2.0,37.0,1.0,605.0,,,1.0,2.0,2.0,2.0,1.0,4.0,74.0,,1.0,1.0,130.0,100.0,64.0,2.0,100.0,64.0,2.0,,,2.0,,,2.0,100.0,64.0,2.0,,,,,2.0,,,,2.0,,,,,,,,,2.0,,,,2.0,2.0,0.0,2.0,2.0,2.0,2.0,1.0,2.0,2.0,2.0,,,,,,,,,,,,,,,2.0,,,,,,,,,,,,,,,,,,,,,,,,,,,,,,,,,,,1.0,7.0,1.0,2.0,2.0,2.0,2.0,2.0,,,3.0,,,,,,,,,,,,,,,,,,,,,,,,,,,,,,,,,,,,,,,,,,,,,,,,,,,,2.0,,,,,,2.0,,,140.0,54.0,3.62,1.4,31.2,140.0,122.0,2.0
29095.0,3.0,2.0,2.0,1.0,32.0,385.0,385.0,3.0,1.0,2.0,1.0,1.0,,,5.0,3.0,,1.0,4.0,11.0,11.0,5.0,,1.0,32.0,1.0,5.0,1.0,2.0,1.0,2.0,2.0,1.0,2.0,2.0,1.0,2.0,2.0,1.0,84402.121847,89719.775286,1.0,29.0,1.0,785.0,,,2.0,2.0,2.0,2.0,1.0,5.0,68.0,,1.0,1.0,150.0,104.0,50.0,2.0,104.0,52.0,2.0,108.0,52.0,2.0,,,,106.0,52.0,2.0,,,,,2.0,,,,2.0,,,,,,,,,2.0,,,,2.0,2.0,0.0,2.0,2.0,2.0,2.0,2.0,2.0,2.0,2.0,,,,,,,,,,,,,,,2.0,,,,,,,,,,,,,,,,,,,,,,,,,,,,,,,,,,,1.0,0.0,1.0,2.0,2.0,2.0,1.0,2.0,1.0,,3.0,,,,,,,,,,,,,,,,,,,,,,,,,,,,,,,,,,,,3.0,,,,,,,,,,,,,,,,2.0,,,,,,2.0,,,199.0,47.0,5.15,1.22,45.07,163.0,153.0,3.0
29119.0,3.0,2.0,2.0,1.0,45.0,546.0,547.0,1.0,3.0,2.0,1.0,1.0,,,5.0,3.0,,3.0,4.0,11.0,11.0,5.0,,1.0,40.0,,,5.0,,1.0,2.0,2.0,1.0,2.0,2.0,1.0,2.0,2.0,1.0,20030.427154,20331.400754,1.0,32.0,1.0,511.0,,,2.0,2.0,2.0,2.0,1.0,4.0,92.0,,1.0,1.0,140.0,110.0,66.0,2.0,104.0,68.0,2.0,108.0,66.0,2.0,,,,106.0,67.0,2.0,,,,,2.0,,,,2.0,,,,,,,,,1.0,,,,2.0,2.0,0.0,2.0,2.0,2.0,2.0,2.0,2.0,1.0,2.0,,1.0,,,,,,,,,,45.0,,,2.0,,,,,,,,,,,,,,,,,,,,,,,,,,,,,,,,,,,1.0,10.0,1.0,2.0,2.0,2.0,1.0,1.0,,,3.0,,5.0,,,8.0,,,,,,,,,,,,,,,,,,,,,,,,,,,,,,,,,,,,8.0,,,,,,,,,8.0,,2.0,,,,,,2.0,,,172.0,48.0,4.45,1.24,38.16,162.0,156.0,2.0
29136.0,3.0,2.0,2.0,1.0,31.0,373.0,373.0,4.0,2.0,2.0,1.0,1.0,,,3.0,2.0,,5.0,4.0,7.0,4.0,1.67,,1.0,36.0,1.0,3.0,5.0,,1.0,2.0,2.0,1.0,2.0,2.0,1.0,2.0,2.0,1.0,27628.835166,29096.036417,1.0,36.0,1.0,464.0,,,1.0,2.0,2.0,2.0,1.0,4.0,54.0,,1.0,1.0,140.0,108.0,76.0,2.0,,,2.0,,,2.0,,,2.0,108.0,76.0,1.0,16.0,2.0,,,2.0,,,,2.0,,,,,,,,,1.0,,,,2.0,2.0,0.0,2.0,2.0,2.0,2.0,2.0,2.0,2.0,2.0,,,,,,,,,,,,,,,2.0,,,,,,,,,,,,,,,,,,,,,,,,,,,,,,,,,,,1.0,0.0,1.0,2.0,2.0,2.0,2.0,2.0,,2.0,,,,,,,,,,,,,,,,,,,,,,,,,,,,,,,,,,,,,,,,,,,,,,,,,,,,,2.0,,,,,,2.0,,,187.0,58.0,4.84,1.5,47.67,161.0,146.0,3.0
29140.0,3.0,2.0,1.0,1.0,44.0,529.0,530.0,1.0,3.0,1.0,1.0,1.0,,,3.0,2.0,,1.0,6.0,9.0,9.0,2.23,,1.0,44.0,1.0,3.0,1.0,4.0,1.0,2.0,2.0,1.0,2.0,2.0,1.0,2.0,2.0,1.0,21351.256943,22984.689138,1.0,34.0,1.0,648.0,,,1.0,2.0,2.0,2.0,1.0,4.0,76.0,,1.0,1.0,140.0,108.0,66.0,2.0,104.0,62.0,2.0,104.0,66.0,2.0,,,,104.0,64.0,2.0,,,,,2.0,,,,2.0,,,,,,,,,2.0,,,,2.0,2.0,0.0,2.0,2.0,2.0,2.0,2.0,2.0,2.0,2.0,,,,,,,,,,,,,,,2.0,,,,,,,,,,,,,,,,,,,,,,,,,,,,,,,,,,,1.0,0.0,1.0,2.0,2.0,2.0,2.0,2.0,1.0,2.0,,,,,,,9.0,,,,,,,,,,,,,,,,,,,,,,,,,,,,,,,,,,,,,,,,,,,,,,2.0,,,,,,2.0,,,155.0,55.0,4.01,1.42,59.38,123.0,111.0,3.0
29146.0,3.0,2.0,1.0,1.0,32.0,392.0,393.0,3.0,1.0,2.0,1.0,1.0,,,4.0,3.0,,6.0,2.0,8.0,6.0,3.22,,2.0,32.0,1.0,4.0,,,1.0,2.0,2.0,1.0,2.0,2.0,1.0,2.0,2.0,1.0,67527.500597,74730.438688,2.0,40.0,1.0,711.0,,,2.0,2.0,2.0,2.0,1.0,4.0,68.0,,1.0,1.0,150.0,118.0,72.0,2.0,108.0,66.0,2.0,108.0,70.0,2.0,,,,108.0,68.0,2.0,,,,,2.0,,,,2.0,,,,,,,,,2.0,,,,2.0,2.0,0.0,2.0,2.0,2.0,2.0,2.0,2.0,2.0,2.0,,,,,,,,,,,,,,,2.0,,,,,,,,,,,,,,,,,,,,,,,,,,,,,,,,,,,1.0,0.0,9.0,9.0,9.0,9.0,2.0,9.0,,,,,,,,,,,,,,,,,,,,,,,,,,,,,,,,,,,,,,,,,,,,,,,,,,,,,,,9.0,,,,,,9.0,,,194.0,25.0,5.02,0.65,36.8,160.0,149.0,2.0
29155.0,3.0,2.0,1.0,2.0,40.0,483.0,484.0,1.0,3.0,2.0,1.0,1.0,,,4.0,3.0,,4.0,4.0,6.0,6.0,1.7,2.0,2.0,40.0,1.0,4.0,4.0,,1.0,2.0,2.0,1.0,2.0,2.0,,,,,14597.546602,14786.324981,2.0,32.0,1.0,521.0,,,2.0,2.0,2.0,2.0,1.0,3.0,58.0,,1.0,1.0,120.0,102.0,62.0,2.0,104.0,62.0,2.0,96.0,60.0,2.0,,,,100.0,61.0,2.0,,,,,1.0,,,,2.0,,,,,,,,,2.0,,,,2.0,2.0,0.0,2.0,2.0,2.0,2.0,2.0,2.0,2.0,2.0,,,,,,,,,,,,,,,2.0,,,,,,,,,,,,,,,,,,,,,,,,,,,,,,,,,,,1.0,3.0,2.0,2.0,1.0,2.0,2.0,2.0,,,,,,,,,,,,,,,,,,,,,,,,,,,9.0,,,,,,,,,,,,,,,,,,,,,,,,,,,,2.0,,,,,,2.0,,,148.0,76.0,3.83,1.97,30.0,133.0,119.0,2.0
29163.0,3.0,2.0,2.0,1.0,46.0,563.0,565.0,3.0,1.0,2.0,1.0,1.0,,,3.0,2.0,,1.0,2.0,7.0,7.0,2.88,,1.0,46.0,1.0,3.0,1.0,3.0,1.0,2.0,2.0,1.0,2.0,2.0,,,,,93162.431486,100099.630952,2.0,33.0,1.0,646.0,,,1.0,2.0,2.0,2.0,1.0,4.0,58.0,,1.0,1.0,140.0,118.0,68.0,2.0,118.0,72.0,2.0,116.0,70.0,2.0,,,,117.0,71.0,2.0,,,,,2.0,,,,2.0,,,,,,,,,2.0,,,,1.0,2.0,0.0,2.0,2.0,2.0,2.0,1.0,2.0,2.0,2.0,,,,46.0,,,,,,,,,,9.0,2.0,,,,,,,,,,,,,,,,,,,,,,,,,,,,,,,,,,,1.0,4.0,2.0,2.0,2.0,2.0,1.0,9.0,,,,,,,,,,,,,,,,,,,,,,,,,,,,,,,,,,,,,1.0,,,,,,7.0,,,,,,,,,,,,2.0,,,,,,2.0,,,136.0,39.0,3.52,1.01,38.8,126.0,105.0,2.0
29199.0,3.0,2.0,1.0,1.0,29.0,352.0,352.0,1.0,3.0,1.0,1.0,1.0,,,4.0,3.0,,1.0,4.0,4.0,4.0,0.87,,1.0,29.0,1.0,4.0,1.0,4.0,1.0,2.0,2.0,1.0,2.0,2.0,1.0,2.0,2.0,1.0,37055.197408,39340.425,2.0,38.0,1.0,774.0,,,2.0,2.0,2.0,2.0,1.0,4.0,68.0,,1.0,1.0,150.0,120.0,78.0,2.0,114.0,76.0,2.0,118.0,82.0,2.0,,,,116.0,79.0,2.0,,,,,2.0,,,,2.0,,,,,,,,,2.0,,,,2.0,2.0,0.0,2.0,2.0,2.0,2.0,1.0,2.0,2.0,2.0,,,,,,,,,,,,,,,2.0,,,,,,,,,,,,,,,,,,,,,,,,,,,,,,,,,,,1.0,1.0,1.0,2.0,2.0,2.0,1.0,2.0,1.0,,3.0,,,,7.0,,,,,,,,,,,,,,,,,,,,,,,,,,,,,,1.0,,3.0,,,,,,,,,,,,,,,,2.0,,,,,,2.0,,,160.0,44.0,4.14,1.14,35.0,158.0,,1.0
29201.0,3.0,2.0,2.0,1.0,29.0,349.0,349.0,3.0,1.0,2.0,3.0,2.0,2.0,,5.0,3.0,,5.0,5.0,11.0,6.0,3.01,,1.0,29.0,3.0,5.0,5.0,,1.0,2.0,2.0,1.0,2.0,2.0,1.0,2.0,2.0,1.0,58642.087621,60904.757823,2.0,29.0,1.0,696.0,,,2.0,2.0,2.0,2.0,1.0,4.0,64.0,,1.0,1.0,140.0,118.0,74.0,2.0,126.0,70.0,2.0,,,2.0,118.0,64.0,2.0,122.0,67.0,2.0,,,,,2.0,,,,2.0,,,,,,,,,2.0,,,,2.0,2.0,0.0,2.0,2.0,2.0,2.0,2.0,2.0,2.0,2.0,,,,,,,,,,,,,,,2.0,,,,,,,,,,,,,,,,,,,,,,,,,,,,,,,,,,,1.0,0.0,1.0,1.0,2.0,2.0,1.0,1.0,,2.0,,,,,,,,,,,,,,,,9.0,,,,,,,,,,,,,,,,,,,,,,,,6.0,,,,,,,,,6.0,,,,2.0,,,,,,2.0,,,218.0,48.0,5.64,1.24,54.48,128.0,114.0,3.0
29202.0,3.0,2.0,1.0,1.0,25.0,303.0,304.0,1.0,3.0,2.0,1.0,1.0,,,3.0,2.0,,1.0,5.0,6.0,6.0,1.13,,2.0,22.0,1.0,4.0,1.0,3.0,1.0,2.0,2.0,1.0,2.0,2.0,1.0,2.0,2.0,1.0,23960.182948,23985.122915,2.0,43.0,1.0,654.0,,,2.0,2.0,2.0,2.0,1.0,4.0,64.0,,1.0,1.0,140.0,,,2.0,114.0,52.0,2.0,110.0,54.0,2.0,,,2.0,110.0,54.0,2.0,,,,,2.0,,,,2.0,,,,,,,,,2.0,,,,2.0,2.0,0.0,2.0,2.0,2.0,2.0,2.0,2.0,2.0,2.0,,,,,,,,,,,,,,,2.0,,,,,,,,,,,,,,,,,,,,,,,,,,,,,,,,,,,1.0,2.0,1.0,2.0,1.0,2.0,1.0,2.0,,,,,,6.0,,,,,,,,,,,,,,,,,5.0,,,,,,,,,,,,,,,2.0,,,,,,,,,,,,,,,,,2.0,,,,,,2.0,,,218.0,27.0,5.64,0.7,56.6,135.0,124.0,3.0
29206.0,3.0,2.0,2.0,2.0,28.0,341.0,341.0,3.0,1.0,2.0,1.0,1.0,,,3.0,2.0,,1.0,5.0,5.0,5.0,1.04,2.0,2.0,28.0,1.0,3.0,1.0,3.0,1.0,2.0,2.0,1.0,2.0,2.0,1.0,2.0,2.0,1.0,57883.184574,60590.554618,2.0,33.0,1.0,869.0,,,2.0,2.0,2.0,2.0,1.0,5.0,82.0,,1.0,1.0,120.0,94.0,70.0,2.0,90.0,74.0,2.0,98.0,70.0,2.0,,,,94.0,72.0,2.0,,,,,1.0,,,,1.0,3.0,,,,,,,,2.0,,,,2.0,2.0,0.0,2.0,2.0,2.0,2.0,1.0,2.0,2.0,2.0,,,,,,,,,,,,,,,2.0,,,,,,,,,,,,,,,,,,,,,,,,,,,,,,,,,,,2.0,,1.0,2.0,2.0,2.0,1.0,1.0,,,3.0,4.0,,6.0,,,,,,,,,,,,,,,,,,,,,,,,,,,,,,,,2.0,,,,,,8.0,,,,,,,6.0,,,,1.0,,2.0,,,,2.0,,,188.0,50.0,4.86,1.29,28.57,143.0,137.0,1.0
29226.0,3.0,2.0,2.0,2.0,20.0,240.0,242.0,1.0,3.0,2.0,2.0,2.0,2.0,,2.0,1.0,,1.0,5.0,6.0,6.0,1.33,2.0,1.0,26.0,,,1.0,2.0,2.0,2.0,2.0,1.0,2.0,2.0,2.0,2.0,2.0,2.0,33411.656509,33502.175905,2.0,37.0,1.0,662.0,,,2.0,2.0,2.0,2.0,1.0,3.0,76.0,,1.0,1.0,140.0,,,2.0,106.0,68.0,2.0,102.0,64.0,2.0,102.0,62.0,2.0,102.0,63.0,2.0,,,,,2.0,,,,2.0,,,,,,,,,2.0,,,,2.0,2.0,0.0,2.0,2.0,2.0,2.0,2.0,2.0,2.0,2.0,,,,,,,,,,,,,,,2.0,,,,,,,,,,,,,,,,,,,,,,,,,,,,,,,,,,,1.0,0.0,1.0,2.0,2.0,2.0,2.0,2.0,1.0,,3.0,,,,,,,,,,,,,,,,,,,,,,,,,,,,,,,,,,,,,,,,,,,,,,,,,,,,2.0,,,,,,2.0,,,161.0,50.0,4.16,1.29,40.9,140.0,135.0,3.0
29230.0,3.0,2.0,2.0,2.0,42.0,509.0,510.0,4.0,2.0,2.0,1.0,1.0,,,3.0,2.0,,3.0,2.0,2.0,2.0,0.75,2.0,1.0,20.0,1.0,3.0,5.0,,1.0,2.0,2.0,1.0,2.0,2.0,1.0,2.0,2.0,1.0,30937.121359,30704.858905,2.0,31.0,1.0,693.0,,,1.0,2.0,2.0,2.0,1.0,5.0,80.0,,1.0,1.0,130.0,110.0,72.0,2.0,96.0,70.0,2.0,102.0,62.0,2.0,,,,99.0,66.0,2.0,,,,,2.0,,,,2.0,,,,,,,,,2.0,,,,1.0,2.0,0.0,2.0,2.0,2.0,2.0,2.0,1.0,2.0,2.0,1.0,,,37.0,,,,,,,10.0,,,3.0,2.0,,,,,,,,,,,,,,,,,,,,,,,,,,,,,,,,,,,1.0,35.0,2.0,2.0,2.0,2.0,1.0,2.0,,,,,,,,,,,,,,,,,,,,,,,,,,,,,,,,,,,,,,,,,,,,,9.0,,,,,,,,,,1.0,,,,,5.0,2.0,,,305.0,55.0,7.89,1.42,39.9,132.0,121.0,3.0
29240.0,3.0,2.0,2.0,1.0,23.0,280.0,281.0,3.0,1.0,2.0,1.0,1.0,,,3.0,2.0,,5.0,4.0,11.0,11.0,5.0,,1.0,23.0,1.0,3.0,5.0,,1.0,2.0,2.0,1.0,2.0,2.0,1.0,2.0,2.0,1.0,64789.306859,67289.163872,1.0,33.0,1.0,869.0,,,1.0,2.0,2.0,2.0,1.0,4.0,68.0,,1.0,1.0,140.0,122.0,54.0,2.0,126.0,48.0,2.0,120.0,56.0,2.0,,,,123.0,52.0,2.0,,,,,2.0,,,,2.0,,,,,,,,,2.0,,,,2.0,2.0,0.0,2.0,2.0,2.0,2.0,2.0,2.0,2.0,2.0,,,,,,,,,,,,,,,2.0,,,,,,,,,,,,,,,,,,,,,,,,,,,,,,,,,,,1.0,5.0,2.0,1.0,2.0,2.0,2.0,2.0,,,,,,,,,,,,,,5.0,,,,,,,,,,,,,,,,,,,,,,,,,,,,,,,,,,,,,,,,,2.0,,,,,,2.0,,,145.0,42.0,3.75,1.09,43.86,160.0,145.0,2.0
29251.0,3.0,2.0,2.0,2.0,38.0,458.0,459.0,1.0,3.0,2.0,2.0,2.0,4.0,,1.0,1.0,,1.0,7.0,7.0,5.0,0.91,2.0,1.0,38.0,2.0,1.0,1.0,1.0,2.0,2.0,2.0,2.0,2.0,2.0,2.0,2.0,2.0,2.0,22558.543205,24791.549326,2.0,41.0,1.0,800.0,,,2.0,2.0,2.0,2.0,1.0,4.0,74.0,,1.0,1.0,170.0,134.0,68.0,2.0,136.0,66.0,2.0,130.0,66.0,2.0,,,,133.0,66.0,2.0,,,,,2.0,,,,2.0,,,,,,,,,2.0,,,,2.0,2.0,0.0,2.0,2.0,2.0,2.0,2.0,2.0,2.0,2.0,,,,,,,,,,,,,,,2.0,,,,,,,,,,,,,,,,,,,,,,,,,,,,,,,,,,,1.0,0.0,1.0,2.0,2.0,2.0,2.0,2.0,1.0,,,,,,,,,,,,,,,,,,,,,,,,,,,,,,,,,,,,,,,,,,,,,,,,,,,,,,2.0,,,,,,2.0,,,152.0,46.0,3.93,1.19,44.21,111.0,104.0,3.0
29263.0,3.0,2.0,2.0,2.0,35.0,429.0,431.0,3.0,1.0,2.0,1.0,1.0,,,4.0,3.0,,4.0,3.0,2.0,2.0,0.38,2.0,2.0,35.0,1.0,4.0,4.0,,1.0,2.0,2.0,1.0,2.0,2.0,1.0,2.0,2.0,1.0,48287.660139,51075.649447,2.0,33.0,1.0,57.0,,,2.0,2.0,2.0,2.0,1.0,3.0,66.0,,1.0,1.0,120.0,92.0,54.0,2.0,92.0,50.0,2.0,88.0,48.0,2.0,,,,90.0,49.0,2.0,,,,,2.0,,,,2.0,,,,,,,,,2.0,,,,2.0,2.0,0.0,2.0,2.0,2.0,2.0,2.0,2.0,2.0,1.0,,,1.0,,,,,,,,,,16.0,,2.0,,,,,,,,,,,,,,,,,,,,,,,,,,,,,,,,,,,1.0,0.0,1.0,2.0,2.0,2.0,2.0,2.0,,2.0,,,5.0,,,,,,,,,,,,,,,,,,,,,,,,,,,,,,,,,,,,,,,,,,,,,,,,,,2.0,,,,,,2.0,,,191.0,72.0,4.94,1.86,48.97,118.0,103.0,3.0
29302.0,3.0,2.0,2.0,1.0,34.0,414.0,415.0,1.0,3.0,2.0,1.0,1.0,,,3.0,2.0,,1.0,3.0,7.0,7.0,2.62,,1.0,34.0,1.0,3.0,1.0,5.0,1.0,2.0,2.0,1.0,2.0,2.0,1.0,2.0,2.0,1.0,29025.177645,30893.080534,1.0,33.0,1.0,779.0,,,2.0,2.0,2.0,2.0,1.0,4.0,80.0,,1.0,1.0,130.0,106.0,74.0,2.0,,,2.0,108.0,78.0,1.0,98.0,70.0,2.0,103.0,74.0,2.0,,,,,2.0,,,,2.0,,,,,,,,,2.0,,,,2.0,2.0,0.0,2.0,2.0,2.0,2.0,2.0,2.0,2.0,2.0,,,,,,,,,,,,,,,2.0,,,,,,,,,,,,,,,,,,,,,,,,,,,,,,,,,,,1.0,1.0,1.0,2.0,2.0,2.0,2.0,2.0,1.0,,,,,,,8.0,,,,,,,,,,,,,,,,,,,,,,,,,,,,,,,,,,,,,,,,,,,,,,,2.0,,,,,,2.0,,,193.0,51.0,4.99,1.32,45.61,141.0,124.0,3.0
29317.0,3.0,2.0,1.0,2.0,29.0,353.0,353.0,3.0,1.0,2.0,1.0,1.0,,,2.0,1.0,,6.0,3.0,8.0,3.0,1.04,2.0,2.0,29.0,1.0,2.0,6.0,,1.0,2.0,2.0,1.0,2.0,2.0,1.0,2.0,2.0,1.0,72289.14818,77380.309696,2.0,39.0,1.0,652.0,,,2.0,2.0,2.0,2.0,1.0,3.0,80.0,,1.0,1.0,140.0,108.0,80.0,2.0,,,2.0,,,2.0,112.0,86.0,2.0,112.0,86.0,2.0,,,,,2.0,,,,2.0,,,,,,,,,2.0,,,,2.0,2.0,0.0,2.0,2.0,2.0,2.0,2.0,2.0,2.0,2.0,,,,,,,,,,,,,,,1.0,15.0,,,,,,,,,28.0,,,,,,,,,,,,,,,,,,,,,,,,,1.0,60.0,2.0,2.0,2.0,2.0,2.0,2.0,,,,,,,,,,,,,,,,,,,,,,,,,,,,,,,,,,,,,,,,,,,,,,,,,,,,,,,2.0,,,,,,2.0,,,186.0,77.0,4.81,1.99,32.84,177.0,169.0,2.0
29320.0,3.0,2.0,1.0,2.0,33.0,402.0,402.0,4.0,2.0,2.0,1.0,1.0,,,5.0,3.0,,1.0,3.0,7.0,7.0,2.23,2.0,1.0,32.0,1.0,4.0,1.0,5.0,1.0,2.0,2.0,1.0,2.0,2.0,1.0,2.0,2.0,1.0,44951.882117,46505.655907,2.0,36.0,1.0,736.0,,,2.0,2.0,2.0,2.0,1.0,4.0,76.0,,1.0,1.0,120.0,104.0,60.0,2.0,94.0,66.0,2.0,98.0,66.0,2.0,,,,96.0,66.0,2.0,,,,,2.0,,,,2.0,,,,,,,,,2.0,,,,2.0,2.0,0.0,2.0,2.0,2.0,2.0,1.0,2.0,2.0,2.0,,,,,,,,,,,,,,,2.0,,,,,,,,,,,,,,,,,,,,,,,,,,,,,,,,,,,1.0,0.0,1.0,1.0,2.0,2.0,1.0,2.0,,,,4.0,,,,,,,,,4.0,,,,,,,,,,,,,,,,,,,,,,,,,2.0,,4.0,,6.0,,,,,,,,,,,,,2.0,,,,,,2.0,,,162.0,55.0,4.19,1.42,26.3,140.0,,1.0
29329.0,3.0,2.0,2.0,2.0,32.0,387.0,388.0,3.0,1.0,1.0,1.0,1.0,,,4.0,3.0,,1.0,6.0,4.0,4.0,0.67,2.0,2.0,32.0,1.0,4.0,1.0,3.0,1.0,2.0,2.0,1.0,2.0,2.0,,,,,42761.249596,44499.925581,1.0,29.0,1.0,738.0,,,1.0,2.0,2.0,2.0,1.0,4.0,88.0,,1.0,1.0,140.0,106.0,76.0,2.0,102.0,74.0,2.0,110.0,74.0,2.0,,,,106.0,74.0,2.0,,,,,2.0,,,,2.0,,,,,,,,,2.0,,,,2.0,2.0,0.0,2.0,2.0,2.0,2.0,1.0,2.0,2.0,2.0,,,,,,,,,,,,,,,2.0,,,,,,,,,,,,,,,,,,,,,,,,,,,,,,,,,,,1.0,0.0,1.0,2.0,2.0,2.0,1.0,2.0,1.0,,3.0,,,,,,,,,,,,,,,,,,,,,,,,,,,,,,,,,,1.0,,,,,,,,,,,,,,,,,,2.0,,,,,,2.0,,,162.0,41.0,4.19,1.06,31.54,157.0,147.0,2.0
29332.0,3.0,2.0,1.0,2.0,25.0,307.0,308.0,3.0,1.0,2.0,1.0,1.0,,,2.0,1.0,,5.0,2.0,7.0,7.0,3.52,2.0,2.0,25.0,1.0,2.0,5.0,,1.0,2.0,2.0,1.0,2.0,2.0,1.0,2.0,2.0,1.0,57713.284708,58689.389603,2.0,35.0,1.0,498.0,,,2.0,2.0,2.0,2.0,1.0,3.0,82.0,,1.0,1.0,120.0,98.0,56.0,2.0,94.0,60.0,2.0,100.0,58.0,2.0,,,,97.0,59.0,2.0,,,,,2.0,,,,2.0,,,,,,,,,2.0,,,,2.0,2.0,0.0,2.0,2.0,2.0,2.0,2.0,2.0,2.0,2.0,,,,,,,,,,,,,,,2.0,,,,,,,,,,,,,,,,,,,,,,,,,,,,,,,,,,,1.0,3.0,2.0,2.0,2.0,1.0,2.0,2.0,,,,,,,,,,,,,,,,,,,,,,,,,,,,,,3.0,,,,,,,,,,,,,,,,,,,,,,,,,2.0,,,,,,2.0,,,162.0,90.0,4.19,2.33,56.58,117.0,114.0,3.0
29334.0,3.0,2.0,2.0,1.0,41.0,494.0,496.0,3.0,1.0,2.0,1.0,1.0,,,1.0,1.0,,1.0,7.0,9.0,9.0,2.18,,2.0,34.0,1.0,3.0,1.0,1.0,1.0,2.0,2.0,1.0,2.0,2.0,1.0,2.0,2.0,1.0,86604.198979,90848.425752,2.0,41.0,1.0,592.0,,,1.0,2.0,2.0,2.0,1.0,4.0,76.0,,1.0,1.0,150.0,116.0,86.0,2.0,122.0,84.0,2.0,114.0,80.0,2.0,,,,118.0,82.0,2.0,,,,,2.0,,,,2.0,,,,,,,,,2.0,,,,2.0,2.0,0.0,2.0,2.0,2.0,2.0,1.0,2.0,2.0,2.0,,,,,,,,,,,,,,,2.0,,,,,,,,,,,,,,,,,,,,,,,,,,,,,,,,,,,1.0,0.0,1.0,1.0,2.0,2.0,1.0,2.0,,,,,,,7.0,,,,,,,,,,,9.0,,,,,,,,,,,,,,,,,,,1.0,,,,,,,,,,,,,,,,,,2.0,,,,,,2.0,,,253.0,41.0,6.54,1.06,39.25,134.0,114.0,2.0
29344.0,3.0,2.0,2.0,2.0,41.0,493.0,493.0,3.0,1.0,2.0,1.0,1.0,,,3.0,2.0,,1.0,3.0,11.0,11.0,5.0,2.0,1.0,45.0,1.0,2.0,1.0,3.0,1.0,2.0,2.0,1.0,2.0,2.0,1.0,2.0,2.0,1.0,108341.283275,111789.767859,1.0,29.0,1.0,632.0,,,2.0,2.0,2.0,2.0,1.0,3.0,82.0,,1.0,1.0,140.0,104.0,66.0,2.0,100.0,66.0,2.0,102.0,64.0,2.0,,,,101.0,65.0,2.0,,,,,2.0,,,,2.0,,,,,,,,,1.0,,,,2.0,2.0,0.0,2.0,2.0,2.0,2.0,2.0,2.0,2.0,2.0,,,,,,,,,,,,,,,2.0,,,,,,,,,,,,,,,,,,,,,,,,,,,,,,,,,,,1.0,0.0,9.0,9.0,9.0,9.0,9.0,9.0,,,,,,,,,,,,,,,,,,,,,,,,,,,,,,,,,,,,,,,,,,,,,,,,,,,,,,,9.0,,,,,,9.0,,,226.0,51.0,5.84,1.32,27.6,144.0,140.0,2.0
29350.0,3.0,2.0,2.0,2.0,29.0,355.0,356.0,3.0,1.0,2.0,1.0,1.0,,,5.0,3.0,,1.0,2.0,10.0,10.0,5.0,3.0,2.0,29.0,1.0,5.0,1.0,5.0,1.0,2.0,2.0,1.0,2.0,2.0,1.0,2.0,2.0,1.0,65722.424198,70465.946499,1.0,30.0,1.0,523.0,,,2.0,2.0,2.0,2.0,1.0,3.0,82.0,,1.0,1.0,140.0,116.0,68.0,2.0,106.0,72.0,2.0,112.0,66.0,2.0,,,,109.0,69.0,2.0,,,,,2.0,,,,2.0,,,,,,,,,2.0,,,,2.0,2.0,0.0,2.0,2.0,2.0,2.0,2.0,2.0,2.0,2.0,,,,,,,,,,,,,,,2.0,,,,,,,,,,,,,,,,,,,,,,,,,,,,,,,,,,,1.0,0.0,1.0,2.0,2.0,2.0,9.0,2.0,,,,,,,,,9.0,,,,,,,,,,,,,,,,,,,,,,,,,,,,,,,,,,,,,,,,,,,,,,2.0,,,,,,2.0,,,116.0,56.0,3.0,1.45,30.12,165.0,,1.0
29368.0,3.0,2.0,1.0,1.0,34.0,415.0,415.0,3.0,1.0,1.0,1.0,1.0,,,3.0,2.0,,3.0,2.0,7.0,4.0,1.72,,1.0,34.0,1.0,3.0,3.0,,1.0,2.0,2.0,1.0,2.0,2.0,1.0,2.0,2.0,1.0,79696.009842,88196.923098,2.0,35.0,1.0,1103.0,,,1.0,2.0,2.0,2.0,1.0,4.0,76.0,,1.0,1.0,170.0,126.0,84.0,2.0,120.0,80.0,2.0,,,2.0,,,2.0,120.0,80.0,2.0,,,,,2.0,,,,2.0,,,,,,,,,2.0,,,,2.0,2.0,0.0,2.0,2.0,2.0,2.0,2.0,2.0,2.0,2.0,,,,,,,,,,,,,,,2.0,,,,,,,,,,,,,,,,,,,,,,,,,,,,,,,,,,,1.0,0.0,2.0,2.0,1.0,2.0,2.0,2.0,,,,,,,,,,,,,,,,,,,,,,,,,7.0,,,,,,,,,,,,,,,,,,,,,,,,,,,,,,2.0,,,,,,2.0,,,195.0,43.0,5.04,1.11,45.52,138.0,128.0,3.0
29374.0,3.0,2.0,2.0,1.0,35.0,421.0,421.0,4.0,2.0,1.0,1.0,1.0,,,3.0,2.0,,6.0,3.0,6.0,4.0,1.61,,2.0,27.0,1.0,3.0,,,1.0,2.0,2.0,1.0,2.0,2.0,1.0,2.0,2.0,1.0,30349.218883,30383.775893,2.0,33.0,1.0,516.0,,,2.0,2.0,2.0,2.0,1.0,3.0,60.0,,1.0,1.0,140.0,102.0,74.0,2.0,,,2.0,,,2.0,,,2.0,102.0,74.0,2.0,,,,,2.0,,,,2.0,,,,,,,,,2.0,,,,2.0,2.0,0.0,2.0,2.0,2.0,2.0,2.0,2.0,2.0,2.0,,,,,,,,,,,,,,,2.0,,,,,,,,,,,,,,,,,,,,,,,,,,,,,,,,,,,1.0,0.0,2.0,2.0,2.0,2.0,2.0,2.0,,,,,,,,,,,,,,,,,,,,,,,,,,,,,,,,,,,,,,,,,,,,,,,,,,,,,,,2.0,,,,,,2.0,,,239.0,57.0,6.18,1.47,36.72,162.0,145.0,2.0
29385.0,3.0,2.0,1.0,2.0,43.0,517.0,519.0,4.0,2.0,1.0,1.0,1.0,,,4.0,3.0,,5.0,1.0,7.0,7.0,4.9,2.0,2.0,43.0,1.0,4.0,5.0,,1.0,2.0,2.0,1.0,2.0,2.0,1.0,2.0,2.0,1.0,26034.69777,26836.967501,1.0,35.0,1.0,522.0,,,2.0,2.0,2.0,2.0,1.0,3.0,92.0,,1.0,1.0,130.0,112.0,76.0,2.0,116.0,76.0,2.0,114.0,74.0,2.0,,,,115.0,75.0,2.0,,,,,2.0,,,,2.0,,,,,,,,,2.0,,,,2.0,2.0,0.0,2.0,2.0,2.0,2.0,1.0,2.0,2.0,2.0,,,,,,,,,,,,,,,2.0,,,,,,,,,,,,,,,,,,,,,,,,,,,,,,,,,,,1.0,30.0,1.0,2.0,2.0,2.0,2.0,2.0,,,,,,,,,9.0,,,,,,,,,,,,,,,,,,,,,,,,,,,,,,,,,,,,,,,,,,,,,,1.0,1.0,,,,,2.0,,,186.0,63.0,4.81,1.63,22.13,145.0,121.0,1.0
29392.0,3.0,2.0,2.0,1.0,23.0,277.0,278.0,2.0,5.0,2.0,3.0,2.0,4.0,,3.0,2.0,,5.0,6.0,10.0,10.0,2.58,,1.0,23.0,3.0,3.0,5.0,,1.0,2.0,2.0,1.0,2.0,2.0,1.0,2.0,2.0,1.0,65324.140175,67844.633415,2.0,41.0,1.0,710.0,,,1.0,2.0,2.0,2.0,1.0,4.0,70.0,,1.0,1.0,150.0,,,2.0,128.0,60.0,2.0,126.0,58.0,2.0,128.0,66.0,2.0,127.0,62.0,2.0,,,,,2.0,,,,2.0,,,,,,,,,2.0,,,,2.0,2.0,0.0,2.0,2.0,2.0,2.0,2.0,2.0,2.0,2.0,,,,,,,,,,,,,,,2.0,,,,,,,,,,,,,,,,,,,,,,,,,,,,,,,,,,,1.0,0.0,2.0,2.0,2.0,2.0,2.0,2.0,,,,,,,,,,,,,,,,,,,,,,,,,,,,,,,,,,,,,,,,,,,,,,,,,,,,,,,2.0,,,,,,2.0,,,188.0,51.0,4.86,1.32,46.63,133.0,124.0,3.0
29431.0,3.0,2.0,2.0,1.0,26.0,323.0,323.0,3.0,1.0,2.0,1.0,1.0,,,5.0,3.0,,1.0,2.0,9.0,9.0,4.96,,1.0,26.0,1.0,5.0,1.0,5.0,1.0,2.0,2.0,1.0,2.0,2.0,1.0,2.0,2.0,1.0,61559.503246,61122.578212,2.0,30.0,1.0,828.0,,,2.0,2.0,2.0,2.0,1.0,5.0,82.0,,1.0,1.0,140.0,108.0,76.0,2.0,102.0,68.0,2.0,92.0,66.0,2.0,,,,97.0,67.0,2.0,,,,,2.0,,,,2.0,,,,,,,,,2.0,,,,2.0,2.0,0.0,2.0,2.0,2.0,2.0,1.0,2.0,2.0,2.0,,,,,,,,,,,,,,,2.0,,,,,,,,,,,,,,,,,,,,,,,,,,,,,,,,,,,1.0,2.0,1.0,2.0,2.0,2.0,2.0,2.0,1.0,,,,,,,,,,,,,,,,,,,,,,,,,,,,,,,,,,,,,,,,,,,,,,,,,,,,,,1.0,,2.0,,,,2.0,,,230.0,52.0,5.95,1.34,32.04,174.0,159.0,1.0
29434.0,3.0,2.0,2.0,1.0,32.0,392.0,392.0,3.0,1.0,2.0,3.0,2.0,3.0,,5.0,3.0,,5.0,6.0,11.0,5.0,2.15,,1.0,22.0,1.0,5.0,5.0,,1.0,2.0,2.0,1.0,2.0,2.0,1.0,2.0,2.0,1.0,67428.22769,72852.657154,2.0,29.0,1.0,734.0,,,2.0,2.0,2.0,2.0,1.0,4.0,58.0,,1.0,1.0,140.0,108.0,66.0,2.0,110.0,64.0,2.0,100.0,68.0,2.0,,,,105.0,66.0,2.0,,,,,2.0,,,,2.0,,,,,,,,,2.0,,,,2.0,2.0,0.0,2.0,2.0,2.0,2.0,2.0,2.0,2.0,2.0,,,,,,,,,,,,,,,2.0,,,,,,,,,,,,,,,,,,,,,,,,,,,,,,,,,,,1.0,7.0,1.0,2.0,1.0,2.0,2.0,2.0,,,3.0,,,,,,,,,,,,,,,,1.0,,,,,,,,,,,,,,,,,,,,,,,,,,,,,,,,,,,,2.0,,,,,,2.0,,,190.0,47.0,4.91,1.22,37.96,171.0,156.0,2.0
29440.0,3.0,2.0,1.0,2.0,23.0,277.0,277.0,3.0,1.0,2.0,1.0,1.0,,,5.0,3.0,,1.0,2.0,6.0,6.0,2.48,2.0,1.0,24.0,1.0,3.0,1.0,5.0,1.0,2.0,2.0,1.0,2.0,2.0,1.0,2.0,2.0,1.0,74555.024987,79936.041101,2.0,39.0,1.0,545.0,,,1.0,2.0,2.0,2.0,1.0,3.0,82.0,,1.0,1.0,140.0,104.0,62.0,2.0,100.0,62.0,2.0,102.0,62.0,2.0,,,,101.0,62.0,2.0,,,,,2.0,,,,2.0,,,,,,,,,2.0,,,,2.0,2.0,0.0,2.0,2.0,2.0,2.0,2.0,2.0,2.0,2.0,,,,,,,,,,,,,,,2.0,,,,,,,,,,,,,,,,,,,,,,,,,,,,,,,,,,,1.0,0.0,2.0,2.0,2.0,2.0,2.0,2.0,,,,,,,,,,,,,,,,,,,,,,,,,,,,,,,,,,,,,,,,,,,,,,,,,,,,,,,2.0,,,,,,2.0,,,166.0,55.0,4.29,1.42,35.82,152.0,146.0,2.0
29451.0,3.0,2.0,1.0,2.0,39.0,468.0,470.0,3.0,1.0,2.0,1.0,1.0,,,3.0,2.0,,1.0,3.0,4.0,4.0,1.25,2.0,1.0,40.0,1.0,3.0,1.0,3.0,1.0,2.0,2.0,1.0,2.0,2.0,1.0,2.0,2.0,1.0,63809.578437,66404.081233,1.0,31.0,1.0,638.0,,,2.0,2.0,2.0,2.0,1.0,4.0,72.0,,1.0,1.0,130.0,110.0,72.0,2.0,110.0,76.0,2.0,116.0,70.0,2.0,,,,113.0,73.0,2.0,,,,,2.0,,,,2.0,,,,,,,,,2.0,,,,2.0,2.0,0.0,2.0,2.0,2.0,2.0,2.0,2.0,2.0,2.0,,,,,,,,,,,,,,,2.0,,,,,,,,,,,,,,,,,,,,,,,,,,,,,,,,,,,1.0,0.0,1.0,2.0,2.0,1.0,1.0,9.0,,,,,,,,,9.0,,,,,,,,,,,,,,,,,,,,,3.0,,,,,,9.0,,,,,,,,,9.0,,,,,,,,,,2.0,,,,,,2.0,,,256.0,49.0,6.62,1.27,35.46,129.0,111.0,3.0
29488.0,3.0,2.0,2.0,2.0,37.0,445.0,446.0,4.0,2.0,2.0,3.0,2.0,3.0,,5.0,3.0,,1.0,4.0,9.0,9.0,3.45,2.0,1.0,39.0,3.0,4.0,1.0,5.0,1.0,2.0,2.0,1.0,2.0,2.0,1.0,2.0,2.0,1.0,29524.214023,30544.726352,2.0,29.0,1.0,558.0,,,2.0,2.0,2.0,2.0,1.0,4.0,66.0,,1.0,1.0,130.0,,,2.0,104.0,60.0,2.0,102.0,60.0,2.0,,,2.0,102.0,60.0,2.0,,,,,2.0,,,,2.0,,,,,,,,,2.0,,,,2.0,2.0,0.0,2.0,2.0,2.0,2.0,2.0,2.0,2.0,2.0,,,,,,,,,,,,,,,2.0,,,,,,,,,,,,,,,,,,,,,,,,,,,,,,,,,,,1.0,14.0,2.0,9.0,1.0,9.0,2.0,2.0,,,,,,,,,,,,,,,,,,,,,,,5.0,,,,,,,,,,,,,,,,,,,,,,,,,,,,,,,,2.0,,,,,,2.0,,,151.0,65.0,3.9,1.68,39.59,124.0,,3.0
29491.0,3.0,2.0,2.0,2.0,35.0,423.0,424.0,3.0,1.0,2.0,1.0,1.0,,,5.0,3.0,,1.0,4.0,11.0,11.0,5.0,2.0,2.0,35.0,1.0,5.0,1.0,5.0,1.0,2.0,2.0,1.0,2.0,2.0,1.0,2.0,2.0,1.0,72619.856408,76812.716088,1.0,33.0,1.0,930.0,,,1.0,2.0,2.0,2.0,1.0,4.0,66.0,,1.0,1.0,130.0,108.0,66.0,2.0,106.0,70.0,2.0,106.0,60.0,2.0,,,,106.0,65.0,2.0,,,,,2.0,,,,2.0,,,,,,,,,2.0,,,,2.0,2.0,0.0,2.0,2.0,2.0,2.0,2.0,2.0,2.0,2.0,,,,,,,,,,,,,,,2.0,,,,,,,,,,,,,,,,,,,,,,,,,,,,,,,,,,,1.0,3.0,1.0,2.0,2.0,2.0,2.0,2.0,1.0,,,,,,,,,,,,,,,,,,,,,,,,,,,,,,,,,,,,,,,,,,,,,,,,,,,,,,2.0,,,,,,2.0,,,219.0,74.0,5.66,1.91,35.18,136.0,121.0,3.0
29494.0,3.0,2.0,2.0,1.0,32.0,389.0,390.0,3.0,1.0,2.0,1.0,1.0,,,3.0,2.0,,4.0,3.0,4.0,4.0,1.21,,2.0,55.0,1.0,2.0,1.0,2.0,1.0,2.0,2.0,1.0,2.0,2.0,1.0,2.0,2.0,1.0,46721.747483,51776.123354,2.0,31.0,1.0,576.0,,,1.0,2.0,2.0,1.0,1.0,4.0,78.0,,1.0,1.0,140.0,120.0,80.0,2.0,,,2.0,,,2.0,,,2.0,120.0,80.0,2.0,,,,,2.0,,,,2.0,,,,,,,,,2.0,,,,1.0,2.0,0.0,2.0,2.0,2.0,2.0,2.0,2.0,2.0,1.0,,,9.0,24.0,,,,,,,,,15.0,9.0,2.0,,,,,,,,,,,,,,,,,,,,,,,,,,,,,,,,,,,1.0,2.0,2.0,2.0,2.0,2.0,9.0,9.0,,,,,,,,,,,,,,,,,,,,,,,,,,,,,,,,,,,,,,,,,,,,,,,,,,,,,,,2.0,,,,,,2.0,,,99.0,40.0,2.56,1.03,53.55,147.0,139.0,3.0
29514.0,3.0,2.0,1.0,1.0,40.0,487.0,488.0,1.0,3.0,2.0,1.0,1.0,,,2.0,1.0,,1.0,4.0,11.0,11.0,4.4,,1.0,40.0,1.0,2.0,1.0,4.0,1.0,2.0,2.0,1.0,2.0,2.0,1.0,2.0,2.0,1.0,13805.891165,14013.336006,2.0,43.0,1.0,548.0,,,2.0,2.0,2.0,2.0,1.0,4.0,60.0,,1.0,1.0,140.0,114.0,68.0,2.0,110.0,72.0,2.0,112.0,76.0,2.0,,,,111.0,74.0,2.0,,,,,2.0,,,,2.0,,,,,,,,,1.0,,,,2.0,2.0,0.0,2.0,2.0,2.0,2.0,2.0,2.0,2.0,2.0,,,,,,,,,,,,,,,2.0,,,,,,,,,,,,,,,,,,,,,,,,,,,,,,,,,,,1.0,2.0,1.0,2.0,1.0,2.0,2.0,2.0,,,,,,,,,9.0,,,,,,,,,,1.0,,,,,,,,,,,,,,,,,,,,,,,,,,,,,,,,,,,,2.0,,,,,,2.0,,,249.0,51.0,6.44,1.32,40.26,135.0,128.0,3.0
29541.0,3.0,2.0,1.0,2.0,41.0,496.0,497.0,1.0,3.0,2.0,2.0,2.0,3.0,,1.0,1.0,,1.0,7.0,3.0,3.0,0.36,2.0,1.0,49.0,2.0,1.0,1.0,1.0,2.0,2.0,2.0,2.0,2.0,2.0,2.0,2.0,2.0,2.0,20807.000928,20523.972594,1.0,34.0,1.0,724.0,,,1.0,2.0,2.0,2.0,1.0,4.0,72.0,,1.0,1.0,130.0,106.0,78.0,2.0,108.0,72.0,2.0,102.0,72.0,2.0,,,,105.0,72.0,2.0,,,,,2.0,,,,2.0,,,,,,,,,2.0,,,,2.0,2.0,0.0,2.0,2.0,2.0,2.0,2.0,2.0,2.0,2.0,,,,,,,,,,,,,,,2.0,,,,,,,,,,,,,,,,,,,,,,,,,,,,,,,,,,,1.0,0.0,1.0,2.0,2.0,2.0,2.0,2.0,,2.0,,,,,,,,,,,,,,,,,,,,,,,,,,,,,,,,,,,,,,,,,,,,,,,,,,,,,2.0,,,,,,2.0,,,215.0,56.0,5.56,1.45,27.12,154.0,136.0,2.0
29557.0,3.0,2.0,2.0,2.0,27.0,333.0,334.0,3.0,1.0,2.0,1.0,1.0,,,3.0,2.0,,3.0,2.0,6.0,6.0,2.56,3.0,2.0,27.0,1.0,3.0,3.0,,1.0,2.0,2.0,1.0,2.0,2.0,1.0,2.0,2.0,1.0,62423.912872,62469.532948,2.0,30.0,1.0,597.0,,,2.0,2.0,2.0,2.0,1.0,3.0,68.0,,1.0,1.0,130.0,110.0,60.0,2.0,100.0,58.0,2.0,98.0,58.0,2.0,,,,99.0,58.0,2.0,,,,,2.0,,,,2.0,,,,,,,,,2.0,,,,2.0,2.0,0.0,2.0,2.0,2.0,2.0,2.0,2.0,2.0,2.0,,,,,,,,,,,,,,,2.0,,,,,,,,,,,,,,,,,,,,,,,,,,,,,,,,,,,1.0,0.0,2.0,2.0,2.0,2.0,2.0,2.0,,,,,,,,,,,,,,,,,,,,,,,,,,,,,,,,,,,,,,,,,,,,,,,,,,,,,,,2.0,,,,,,2.0,,,,,,,47.6,143.0,126.0,3.0
29575.0,3.0,2.0,1.0,2.0,41.0,502.0,503.0,1.0,3.0,2.0,2.0,2.0,5.0,,1.0,1.0,,1.0,5.0,7.0,7.0,1.67,2.0,1.0,43.0,3.0,1.0,1.0,1.0,2.0,2.0,2.0,2.0,2.0,2.0,,,,,19315.956297,19489.988601,2.0,43.0,1.0,594.0,,,2.0,2.0,2.0,2.0,1.0,4.0,74.0,,1.0,1.0,150.0,124.0,84.0,2.0,126.0,80.0,2.0,124.0,78.0,2.0,,,,125.0,79.0,2.0,,,,,2.0,,,,2.0,,,,,,,,,2.0,,,,2.0,2.0,0.0,2.0,2.0,2.0,2.0,2.0,2.0,2.0,2.0,,,,,,,,,,,,,,,2.0,,,,,,,,,,,,,,,,,,,,,,,,,,,,,,,,,,,1.0,0.0,2.0,2.0,2.0,2.0,2.0,2.0,,,,,,,,,,,,,,,,,,,,,,,,,,,,,,,,,,,,,,,,,,,,,,,,,,,,,,,2.0,,,,,,2.0,,,256.0,49.0,6.62,1.27,76.31,114.0,115.0,3.0
29587.0,3.0,2.0,2.0,1.0,20.0,245.0,246.0,1.0,3.0,2.0,1.0,1.0,,,2.0,1.0,,5.0,4.0,1.0,1.0,0.45,,1.0,20.0,,,99.0,,1.0,2.0,2.0,1.0,2.0,2.0,1.0,2.0,2.0,1.0,5416.685873,5401.326911,1.0,42.0,1.0,557.0,,,2.0,2.0,2.0,2.0,1.0,5.0,72.0,,1.0,1.0,140.0,112.0,84.0,2.0,120.0,84.0,2.0,118.0,82.0,2.0,,,,119.0,83.0,2.0,,,,,2.0,,,,2.0,,,,,,,,,1.0,,,,2.0,2.0,0.0,2.0,2.0,2.0,2.0,1.0,1.0,2.0,2.0,1.0,,,,,,,,,,9.0,,,,2.0,,,,,,,,,,,,,,,,,,,,,,,,,,,,,,,,,,,1.0,150.0,1.0,2.0,2.0,2.0,1.0,2.0,,,,,,,,,9.0,,,,,,,,,,,,,,,,,,,,,,,,,,,,,,,,,,,,9.0,,,,,,,,,,2.0,,,,,,2.0,,,134.0,30.0,3.47,0.78,59.8,120.0,105.0,3.0
29592.0,3.0,2.0,2.0,1.0,48.0,576.0,576.0,4.0,2.0,1.0,1.0,1.0,,,4.0,3.0,,6.0,6.0,5.0,5.0,0.89,,1.0,22.0,1.0,2.0,5.0,,1.0,2.0,2.0,1.0,2.0,2.0,1.0,2.0,2.0,1.0,20714.12723,21676.060068,1.0,42.0,1.0,588.0,,,2.0,2.0,2.0,2.0,1.0,4.0,52.0,,1.0,1.0,160.0,130.0,72.0,2.0,118.0,74.0,2.0,112.0,80.0,2.0,,,,115.0,77.0,2.0,,,,,2.0,,,,2.0,,,,,,,,,2.0,,,,2.0,2.0,0.0,2.0,2.0,2.0,2.0,2.0,2.0,2.0,2.0,,,,,,,,,,,,,,,2.0,,,,,,,,,,,,,,,,,,,,,,,,,,,,,,,,,,,1.0,0.0,1.0,2.0,2.0,2.0,1.0,1.0,1.0,,,,,,,,,,,,,,,,,,,,,,,,,,,,,,,,,,,,,2.0,,,,,,,,,2.0,,,,,,,,2.0,,,,,,2.0,,,198.0,55.0,5.12,1.42,35.93,153.0,,2.0
29613.0,3.0,2.0,2.0,1.0,28.0,339.0,340.0,3.0,1.0,2.0,1.0,1.0,,,3.0,2.0,,5.0,3.0,9.0,9.0,3.74,,1.0,66.0,1.0,5.0,1.0,4.0,1.0,2.0,2.0,1.0,2.0,2.0,1.0,2.0,2.0,1.0,64789.306859,67289.163872,2.0,30.0,1.0,558.0,,,2.0,2.0,2.0,1.0,1.0,4.0,90.0,,1.0,1.0,120.0,108.0,86.0,2.0,110.0,88.0,2.0,110.0,88.0,2.0,,,,110.0,88.0,2.0,,,,,2.0,,,,2.0,,,,,,,,,2.0,,,,2.0,2.0,0.0,2.0,2.0,2.0,2.0,2.0,2.0,2.0,2.0,,,,,,,,,,,,,,,2.0,,,,,,,,,,,,,,,,,,,,,,,,,,,,,,,,,,,1.0,0.0,1.0,2.0,2.0,2.0,2.0,2.0,,,,4.0,,,,,,,,,,,,,,,,,,,,,,,,,,,,,,,,,,,,,,,,,,,,,,,,,,,2.0,,,,,,2.0,,,231.0,39.0,5.97,1.01,42.42,158.0,182.0,2.0
29614.0,3.0,2.0,2.0,1.0,22.0,273.0,273.0,1.0,3.0,2.0,2.0,2.0,2.0,,3.0,2.0,,5.0,4.0,,1.0,0.06,,1.0,24.0,1.0,3.0,5.0,,1.0,2.0,2.0,1.0,2.0,2.0,2.0,2.0,2.0,2.0,5416.685873,5422.324059,1.0,42.0,1.0,624.0,,,2.0,2.0,2.0,2.0,1.0,4.0,54.0,,1.0,1.0,160.0,122.0,72.0,2.0,136.0,70.0,2.0,132.0,58.0,2.0,,,,134.0,64.0,2.0,,,,,2.0,,,,2.0,,,,,,,,,2.0,,,,2.0,2.0,0.0,2.0,2.0,2.0,2.0,2.0,2.0,2.0,2.0,,,,,,,,,,,,,,,2.0,,,,,,,,,,,,,,,,,,,,,,,,,,,,,,,,,,,1.0,0.0,2.0,2.0,2.0,2.0,2.0,2.0,,,,,,,,,,,,,,,,,,,,,,,,,,,,,,,,,,,,,,,,,,,,,,,,,,,,,,,2.0,,,,,,2.0,,,178.0,40.0,4.6,1.03,50.03,159.0,148.0,3.0
29616.0,3.0,2.0,1.0,2.0,36.0,434.0,434.0,4.0,2.0,2.0,1.0,1.0,,,2.0,1.0,,5.0,3.0,1.0,1.0,0.24,2.0,2.0,36.0,1.0,2.0,5.0,,1.0,2.0,2.0,1.0,2.0,2.0,1.0,2.0,2.0,1.0,32630.716906,33553.988865,1.0,30.0,1.0,672.0,,,2.0,2.0,2.0,2.0,1.0,3.0,72.0,,1.0,1.0,160.0,122.0,78.0,2.0,128.0,60.0,2.0,120.0,78.0,2.0,,,,124.0,69.0,2.0,,,,,2.0,,,,2.0,,,,,,,,,2.0,,,,2.0,2.0,0.0,2.0,2.0,2.0,2.0,2.0,2.0,2.0,2.0,,,,,,,,,,,,,,,2.0,,,,,,,,,,,,,,,,,,,,,,,,,,,,,,,,,,,1.0,0.0,2.0,2.0,2.0,2.0,2.0,2.0,,,,,,,,,,,,,,,,,,,,,,,,,,,,,,,,,,,,,,,,,,,,,,,,,,,,,,,2.0,,,,,,2.0,,,223.0,77.0,5.77,1.99,42.2,130.0,,3.0
29633.0,3.0,2.0,1.0,1.0,38.0,463.0,463.0,5.0,2.0,1.0,1.0,1.0,,,3.0,2.0,,6.0,2.0,7.0,5.0,2.15,,2.0,49.0,1.0,3.0,,,1.0,2.0,2.0,1.0,2.0,2.0,1.0,2.0,2.0,1.0,27691.315077,28793.303973,2.0,39.0,1.0,707.0,,,1.0,2.0,2.0,2.0,1.0,4.0,98.0,,1.0,1.0,160.0,122.0,92.0,2.0,128.0,94.0,2.0,126.0,90.0,2.0,,,,127.0,92.0,2.0,,,,,2.0,,,,2.0,,,,,,,,,2.0,,,,2.0,2.0,0.0,2.0,2.0,2.0,2.0,1.0,2.0,2.0,2.0,,,,,,,,,,,,,,,2.0,,,,,,,,,,,,,,,,,,,,,,,,,,,,,,,,,,,1.0,0.0,2.0,2.0,2.0,2.0,2.0,2.0,,,,,,,,,,,,,,,,,,,,,,,,,,,,,,,,,,,,,,,,,,,,,,,,,,,,,,,2.0,,,,,,2.0,,,169.0,44.0,4.37,1.14,27.7,166.0,157.0,1.0
29647.0,3.0,2.0,1.0,1.0,43.0,525.0,525.0,3.0,1.0,2.0,1.0,1.0,,,4.0,3.0,,1.0,2.0,11.0,11.0,5.0,,1.0,43.0,1.0,4.0,1.0,4.0,1.0,2.0,2.0,1.0,2.0,2.0,1.0,2.0,2.0,1.0,72042.210061,77406.724203,1.0,43.0,1.0,653.0,,,2.0,2.0,2.0,2.0,1.0,3.0,66.0,1.0,2.0,1.0,160.0,,,2.0,124.0,74.0,2.0,126.0,80.0,2.0,120.0,78.0,2.0,123.0,79.0,2.0,,,,,2.0,,,,2.0,,,,,,,,,2.0,,,,2.0,2.0,0.0,2.0,2.0,2.0,2.0,2.0,2.0,2.0,2.0,,,,,,,,,,,,,,,2.0,,,,,,,,,,,,,,,,,,,,,,,,,,,,,,,,,,,1.0,0.0,2.0,2.0,2.0,1.0,9.0,2.0,,,,,,,,,,,,,,,,,,,,,,,,,,,,,,,,,,,,9.0,,,,,,,,,,,,,,,,,,,2.0,,,,,,2.0,,,203.0,46.0,5.25,1.19,28.68,172.0,167.0,1.0
29651.0,3.0,2.0,2.0,1.0,26.0,317.0,319.0,3.0,1.0,2.0,1.0,1.0,,,4.0,3.0,,5.0,3.0,11.0,11.0,5.0,,1.0,65.0,1.0,4.0,1.0,3.0,1.0,2.0,2.0,1.0,2.0,2.0,1.0,2.0,2.0,1.0,69515.376634,72197.58625,2.0,33.0,1.0,746.0,,,1.0,2.0,2.0,2.0,1.0,4.0,64.0,,1.0,1.0,130.0,106.0,60.0,2.0,106.0,54.0,2.0,106.0,50.0,2.0,,,,106.0,52.0,2.0,,,,,2.0,,,,2.0,,,,,,,,,1.0,,,,2.0,2.0,0.0,2.0,2.0,2.0,2.0,2.0,2.0,2.0,2.0,,,,,,,,,,,,,,,2.0,,,,,,,,,,,,,,,,,,,,,,,,,,,,,,,,,,,1.0,2.0,1.0,1.0,2.0,2.0,9.0,1.0,1.0,,3.0,4.0,,,,,,,,,,,,,,9.0,,,,,,,,,,,,,,,,,,,,,,,,,,,,,2.0,,,,,,,,2.0,,,,,,2.0,,,144.0,45.0,3.72,1.16,50.58,151.0,139.0,3.0
29660.0,3.0,2.0,1.0,2.0,35.0,430.0,431.0,3.0,1.0,2.0,1.0,1.0,,,3.0,2.0,,3.0,1.0,5.0,5.0,2.36,2.0,2.0,35.0,1.0,3.0,3.0,,1.0,2.0,2.0,1.0,2.0,2.0,1.0,2.0,2.0,1.0,100076.246906,108423.132515,2.0,36.0,1.0,675.0,,,1.0,2.0,2.0,2.0,1.0,3.0,78.0,,1.0,1.0,130.0,112.0,78.0,2.0,114.0,70.0,2.0,114.0,74.0,2.0,,,,114.0,72.0,1.0,33.0,1.0,2.0,,2.0,,,,2.0,,,,,,,,,2.0,,,,2.0,2.0,0.0,2.0,2.0,2.0,2.0,2.0,2.0,2.0,2.0,,,,,,,,,,,,,,,2.0,,,,,,,,,,,,,,,,,,,,,,,,,,,,,,,,,,,1.0,0.0,2.0,2.0,2.0,2.0,1.0,2.0,,,,,,,,,,,,,,,,,,,,,,,,,,,,,,,,,,,,,,2.0,,,,,,,,,,,,,,,,,1.0,1.0,,,,,2.0,,,204.0,69.0,5.28,1.78,25.44,160.0,153.0,1.0
29667.0,3.0,2.0,1.0,2.0,24.0,296.0,297.0,3.0,1.0,2.0,1.0,1.0,,,4.0,3.0,,6.0,2.0,8.0,6.0,2.69,2.0,2.0,24.0,1.0,4.0,6.0,,1.0,2.0,2.0,1.0,2.0,2.0,1.0,2.0,2.0,1.0,66768.519757,71587.544106,2.0,42.0,1.0,656.0,,,2.0,2.0,2.0,2.0,1.0,4.0,76.0,,1.0,1.0,120.0,98.0,52.0,2.0,88.0,50.0,2.0,90.0,54.0,2.0,,,,89.0,52.0,2.0,,,,,2.0,,,,2.0,,,,,,,,,2.0,,,,2.0,2.0,0.0,2.0,2.0,2.0,2.0,2.0,2.0,2.0,2.0,,,,,,,,,,,,,,,2.0,,,,,,,,,,,,,,,,,,,,,,,,,,,,,,,,,,,1.0,0.0,1.0,2.0,2.0,2.0,1.0,1.0,,,,4.0,,,,,,,,,,,,,,,,,,,,,,,,,,,,,,,,,,,,,,6.0,,,9.0,,,,,,6.0,,,9.0,2.0,,,,,,2.0,,,164.0,73.0,4.24,1.89,32.68,175.0,168.0,2.0
29671.0,3.0,2.0,2.0,1.0,20.0,244.0,244.0,3.0,1.0,2.0,1.0,1.0,,,2.0,1.0,,6.0,2.0,3.0,2.0,0.6,,1.0,20.0,1.0,2.0,6.0,,1.0,2.0,2.0,1.0,2.0,2.0,1.0,2.0,2.0,1.0,44971.347531,46456.789685,2.0,31.0,1.0,471.0,,,2.0,2.0,2.0,2.0,1.0,3.0,70.0,,1.0,1.0,130.0,110.0,44.0,2.0,,,2.0,,,2.0,,,2.0,110.0,44.0,2.0,,,,,2.0,,,,2.0,,,,,,,,,2.0,,,,2.0,2.0,0.0,2.0,2.0,2.0,2.0,2.0,2.0,2.0,2.0,,,,,,,,,,,,,,,2.0,,,,,,,,,,,,,,,,,,,,,,,,,,,,,,,,,,,1.0,0.0,9.0,9.0,9.0,9.0,9.0,9.0,,,,,,,,,,,,,,,,,,,,,,,,,,,,,,,,,,,,,,,,,,,,,,,,,,,,,,,2.0,,,,,,9.0,,,209.0,57.0,5.4,1.47,33.32,191.0,182.0,1.0
29672.0,3.0,2.0,1.0,1.0,38.0,464.0,465.0,2.0,5.0,2.0,3.0,1.0,5.0,,3.0,2.0,,1.0,7.0,5.0,5.0,0.86,,1.0,38.0,3.0,3.0,1.0,3.0,2.0,2.0,2.0,1.0,2.0,2.0,,,,,44294.74942,47858.14938,1.0,43.0,1.0,665.0,,,1.0,2.0,2.0,2.0,1.0,4.0,54.0,,1.0,1.0,150.0,118.0,58.0,2.0,,,2.0,,,2.0,118.0,56.0,2.0,118.0,56.0,2.0,,,,,2.0,,,,2.0,,,,,,,,,2.0,,,,2.0,2.0,0.0,2.0,2.0,2.0,2.0,2.0,2.0,2.0,2.0,,,,,,,,,,,,,,,2.0,,,,,,,,,,,,,,,,,,,,,,,,,,,,,,,,,,,1.0,0.0,1.0,2.0,2.0,2.0,2.0,2.0,,2.0,,,,,,,,,,,,,,,,,,,,,,,,,,,,,,,,,,,,,,,,,,,,,,,,,,,,,2.0,,,,,,2.0,,,200.0,45.0,5.17,1.16,59.0,117.0,107.0,3.0
29682.0,3.0,2.0,2.0,2.0,46.0,563.0,564.0,1.0,3.0,2.0,2.0,1.0,6.0,,1.0,1.0,,1.0,5.0,8.0,8.0,2.09,2.0,2.0,46.0,2.0,1.0,1.0,1.0,2.0,2.0,2.0,1.0,2.0,2.0,2.0,2.0,2.0,2.0,15208.47069,15345.495497,1.0,42.0,1.0,521.0,,,1.0,2.0,2.0,2.0,1.0,3.0,64.0,,1.0,1.0,150.0,108.0,72.0,2.0,112.0,76.0,2.0,110.0,72.0,2.0,,,,111.0,74.0,2.0,,,,,2.0,,,,2.0,,,,,,,,,2.0,,,,2.0,2.0,0.0,2.0,2.0,2.0,2.0,2.0,2.0,2.0,2.0,,,,,,,,,,,,,,,2.0,,,,,,,,,,,,,,,,,,,,,,,,,,,,,,,,,,,1.0,0.0,2.0,2.0,1.0,1.0,1.0,2.0,,,,,,,,,,,,,,,,,,,,,,,,,,,9.0,1.0,,,,,,,,,1.0,,,,,,,,,,,,,,,,,,2.0,,,,,,2.0,,,239.0,70.0,6.18,1.81,62.6,111.0,103.0,3.0
29735.0,3.0,2.0,2.0,2.0,24.0,293.0,293.0,3.0,1.0,2.0,1.0,1.0,,,3.0,2.0,,3.0,2.0,2.0,2.0,0.58,2.0,2.0,24.0,1.0,3.0,3.0,,1.0,2.0,2.0,1.0,2.0,2.0,1.0,2.0,2.0,1.0,69461.642774,69512.4061,2.0,34.0,1.0,631.0,,,1.0,2.0,2.0,2.0,1.0,4.0,78.0,,1.0,1.0,130.0,98.0,66.0,2.0,,,2.0,100.0,70.0,1.0,100.0,76.0,1.0,100.0,73.0,2.0,,,,,2.0,,,,2.0,,,,,,,,,2.0,,,,2.0,2.0,0.0,2.0,2.0,2.0,2.0,1.0,2.0,2.0,2.0,,,,,,,,,,,,,,,2.0,,,,,,,,,,,,,,,,,,,,,,,,,,,,,,,,,,,1.0,2.0,1.0,2.0,2.0,1.0,2.0,2.0,,2.0,,,5.0,,,,,,,,,,,,,,,,,,,,,,,,,,,5.0,,,,,,,,,,,,,,,,,,,,,,,2.0,,,,,,2.0,,,142.0,35.0,3.67,0.91,28.35,125.0,119.0,1.0
29751.0,3.0,2.0,1.0,1.0,31.0,377.0,377.0,4.0,2.0,2.0,1.0,1.0,,,3.0,2.0,,1.0,3.0,5.0,5.0,1.4,,2.0,27.0,1.0,2.0,1.0,3.0,1.0,2.0,2.0,1.0,2.0,2.0,1.0,2.0,2.0,1.0,26923.443849,28353.18601,2.0,35.0,1.0,710.0,,,1.0,2.0,2.0,2.0,1.0,4.0,76.0,,1.0,1.0,150.0,118.0,68.0,2.0,,,2.0,116.0,64.0,2.0,,,2.0,116.0,64.0,2.0,,,,,2.0,,,,2.0,,,,,,,,,2.0,,,,2.0,2.0,0.0,2.0,2.0,2.0,2.0,2.0,2.0,2.0,2.0,,,,,,,,,,,,,,,2.0,,,,,,,,,,,,,,,,,,,,,,,,,,,,,,,,,,,1.0,0.0,2.0,2.0,2.0,2.0,1.0,2.0,,,,,,,,,,,,,,,,,,,,,,,,,,,,,,,,,,,,,,,,,,,,,9.0,,,,,,,,,,2.0,,,,,,2.0,,,212.0,43.0,5.48,1.11,35.0,161.0,143.0,1.0
29755.0,3.0,2.0,2.0,1.0,22.0,274.0,275.0,5.0,4.0,2.0,3.0,1.0,6.0,,4.0,3.0,,5.0,4.0,,99.0,,,1.0,51.0,3.0,1.0,1.0,1.0,1.0,2.0,2.0,1.0,2.0,2.0,1.0,2.0,2.0,1.0,20227.885126,21483.108506,1.0,42.0,1.0,610.0,,,2.0,2.0,2.0,2.0,1.0,3.0,74.0,,1.0,1.0,150.0,120.0,62.0,2.0,124.0,66.0,2.0,120.0,54.0,2.0,,,,122.0,60.0,2.0,,,,,2.0,,,,2.0,,,,,,,,,2.0,,,,2.0,2.0,0.0,2.0,2.0,2.0,2.0,2.0,2.0,2.0,2.0,,,,,,,,,,,,,,,2.0,,,,,,,,,,,,,,,,,,,,,,,,,,,,,,,,,,,1.0,0.0,2.0,2.0,2.0,2.0,2.0,2.0,,,,,,,,,,,,,,,,,,,,,,,,,,,,,,,,,,,,,,,,,,,,,,,,,,,,,,,2.0,,,,,,2.0,,,161.0,47.0,4.16,1.22,43.39,161.0,153.0,2.0
29764.0,3.0,2.0,1.0,2.0,20.0,250.0,250.0,5.0,4.0,2.0,1.0,1.0,,,2.0,1.0,,5.0,2.0,,13.0,,2.0,1.0,28.0,1.0,3.0,5.0,,1.0,2.0,2.0,1.0,2.0,2.0,,,,,59368.487124,63653.413404,1.0,38.0,1.0,498.0,,,2.0,2.0,2.0,1.0,1.0,4.0,80.0,,1.0,1.0,140.0,116.0,88.0,2.0,114.0,84.0,2.0,,,2.0,,,2.0,114.0,84.0,2.0,,,,,2.0,,,,2.0,,,,,,,,,2.0,,,,2.0,2.0,0.0,2.0,2.0,2.0,2.0,2.0,2.0,2.0,2.0,,,,,,,,,,,,,,,2.0,,,,,,,,,,,,,,,,,,,,,,,,,,,,,,,,,,,1.0,0.0,1.0,2.0,2.0,2.0,1.0,1.0,,2.0,,,,,,,9.0,,,,,,,,,,,,,,,,,,,,,,,,,,,,,2.0,,4.0,,,,,9.0,,,,4.0,,,,,,2.0,,,,,,2.0,,,210.0,40.0,5.43,1.03,39.93,121.0,116.0,3.0
29767.0,3.0,2.0,2.0,1.0,20.0,249.0,250.0,1.0,3.0,2.0,1.0,1.0,,,2.0,1.0,,5.0,4.0,3.0,3.0,0.78,,1.0,53.0,2.0,1.0,1.0,1.0,1.0,2.0,2.0,2.0,2.0,2.0,1.0,2.0,2.0,1.0,40944.317032,41575.329779,1.0,31.0,1.0,569.0,,,2.0,2.0,2.0,2.0,1.0,3.0,64.0,,1.0,1.0,130.0,108.0,36.0,2.0,100.0,44.0,2.0,98.0,44.0,2.0,,,,99.0,44.0,2.0,,,,,2.0,,,,2.0,,,,,,,,,2.0,,,,2.0,2.0,0.0,2.0,2.0,2.0,2.0,2.0,2.0,2.0,2.0,,,,,,,,,,,,,,,2.0,,,,,,,,,,,,,,,,,,,,,,,,,,,,,,,,,,,1.0,2.0,2.0,2.0,2.0,2.0,2.0,2.0,,,,,,,,,,,,,,,,,,,,,,,,,,,,,,,,,,,,,,,,,,,,,,,,,,,,,,,2.0,,,,,,2.0,,,175.0,50.0,4.53,1.29,42.5,172.0,149.0,2.0
29771.0,3.0,2.0,2.0,1.0,43.0,518.0,519.0,3.0,1.0,2.0,1.0,1.0,,,4.0,3.0,,1.0,4.0,11.0,11.0,4.08,,2.0,36.0,1.0,4.0,1.0,4.0,1.0,2.0,2.0,1.0,2.0,2.0,1.0,2.0,2.0,1.0,86828.693931,91083.922567,2.0,30.0,1.0,681.0,,,1.0,2.0,2.0,2.0,1.0,4.0,90.0,,1.0,1.0,130.0,96.0,62.0,2.0,102.0,66.0,2.0,108.0,58.0,2.0,,,,105.0,62.0,2.0,,,,,2.0,,,,2.0,,,,,,,,,2.0,,,,2.0,2.0,0.0,2.0,2.0,2.0,2.0,2.0,2.0,2.0,2.0,,,,,,,,,,,,,,,2.0,,,,,,,,,,,,,,,,,,,,,,,,,,,,,,,,,,,1.0,0.0,2.0,2.0,2.0,2.0,1.0,2.0,,,,,,,,,,,,,,,,,,,,,,,,,,,,,,,,,,,,,,,,,,,7.0,,,,,,,,,,,,2.0,,,,,,2.0,,,179.0,37.0,4.63,0.96,33.55,136.0,129.0,2.0
29772.0,3.0,2.0,2.0,1.0,24.0,288.0,288.0,3.0,1.0,2.0,1.0,1.0,,,3.0,2.0,,5.0,1.0,6.0,6.0,3.34,,1.0,24.0,1.0,3.0,5.0,,1.0,2.0,2.0,1.0,2.0,2.0,1.0,2.0,2.0,1.0,73404.22245,72883.228278,1.0,29.0,1.0,963.0,,,2.0,2.0,2.0,2.0,1.0,4.0,82.0,,1.0,1.0,150.0,126.0,64.0,2.0,130.0,62.0,2.0,124.0,66.0,2.0,,,,127.0,64.0,2.0,,,,,2.0,,,,2.0,,,,,,,,,2.0,,,,2.0,2.0,0.0,2.0,2.0,2.0,2.0,2.0,2.0,2.0,2.0,,,,,,,,,,,,,,,2.0,,,,,,,,,,,,,,,,,,,,,,,,,,,,,,,,,,,1.0,4.0,2.0,2.0,1.0,2.0,1.0,2.0,,,,,,,,,,,,,,,,,,,,,,,5.0,,,,,,,,,,,,,,,2.0,,,,,,,,,,,,,,,,,2.0,,,,,,2.0,,,166.0,30.0,4.29,0.78,39.75,162.0,150.0,2.0
29786.0,3.0,2.0,2.0,1.0,25.0,305.0,306.0,3.0,1.0,2.0,1.0,1.0,,,2.0,1.0,,5.0,3.0,6.0,6.0,2.1,,2.0,52.0,1.0,4.0,3.0,,1.0,2.0,2.0,1.0,2.0,2.0,1.0,2.0,2.0,1.0,67380.312372,69980.141798,1.0,39.0,1.0,551.0,,,2.0,2.0,2.0,2.0,1.0,3.0,70.0,,1.0,1.0,140.0,108.0,64.0,2.0,104.0,62.0,2.0,110.0,68.0,2.0,,,,107.0,65.0,2.0,,,,,2.0,,,,2.0,,,,,,,,,1.0,,,,2.0,2.0,0.0,2.0,2.0,2.0,2.0,2.0,2.0,2.0,2.0,,,,,,,,,,,,,,,2.0,,,,,,,,,,,,,,,,,,,,,,,,,,,,,,,,,,,1.0,2.0,1.0,2.0,2.0,1.0,2.0,2.0,,2.0,,4.0,,,,,,,,,,,,,,,,,,,,,,,,,,,,,,,,9.0,,,,,,,,,,,,,,,,,,,2.0,,,,,,2.0,,,205.0,70.0,5.3,1.81,46.06,156.0,148.0,3.0
29788.0,3.0,2.0,2.0,1.0,33.0,399.0,400.0,3.0,1.0,1.0,1.0,1.0,,,3.0,2.0,,1.0,2.0,8.0,8.0,4.0,,1.0,33.0,1.0,3.0,1.0,3.0,1.0,2.0,2.0,1.0,2.0,2.0,1.0,2.0,2.0,1.0,104407.879699,107845.415544,2.0,32.0,1.0,525.0,,,2.0,2.0,2.0,2.0,1.0,4.0,78.0,1.0,2.0,1.0,130.0,108.0,58.0,2.0,108.0,58.0,2.0,100.0,60.0,2.0,,,,104.0,59.0,1.0,3.0,1.0,2.0,,2.0,,,,2.0,,,,,,,,,2.0,,,,2.0,2.0,0.0,2.0,2.0,2.0,2.0,2.0,2.0,2.0,2.0,,,,,,,,,,,,,,,2.0,,,,,,,,,,,,,,,,,,,,,,,,,,,,,,,,,,,1.0,0.0,9.0,9.0,9.0,9.0,9.0,9.0,,,,,,,,,,,,,,,,,,,,,,,,,,,,,,,,,,,,,,,,,,,,,,,,,,,,,,,9.0,,,,,,9.0,,,131.0,43.0,3.39,1.11,47.26,140.0,129.0,3.0
29802.0,3.0,2.0,2.0,1.0,28.0,338.0,339.0,3.0,1.0,1.0,1.0,1.0,,,4.0,3.0,,1.0,5.0,7.0,7.0,1.82,,2.0,31.0,1.0,3.0,1.0,4.0,1.0,2.0,2.0,1.0,2.0,2.0,1.0,2.0,2.0,1.0,90803.158254,92784.175497,2.0,32.0,1.0,652.0,,,2.0,2.0,2.0,2.0,1.0,4.0,56.0,,1.0,1.0,150.0,114.0,60.0,2.0,,,2.0,,,2.0,,,2.0,114.0,60.0,2.0,,,,,2.0,,,,2.0,,,,,,,,,2.0,,,,2.0,2.0,0.0,2.0,2.0,2.0,2.0,2.0,2.0,2.0,2.0,,,,,,,,,,,,,,,2.0,,,,,,,,,,,,,,,,,,,,,,,,,,,,,,,,,,,1.0,5.0,1.0,1.0,2.0,2.0,2.0,2.0,,,3.0,,,,,,,,,,,5.0,,,,,,,,,,,,,,,,,,,,,,,,,,,,,,,,,,,,,,,,,2.0,,,,,,2.0,,,176.0,60.0,4.55,1.55,52.87,144.0,129.0,3.0
29814.0,3.0,2.0,1.0,1.0,41.0,497.0,498.0,1.0,3.0,2.0,1.0,1.0,,,3.0,2.0,,1.0,4.0,9.0,9.0,3.32,,2.0,45.0,1.0,3.0,1.0,3.0,1.0,2.0,2.0,1.0,2.0,2.0,1.0,2.0,2.0,1.0,22106.869751,23798.108486,1.0,34.0,1.0,888.0,,,2.0,2.0,2.0,2.0,1.0,5.0,52.0,,1.0,1.0,140.0,114.0,76.0,2.0,100.0,80.0,2.0,104.0,78.0,2.0,,,,102.0,79.0,2.0,,,,,2.0,,,,2.0,,,,,,,,,2.0,,,,2.0,2.0,0.0,2.0,2.0,2.0,2.0,2.0,2.0,2.0,2.0,,,,,,,,,,,,,,,2.0,,,,,,,,,,,,,,,,,,,,,,,,,,,,,,,,,,,1.0,3.0,1.0,2.0,2.0,2.0,1.0,2.0,,,,,,,,,9.0,,,,,,,,,,,,,,,,,,,,,,,,,,,,,,,,,,,,9.0,,,,,,,,,,2.0,,,,,,2.0,,,179.0,45.0,4.63,1.16,40.18,124.0,104.0,3.0
29826.0,3.0,2.0,1.0,2.0,30.0,371.0,372.0,1.0,3.0,2.0,1.0,1.0,,,4.0,3.0,,1.0,3.0,9.0,9.0,3.93,1.0,1.0,32.0,3.0,4.0,1.0,4.0,1.0,2.0,2.0,1.0,2.0,2.0,1.0,2.0,2.0,1.0,3936.359867,4070.002211,2.0,43.0,1.0,599.0,,,2.0,2.0,2.0,2.0,1.0,4.0,74.0,,1.0,1.0,130.0,110.0,70.0,2.0,108.0,76.0,2.0,106.0,70.0,2.0,,,,107.0,73.0,2.0,,,,,2.0,,,,2.0,,,,,,,,,2.0,,,,2.0,2.0,0.0,2.0,2.0,2.0,2.0,1.0,2.0,2.0,2.0,,,,,,,,,,,,,,,2.0,,,,,,,,,,,,,,,,,,,,,,,,,,,,,,,,,,,1.0,0.0,1.0,2.0,1.0,2.0,1.0,2.0,1.0,2.0,,,,,,,,,,,,,,,,,,2.0,,,,,,,9.0,,,,,,,,,,,,,,5.0,6.0,,,,,,,,,,,,,2.0,,,,,,2.0,,,163.0,57.0,4.22,1.47,28.01,148.0,130.0,1.0
29827.0,3.0,2.0,2.0,1.0,33.0,398.0,398.0,3.0,1.0,2.0,3.0,2.0,2.0,,2.0,1.0,,1.0,5.0,6.0,6.0,1.18,,1.0,33.0,3.0,2.0,1.0,2.0,1.0,2.0,2.0,1.0,2.0,2.0,1.0,2.0,2.0,1.0,37748.056853,38720.813568,1.0,41.0,1.0,556.0,,,2.0,2.0,2.0,2.0,1.0,4.0,76.0,,1.0,1.0,130.0,106.0,44.0,2.0,,,2.0,,,2.0,,,2.0,106.0,44.0,2.0,,,,,2.0,,,,2.0,,,,,,,,,2.0,,,,2.0,2.0,0.0,2.0,2.0,2.0,2.0,2.0,2.0,2.0,2.0,,,,,,,,,,,,,,,2.0,,,,,,,,,,,,,,,,,,,,,,,,,,,,,,,,,,,1.0,0.0,2.0,2.0,2.0,2.0,2.0,2.0,,,,,,,,,,,,,,,,,,,,,,,,,,,,,,,,,,,,,,,,,,,,,,,,,,,,,,,2.0,,,,,,2.0,,,292.0,37.0,7.55,0.96,44.2,136.0,123.0,3.0
29841.0,3.0,2.0,1.0,1.0,48.0,579.0,581.0,3.0,1.0,1.0,1.0,1.0,,,5.0,3.0,,1.0,3.0,11.0,11.0,5.0,,1.0,48.0,1.0,5.0,1.0,4.0,1.0,2.0,2.0,1.0,2.0,2.0,1.0,2.0,2.0,1.0,92888.97928,97441.205355,2.0,35.0,1.0,775.0,,,1.0,2.0,2.0,2.0,1.0,4.0,62.0,,1.0,1.0,150.0,112.0,74.0,2.0,110.0,80.0,2.0,,,2.0,106.0,80.0,2.0,108.0,80.0,2.0,,,,,2.0,,,,2.0,,,,,,,,,2.0,,,,2.0,2.0,0.0,2.0,2.0,2.0,2.0,2.0,2.0,2.0,2.0,,,,,,,,,,,,,,,2.0,,,,,,,,,,,,,,,,,,,,,,,,,,,,,,,,,,,1.0,0.0,1.0,2.0,2.0,2.0,2.0,2.0,1.0,,,,,,,,,,,,,,,,,,,,,,,,,,,,,,,,,,,,,,,,,,,,,,,,,,,,,,2.0,,,,,,2.0,,,169.0,54.0,4.37,1.4,57.5,124.0,121.0,3.0
29844.0,3.0,2.0,2.0,1.0,28.0,344.0,344.0,3.0,1.0,2.0,1.0,1.0,,,2.0,1.0,,1.0,5.0,4.0,4.0,0.68,,2.0,26.0,1.0,2.0,1.0,2.0,1.0,2.0,2.0,1.0,2.0,2.0,1.0,2.0,2.0,1.0,48016.251375,51148.965038,2.0,34.0,1.0,487.0,,,2.0,2.0,2.0,2.0,1.0,3.0,80.0,,1.0,1.0,130.0,96.0,72.0,2.0,,,2.0,,,2.0,,,2.0,96.0,72.0,1.0,3.0,2.0,,,2.0,,,,2.0,,,,,,,,,2.0,,,,2.0,2.0,0.0,2.0,2.0,2.0,2.0,2.0,2.0,2.0,2.0,,,,,,,,,,,,,,,2.0,,,,,,,,,,,,,,,,,,,,,,,,,,,,,,,,,,,1.0,0.0,2.0,2.0,2.0,2.0,2.0,2.0,,,,,,,,,,,,,,,,,,,,,,,,,,,,,,,,,,,,,,,,,,,,,,,,,,,,,,,2.0,,,,,,2.0,,,137.0,61.0,3.54,1.58,40.2,182.0,179.0,2.0
29846.0,3.0,2.0,2.0,1.0,41.0,492.0,492.0,4.0,2.0,2.0,1.0,1.0,,,3.0,2.0,,1.0,4.0,11.0,11.0,5.0,,1.0,41.0,1.0,3.0,1.0,4.0,1.0,2.0,2.0,1.0,2.0,2.0,1.0,2.0,2.0,1.0,23269.9449,24350.566058,1.0,30.0,1.0,558.0,,,2.0,2.0,2.0,2.0,1.0,4.0,66.0,,1.0,1.0,150.0,122.0,80.0,2.0,116.0,84.0,2.0,114.0,84.0,2.0,,,,115.0,84.0,2.0,,,,,2.0,,,,2.0,,,,,,,,,1.0,,,,2.0,2.0,0.0,2.0,2.0,2.0,2.0,2.0,2.0,2.0,2.0,,,,,,,,,,,,,,,2.0,,,,,,,,,,,,,,,,,,,,,,,,,,,,,,,,,,,1.0,0.0,2.0,2.0,2.0,2.0,2.0,2.0,,,,,,,,,,,,,,,,,,,,,,,,,,,,,,,,,,,,,,,,,,,,,,,,,,,,,,,2.0,,,,,,2.0,,,177.0,37.0,4.58,0.96,38.92,135.0,123.0,2.0
29847.0,3.0,2.0,2.0,2.0,31.0,377.0,377.0,4.0,2.0,2.0,1.0,1.0,,,5.0,3.0,,6.0,2.0,11.0,11.0,5.0,2.0,2.0,31.0,1.0,5.0,6.0,,1.0,2.0,2.0,1.0,2.0,2.0,1.0,2.0,2.0,1.0,32630.716906,33331.984717,1.0,30.0,1.0,503.0,,,1.0,2.0,2.0,2.0,1.0,3.0,66.0,,1.0,1.0,150.0,114.0,74.0,2.0,122.0,78.0,2.0,108.0,76.0,2.0,,,,115.0,77.0,2.0,,,,,2.0,,,,2.0,,,,,,,,,2.0,,,,2.0,2.0,0.0,2.0,2.0,2.0,2.0,2.0,2.0,2.0,2.0,,,,,,,,,,,,,,,2.0,,,,,,,,,,,,,,,,,,,,,,,,,,,,,,,,,,,1.0,0.0,2.0,2.0,2.0,2.0,1.0,2.0,,,,,,,,,,,,,,,,,,,,,,,,,,,,,,,,,,,,,1.0,,,,,,,,,,,,,,,,,,2.0,,,,,,2.0,,,182.0,88.0,4.71,2.28,43.1,150.0,128.0,3.0
29848.0,3.0,2.0,2.0,2.0,28.0,341.0,342.0,1.0,3.0,2.0,2.0,2.0,1.0,,3.0,2.0,,5.0,7.0,7.0,1.0,0.0,2.0,2.0,28.0,2.0,3.0,5.0,,2.0,2.0,2.0,1.0,2.0,2.0,1.0,2.0,2.0,2.0,29931.401127,30129.162484,2.0,37.0,1.0,559.0,,,2.0,2.0,2.0,2.0,1.0,4.0,68.0,,1.0,1.0,130.0,100.0,66.0,2.0,,,2.0,,,2.0,106.0,58.0,2.0,106.0,58.0,2.0,,,,,2.0,,,,2.0,,,,,,,,,2.0,,,,2.0,2.0,0.0,2.0,2.0,2.0,2.0,2.0,2.0,2.0,2.0,,,,,,,,,,,,,,,2.0,,,,,,,,,,,,,,,,,,,,,,,,,,,,,,,,,,,1.0,0.0,1.0,2.0,2.0,2.0,2.0,2.0,,,3.0,,,,,,,,,,,,,,,,,,,,,,,,,,,,,,,,,,,,,,,,,,,,,,,,,,,,2.0,,,,,,2.0,,,156.0,63.0,4.03,1.63,37.89,145.0,143.0,3.0
29859.0,3.0,2.0,1.0,2.0,29.0,348.0,348.0,2.0,5.0,2.0,1.0,1.0,,,3.0,2.0,,5.0,5.0,11.0,3.0,1.07,2.0,2.0,53.0,3.0,3.0,1.0,,1.0,2.0,2.0,1.0,2.0,2.0,1.0,2.0,2.0,1.0,30730.404004,32029.85047,1.0,37.0,1.0,619.0,,,2.0,2.0,2.0,2.0,1.0,4.0,70.0,,1.0,1.0,140.0,108.0,52.0,2.0,102.0,50.0,2.0,106.0,50.0,2.0,,,,104.0,50.0,2.0,,,,,2.0,,,,2.0,,,,,,,,,1.0,,,,2.0,2.0,0.0,2.0,2.0,2.0,2.0,2.0,2.0,2.0,2.0,,,,,,,,,,,,,,,2.0,,,,,,,,,,,,,,,,,,,,,,,,,,,,,,,,,,,1.0,0.0,2.0,2.0,2.0,2.0,2.0,2.0,,,,,,,,,,,,,,,,,,,,,,,,,,,,,,,,,,,,,,,,,,,,,,,,,,,,,,,2.0,,,,,,2.0,,,,,,,37.05,145.0,137.0,3.0
29865.0,3.0,2.0,2.0,1.0,46.0,557.0,558.0,5.0,4.0,2.0,3.0,1.0,4.0,,1.0,1.0,,,1.0,4.0,4.0,1.67,,1.0,46.0,3.0,1.0,99.0,,1.0,2.0,1.0,1.0,2.0,1.0,1.0,1.0,1.0,,156319.657778,159302.775182,1.0,42.0,1.0,510.0,,,2.0,2.0,2.0,2.0,1.0,3.0,58.0,,1.0,1.0,150.0,110.0,80.0,2.0,108.0,76.0,2.0,112.0,76.0,2.0,,,,110.0,76.0,2.0,,,,,2.0,,,,2.0,,,,,,,,,1.0,,,,2.0,2.0,0.0,2.0,2.0,2.0,2.0,2.0,2.0,2.0,2.0,,,,,,,,,,,,,,,2.0,,,,,,,,,,,,,,,,,,,,,,,,,,,,,,,,,,,2.0,,2.0,2.0,2.0,2.0,2.0,2.0,,,,,,,,,,,,,,,,,,,,,,,,,,,,,,,,,,,,,,,,,,,,,,,,,,,,,,,2.0,,,,,,2.0,,,192.0,42.0,4.97,1.09,34.35,144.0,142.0,2.0
29867.0,3.0,2.0,1.0,2.0,24.0,296.0,297.0,3.0,1.0,2.0,1.0,1.0,,,5.0,3.0,,5.0,1.0,6.0,6.0,3.34,2.0,2.0,24.0,1.0,5.0,5.0,,1.0,2.0,2.0,1.0,2.0,2.0,1.0,2.0,2.0,1.0,72300.337808,77518.621658,1.0,38.0,1.0,500.0,,,2.0,2.0,2.0,2.0,1.0,3.0,82.0,,1.0,1.0,130.0,98.0,72.0,2.0,,,2.0,98.0,64.0,2.0,,,2.0,98.0,64.0,2.0,,,,,2.0,,,,2.0,,,,,,,,,2.0,,,,2.0,2.0,0.0,2.0,2.0,2.0,2.0,2.0,2.0,2.0,2.0,,,,,,,,,,,,,,,2.0,,,,,,,,,,,,,,,,,,,,,,,,,,,,,,,,,,,1.0,2.0,2.0,1.0,2.0,2.0,1.0,2.0,,,,,,,,,,,,,,5.0,,,,9.0,,,,,,,,,,,,,,,,,,,1.0,,,,,,,,,,,,,,,,,,2.0,,,,,,2.0,,,,,,,30.25,157.0,131.0,1.0
29877.0,3.0,2.0,1.0,1.0,27.0,330.0,331.0,1.0,3.0,2.0,2.0,2.0,6.0,,2.0,1.0,,1.0,6.0,4.0,4.0,0.68,,1.0,27.0,2.0,2.0,1.0,2.0,1.0,2.0,2.0,1.0,2.0,2.0,1.0,2.0,2.0,1.0,37055.197408,37626.273044,1.0,34.0,1.0,627.0,,,1.0,2.0,2.0,2.0,1.0,5.0,82.0,,1.0,1.0,120.0,110.0,48.0,2.0,106.0,54.0,2.0,106.0,48.0,2.0,,,,106.0,51.0,2.0,,,,,2.0,,,,2.0,,,,,,,,,2.0,,,,2.0,2.0,0.0,2.0,2.0,2.0,2.0,2.0,2.0,2.0,2.0,,,,,,,,,,,,,,,2.0,,,,,,,,,,,,,,,,,,,,,,,,,,,,,,,,,,,1.0,0.0,2.0,2.0,2.0,2.0,2.0,2.0,,,,,,,,,,,,,,,,,,,,,,,,,,,,,,,,,,,,,,,,,,,,,,,,,,,,,,,2.0,,,,,,2.0,,,169.0,47.0,4.37,1.22,36.54,159.0,141.0,1.0
29883.0,3.0,2.0,2.0,2.0,22.0,267.0,268.0,4.0,2.0,2.0,1.0,1.0,,,4.0,3.0,,6.0,2.0,8.0,4.0,1.72,2.0,1.0,26.0,1.0,3.0,6.0,,1.0,2.0,2.0,1.0,2.0,2.0,,,,,31640.596928,32561.767755,2.0,37.0,1.0,567.0,,,2.0,2.0,2.0,2.0,1.0,4.0,70.0,,1.0,1.0,130.0,114.0,72.0,2.0,108.0,74.0,2.0,114.0,76.0,2.0,,,,111.0,75.0,1.0,9.0,1.0,2.0,,2.0,,,,2.0,,,,,,,,,2.0,,,,2.0,2.0,0.0,2.0,2.0,2.0,2.0,2.0,2.0,2.0,2.0,,,,,,,,,,,,,,,2.0,,,,,,,,,,,,,,,,,,,,,,,,,,,,,,,,,,,1.0,0.0,1.0,2.0,1.0,2.0,2.0,1.0,,,3.0,,,,,,9.0,,,,,,,,,,,2.0,,,,,,,,,,,,,,,,,,,,,,,,,,,2.0,,,,,,,,1.0,,2.0,,,,2.0,,,220.0,62.0,5.69,1.6,27.97,178.0,166.0,1.0
29884.0,3.0,2.0,2.0,1.0,39.0,477.0,477.0,3.0,1.0,2.0,1.0,1.0,,,4.0,3.0,,5.0,3.0,7.0,7.0,2.49,,1.0,39.0,1.0,4.0,5.0,,1.0,2.0,2.0,1.0,2.0,2.0,1.0,2.0,2.0,1.0,84402.121847,89719.775286,1.0,29.0,1.0,893.0,,,1.0,2.0,2.0,2.0,1.0,4.0,78.0,,1.0,1.0,150.0,118.0,78.0,2.0,110.0,70.0,2.0,112.0,74.0,2.0,,,,111.0,72.0,2.0,,,,,2.0,,,,2.0,,,,,,,,,1.0,,,,2.0,2.0,0.0,2.0,2.0,2.0,2.0,1.0,2.0,2.0,2.0,,,,,,,,,,,,,,,2.0,,,,,,,,,,,,,,,,,,,,,,,,,,,,,,,,,,,1.0,1.0,2.0,2.0,2.0,2.0,2.0,1.0,,,,,,,,,,,,,,,,,,,,,,,,,,,,,,,,,,,,,,,,,,,,,,,2.0,,,,,,,,2.0,,,,,,2.0,,,247.0,38.0,6.39,0.98,43.47,129.0,116.0,3.0
29885.0,3.0,2.0,2.0,1.0,48.0,576.0,577.0,3.0,1.0,2.0,3.0,2.0,5.0,,5.0,3.0,,1.0,2.0,8.0,8.0,4.24,,2.0,52.0,1.0,5.0,1.0,5.0,1.0,2.0,2.0,1.0,2.0,2.0,1.0,2.0,2.0,1.0,87545.461567,94064.401869,2.0,41.0,1.0,621.0,,,1.0,2.0,2.0,2.0,1.0,4.0,76.0,,1.0,1.0,140.0,118.0,64.0,2.0,116.0,62.0,2.0,116.0,66.0,2.0,,,,116.0,64.0,2.0,,,,,2.0,,,,2.0,,,,,,,,,2.0,,,,2.0,2.0,0.0,2.0,2.0,2.0,2.0,2.0,2.0,2.0,2.0,,,,,,,,,,,,,,,2.0,,,,,,,,,,,,,,,,,,,,,,,,,,,,,,,,,,,1.0,0.0,2.0,2.0,2.0,2.0,2.0,2.0,,,,,,,,,,,,,,,,,,,,,,,,,,,,,,,,,,,,,,,,,,,,,,,,,,,,,,,2.0,,,,,,2.0,,,293.0,43.0,7.58,1.11,29.8,149.0,134.0,1.0
29889.0,3.0,2.0,2.0,1.0,23.0,276.0,277.0,4.0,2.0,2.0,1.0,1.0,,,2.0,1.0,,5.0,4.0,8.0,8.0,2.39,,1.0,60.0,1.0,5.0,1.0,5.0,1.0,2.0,2.0,1.0,2.0,2.0,1.0,2.0,2.0,1.0,26969.397877,29582.911703,2.0,37.0,1.0,688.0,,,1.0,2.0,2.0,2.0,1.0,4.0,68.0,,1.0,1.0,140.0,112.0,68.0,2.0,112.0,60.0,2.0,,,2.0,112.0,60.0,2.0,112.0,60.0,1.0,8.0,2.0,,,2.0,,,,2.0,,,,,,,,,2.0,,,,2.0,2.0,0.0,2.0,2.0,2.0,2.0,2.0,2.0,2.0,2.0,,,,,,,,,,,,,,,2.0,,,,,,,,,,,,,,,,,,,,,,,,,,,,,,,,,,,1.0,4.0,2.0,2.0,2.0,2.0,2.0,2.0,,,,,,,,,,,,,,,,,,,,,,,,,,,,,,,,,,,,,,,,,,,,,,,,,,,,,,,1.0,,2.0,,,,2.0,,,173.0,50.0,4.47,1.29,56.6,129.0,115.0,3.0
29892.0,3.0,2.0,2.0,1.0,20.0,251.0,252.0,3.0,1.0,2.0,1.0,1.0,,,4.0,3.0,,5.0,3.0,9.0,9.0,3.93,,2.0,46.0,3.0,1.0,3.0,,1.0,2.0,2.0,1.0,2.0,2.0,1.0,2.0,2.0,1.0,77992.502946,82832.258191,1.0,32.0,1.0,672.0,,,2.0,2.0,2.0,1.0,1.0,4.0,86.0,,1.0,1.0,140.0,114.0,42.0,2.0,,,2.0,112.0,42.0,2.0,118.0,42.0,2.0,115.0,42.0,2.0,,,,,2.0,,,,2.0,,,,,,,,,2.0,,,,2.0,2.0,0.0,2.0,2.0,2.0,2.0,1.0,2.0,2.0,1.0,,,2.0,,,,,,,,,,15.0,,2.0,,,,,,,,,,,,,,,,,,,,,,,,,,,,,,,,,,,1.0,1.0,2.0,2.0,2.0,2.0,2.0,2.0,,,,,,,,,,,,,,,,,,,,,,,,,,,,,,,,,,,,,,,,,,,,,,,,,,,,,,,1.0,,,,,5.0,2.0,,,203.0,46.0,5.25,1.19,47.04,144.0,132.0,3.0
29895.0,3.0,2.0,2.0,1.0,24.0,296.0,297.0,2.0,5.0,2.0,3.0,2.0,3.0,,1.0,1.0,,5.0,6.0,7.0,3.0,1.34,,2.0,35.0,3.0,2.0,1.0,1.0,2.0,2.0,2.0,1.0,2.0,2.0,2.0,2.0,2.0,2.0,41385.256025,43953.381196,1.0,36.0,1.0,705.0,,,2.0,2.0,2.0,2.0,1.0,4.0,50.0,,1.0,1.0,150.0,124.0,72.0,2.0,116.0,76.0,2.0,116.0,68.0,2.0,,,,116.0,72.0,2.0,,,,,2.0,,,,1.0,3.0,,,,,,,,2.0,,,,2.0,2.0,0.0,2.0,2.0,2.0,2.0,2.0,2.0,2.0,2.0,,,,,,,,,,,,,,,2.0,,,,,,,,,,,,,,,,,,,,,,,,,,,,,,,,,,,1.0,1.0,2.0,2.0,2.0,2.0,2.0,2.0,,,,,,,,,,,,,,,,,,,,,,,,,,,,,,,,,,,,,,,,,,,,,,,,,,,,,,,2.0,,,,,,2.0,,,225.0,56.0,5.82,1.45,46.98,149.0,125.0,3.0
29897.0,3.0,2.0,1.0,1.0,36.0,437.0,439.0,2.0,5.0,2.0,3.0,1.0,5.0,,3.0,2.0,,5.0,7.0,6.0,6.0,1.13,,1.0,38.0,,,1.0,4.0,2.0,2.0,2.0,2.0,2.0,2.0,1.0,2.0,2.0,1.0,32495.235985,35109.395093,2.0,43.0,1.0,674.0,,,2.0,2.0,2.0,2.0,1.0,4.0,64.0,,1.0,1.0,150.0,112.0,68.0,2.0,110.0,66.0,2.0,,,2.0,104.0,70.0,2.0,107.0,68.0,2.0,,,,,2.0,,,,2.0,,,,,,,,,2.0,,,,2.0,2.0,0.0,2.0,2.0,2.0,2.0,2.0,2.0,2.0,2.0,,,,,,,,,,,,,,,2.0,,,,,,,,,,,,,,,,,,,,,,,,,,,,,,,,,,,1.0,1.0,1.0,2.0,1.0,2.0,2.0,2.0,,2.0,,,,,,,,,,,,,,,,,,,,,,,7.0,,,,,,,,,,,,,,,,,,,,,,,,,,,,,,2.0,,,,,,2.0,,,208.0,44.0,5.38,1.14,42.62,148.0,135.0,3.0
29900.0,3.0,2.0,2.0,2.0,24.0,296.0,297.0,3.0,1.0,1.0,1.0,1.0,,,5.0,3.0,,5.0,6.0,11.0,5.0,2.15,2.0,1.0,22.0,1.0,5.0,5.0,,1.0,2.0,2.0,1.0,2.0,2.0,1.0,2.0,2.0,1.0,59465.53132,62246.912464,2.0,29.0,1.0,550.0,,,1.0,2.0,2.0,2.0,1.0,3.0,74.0,,1.0,1.0,130.0,110.0,60.0,2.0,,,2.0,110.0,60.0,2.0,112.0,70.0,2.0,111.0,65.0,1.0,15.0,2.0,,,2.0,,,,2.0,,,,,,,,,2.0,,,,2.0,2.0,0.0,2.0,2.0,2.0,2.0,2.0,2.0,2.0,1.0,,,2.0,,,,,,,,,,21.0,,2.0,,,,,,,,,,,,,,,,,,,,,,,,,,,,,,,,,,,1.0,3.0,2.0,1.0,2.0,2.0,1.0,2.0,,,,,,,,,,,,3.0,,5.0,,,,,,,,,,,,,,,,,,,,,,,,,,,,6.0,,,,,,,,,,,,,2.0,,,,,,2.0,,,144.0,66.0,3.72,1.71,36.87,145.0,131.0,3.0
29902.0,3.0,2.0,1.0,2.0,47.0,572.0,574.0,4.0,2.0,2.0,1.0,1.0,,,3.0,2.0,,1.0,3.0,8.0,8.0,3.13,2.0,2.0,47.0,1.0,3.0,1.0,4.0,1.0,2.0,2.0,1.0,2.0,2.0,1.0,2.0,2.0,1.0,28227.730619,29470.004306,2.0,39.0,1.0,542.0,,,2.0,2.0,2.0,2.0,1.0,4.0,80.0,,1.0,1.0,150.0,118.0,74.0,2.0,120.0,74.0,2.0,118.0,74.0,2.0,,,,119.0,74.0,2.0,,,,,2.0,,,,2.0,,,,,,,,,2.0,,,,2.0,2.0,0.0,2.0,2.0,2.0,2.0,2.0,2.0,2.0,2.0,,,,,,,,,,,,,,,2.0,,,,,,,,,,,,,,,,,,,,,,,,,,,,,,,,,,,1.0,3.0,2.0,1.0,2.0,2.0,1.0,2.0,,,,,,,,,,,,3.0,,,,,,,,,,,,,,,,,,,,,,,,,1.0,,,,,,,,,,,,,,,,,,2.0,,,,,,2.0,,,221.0,49.0,5.72,1.27,21.48,151.0,,1.0
29908.0,3.0,2.0,2.0,1.0,27.0,326.0,327.0,4.0,2.0,1.0,1.0,1.0,,,3.0,2.0,,5.0,2.0,5.0,5.0,1.92,,2.0,53.0,1.0,3.0,4.0,,1.0,2.0,2.0,1.0,2.0,2.0,1.0,2.0,2.0,1.0,27835.240364,29026.028195,2.0,31.0,1.0,592.0,,,2.0,2.0,2.0,2.0,1.0,4.0,60.0,,1.0,1.0,140.0,116.0,78.0,2.0,108.0,76.0,2.0,104.0,80.0,2.0,,,,106.0,78.0,2.0,,,,,2.0,,,,2.0,,,,,,,,,2.0,,,,2.0,2.0,0.0,2.0,2.0,2.0,2.0,2.0,2.0,2.0,2.0,,,,,,,,,,,,,,,2.0,,,,,,,,,,,,,,,,,,,,,,,,,,,,,,,,,,,1.0,0.0,2.0,2.0,1.0,1.0,1.0,2.0,,,,,,,,,,,,,,,,,,,,,,,,,,,9.0,,,,,,,,,9.0,,,,4.0,,,,,,,,,,,,,,,2.0,,,,,,2.0,,,169.0,89.0,4.37,2.3,31.8,178.0,168.0,1.0
29915.0,3.0,2.0,2.0,2.0,45.0,546.0,548.0,3.0,1.0,2.0,1.0,1.0,,,2.0,1.0,,1.0,3.0,11.0,11.0,5.0,2.0,1.0,47.0,1.0,4.0,1.0,2.0,1.0,2.0,2.0,1.0,2.0,2.0,1.0,2.0,2.0,1.0,115113.375947,120726.527494,1.0,32.0,1.0,622.0,,,2.0,2.0,2.0,2.0,1.0,5.0,72.0,,1.0,1.0,150.0,118.0,80.0,2.0,122.0,76.0,2.0,118.0,78.0,2.0,,,,120.0,77.0,2.0,,,,,2.0,,,,2.0,,,,,,,,,1.0,,,,1.0,2.0,0.0,2.0,2.0,2.0,2.0,1.0,2.0,2.0,2.0,,,,43.0,,,,,,,,,,2.0,2.0,,,,,,,,,,,,,,,,,,,,,,,,,,,,,,,,,,,1.0,3.0,1.0,2.0,2.0,2.0,2.0,2.0,,2.0,,4.0,5.0,,,,,,,,,,,,,,,,,,,,,,,,,,,,,,,,,,,,,,,,,,,,,,,,,,2.0,,,,,,2.0,,,172.0,52.0,4.45,1.34,27.95,114.0,104.0,2.0
29928.0,3.0,2.0,2.0,1.0,37.0,447.0,448.0,3.0,1.0,2.0,1.0,1.0,,,2.0,1.0,,1.0,4.0,6.0,6.0,1.33,,2.0,35.0,1.0,3.0,1.0,2.0,1.0,2.0,2.0,1.0,2.0,2.0,1.0,2.0,2.0,1.0,41569.882324,44914.073654,2.0,33.0,1.0,671.0,,,2.0,2.0,2.0,2.0,1.0,3.0,68.0,,1.0,1.0,130.0,108.0,68.0,2.0,110.0,72.0,2.0,104.0,74.0,2.0,,,,107.0,73.0,2.0,,,,,2.0,,,,2.0,,,,,,,,,2.0,,,,2.0,2.0,0.0,2.0,2.0,2.0,2.0,2.0,2.0,2.0,2.0,,,,,,,,,,,,,,,1.0,25.0,,,,,,,,,,,,,,,,,,,16.0,,,,,,,,,,,,,,,1.0,0.0,2.0,2.0,1.0,2.0,2.0,1.0,,,,,,,,,,,,,,,,,,,,2.0,,,,,,,,,,,,,,,,,,,,,,,,,,,2.0,,,,,,,,2.0,,,,,,2.0,,,170.0,53.0,4.4,1.37,44.78,145.0,131.0,3.0
29956.0,3.0,2.0,2.0,1.0,27.0,324.0,324.0,3.0,1.0,2.0,1.0,1.0,,,5.0,3.0,,5.0,1.0,5.0,5.0,2.15,,1.0,27.0,1.0,5.0,5.0,,1.0,2.0,2.0,1.0,2.0,2.0,1.0,2.0,2.0,1.0,75700.271552,80529.024834,2.0,37.0,1.0,729.0,,,2.0,2.0,2.0,2.0,1.0,5.0,82.0,,1.0,1.0,140.0,100.0,74.0,2.0,116.0,74.0,2.0,,,2.0,120.0,76.0,2.0,118.0,75.0,2.0,,,,,2.0,,,,2.0,,,,,,,,,2.0,,,,2.0,2.0,0.0,2.0,2.0,2.0,2.0,1.0,2.0,2.0,2.0,,,,,,,,,,,,,,,2.0,,,,,,,,,,,,,,,,,,,,,,,,,,,,,,,,,,,1.0,1.0,1.0,1.0,2.0,1.0,2.0,2.0,,2.0,,,,,,,,,,,,5.0,,,,,,,,,,,,,,,,3.0,,,,,,,,,,,,,,,,,,,,,,,,,2.0,,,,,,2.0,,,237.0,66.0,6.13,1.71,37.22,170.0,157.0,2.0
29962.0,3.0,2.0,2.0,2.0,31.0,381.0,383.0,4.0,2.0,2.0,1.0,1.0,,,2.0,1.0,,5.0,3.0,11.0,11.0,5.0,2.0,2.0,63.0,1.0,3.0,1.0,2.0,1.0,2.0,2.0,1.0,2.0,2.0,1.0,2.0,2.0,1.0,31439.159009,32525.861921,1.0,41.0,1.0,807.0,,,2.0,2.0,2.0,2.0,1.0,5.0,74.0,,1.0,1.0,150.0,118.0,80.0,2.0,110.0,84.0,2.0,112.0,80.0,2.0,,,,111.0,82.0,2.0,,,,,2.0,,,,2.0,,,,,,,,,1.0,,,,2.0,2.0,0.0,2.0,2.0,2.0,2.0,1.0,2.0,2.0,1.0,,,1.0,,,,,,,,,,2.0,,2.0,,,,,,,,,,,,,,,,,,,,,,,,,,,,,,,,,,,1.0,0.0,2.0,2.0,2.0,1.0,1.0,2.0,,,,,,,,,,,,,,,,,,,,,,,,,,,,1.0,,,,,,,,,1.0,,,,,,,,,,,,,,,,,,2.0,,,,,,2.0,,,153.0,43.0,3.96,1.11,58.93,121.0,116.0,3.0
29972.0,3.0,2.0,1.0,2.0,21.0,259.0,260.0,1.0,3.0,2.0,1.0,1.0,,,3.0,2.0,,6.0,4.0,6.0,,,2.0,1.0,23.0,1.0,3.0,5.0,,1.0,2.0,2.0,1.0,2.0,2.0,1.0,2.0,2.0,1.0,34838.022038,37192.176943,1.0,34.0,1.0,683.0,,,2.0,2.0,2.0,2.0,1.0,5.0,80.0,,1.0,1.0,150.0,114.0,56.0,2.0,114.0,56.0,2.0,108.0,58.0,2.0,,,,111.0,57.0,1.0,10.0,2.0,,,2.0,,,,2.0,,,,,,,,,2.0,,,,2.0,2.0,0.0,2.0,2.0,2.0,2.0,2.0,2.0,2.0,2.0,,,,,,,,,,,,,,,2.0,,,,,,,,,,,,,,,,,,,,,,,,,,,,,,,,,,,2.0,,1.0,2.0,1.0,1.0,1.0,2.0,,,3.0,,5.0,,,,,,,,,,,,,,,,,,,,7.0,,,,,,,5.0,,,,,,2.0,,,,,,,,,,,,,,,,,2.0,,,,,,2.0,,,182.0,42.0,4.71,1.09,35.58,128.0,120.0,2.0
29973.0,3.0,2.0,2.0,1.0,42.0,512.0,513.0,1.0,3.0,2.0,2.0,2.0,4.0,,1.0,1.0,,1.0,7.0,7.0,3.0,0.67,,1.0,38.0,2.0,1.0,1.0,1.0,2.0,2.0,2.0,2.0,2.0,2.0,2.0,2.0,2.0,2.0,16596.494535,17905.490638,2.0,41.0,1.0,366.0,,,2.0,2.0,2.0,2.0,1.0,4.0,50.0,,1.0,1.0,160.0,136.0,58.0,2.0,112.0,48.0,2.0,,,2.0,,,2.0,112.0,48.0,2.0,,,,,2.0,,,,2.0,,,,,,,,,2.0,,,,2.0,2.0,0.0,2.0,2.0,2.0,2.0,2.0,2.0,2.0,2.0,,,,,,,,,,,,,,,2.0,,,,,,,,,,,,,,,,,,,,,,,,,,,,,,,,,,,1.0,0.0,2.0,2.0,2.0,2.0,2.0,2.0,,,,,,,,,,,,,,,,,,,,,,,,,,,,,,,,,,,,,,,,,,,,,,,,,,,,,,,2.0,,,,,,2.0,,,240.0,47.0,6.21,1.22,40.7,147.0,140.0,3.0
29974.0,3.0,2.0,1.0,2.0,24.0,288.0,290.0,1.0,3.0,2.0,1.0,1.0,,,3.0,2.0,,6.0,3.0,9.0,7.0,3.14,2.0,1.0,25.0,1.0,5.0,6.0,,1.0,2.0,2.0,1.0,2.0,2.0,1.0,2.0,2.0,1.0,31953.75952,32164.88291,1.0,40.0,1.0,642.0,,,2.0,2.0,2.0,2.0,1.0,4.0,66.0,,1.0,1.0,120.0,92.0,64.0,2.0,90.0,68.0,2.0,98.0,64.0,2.0,,,,94.0,66.0,2.0,,,,,2.0,,,,2.0,,,,,,,,,2.0,,,,2.0,2.0,0.0,2.0,2.0,2.0,2.0,2.0,2.0,2.0,2.0,,,,,,,,,,,,,,,2.0,,,,,,,,,,,,,,,,,,,,,,,,,,,,,,,,,,,1.0,7.0,1.0,2.0,1.0,2.0,2.0,2.0,,,3.0,,,,,,9.0,,,,,,,,,,,,,,,,,,9.0,,,,,,,,,,,,,,,,,,,,,,,,,,,,2.0,,,,,,2.0,,,294.0,58.0,7.6,1.5,33.65,129.0,117.0,2.0
29982.0,3.0,2.0,1.0,2.0,21.0,255.0,256.0,3.0,1.0,2.0,1.0,1.0,,,4.0,3.0,,5.0,3.0,11.0,11.0,5.0,2.0,1.0,48.0,1.0,5.0,1.0,4.0,1.0,2.0,2.0,1.0,2.0,2.0,1.0,2.0,2.0,1.0,70284.593436,73572.014546,2.0,35.0,1.0,594.0,,,2.0,2.0,2.0,2.0,1.0,4.0,66.0,,1.0,1.0,140.0,102.0,70.0,2.0,,,2.0,102.0,76.0,2.0,100.0,78.0,2.0,101.0,77.0,2.0,,,,,2.0,,,,2.0,,,,,,,,,1.0,,,,2.0,2.0,0.0,2.0,2.0,2.0,2.0,1.0,2.0,2.0,2.0,,,,,,,,,,,,,,,2.0,,,,,,,,,,,,,,,,,,,,,,,,,,,,,,,,,,,1.0,1.0,1.0,2.0,1.0,2.0,2.0,2.0,,,,,5.0,,,,,,,,,,,,,,,,,,,,,,9.0,,,,,,,,,,,,,,,,,,,,,,,,,,,,2.0,,,,,,2.0,,,175.0,62.0,4.53,1.6,37.82,133.0,129.0,3.0
29984.0,3.0,2.0,2.0,1.0,49.0,590.0,591.0,1.0,3.0,1.0,1.0,1.0,,,4.0,3.0,,6.0,2.0,5.0,4.0,2.06,,2.0,51.0,1.0,2.0,,,1.0,2.0,2.0,1.0,2.0,2.0,1.0,2.0,2.0,1.0,23592.173148,25397.04184,1.0,31.0,1.0,604.0,,,2.0,2.0,2.0,2.0,1.0,4.0,68.0,,1.0,1.0,160.0,110.0,72.0,2.0,110.0,78.0,2.0,108.0,74.0,2.0,,,,109.0,76.0,2.0,,,,,2.0,,,,2.0,,,,,,,,,2.0,,,,2.0,2.0,0.0,2.0,2.0,2.0,2.0,2.0,2.0,1.0,2.0,,1.0,,,,,,,,,,40.0,,,2.0,,,,,,,,,,,,,,,,,,,,,,,,,,,,,,,,,,,1.0,0.0,2.0,1.0,2.0,2.0,1.0,2.0,,,,,,,,,,,,3.0,,,,,,,,,,,,,,,,,,,,,,,,,1.0,2.0,,,,,,,,,,,,,,,,,2.0,,,,,,2.0,,,165.0,32.0,4.27,0.83,44.1,124.0,110.0,3.0
29987.0,3.0,2.0,2.0,2.0,27.0,325.0,327.0,3.0,1.0,2.0,1.0,1.0,,,2.0,1.0,,6.0,4.0,3.0,2.0,0.52,2.0,1.0,24.0,1.0,2.0,6.0,,1.0,2.0,2.0,1.0,2.0,2.0,,,,,64941.81089,69515.516027,1.0,32.0,1.0,627.0,,,2.0,2.0,2.0,2.0,1.0,4.0,64.0,,1.0,1.0,140.0,,,2.0,102.0,56.0,2.0,94.0,54.0,2.0,96.0,60.0,2.0,95.0,57.0,2.0,,,,,2.0,,,,2.0,,,,,,,,,2.0,,,,2.0,2.0,0.0,2.0,2.0,2.0,2.0,2.0,2.0,2.0,2.0,,,,,,,,,,,,,,,2.0,,,,,,,,,,,,,,,,,,,,,,,,,,,,,,,,,,,1.0,0.0,1.0,2.0,2.0,2.0,2.0,2.0,,,3.0,4.0,,,,,,,,,,,,,,,,,,,,,,,,,,,,,,,,,,,,,,,,,,,,,,,,,,,2.0,,,,,,2.0,,,266.0,38.0,6.88,0.98,30.61,161.0,147.0,1.0
29991.0,3.0,2.0,2.0,2.0,39.0,472.0,472.0,3.0,1.0,2.0,1.0,1.0,,,4.0,3.0,,1.0,6.0,10.0,10.0,2.63,2.0,1.0,42.0,1.0,4.0,1.0,4.0,1.0,2.0,2.0,1.0,2.0,2.0,1.0,2.0,2.0,1.0,82275.985846,85621.334312,1.0,29.0,1.0,696.0,,,2.0,2.0,2.0,2.0,1.0,4.0,72.0,,1.0,1.0,170.0,140.0,90.0,2.0,138.0,86.0,2.0,138.0,88.0,2.0,,,,138.0,87.0,2.0,,,,,2.0,,,,2.0,,,,,,,,,2.0,,,,2.0,2.0,0.0,2.0,2.0,2.0,2.0,2.0,2.0,2.0,2.0,,,,,,,,,,,,,,,2.0,,,,,,,,,,,,,,,,,,,,,,,,,,,,,,,,,,,2.0,,1.0,2.0,2.0,2.0,1.0,2.0,,,3.0,,,,,,9.0,,,,,,,,,,,,,,,,,,,,,,,,,,,,,2.0,,,,,,,,,,,,,,,,,2.0,,,,,,2.0,,,180.0,63.0,4.65,1.63,31.1,132.0,111.0,2.0
29993.0,3.0,2.0,2.0,1.0,44.0,533.0,534.0,3.0,1.0,2.0,1.0,1.0,,,4.0,3.0,,3.0,3.0,5.0,5.0,1.34,,1.0,44.0,1.0,4.0,3.0,,1.0,2.0,2.0,1.0,2.0,2.0,1.0,2.0,2.0,1.0,32082.786553,33111.716843,2.0,30.0,1.0,797.0,,,2.0,2.0,2.0,2.0,1.0,4.0,74.0,,1.0,1.0,140.0,108.0,50.0,2.0,110.0,62.0,2.0,110.0,56.0,2.0,,,,110.0,59.0,2.0,,,,,2.0,,,,2.0,,,,,,,,,2.0,,,,2.0,2.0,0.0,2.0,2.0,2.0,2.0,2.0,2.0,2.0,2.0,,,,,,,,,,,,,,,2.0,,,,,,,,,,,,,,,,,,,,,,,,,,,,,,,,,,,1.0,0.0,2.0,2.0,2.0,2.0,2.0,2.0,,,,,,,,,,,,,,,,,,,,,,,,,,,,,,,,,,,,,,,,,,,,,,,,,,,,,,,2.0,,,,,,2.0,,,199.0,47.0,5.15,1.22,41.48,138.0,127.0,3.0
30021.0,3.0,2.0,2.0,2.0,41.0,496.0,497.0,3.0,1.0,2.0,1.0,1.0,,,4.0,3.0,,1.0,4.0,11.0,11.0,4.62,2.0,2.0,41.0,1.0,4.0,1.0,4.0,1.0,2.0,2.0,1.0,2.0,2.0,1.0,2.0,2.0,1.0,115113.375947,120726.527494,1.0,32.0,1.0,524.0,,,1.0,2.0,2.0,2.0,1.0,4.0,68.0,,1.0,1.0,150.0,116.0,68.0,2.0,118.0,72.0,2.0,122.0,70.0,2.0,,,,120.0,71.0,2.0,,,,,2.0,,,,2.0,,,,,,,,,2.0,,,,2.0,2.0,0.0,2.0,2.0,2.0,2.0,2.0,2.0,2.0,2.0,,,,,,,,,,,,,,,2.0,,,,,,,,,,,,,,,,,,,,,,,,,,,,,,,,,,,1.0,0.0,2.0,2.0,2.0,2.0,1.0,2.0,,,,,,,,,,,,,,,,,,,,,,,,,,,,,,,,,,,,,,2.0,,,,,,,,,,,,,,,,,2.0,,,,,,2.0,,,177.0,63.0,4.58,1.63,48.72,109.0,103.0,3.0
30022.0,3.0,2.0,2.0,1.0,31.0,372.0,373.0,3.0,1.0,2.0,1.0,1.0,,,5.0,3.0,,1.0,3.0,11.0,11.0,5.0,,2.0,28.0,1.0,5.0,1.0,5.0,1.0,2.0,2.0,1.0,2.0,2.0,1.0,2.0,2.0,1.0,84402.121847,89719.775286,1.0,29.0,1.0,808.0,,,2.0,2.0,2.0,2.0,1.0,4.0,68.0,,1.0,1.0,150.0,114.0,72.0,2.0,114.0,68.0,2.0,122.0,64.0,2.0,,,,118.0,66.0,2.0,,,,,2.0,,,,2.0,,,,,,,,,2.0,,,,2.0,2.0,0.0,2.0,2.0,2.0,2.0,2.0,2.0,2.0,2.0,,,,,,,,,,,,,,,2.0,,,,,,,,,,,,,,,,,,,,,,,,,,,,,,,,,,,1.0,0.0,1.0,2.0,2.0,2.0,2.0,2.0,,,,4.0,,,,,,,,,,,,,,,,,,,,,,,,,,,,,,,,,,,,,,,,,,,,,,,,,,,2.0,,,,,,2.0,,,204.0,71.0,5.28,1.84,55.27,144.0,114.0,3.0
30028.0,3.0,2.0,1.0,1.0,21.0,252.0,254.0,1.0,3.0,2.0,2.0,2.0,2.0,,4.0,3.0,,5.0,4.0,11.0,8.0,3.19,,2.0,30.0,2.0,4.0,1.0,,1.0,2.0,2.0,1.0,2.0,2.0,1.0,2.0,2.0,1.0,26176.488723,26203.735625,2.0,40.0,1.0,680.0,,,2.0,2.0,2.0,2.0,1.0,4.0,58.0,,1.0,1.0,130.0,114.0,52.0,2.0,106.0,50.0,2.0,106.0,56.0,2.0,,,,106.0,53.0,2.0,,,,,2.0,,,,2.0,,,,,,,,,1.0,,,,2.0,2.0,0.0,2.0,2.0,2.0,2.0,2.0,2.0,2.0,2.0,,,,,,,,,,,,,,,2.0,,,,,,,,,,,,,,,,,,,,,,,,,,,,,,,,,,,1.0,2.0,1.0,2.0,2.0,2.0,1.0,2.0,,,3.0,,,,,,,,,,,,,,,,,,,,,,,,,,,,,,,,,,,,3.0,,,,,,,,,,,,,,,,2.0,,,,,,2.0,,,159.0,49.0,4.11,1.27,46.58,158.0,130.0,3.0
30029.0,3.0,2.0,2.0,2.0,24.0,293.0,294.0,3.0,1.0,2.0,1.0,1.0,,,5.0,3.0,,6.0,3.0,11.0,11.0,5.0,2.0,1.0,26.0,1.0,5.0,6.0,,1.0,2.0,2.0,1.0,2.0,2.0,1.0,2.0,2.0,1.0,74434.953907,76658.549143,1.0,29.0,1.0,751.0,,,1.0,2.0,2.0,2.0,1.0,3.0,84.0,,1.0,1.0,130.0,96.0,60.0,2.0,,,2.0,90.0,66.0,2.0,96.0,60.0,2.0,93.0,63.0,2.0,,,,,2.0,,,,2.0,,,,,,,,,2.0,,,,2.0,2.0,0.0,2.0,2.0,2.0,2.0,2.0,2.0,2.0,2.0,,,,,,,,,,,,,,,2.0,,,,,,,,,,,,,,,,,,,,,,,,,,,,,,,,,,,1.0,3.0,1.0,2.0,2.0,2.0,2.0,2.0,,,3.0,,,,,,,,,,,,,,,,,,,,,,,,,,,,,,,,,,,,,,,,,,,,,,,,,,,,2.0,,,,,,2.0,,,155.0,70.0,4.01,1.81,33.12,159.0,137.0,2.0
30030.0,3.0,2.0,2.0,2.0,35.0,430.0,431.0,3.0,1.0,2.0,1.0,1.0,,,3.0,2.0,,1.0,4.0,6.0,6.0,1.33,2.0,2.0,35.0,1.0,3.0,1.0,2.0,1.0,2.0,2.0,1.0,2.0,2.0,1.0,2.0,2.0,1.0,48287.660139,51075.649447,2.0,33.0,1.0,826.0,,,2.0,2.0,2.0,2.0,1.0,4.0,60.0,,1.0,1.0,150.0,114.0,70.0,2.0,122.0,68.0,2.0,124.0,72.0,2.0,,,,123.0,70.0,2.0,,,,,2.0,,,,2.0,,,,,,,,,1.0,,,,2.0,2.0,0.0,2.0,2.0,2.0,2.0,1.0,2.0,2.0,1.0,,,1.0,,,,,,,,,,34.0,,2.0,,,,,,,,,,,,,,,,,,,,,,,,,,,,,,,,,,,2.0,,1.0,2.0,2.0,2.0,1.0,1.0,1.0,,,,,,7.0,,,,,,,,,,,,,,,,,,,,,,,,,,,,,,1.0,,,,,,7.0,8.0,,,2.0,,,,,,8.0,,2.0,,,,,,2.0,,,,,,,30.52,142.0,130.0,2.0
30035.0,3.0,2.0,2.0,2.0,38.0,464.0,464.0,3.0,1.0,2.0,1.0,1.0,,,3.0,2.0,,1.0,3.0,3.0,3.0,0.77,2.0,1.0,60.0,1.0,1.0,1.0,3.0,1.0,2.0,2.0,1.0,2.0,2.0,1.0,2.0,2.0,1.0,54272.077221,56478.78442,2.0,31.0,1.0,810.0,,,2.0,2.0,2.0,2.0,1.0,5.0,70.0,,1.0,1.0,150.0,122.0,78.0,2.0,114.0,72.0,2.0,114.0,70.0,2.0,,,,114.0,71.0,2.0,,,,,2.0,,,,2.0,,,,,,,,,2.0,,,,2.0,2.0,0.0,2.0,2.0,2.0,2.0,1.0,2.0,1.0,2.0,,1.0,,,,,,,,,,35.0,,,2.0,,,,,,,,,,,,,,,,,,,,,,,,,,,,,,,,,,,1.0,2.0,1.0,2.0,2.0,2.0,1.0,2.0,,,,,5.0,6.0,,,,,,,,,,,,,,,,,,,,,,,,,,,,,,,,2.0,,,,,,,,,,,,,,,,,1.0,,2.0,,,,2.0,,,254.0,45.0,6.57,1.16,30.65,127.0,120.0,2.0
30039.0,3.0,2.0,2.0,2.0,34.0,415.0,416.0,4.0,2.0,2.0,1.0,1.0,,,2.0,1.0,,5.0,5.0,7.0,7.0,1.76,2.0,2.0,34.0,1.0,2.0,5.0,,1.0,2.0,2.0,1.0,2.0,2.0,1.0,2.0,2.0,1.0,31439.159009,33693.98838,1.0,41.0,1.0,689.0,,,2.0,2.0,2.0,2.0,1.0,4.0,82.0,,1.0,1.0,130.0,100.0,66.0,2.0,,,2.0,104.0,66.0,2.0,102.0,66.0,2.0,103.0,66.0,2.0,,,,,2.0,,,,2.0,,,,,,,,,2.0,,,,2.0,2.0,0.0,2.0,2.0,2.0,2.0,2.0,2.0,2.0,2.0,,,,,,,,,,,,,,,2.0,,,,,,,,,,,,,,,,,,,,,,,,,,,,,,,,,,,1.0,1.0,2.0,2.0,2.0,2.0,2.0,2.0,,,,,,,,,,,,,,,,,,,,,,,,,,,,,,,,,,,,,,,,,,,,,,,,,,,,,,,2.0,,,,,,2.0,,,148.0,32.0,3.83,0.83,24.84,127.0,119.0,1.0
30041.0,3.0,2.0,2.0,2.0,41.0,495.0,497.0,3.0,1.0,2.0,1.0,1.0,,,5.0,3.0,,1.0,4.0,11.0,11.0,5.0,2.0,2.0,41.0,1.0,5.0,1.0,3.0,1.0,2.0,2.0,1.0,2.0,2.0,1.0,2.0,2.0,1.0,115113.375947,120726.527494,1.0,32.0,1.0,530.0,,,1.0,2.0,2.0,2.0,1.0,3.0,80.0,,1.0,1.0,160.0,124.0,86.0,2.0,136.0,82.0,2.0,128.0,80.0,2.0,,,,132.0,81.0,2.0,,,,,2.0,,,,2.0,,,,,,,,,2.0,,,,2.0,2.0,0.0,2.0,2.0,2.0,2.0,2.0,2.0,2.0,2.0,,,,,,,,,,,,,,,2.0,,,,,,,,,,,,,,,,,,,,,,,,,,,,,,,,,,,1.0,0.0,2.0,2.0,1.0,1.0,2.0,2.0,,,,,,,,,,,,,,,,,,,,,,,,,,8.0,,1.0,,,,,,,,,,,,,,,,,,,,,,,,,,,1.0,1.0,,,,,2.0,,,236.0,66.0,6.1,1.71,32.82,142.0,132.0,3.0
30047.0,3.0,2.0,2.0,1.0,24.0,294.0,294.0,4.0,2.0,1.0,1.0,1.0,,,2.0,1.0,,5.0,2.0,8.0,8.0,4.24,,1.0,22.0,1.0,4.0,5.0,,1.0,2.0,2.0,1.0,2.0,2.0,1.0,2.0,2.0,1.0,23022.518333,24934.413602,2.0,41.0,1.0,755.0,,,2.0,2.0,2.0,2.0,1.0,4.0,68.0,,1.0,1.0,140.0,114.0,62.0,2.0,112.0,70.0,2.0,116.0,66.0,2.0,,,,114.0,68.0,2.0,,,,,2.0,,,,2.0,,,,,,,,,2.0,,,,2.0,2.0,0.0,2.0,2.0,2.0,2.0,2.0,2.0,2.0,2.0,,,,,,,,,,,,,,,2.0,,,,,,,,,,,,,,,,,,,,,,,,,,,,,,,,,,,1.0,0.0,2.0,2.0,1.0,2.0,2.0,2.0,,,,,,,,,,,,,,,,,,,,2.0,,,,,,,,,,,,,,,,,,,,,,,,,,,,,,,,,,,2.0,,,,,,2.0,,,169.0,59.0,4.37,1.53,47.29,173.0,,3.0
30058.0,3.0,2.0,1.0,1.0,22.0,264.0,265.0,1.0,3.0,2.0,1.0,1.0,,,2.0,1.0,,5.0,3.0,6.0,5.0,1.6,,1.0,24.0,1.0,2.0,5.0,,1.0,2.0,2.0,1.0,2.0,2.0,1.0,2.0,2.0,1.0,26176.488723,26102.265534,2.0,40.0,1.0,761.0,,,1.0,2.0,2.0,2.0,1.0,4.0,76.0,,1.0,1.0,130.0,108.0,52.0,2.0,112.0,54.0,2.0,110.0,54.0,2.0,,,,111.0,54.0,2.0,,,,,2.0,,,,2.0,,,,,,,,,2.0,,,,2.0,2.0,0.0,2.0,2.0,2.0,2.0,1.0,2.0,9.0,2.0,,,,,,,,,,,,,,,2.0,,,,,,,,,,,,,,,,,,,,,,,,,,,,,,,,,,,1.0,4.0,1.0,2.0,1.0,2.0,1.0,2.0,,,3.0,,,,,,,,,,,,,,,,,,,,,,,8.0,,,,,,,,,,,,2.0,,,,,,,,,,,,,,,,,9.0,,,,,,2.0,,,157.0,69.0,4.06,1.78,47.28,149.0,126.0,3.0
30063.0,3.0,2.0,2.0,2.0,33.0,403.0,404.0,3.0,1.0,2.0,1.0,1.0,,,4.0,3.0,,3.0,3.0,4.0,4.0,1.21,2.0,2.0,33.0,1.0,4.0,3.0,,1.0,2.0,2.0,1.0,2.0,2.0,1.0,2.0,2.0,1.0,42761.249596,44499.925581,1.0,33.0,1.0,954.0,,,2.0,2.0,2.0,2.0,1.0,3.0,68.0,,1.0,1.0,130.0,106.0,58.0,2.0,98.0,60.0,2.0,104.0,58.0,2.0,,,,101.0,59.0,2.0,,,,,2.0,,,,2.0,,,,,,,,,2.0,,,,2.0,2.0,0.0,2.0,2.0,2.0,2.0,1.0,2.0,2.0,2.0,,,,,,,,,,,,,,,2.0,,,,,,,,,,,,,,,,,,,,,,,,,,,,,,,,,,,1.0,0.0,1.0,2.0,1.0,1.0,2.0,2.0,,,3.0,,,,,,,,,,,,,,,,,,,,,,,,9.0,1.0,,,,,,,,,,,,,,,,,,,,,,,,,,,2.0,,,,,,2.0,,,191.0,74.0,4.94,1.91,36.07,138.0,130.0,3.0
30083.0,3.0,2.0,2.0,1.0,33.0,401.0,402.0,3.0,1.0,2.0,1.0,1.0,,,3.0,2.0,,1.0,2.0,10.0,10.0,5.0,,1.0,33.0,1.0,3.0,1.0,4.0,1.0,2.0,2.0,1.0,2.0,2.0,1.0,2.0,2.0,1.0,79930.623785,88456.562545,2.0,33.0,1.0,687.0,,,1.0,2.0,2.0,2.0,1.0,4.0,74.0,,1.0,1.0,150.0,118.0,80.0,2.0,120.0,86.0,2.0,114.0,88.0,2.0,,,,117.0,87.0,2.0,,,,,2.0,,,,2.0,,,,,,,,,2.0,,,,2.0,2.0,0.0,2.0,2.0,2.0,2.0,2.0,2.0,2.0,2.0,,,,,,,,,,,,,,,2.0,,,,,,,,,,,,,,,,,,,,,,,,,,,,,,,,,,,1.0,0.0,2.0,2.0,2.0,2.0,2.0,2.0,,,,,,,,,,,,,,,,,,,,,,,,,,,,,,,,,,,,,,,,,,,,,,,,,,,,,,,2.0,,,,,,2.0,,,187.0,53.0,4.84,1.37,42.73,167.0,149.0,3.0
30084.0,3.0,2.0,1.0,1.0,47.0,575.0,575.0,4.0,2.0,2.0,3.0,2.0,5.0,,3.0,2.0,,6.0,2.0,8.0,4.0,2.15,,2.0,48.0,1.0,4.0,6.0,,1.0,2.0,2.0,1.0,2.0,2.0,1.0,2.0,2.0,1.0,32056.538109,33121.270754,2.0,36.0,1.0,676.0,,,2.0,2.0,2.0,2.0,1.0,3.0,56.0,,1.0,1.0,160.0,130.0,86.0,2.0,122.0,72.0,2.0,120.0,82.0,2.0,,,,121.0,77.0,2.0,,,,,2.0,,,,2.0,,,,,,,,,2.0,,,,2.0,2.0,0.0,2.0,2.0,2.0,2.0,2.0,2.0,2.0,2.0,,,,,,,,,,,,,,,2.0,,,,,,,,,,,,,,,,,,,,,,,,,,,,,,,,,,,1.0,4.0,2.0,2.0,2.0,2.0,2.0,1.0,,,,,,,,,,,,,,,,,,,,,,,,,,,,,,,,,,,,,,,,,,,,,,1.0,,,,,,,,,2.0,,,,,,2.0,,,198.0,56.0,5.12,1.45,40.72,155.0,141.0,3.0
30092.0,3.0,2.0,1.0,2.0,36.0,441.0,441.0,3.0,1.0,2.0,1.0,1.0,,,5.0,3.0,,1.0,3.0,11.0,11.0,5.0,2.0,2.0,36.0,1.0,5.0,1.0,5.0,1.0,2.0,2.0,1.0,2.0,2.0,1.0,2.0,2.0,1.0,77688.423398,82173.927421,2.0,35.0,1.0,576.0,,,2.0,2.0,2.0,2.0,1.0,4.0,68.0,,1.0,1.0,140.0,118.0,60.0,2.0,110.0,60.0,2.0,,,2.0,112.0,58.0,2.0,111.0,59.0,2.0,,,,,2.0,,,,2.0,,,,,,,,,2.0,,,,2.0,2.0,0.0,2.0,2.0,2.0,2.0,2.0,2.0,2.0,1.0,,,1.0,,,,,,,,,,19.0,,1.0,37.0,,,,,,,,,,,,,,,,,,,,,,,,,,,,,,,19.0,,,1.0,0.0,2.0,2.0,2.0,2.0,2.0,2.0,,,,,,,,,,,,,,,,,,,,,,,,,,,,,,,,,,,,,,,,,,,,,,,,,,,,,,,2.0,,,,,,2.0,,,197.0,102.0,5.09,2.64,26.27,150.0,142.0,1.0
30098.0,3.0,2.0,1.0,1.0,20.0,245.0,246.0,1.0,3.0,2.0,2.0,2.0,2.0,,1.0,1.0,,5.0,4.0,9.0,5.0,2.58,,1.0,20.0,2.0,2.0,5.0,,2.0,2.0,1.0,2.0,2.0,1.0,1.0,2.0,2.0,2.0,31774.612531,31684.515914,2.0,39.0,1.0,657.0,,,2.0,2.0,2.0,2.0,1.0,3.0,70.0,,1.0,1.0,150.0,112.0,40.0,2.0,,,2.0,104.0,46.0,2.0,104.0,48.0,2.0,104.0,47.0,2.0,,,,,2.0,,,,2.0,,,,,,,,,2.0,,,,2.0,2.0,0.0,2.0,2.0,2.0,2.0,2.0,2.0,2.0,2.0,,,,,,,,,,,,,,,2.0,,,,,,,,,,,,,,,,,,,,,,,,,,,,,,,,,,,1.0,30.0,2.0,2.0,2.0,2.0,2.0,2.0,,,,,,,,,,,,,,,,,,,,,,,,,,,,,,,,,,,,,,,,,,,,,,,,,,,,,,,2.0,,,,,,2.0,,,129.0,47.0,3.34,1.22,49.65,150.0,,3.0
30103.0,3.0,2.0,1.0,2.0,31.0,381.0,381.0,3.0,1.0,2.0,3.0,2.0,3.0,,4.0,3.0,,1.0,3.0,11.0,11.0,5.0,2.0,1.0,40.0,3.0,4.0,1.0,4.0,1.0,2.0,2.0,1.0,2.0,2.0,1.0,2.0,2.0,1.0,65826.445613,69627.073475,2.0,40.0,1.0,592.0,,,2.0,2.0,2.0,2.0,1.0,3.0,88.0,,1.0,1.0,120.0,92.0,62.0,2.0,96.0,62.0,2.0,92.0,64.0,2.0,,,,94.0,63.0,2.0,,,,,2.0,,,,2.0,,,,,,,,,1.0,,,,2.0,2.0,0.0,2.0,2.0,2.0,2.0,2.0,2.0,2.0,2.0,,,,,,,,,,,,,,,2.0,,,,,,,,,,,,,,,,,,,,,,,,,,,,,,,,,,,1.0,0.0,1.0,1.0,2.0,2.0,2.0,2.0,,,3.0,4.0,,,,,,,,,,5.0,,,,,,,,,,,,,,,,,,,,,,,,,,,,,,,,,,,,,,,,,2.0,,,,,,2.0,,,162.0,75.0,4.19,1.94,33.64,154.0,148.0,2.0
30112.0,3.0,2.0,1.0,2.0,28.0,337.0,337.0,1.0,3.0,2.0,1.0,1.0,,,4.0,3.0,,5.0,1.0,7.0,7.0,3.97,2.0,2.0,28.0,1.0,4.0,5.0,,1.0,2.0,2.0,1.0,2.0,2.0,1.0,2.0,2.0,1.0,26892.761217,27064.133191,2.0,40.0,1.0,750.0,,,2.0,2.0,2.0,2.0,1.0,5.0,62.0,,1.0,1.0,140.0,110.0,74.0,2.0,106.0,68.0,2.0,106.0,66.0,2.0,,,,106.0,67.0,2.0,,,,,2.0,,,,2.0,,,,,,,,,2.0,,,,2.0,2.0,0.0,2.0,2.0,2.0,2.0,1.0,2.0,2.0,2.0,,,,,,,,,,,,,,,2.0,,,,,,,,,,,,,,,,,,,,,,,,,,,,,,,,,,,1.0,2.0,1.0,2.0,2.0,1.0,1.0,2.0,,,,,,,,,9.0,,,,,,,,,,,,,,,,,,,1.0,,,,,,,,,1.0,,,,,,,8.0,,,,,,,,,,,2.0,,,,,,2.0,,,177.0,41.0,4.58,1.06,30.0,145.0,137.0,1.0
30113.0,3.0,2.0,1.0,1.0,45.0,544.0,544.0,1.0,3.0,2.0,1.0,1.0,,,2.0,1.0,,3.0,1.0,4.0,4.0,1.83,,1.0,45.0,1.0,2.0,3.0,,1.0,2.0,2.0,1.0,2.0,2.0,1.0,2.0,2.0,1.0,25669.244882,25372.411478,2.0,38.0,1.0,517.0,,,1.0,2.0,2.0,2.0,1.0,4.0,82.0,,1.0,1.0,150.0,122.0,70.0,2.0,118.0,72.0,2.0,120.0,64.0,2.0,,,,119.0,68.0,2.0,,,,,2.0,,,,1.0,2.0,,,,,,,,2.0,,,,2.0,2.0,0.0,2.0,2.0,2.0,2.0,2.0,2.0,2.0,2.0,,,,,,,,,,,,,,,2.0,,,,,,,,,,,,,,,,,,,,,,,,,,,,,,,,,,,1.0,2.0,1.0,2.0,2.0,2.0,2.0,2.0,1.0,,,,,,,,,,,,,,,,,,,,,,,,,,,,,,,,,,,,,,,,,,,,,,,,,,,,,,2.0,,,,,,2.0,,,165.0,58.0,4.27,1.5,46.86,130.0,123.0,3.0
30114.0,3.0,2.0,1.0,2.0,31.0,383.0,383.0,5.0,4.0,2.0,3.0,2.0,4.0,,2.0,1.0,,1.0,4.0,6.0,6.0,1.59,2.0,1.0,32.0,3.0,1.0,1.0,2.0,1.0,2.0,1.0,1.0,2.0,2.0,,,,,62020.353764,67083.671021,2.0,36.0,1.0,694.0,,,2.0,2.0,2.0,2.0,1.0,3.0,78.0,,1.0,1.0,150.0,118.0,78.0,2.0,116.0,78.0,2.0,112.0,72.0,2.0,,,,114.0,75.0,2.0,,,,,2.0,,,,2.0,,,,,,,,,2.0,,,,2.0,2.0,0.0,2.0,2.0,2.0,2.0,2.0,2.0,2.0,2.0,,,,,,,,,,,,,,,2.0,,,,,,,,,,,,,,,,,,,,,,,,,,,,,,,,,,,2.0,,2.0,2.0,2.0,2.0,2.0,2.0,,,,,,,,,,,,,,,,,,,,,,,,,,,,,,,,,,,,,,,,,,,,,,,,,,,,,,,2.0,,,,,,2.0,,,206.0,76.0,5.33,1.97,44.59,137.0,126.0,3.0
30119.0,3.0,2.0,1.0,2.0,46.0,554.0,555.0,3.0,1.0,2.0,1.0,1.0,,,4.0,3.0,,1.0,5.0,10.0,1.0,0.14,2.0,2.0,18.0,1.0,2.0,5.0,,1.0,2.0,2.0,1.0,2.0,2.0,1.0,2.0,2.0,1.0,123125.057476,127044.107073,2.0,34.0,1.0,734.0,,,2.0,2.0,2.0,2.0,1.0,4.0,70.0,,1.0,1.0,160.0,146.0,82.0,2.0,136.0,74.0,2.0,140.0,82.0,2.0,,,,138.0,78.0,2.0,,,,,2.0,,,,2.0,,,,,,,,,2.0,,,,2.0,2.0,0.0,2.0,2.0,2.0,2.0,2.0,2.0,2.0,2.0,,,,,,,,,,,,,,,2.0,,,,,,,,,,,,,,,,,,,,,,,,,,,,,,,,,,,2.0,,2.0,2.0,2.0,2.0,2.0,2.0,,,,,,,,,,,,,,,,,,,,,,,,,,,,,,,,,,,,,,,,,,,,,,,,,,,,,,,2.0,,,,,,2.0,,,190.0,38.0,4.91,0.98,24.94,137.0,129.0,1.0
30130.0,3.0,2.0,2.0,2.0,39.0,474.0,476.0,3.0,1.0,2.0,1.0,1.0,,,4.0,3.0,,1.0,5.0,9.0,9.0,2.79,2.0,2.0,39.0,1.0,4.0,1.0,3.0,1.0,2.0,2.0,1.0,2.0,2.0,1.0,2.0,2.0,1.0,72645.671949,76840.022143,1.0,30.0,1.0,573.0,,,2.0,2.0,1.0,2.0,1.0,4.0,86.0,,1.0,1.0,140.0,104.0,76.0,2.0,98.0,74.0,2.0,102.0,74.0,2.0,,,,100.0,74.0,2.0,,,,,2.0,,,,2.0,,,,,,,,,1.0,,,,2.0,2.0,0.0,2.0,2.0,2.0,2.0,2.0,2.0,2.0,2.0,,,,,,,,,,,,,,,2.0,,,,,,,,,,,,,,,,,,,,,,,,,,,,,,,,,,,1.0,3.0,2.0,2.0,2.0,2.0,2.0,2.0,,,,,,,,,,,,,,,,,,,,,,,,,,,,,,,,,,,,,,,,,,,,,,,,,,,,,,,2.0,,,,,,2.0,,,187.0,44.0,4.84,1.14,36.9,117.0,111.0,3.0
30131.0,3.0,2.0,2.0,2.0,26.0,317.0,318.0,3.0,1.0,2.0,1.0,1.0,,,3.0,2.0,,1.0,2.0,6.0,6.0,2.48,2.0,2.0,26.0,1.0,3.0,1.0,3.0,1.0,2.0,2.0,1.0,2.0,2.0,1.0,2.0,2.0,1.0,92078.203046,92145.494802,2.0,32.0,1.0,645.0,,,2.0,2.0,2.0,2.0,1.0,3.0,78.0,,1.0,1.0,140.0,96.0,66.0,2.0,,,2.0,94.0,68.0,2.0,96.0,68.0,2.0,95.0,68.0,2.0,,,,,2.0,,,,2.0,,,,,,,,,2.0,,,,2.0,2.0,0.0,2.0,2.0,2.0,2.0,2.0,2.0,2.0,2.0,,,,,,,,,,,,,,,2.0,,,,,,,,,,,,,,,,,,,,,,,,,,,,,,,,,,,1.0,3.0,9.0,2.0,2.0,2.0,2.0,2.0,,,,,,,,,,,,,,,,,,,,,,,,,,,,,,,,,,,,,,,,,,,,,,,,,,,,,,,2.0,,,,,,2.0,,,167.0,49.0,4.32,1.27,35.06,152.0,145.0,2.0
30154.0,3.0,2.0,1.0,2.0,29.0,353.0,354.0,1.0,3.0,2.0,2.0,2.0,1.0,,1.0,1.0,,1.0,6.0,5.0,5.0,0.83,1.0,1.0,29.0,2.0,1.0,1.0,1.0,2.0,2.0,2.0,2.0,2.0,2.0,2.0,2.0,2.0,2.0,6351.087424,6368.293892,1.0,43.0,1.0,752.0,,,2.0,2.0,2.0,2.0,1.0,4.0,78.0,,1.0,1.0,130.0,112.0,68.0,2.0,108.0,74.0,2.0,110.0,70.0,2.0,,,,109.0,72.0,2.0,,,,,2.0,,,,2.0,,,,,,,,,2.0,,,,2.0,2.0,0.0,2.0,2.0,2.0,2.0,2.0,2.0,2.0,2.0,,,,,,,,,,,,,,,2.0,,,,,,,,,,,,,,,,,,,,,,,,,,,,,,,,,,,2.0,,2.0,2.0,1.0,2.0,2.0,2.0,,,,,,,,,,,,,,,,,,,,,,,,,7.0,,,,,,,,,,,,,,,,,,,,,,,,,,,,,,2.0,,,,,,2.0,,,222.0,77.0,5.74,1.99,31.02,143.0,136.0,2.0
30163.0,3.0,2.0,2.0,1.0,33.0,406.0,407.0,1.0,3.0,2.0,1.0,1.0,,,3.0,2.0,,6.0,5.0,8.0,7.0,3.3,,2.0,27.0,1.0,4.0,,,1.0,2.0,2.0,1.0,2.0,2.0,1.0,2.0,2.0,1.0,25846.427918,27509.763729,1.0,42.0,1.0,648.0,,,2.0,2.0,2.0,2.0,1.0,5.0,88.0,,1.0,1.0,160.0,130.0,92.0,2.0,,,1.0,130.0,94.0,2.0,134.0,92.0,2.0,132.0,93.0,2.0,,,,,2.0,,,,2.0,,,,,,,,,2.0,,,,2.0,2.0,0.0,2.0,2.0,2.0,2.0,1.0,2.0,1.0,2.0,,1.0,,,,,,,,,,32.0,,,2.0,,,,,,,,,,,,,,,,,,,,,,,,,,,,,,,,,,,1.0,0.0,1.0,1.0,2.0,1.0,2.0,2.0,,,,,5.0,,,,,,,,4.0,,,,,,,,,,,,,,,,,,,5.0,,,,,,,,,,,,,,,,,,,,,,,1.0,,2.0,,,,2.0,,,201.0,35.0,5.2,0.91,36.71,136.0,132.0,2.0
30187.0,3.0,2.0,2.0,2.0,26.0,320.0,321.0,3.0,1.0,2.0,1.0,1.0,,,5.0,3.0,,5.0,1.0,8.0,8.0,4.83,2.0,2.0,26.0,1.0,5.0,5.0,,1.0,2.0,2.0,1.0,2.0,2.0,1.0,2.0,2.0,1.0,76763.243798,82303.638318,2.0,37.0,1.0,564.0,,,2.0,2.0,2.0,2.0,1.0,3.0,88.0,,1.0,1.0,150.0,100.0,72.0,2.0,100.0,72.0,2.0,96.0,68.0,2.0,,,,98.0,70.0,2.0,,,,,2.0,,,,2.0,,,,,,,,,2.0,,,,2.0,2.0,0.0,2.0,2.0,2.0,2.0,2.0,2.0,2.0,2.0,,,,,,,,,,,,,,,2.0,,,,,,,,,,,,,,,,,,,,,,,,,,,,,,,,,,,1.0,0.0,1.0,1.0,2.0,2.0,2.0,2.0,,,,,,6.0,,,,,,3.0,,,,,,,,,,,,,,,,,,,,,,,,,,,,,,,,,,,,,,,,,,,2.0,,,,,,2.0,,,,,,,35.71,169.0,,2.0
30201.0,3.0,2.0,2.0,1.0,26.0,315.0,316.0,4.0,2.0,2.0,1.0,1.0,,,4.0,3.0,,6.0,6.0,6.0,3.0,1.07,,2.0,42.0,1.0,2.0,,,1.0,2.0,2.0,1.0,2.0,2.0,1.0,2.0,2.0,1.0,23090.402645,25328.016063,1.0,30.0,1.0,700.0,,,1.0,2.0,2.0,2.0,1.0,5.0,82.0,,1.0,1.0,150.0,122.0,88.0,2.0,130.0,88.0,2.0,,,2.0,122.0,96.0,2.0,126.0,92.0,1.0,14.0,1.0,2.0,,2.0,,,,2.0,,,,,,,,,2.0,,,,2.0,2.0,0.0,2.0,2.0,2.0,2.0,2.0,2.0,2.0,2.0,,,,,,,,,,,,,,,2.0,,,,,,,,,,,,,,,,,,,,,,,,,,,,,,,,,,,1.0,0.0,1.0,2.0,1.0,2.0,2.0,2.0,,,,,,6.0,,,,,,,,,,,,,1.0,,,,,,,,,,,,,,,,,,,,,,,,,,,,,,,,,,,,2.0,,,,,,2.0,,,215.0,41.0,5.56,1.06,30.36,166.0,155.0,1.0
30225.0,3.0,2.0,1.0,2.0,43.0,520.0,521.0,1.0,3.0,2.0,1.0,1.0,,,2.0,1.0,,1.0,4.0,3.0,3.0,0.65,2.0,1.0,49.0,1.0,1.0,6.0,,1.0,2.0,2.0,1.0,2.0,2.0,1.0,2.0,2.0,1.0,20807.000928,21378.642065,1.0,34.0,1.0,706.0,,,2.0,2.0,2.0,2.0,1.0,4.0,66.0,,1.0,1.0,150.0,124.0,82.0,2.0,118.0,82.0,2.0,116.0,78.0,2.0,,,,117.0,80.0,2.0,,,,,2.0,,,,2.0,,,,,,,,,1.0,,,,1.0,2.0,0.0,2.0,2.0,2.0,2.0,1.0,2.0,2.0,2.0,,,,39.0,,,,,,,,,,1.0,2.0,,,,,,,,,,,,,,,,,,,,,,,,,,,,,,,,,,,1.0,300.0,1.0,2.0,2.0,9.0,1.0,2.0,,,,,,6.0,,,9.0,,,,,,,,,,,,,,,,,,,,,,,,,,,,1.0,2.0,,,,,,,,,,,,,,,,,2.0,,,,,,2.0,,,222.0,35.0,5.74,0.91,34.93,113.0,,3.0
30231.0,3.0,2.0,2.0,2.0,48.0,579.0,580.0,3.0,1.0,2.0,1.0,1.0,,,4.0,3.0,,3.0,1.0,3.0,3.0,1.18,2.0,2.0,48.0,1.0,4.0,3.0,,1.0,2.0,2.0,1.0,2.0,2.0,1.0,2.0,2.0,1.0,53613.822755,53754.948823,2.0,34.0,1.0,546.0,,,1.0,2.0,2.0,2.0,1.0,4.0,78.0,1.0,2.0,1.0,130.0,108.0,76.0,2.0,108.0,80.0,2.0,106.0,76.0,2.0,,,,107.0,78.0,2.0,,,,,2.0,,,,2.0,,,,,,,,,1.0,,,,2.0,2.0,0.0,2.0,2.0,2.0,2.0,2.0,2.0,2.0,2.0,,,,,,,,,,,,,,,2.0,,,,,,,,,,,,,,,,,,,,,,,,,,,,,,,,,,,1.0,0.0,1.0,2.0,2.0,2.0,2.0,2.0,,,,,,,7.0,,,,,,,,,,,,,,,,,,,,,,,,,,,,,,,,,,,,,,,,,,,,,,,,1.0,1.0,,,,,2.0,,,230.0,57.0,5.95,1.47,36.6,132.0,126.0,3.0
30240.0,3.0,2.0,1.0,2.0,24.0,299.0,300.0,3.0,1.0,2.0,1.0,1.0,,,3.0,2.0,,1.0,2.0,8.0,8.0,3.84,2.0,1.0,28.0,1.0,3.0,1.0,3.0,1.0,2.0,2.0,1.0,2.0,2.0,1.0,2.0,2.0,1.0,90538.821858,97073.470052,2.0,36.0,1.0,637.0,,,2.0,2.0,2.0,2.0,1.0,4.0,68.0,,1.0,1.0,130.0,112.0,52.0,2.0,108.0,62.0,2.0,112.0,64.0,2.0,,,,110.0,63.0,2.0,,,,,2.0,,,,2.0,,,,,,,,,2.0,,,,2.0,2.0,0.0,2.0,2.0,2.0,2.0,1.0,2.0,2.0,2.0,,,,,,,,,,,,,,,2.0,,,,,,,,,,,,,,,,,,,,,,,,,,,,,,,,,,,1.0,5.0,2.0,2.0,2.0,2.0,1.0,2.0,,,,,,,,,,,,,,,,,,,,,,,,,,,,,,,,,,,,,,2.0,,4.0,,6.0,,,,,,,,,,,,,2.0,,,,,,2.0,,,184.0,72.0,4.76,1.86,30.92,153.0,141.0,2.0
30241.0,3.0,2.0,2.0,2.0,44.0,533.0,533.0,4.0,2.0,2.0,3.0,1.0,6.0,,2.0,1.0,,5.0,1.0,5.0,5.0,2.15,2.0,2.0,44.0,3.0,2.0,5.0,,1.0,2.0,2.0,1.0,2.0,2.0,,,,,25588.083104,29832.178853,2.0,41.0,1.0,544.0,,,1.0,2.0,2.0,2.0,1.0,4.0,80.0,,1.0,1.0,140.0,114.0,90.0,2.0,118.0,82.0,2.0,120.0,84.0,2.0,,,,119.0,83.0,2.0,,,,,2.0,,,,2.0,,,,,,,,,2.0,,,,2.0,2.0,0.0,2.0,2.0,2.0,2.0,2.0,2.0,2.0,2.0,,,,,,,,,,,,,,,2.0,,,,,,,,,,,,,,,,,,,,,,,,,,,,,,,,,,,1.0,0.0,1.0,2.0,2.0,2.0,2.0,2.0,,,,,,,7.0,,,,,,,,,,,,,,,,,,,,,,,,,,,,,,,,,,,,,,,,,,,,,,,,2.0,,,,,,2.0,,,215.0,86.0,5.56,2.22,43.57,128.0,120.0,3.0
30261.0,3.0,2.0,2.0,2.0,34.0,415.0,416.0,3.0,1.0,2.0,1.0,1.0,,,2.0,1.0,,1.0,4.0,8.0,8.0,2.88,2.0,1.0,31.0,1.0,4.0,1.0,2.0,1.0,2.0,2.0,1.0,2.0,2.0,1.0,2.0,2.0,1.0,102963.345727,107149.843976,1.0,31.0,1.0,527.0,,,1.0,2.0,2.0,2.0,1.0,3.0,74.0,,1.0,1.0,140.0,104.0,76.0,2.0,104.0,78.0,2.0,112.0,76.0,2.0,,,,108.0,77.0,2.0,,,,,2.0,,,,2.0,,,,,,,,,2.0,,,,2.0,2.0,0.0,2.0,2.0,2.0,2.0,2.0,2.0,2.0,2.0,,,,,,,,,,,,,,,2.0,,,,,,,,,,,,,,,,,,,,,,,,,,,,,,,,,,,1.0,2.0,2.0,2.0,2.0,2.0,2.0,2.0,,,,,,,,,,,,,,,,,,,,,,,,,,,,,,,,,,,,,,,,,,,,,,,,,,,,,,,2.0,,,,,,2.0,,,184.0,48.0,4.76,1.24,32.65,146.0,139.0,2.0
30267.0,3.0,2.0,2.0,1.0,42.0,505.0,505.0,3.0,1.0,2.0,1.0,1.0,,,4.0,3.0,,1.0,4.0,11.0,11.0,3.98,,1.0,42.0,1.0,4.0,1.0,5.0,1.0,2.0,2.0,1.0,2.0,2.0,1.0,2.0,2.0,1.0,82500.207596,85146.080091,2.0,30.0,1.0,736.0,,,2.0,2.0,2.0,2.0,1.0,4.0,68.0,,1.0,1.0,160.0,130.0,82.0,2.0,130.0,80.0,2.0,126.0,86.0,2.0,,,,128.0,83.0,2.0,,,,,2.0,,,,2.0,,,,,,,,,2.0,,,,2.0,2.0,0.0,2.0,2.0,2.0,2.0,2.0,2.0,2.0,2.0,,,,,,,,,,,,,,,2.0,,,,,,,,,,,,,,,,,,,,,,,,,,,,,,,,,,,1.0,0.0,1.0,1.0,1.0,2.0,2.0,2.0,,,,,,,,,9.0,,,3.0,,,,,,,1.0,,,,,,,,,,,,,,,,,,,,,,,,,,,,,,,,,,,,2.0,,,,,,2.0,,,187.0,47.0,4.84,1.22,37.59,144.0,132.0,2.0
30271.0,3.0,2.0,1.0,2.0,31.0,383.0,384.0,5.0,4.0,2.0,3.0,2.0,1.0,,5.0,3.0,,5.0,5.0,,12.0,,2.0,1.0,75.0,3.0,4.0,1.0,4.0,1.0,2.0,2.0,1.0,2.0,2.0,1.0,2.0,2.0,1.0,78772.972478,83321.095216,1.0,40.0,1.0,663.0,,,2.0,2.0,2.0,2.0,1.0,3.0,78.0,,1.0,1.0,120.0,92.0,60.0,2.0,94.0,62.0,2.0,92.0,66.0,2.0,,,,93.0,64.0,2.0,,,,,2.0,,,,2.0,,,,,,,,,2.0,,,,2.0,2.0,0.0,2.0,2.0,2.0,2.0,2.0,2.0,2.0,2.0,,,,,,,,,,,,,,,2.0,,,,,,,,,,,,,,,,,,,,,,,,,,,,,,,,,,,1.0,0.0,1.0,2.0,1.0,2.0,1.0,2.0,,,,,,,,,9.0,,,,,,,,,,,2.0,,,5.0,,,,,,,,,,,,,,,2.0,,,,,,,,,,,,,,,,,2.0,,,,,,2.0,,,198.0,83.0,5.12,2.15,35.4,152.0,152.0,3.0
30272.0,3.0,2.0,2.0,1.0,25.0,301.0,301.0,3.0,1.0,2.0,1.0,1.0,,,4.0,3.0,,6.0,2.0,11.0,9.0,5.0,,2.0,22.0,1.0,4.0,6.0,,1.0,2.0,2.0,1.0,2.0,2.0,1.0,2.0,2.0,1.0,58642.087621,62382.736991,2.0,29.0,1.0,551.0,,,1.0,2.0,2.0,2.0,1.0,5.0,68.0,,1.0,1.0,130.0,118.0,68.0,2.0,122.0,76.0,2.0,114.0,70.0,2.0,,,,118.0,73.0,2.0,,,,,2.0,,,,2.0,,,,,,,,,2.0,,,,2.0,2.0,0.0,2.0,2.0,2.0,2.0,2.0,2.0,2.0,2.0,,,,,,,,,,,,,,,2.0,,,,,,,,,,,,,,,,,,,,,,,,,,,,,,,,,,,1.0,99999.0,2.0,2.0,2.0,2.0,1.0,2.0,,,,,,,,,,,,,,,,,,,,,,,,,,,,,,,,,,,,,,,,,,,,,9.0,,,,,,,,,,2.0,,,,,,2.0,,,145.0,28.0,3.75,0.72,43.94,147.0,136.0,2.0
30279.0,3.0,2.0,1.0,2.0,37.0,444.0,445.0,1.0,3.0,2.0,1.0,1.0,,,2.0,1.0,,1.0,7.0,8.0,7.0,1.86,2.0,1.0,37.0,1.0,2.0,1.0,2.0,1.0,2.0,2.0,1.0,2.0,2.0,1.0,2.0,2.0,1.0,29706.542643,29910.489636,1.0,34.0,1.0,780.0,,,1.0,2.0,2.0,2.0,1.0,4.0,70.0,,1.0,1.0,170.0,140.0,88.0,2.0,142.0,88.0,2.0,134.0,94.0,2.0,,,,138.0,91.0,2.0,,,,,2.0,,,,2.0,,,,,,,,,2.0,,,,2.0,2.0,0.0,2.0,2.0,2.0,2.0,1.0,2.0,2.0,2.0,,,,,,,,,,,,,,,2.0,,,,,,,,,,,,,,,,,,,,,,,,,,,,,,,,,,,1.0,75.0,2.0,9.0,2.0,1.0,2.0,2.0,,,,,,,,,,,,,,,,,,,,,,,,,,,,,2.0,,,,,,,,,,,,,,,,,,,,,,,,,,2.0,,,,,,2.0,,,303.0,55.0,7.84,1.42,27.89,133.0,123.0,1.0
30298.0,3.0,2.0,1.0,2.0,36.0,436.0,437.0,3.0,1.0,2.0,1.0,1.0,,,5.0,3.0,,3.0,3.0,9.0,9.0,3.51,2.0,2.0,36.0,1.0,5.0,3.0,,1.0,2.0,2.0,1.0,2.0,2.0,1.0,2.0,2.0,1.0,100076.246906,105854.358862,2.0,36.0,1.0,530.0,,,1.0,2.0,2.0,2.0,1.0,4.0,78.0,,1.0,1.0,130.0,102.0,62.0,2.0,106.0,58.0,2.0,102.0,64.0,2.0,,,,104.0,61.0,9.0,,,,,2.0,,,,2.0,,,,,,,,,2.0,,,,2.0,2.0,0.0,2.0,2.0,2.0,2.0,2.0,1.0,2.0,2.0,2.0,,,,,,,,,,0.0,,,,2.0,,,,,,,,,,,,,,,,,,,,,,,,,,,,,,,,,,,1.0,0.0,1.0,2.0,2.0,2.0,2.0,2.0,,,,,5.0,6.0,,,,,,,,,,,,,,,,,,,,,,,,,,,,,,,,,,,,,,,,,,,,,,,,,2.0,,,,,,2.0,,,167.0,68.0,4.32,1.76,28.98,159.0,149.0,2.0
30309.0,3.0,2.0,1.0,1.0,44.0,530.0,530.0,1.0,3.0,2.0,2.0,1.0,5.0,,4.0,3.0,,1.0,4.0,5.0,5.0,1.11,,1.0,44.0,2.0,4.0,1.0,4.0,1.0,2.0,2.0,2.0,2.0,2.0,2.0,2.0,2.0,2.0,13805.891165,14013.336006,2.0,43.0,1.0,583.0,,,2.0,2.0,2.0,2.0,1.0,4.0,72.0,,1.0,1.0,140.0,102.0,56.0,2.0,114.0,62.0,2.0,,,2.0,,,2.0,114.0,62.0,2.0,,,,,2.0,,,,2.0,,,,,,,,,1.0,,,,2.0,2.0,0.0,2.0,2.0,2.0,2.0,2.0,2.0,2.0,2.0,,,,,,,,,,,,,,,2.0,,,,,,,,,,,,,,,,,,,,,,,,,,,,,,,,,,,1.0,0.0,1.0,2.0,2.0,2.0,2.0,2.0,,,,,,,,,9.0,,,,,,,,,,,,,,,,,,,,,,,,,,,,,,,,,,,,,,,,,,,,,,2.0,,,,,,2.0,,,228.0,45.0,5.9,1.16,80.03,117.0,109.0,3.0
30311.0,3.0,2.0,1.0,1.0,29.0,357.0,357.0,1.0,3.0,2.0,2.0,1.0,4.0,,1.0,1.0,,1.0,6.0,11.0,5.0,1.57,,1.0,44.0,2.0,2.0,1.0,1.0,2.0,2.0,2.0,2.0,2.0,2.0,2.0,2.0,2.0,2.0,30032.816129,29947.65836,1.0,39.0,1.0,617.0,,,2.0,2.0,2.0,2.0,1.0,4.0,80.0,,1.0,1.0,150.0,114.0,52.0,2.0,,,2.0,108.0,44.0,2.0,,,2.0,108.0,44.0,2.0,,,,,2.0,,,,2.0,,,,,,,,,2.0,,,,2.0,2.0,0.0,2.0,2.0,2.0,2.0,2.0,2.0,2.0,2.0,,,,,,,,,,,,,,,2.0,,,,,,,,,,,,,,,,,,,,,,,,,,,,,,,,,,,1.0,0.0,2.0,2.0,2.0,2.0,2.0,2.0,,,,,,,,,,,,,,,,,,,,,,,,,,,,,,,,,,,,,,,,,,,,,,,,,,,,,,,2.0,,,,,,2.0,,,213.0,42.0,5.51,1.09,46.98,126.0,116.0,3.0
30314.0,3.0,2.0,2.0,1.0,39.0,472.0,472.0,3.0,1.0,2.0,1.0,1.0,,,5.0,3.0,,5.0,1.0,11.0,11.0,5.0,,1.0,39.0,1.0,5.0,5.0,,1.0,2.0,2.0,1.0,2.0,2.0,1.0,2.0,2.0,1.0,74522.946063,82472.06549,1.0,30.0,1.0,517.0,,,2.0,2.0,2.0,2.0,1.0,5.0,84.0,,1.0,1.0,160.0,132.0,82.0,2.0,122.0,86.0,2.0,128.0,86.0,2.0,,,,125.0,86.0,2.0,,,,,2.0,,,,2.0,,,,,,,,,2.0,,,,2.0,2.0,0.0,2.0,2.0,2.0,2.0,1.0,2.0,2.0,2.0,,,,,,,,,,,,,,,2.0,,,,,,,,,,,,,,,,,,,,,,,,,,,,,,,,,,,1.0,1.0,1.0,2.0,2.0,2.0,2.0,1.0,,,3.0,,,,,,,,,,,,,,,,,,,,,,,,,,,,,,,,,,,,,,,,,,,,2.0,,,,,,,,2.0,,,,,,2.0,,,231.0,42.0,5.97,1.09,42.75,133.0,126.0,3.0
30316.0,3.0,2.0,1.0,1.0,20.0,245.0,247.0,1.0,3.0,2.0,2.0,2.0,3.0,,3.0,2.0,,5.0,5.0,8.0,8.0,2.18,,2.0,41.0,2.0,3.0,5.0,,1.0,2.0,2.0,1.0,2.0,2.0,,,,,30032.816129,30064.077052,1.0,34.0,1.0,520.0,,,2.0,2.0,2.0,2.0,1.0,4.0,80.0,,1.0,1.0,140.0,118.0,52.0,2.0,128.0,60.0,2.0,116.0,52.0,2.0,,,,122.0,56.0,2.0,,,,,2.0,,,,2.0,,,,,,,,,2.0,,,,2.0,2.0,0.0,2.0,2.0,2.0,2.0,2.0,2.0,2.0,2.0,,,,,,,,,,,,,,,2.0,,,,,,,,,,,,,,,,,,,,,,,,,,,,,,,,,,,1.0,2.0,2.0,2.0,2.0,2.0,2.0,2.0,,,,,,,,,,,,,,,,,,,,,,,,,,,,,,,,,,,,,,,,,,,,,,,,,,,,,,,2.0,,,,,,2.0,,,,,,,46.52,148.0,133.0,3.0
30318.0,3.0,2.0,2.0,1.0,44.0,538.0,539.0,3.0,1.0,2.0,1.0,1.0,,,4.0,3.0,,1.0,4.0,9.0,9.0,3.26,,1.0,44.0,1.0,4.0,1.0,2.0,1.0,2.0,2.0,1.0,2.0,2.0,,,,,98374.146497,101529.11369,1.0,29.0,1.0,649.0,,,1.0,2.0,2.0,2.0,1.0,4.0,58.0,,1.0,1.0,150.0,114.0,80.0,2.0,120.0,82.0,2.0,120.0,80.0,2.0,,,,120.0,81.0,2.0,,,,,2.0,,,,2.0,,,,,,,,,2.0,,,,2.0,2.0,0.0,2.0,2.0,2.0,2.0,2.0,2.0,2.0,2.0,,,,,,,,,,,,,,,2.0,,,,,,,,,,,,,,,,,,,,,,,,,,,,,,,,,,,1.0,0.0,2.0,2.0,2.0,2.0,1.0,2.0,,,,,,,,,,,,,,,,,,,,,,,,,,,,,,,,,,,,,1.0,,,,,,,,,,,,,,,,,,2.0,,,,,,2.0,,,225.0,58.0,5.82,1.5,37.4,148.0,125.0,2.0
30319.0,3.0,2.0,1.0,1.0,24.0,292.0,293.0,4.0,2.0,1.0,1.0,1.0,,,3.0,2.0,,6.0,5.0,2.0,2.0,0.39,,2.0,21.0,1.0,3.0,5.0,,1.0,2.0,2.0,1.0,2.0,2.0,1.0,2.0,2.0,1.0,25401.435382,27863.003225,1.0,38.0,1.0,646.0,,,2.0,2.0,2.0,2.0,1.0,5.0,82.0,,1.0,1.0,160.0,130.0,80.0,2.0,126.0,78.0,2.0,,,2.0,126.0,72.0,2.0,126.0,75.0,2.0,,,,,2.0,,,,2.0,,,,,,,,,2.0,,,,2.0,2.0,0.0,2.0,2.0,2.0,2.0,2.0,2.0,2.0,2.0,,,,,,,,,,,,,,,2.0,,,,,,,,,,,,,,,,,,,,,,,,,,,,,,,,,,,1.0,0.0,2.0,2.0,1.0,2.0,2.0,2.0,,,,,,,,,,,,,,,,,,,,,,,,,,8.0,,,,,,,,,,,,,,,,,,,,,,,,,,,,,2.0,,,,,,2.0,,,152.0,60.0,3.93,1.55,52.29,147.0,128.0,3.0
30320.0,3.0,2.0,2.0,2.0,27.0,332.0,333.0,3.0,1.0,2.0,1.0,1.0,,,3.0,2.0,,1.0,4.0,7.0,7.0,1.96,2.0,1.0,27.0,1.0,3.0,1.0,3.0,1.0,2.0,2.0,1.0,2.0,2.0,1.0,2.0,2.0,1.0,74434.953907,76658.549143,2.0,30.0,1.0,728.0,,,1.0,2.0,2.0,2.0,1.0,4.0,78.0,,1.0,1.0,140.0,116.0,86.0,2.0,116.0,84.0,2.0,116.0,80.0,2.0,,,,116.0,82.0,2.0,,,,,2.0,,,,2.0,,,,,,,,,2.0,,,,2.0,2.0,0.0,2.0,2.0,2.0,2.0,2.0,2.0,2.0,2.0,,,,,,,,,,,,,,,2.0,,,,,,,,,,,,,,,,,,,,,,,,,,,,,,,,,,,1.0,5.0,1.0,2.0,2.0,2.0,1.0,1.0,,,,,5.0,,,,9.0,,,,,,,,,,,,,,,,,,,,,,,,,,,,,2.0,,,,,,,,,2.0,,,,,,,,2.0,,,,,,2.0,,,231.0,57.0,5.97,1.47,33.55,152.0,132.0,2.0
30321.0,3.0,2.0,2.0,2.0,20.0,245.0,246.0,3.0,1.0,2.0,1.0,1.0,,,3.0,2.0,,5.0,4.0,5.0,5.0,1.09,2.0,1.0,44.0,1.0,2.0,1.0,3.0,1.0,2.0,2.0,1.0,2.0,2.0,1.0,2.0,2.0,1.0,58503.905468,61240.308489,1.0,42.0,1.0,657.0,,,2.0,2.0,2.0,2.0,1.0,4.0,80.0,,1.0,1.0,160.0,,,2.0,120.0,64.0,2.0,118.0,58.0,2.0,,,2.0,118.0,58.0,2.0,,,,,2.0,,,,2.0,,,,,,,,,1.0,,,,2.0,2.0,0.0,2.0,2.0,2.0,2.0,2.0,2.0,2.0,2.0,,,,,,,,,,,,,,,2.0,,,,,,,,,,,,,,,,,,,,,,,,,,,,,,,,,,,1.0,1.0,1.0,9.0,1.0,2.0,1.0,1.0,,,,4.0,,,,,,,,,,,,,,,,,,,,,7.0,,,,,,,,,,,,,,,4.0,,,,,9.0,,,,,,,,,9.0,2.0,,,,,,2.0,,,212.0,36.0,5.48,0.93,43.05,132.0,124.0,3.0
30324.0,3.0,2.0,2.0,1.0,34.0,418.0,419.0,3.0,1.0,2.0,1.0,1.0,,,2.0,1.0,,1.0,6.0,7.0,7.0,1.39,,1.0,34.0,1.0,2.0,1.0,4.0,1.0,2.0,2.0,1.0,2.0,2.0,1.0,2.0,2.0,1.0,35067.704437,37888.81209,2.0,29.0,1.0,546.0,,,1.0,2.0,2.0,2.0,1.0,4.0,76.0,,1.0,1.0,150.0,130.0,86.0,2.0,132.0,88.0,2.0,128.0,76.0,2.0,,,,130.0,82.0,2.0,,,,,2.0,,,,2.0,,,,,,,,,1.0,,,,2.0,2.0,0.0,2.0,2.0,2.0,2.0,2.0,2.0,2.0,2.0,,,,,,,,,,,,,,,2.0,,,,,,,,,,,,,,,,,,,,,,,,,,,,,,,,,,,1.0,40.0,2.0,2.0,2.0,2.0,1.0,1.0,,,,,,,,,,,,,,,,,,,,,,,,,,,,,,,,,,,,,,2.0,,,,,7.0,,,,,,,,,7.0,,,2.0,,,,,,2.0,,,248.0,60.0,6.41,1.55,41.68,153.0,136.0,2.0
30333.0,3.0,2.0,2.0,2.0,23.0,283.0,285.0,3.0,1.0,2.0,1.0,1.0,,,4.0,3.0,,6.0,5.0,,,,2.0,1.0,26.0,,,,,1.0,2.0,2.0,,,,,,,,61121.299521,65622.36696,1.0,29.0,1.0,516.0,,,1.0,2.0,2.0,2.0,1.0,3.0,88.0,,1.0,1.0,130.0,118.0,68.0,2.0,112.0,74.0,2.0,114.0,78.0,2.0,,,,113.0,76.0,2.0,,,,,2.0,,,,2.0,,,,,,,,,2.0,,,,2.0,2.0,0.0,2.0,2.0,2.0,2.0,2.0,2.0,2.0,2.0,,,,,,,,,,,,,,,2.0,,,,,,,,,,,,,,,,,,,,,,,,,,,,,,,,,,,2.0,,2.0,2.0,2.0,2.0,2.0,2.0,,,,,,,,,,,,,,,,,,,,,,,,,,,,,,,,,,,,,,,,,,,,,,,,,,,,,,,2.0,,,,,,2.0,,,,,,,28.6,157.0,151.0,1.0
30336.0,3.0,2.0,2.0,2.0,48.0,585.0,587.0,3.0,1.0,2.0,1.0,1.0,,,3.0,2.0,,1.0,3.0,11.0,11.0,5.0,2.0,1.0,47.0,1.0,5.0,1.0,3.0,1.0,2.0,2.0,1.0,2.0,2.0,1.0,2.0,2.0,1.0,86553.045789,90773.540227,2.0,29.0,1.0,651.0,,,2.0,2.0,2.0,2.0,1.0,3.0,64.0,,1.0,1.0,150.0,118.0,70.0,2.0,118.0,68.0,2.0,116.0,68.0,2.0,,,,117.0,68.0,2.0,,,,,2.0,,,,2.0,,,,,,,,,2.0,,,,2.0,2.0,0.0,2.0,2.0,2.0,2.0,2.0,2.0,2.0,1.0,,,2.0,,,,,,,,,,44.0,,2.0,,,,,,,,,,,,,,,,,,,,,,,,,,,,,,,,,,,2.0,,1.0,2.0,2.0,2.0,2.0,2.0,,,,,5.0,,,,,,,,,,,,,,,,,,,,,,,,,,,,,,,,,,,,,,,,,,,,,,,,,,2.0,,,,,,2.0,,,196.0,71.0,5.07,1.84,29.15,123.0,121.0,2.0
30345.0,3.0,2.0,1.0,1.0,25.0,309.0,310.0,4.0,2.0,2.0,3.0,2.0,5.0,,3.0,2.0,,5.0,4.0,,13.0,,,1.0,47.0,,,1.0,3.0,1.0,2.0,2.0,1.0,2.0,2.0,1.0,2.0,2.0,1.0,25037.963079,27464.308041,1.0,40.0,1.0,759.0,,,1.0,2.0,2.0,2.0,1.0,4.0,74.0,,1.0,1.0,140.0,118.0,72.0,2.0,120.0,66.0,2.0,114.0,64.0,2.0,,,,117.0,65.0,2.0,,,,,2.0,,,,2.0,,,,,,,,,2.0,,,,2.0,2.0,0.0,2.0,2.0,2.0,2.0,2.0,2.0,2.0,2.0,,,,,,,,,,,,,,,2.0,,,,,,,,,,,,,,,,,,,,,,,,,,,,,,,,,,,1.0,0.0,1.0,2.0,2.0,2.0,1.0,1.0,,,3.0,,,,,,9.0,,,,,,,,,,,,,,,,,,,,,,,,,,,,1.0,,3.0,,5.0,,,,9.0,,,,,,,,,9.0,2.0,,,,,,2.0,,,193.0,53.0,4.99,1.37,31.19,159.0,151.0,1.0
30360.0,3.0,2.0,1.0,2.0,33.0,407.0,407.0,3.0,1.0,2.0,1.0,1.0,,,4.0,3.0,,1.0,3.0,11.0,11.0,5.0,2.0,1.0,41.0,1.0,3.0,1.0,4.0,1.0,2.0,2.0,1.0,2.0,2.0,1.0,2.0,2.0,1.0,77688.423398,82173.927421,2.0,35.0,1.0,573.0,,,2.0,2.0,2.0,2.0,1.0,3.0,80.0,,1.0,1.0,150.0,120.0,74.0,2.0,114.0,76.0,2.0,,,2.0,114.0,76.0,2.0,114.0,76.0,2.0,,,,,2.0,,,,2.0,,,,,,,,,2.0,,,,2.0,2.0,0.0,2.0,2.0,2.0,2.0,2.0,2.0,2.0,2.0,,,,,,,,,,,,,,,2.0,,,,,,,,,,,,,,,,,,,,,,,,,,,,,,,,,,,1.0,0.0,2.0,2.0,2.0,2.0,1.0,2.0,,,,,,,,,,,,,,,,,,,,,,,,,,,,,,,,,,,,,,2.0,,,,,,,,,,,,,,,,,2.0,,,,,,2.0,,,199.0,59.0,5.15,1.53,31.71,156.0,152.0,2.0
30375.0,3.0,2.0,2.0,2.0,26.0,317.0,317.0,3.0,1.0,2.0,1.0,1.0,,,4.0,3.0,,5.0,4.0,11.0,11.0,5.0,2.0,1.0,67.0,1.0,3.0,1.0,5.0,1.0,2.0,2.0,1.0,2.0,2.0,1.0,2.0,2.0,1.0,59465.53132,62246.912464,2.0,29.0,1.0,654.0,,,1.0,2.0,2.0,2.0,1.0,4.0,76.0,,1.0,1.0,130.0,106.0,52.0,2.0,106.0,58.0,2.0,,,2.0,106.0,56.0,2.0,106.0,57.0,2.0,,,,,2.0,,,,2.0,,,,,,,,,2.0,,,,2.0,2.0,0.0,2.0,2.0,2.0,2.0,1.0,2.0,2.0,2.0,,,,,,,,,,,,,,,2.0,,,,,,,,,,,,,,,,,,,,,,,,,,,,,,,,,,,1.0,5.0,1.0,2.0,2.0,2.0,2.0,2.0,,,,4.0,,,,,,,,,,,,,,,,,,,,,,,,,,,,,,,,,,,,,,,,,,,,,,,,,,,2.0,,,,,,2.0,,,315.0,88.0,8.15,2.28,33.46,149.0,134.0,2.0
30387.0,3.0,2.0,2.0,2.0,43.0,522.0,523.0,3.0,1.0,2.0,1.0,1.0,,,3.0,2.0,,1.0,2.0,9.0,9.0,4.95,2.0,2.0,43.0,1.0,3.0,1.0,,1.0,2.0,2.0,1.0,2.0,2.0,1.0,2.0,2.0,1.0,108341.283275,108626.466806,1.0,29.0,1.0,705.0,,,2.0,2.0,2.0,2.0,1.0,4.0,68.0,,1.0,1.0,140.0,120.0,78.0,2.0,128.0,82.0,2.0,132.0,88.0,2.0,,,,130.0,85.0,2.0,,,,,2.0,,,,1.0,2.0,,,,,,,,2.0,,,,1.0,2.0,0.0,2.0,2.0,2.0,2.0,1.0,2.0,2.0,2.0,,,,43.0,,,,,,,,,,2.0,2.0,,,,,,,,,,,,,,,,,,,,,,,,,,,,,,,,,,,1.0,2.0,1.0,2.0,2.0,1.0,1.0,2.0,,,,,,,,,9.0,,,,,,,,,,,,,,,,,,,1.0,,,,,,,,,1.0,,,,,,,,,,,,,,,,,,2.0,,,,,,2.0,,,211.0,46.0,5.46,1.19,29.96,130.0,116.0,2.0
30403.0,3.0,2.0,1.0,2.0,35.0,423.0,424.0,2.0,5.0,2.0,1.0,1.0,,,4.0,3.0,,3.0,2.0,5.0,5.0,1.92,2.0,2.0,35.0,1.0,4.0,3.0,,1.0,2.0,2.0,1.0,2.0,2.0,1.0,2.0,2.0,1.0,62020.353764,67193.177628,2.0,36.0,1.0,876.0,,,2.0,2.0,2.0,2.0,1.0,4.0,76.0,,1.0,1.0,170.0,,,2.0,,,2.0,,,2.0,132.0,88.0,2.0,132.0,88.0,2.0,,,,,2.0,,,,1.0,3.0,,,,,,,,2.0,,,,2.0,2.0,0.0,2.0,2.0,2.0,2.0,1.0,2.0,2.0,2.0,,,,,,,,,,,,,,,2.0,,,,,,,,,,,,,,,,,,,,,,,,,,,,,,,,,,,1.0,21.0,1.0,2.0,2.0,2.0,2.0,2.0,1.0,2.0,,,,,,,,,,,,,,,,,,,,,,,,,,,,,,,,,,,,,,,,,,,,,,,,,,,,,2.0,,,,,,2.0,,,140.0,47.0,3.62,1.22,34.96,120.0,111.0,3.0
30412.0,3.0,2.0,1.0,1.0,39.0,479.0,480.0,3.0,1.0,2.0,1.0,1.0,,,4.0,3.0,,1.0,3.0,11.0,11.0,5.0,,1.0,39.0,1.0,4.0,1.0,5.0,1.0,2.0,2.0,1.0,2.0,2.0,1.0,2.0,2.0,1.0,84538.270972,91339.159911,1.0,37.0,1.0,664.0,,,2.0,2.0,2.0,2.0,1.0,4.0,82.0,,1.0,1.0,160.0,126.0,86.0,2.0,,,2.0,126.0,88.0,2.0,128.0,92.0,2.0,127.0,90.0,2.0,,,,,2.0,,,,2.0,,,,,,,,,2.0,,,,2.0,2.0,0.0,2.0,2.0,2.0,2.0,2.0,2.0,2.0,2.0,,,,,,,,,,,,,,,2.0,,,,,,,,,,,,,,,,,,,,,,,,,,,,,,,,,,,1.0,1.0,2.0,1.0,2.0,2.0,2.0,2.0,,,,,,,,,,,,,,,,,,9.0,,,,,,,,,,,,,,,,,,,,,,,,,,,,,,,,,,,,,2.0,,,,,,2.0,,,197.0,31.0,5.09,0.8,48.5,153.0,153.0,3.0
30421.0,3.0,2.0,1.0,2.0,33.0,403.0,404.0,5.0,4.0,2.0,1.0,1.0,,,3.0,2.0,,1.0,4.0,11.0,11.0,4.35,2.0,1.0,36.0,1.0,4.0,1.0,3.0,1.0,2.0,2.0,1.0,2.0,2.0,1.0,2.0,2.0,1.0,79916.507742,84530.654885,1.0,38.0,1.0,568.0,,,2.0,2.0,2.0,2.0,1.0,3.0,58.0,,1.0,1.0,140.0,112.0,64.0,2.0,112.0,68.0,2.0,112.0,70.0,2.0,,,,112.0,69.0,2.0,,,,,2.0,,,,2.0,,,,,,,,,2.0,,,,2.0,2.0,0.0,2.0,2.0,2.0,2.0,2.0,2.0,2.0,2.0,,,,,,,,,,,,,,,2.0,,,,,,,,,,,,,,,,,,,,,,,,,,,,,,,,,,,2.0,,1.0,2.0,2.0,2.0,2.0,2.0,,,,4.0,5.0,,,,,,,,,,,,,,,,,,,,,,,,,,,,,,,,,,,,,,,,,,,,,,,,,,1.0,,2.0,,,,2.0,,,167.0,59.0,4.32,1.53,39.4,158.0,,3.0
30434.0,3.0,2.0,2.0,1.0,29.0,356.0,356.0,4.0,2.0,2.0,1.0,1.0,,,4.0,3.0,,6.0,3.0,4.0,1.0,0.11,,1.0,29.0,1.0,4.0,6.0,,1.0,2.0,2.0,1.0,2.0,2.0,1.0,2.0,2.0,1.0,22247.223144,24403.126866,1.0,41.0,1.0,783.0,,,1.0,2.0,2.0,2.0,1.0,3.0,62.0,,1.0,1.0,130.0,110.0,60.0,2.0,108.0,64.0,2.0,116.0,66.0,2.0,,,,112.0,65.0,2.0,,,,,2.0,,,,2.0,,,,,,,,,2.0,,,,2.0,2.0,0.0,2.0,2.0,2.0,2.0,2.0,2.0,2.0,2.0,,,,,,,,,,,,,,,2.0,,,,,,,,,,,,,,,,,,,,,,,,,,,,,,,,,,,1.0,0.0,2.0,2.0,1.0,2.0,2.0,2.0,,,,,,,,,,,,,,,,,,,1.0,,,,,,7.0,,,,,,,,,,,,,,,,,,,,,,,,,,,,,,2.0,,,,,,2.0,,,243.0,47.0,6.28,1.22,42.8,168.0,143.0,2.0
30450.0,3.0,2.0,1.0,2.0,42.0,507.0,507.0,1.0,3.0,2.0,2.0,2.0,3.0,,1.0,1.0,,1.0,7.0,8.0,4.0,0.96,2.0,2.0,42.0,2.0,1.0,1.0,3.0,2.0,2.0,2.0,1.0,2.0,2.0,2.0,2.0,2.0,2.0,13868.642718,14047.994767,2.0,40.0,1.0,781.0,,,2.0,2.0,2.0,2.0,1.0,3.0,60.0,,1.0,1.0,170.0,142.0,84.0,2.0,140.0,86.0,2.0,144.0,88.0,2.0,,,,142.0,87.0,2.0,,,,,2.0,,,,2.0,,,,,,,,,2.0,,,,2.0,2.0,0.0,2.0,2.0,2.0,2.0,1.0,2.0,2.0,2.0,,,,,,,,,,,,,,,2.0,,,,,,,,,,,,,,,,,,,,,,,,,,,,,,,,,,,1.0,5.0,2.0,1.0,2.0,2.0,2.0,2.0,,,,,,,,,,,,,,,,,,9.0,,,,,,,,,,,,,,,,,,,,,,,,,,,,,,,,,,,,,2.0,,,,,,2.0,,,215.0,70.0,5.56,1.81,45.4,116.0,107.0,3.0
30451.0,3.0,2.0,2.0,1.0,44.0,539.0,541.0,4.0,2.0,2.0,1.0,1.0,,,4.0,3.0,,1.0,4.0,9.0,9.0,3.45,,1.0,44.0,1.0,4.0,1.0,5.0,1.0,2.0,2.0,1.0,2.0,2.0,1.0,2.0,2.0,1.0,24958.503516,26117.53879,2.0,33.0,1.0,1097.0,,,1.0,2.0,2.0,2.0,1.0,5.0,54.0,,1.0,1.0,160.0,124.0,68.0,2.0,120.0,64.0,2.0,120.0,58.0,2.0,,,,120.0,61.0,2.0,,,,,2.0,,,,2.0,,,,,,,,,2.0,,,,1.0,2.0,0.0,2.0,2.0,2.0,2.0,1.0,2.0,2.0,2.0,,,,43.0,,,,,,,,,,1.0,2.0,,,,,,,,,,,,,,,,,,,,,,,,,,,,,,,,,,,1.0,3.0,1.0,2.0,2.0,2.0,1.0,2.0,,,,,,,7.0,,9.0,,,,,,,,,,,,,,,,,,,,,,,,,,,,,,,,,,7.0,,,,,,,,,,,,2.0,,,,,,2.0,,,182.0,42.0,4.71,1.09,48.29,116.0,,3.0
30464.0,3.0,2.0,1.0,2.0,35.0,425.0,427.0,3.0,1.0,2.0,1.0,1.0,,,5.0,3.0,,5.0,1.0,3.0,3.0,1.29,2.0,2.0,35.0,1.0,5.0,5.0,,1.0,2.0,2.0,1.0,2.0,2.0,1.0,2.0,2.0,1.0,60253.065123,65278.487816,2.0,43.0,1.0,758.0,,,1.0,2.0,2.0,2.0,1.0,3.0,58.0,,1.0,1.0,150.0,114.0,72.0,2.0,,,2.0,116.0,64.0,2.0,126.0,70.0,2.0,121.0,67.0,2.0,,,,,2.0,,,,2.0,,,,,,,,,2.0,,,,2.0,2.0,0.0,2.0,2.0,2.0,2.0,2.0,2.0,2.0,1.0,,,2.0,,,,,,,,,,28.0,,2.0,,,,,,,,,,,,,,,,,,,,,,,,,,,,,,,,,,,1.0,0.0,2.0,2.0,2.0,2.0,2.0,2.0,,,,,,,,,,,,,,,,,,,,,,,,,,,,,,,,,,,,,,,,,,,,,,,,,,,,,,,2.0,,,,,,2.0,,,148.0,58.0,3.83,1.5,39.8,129.0,121.0,3.0
30465.0,3.0,2.0,2.0,1.0,31.0,375.0,376.0,3.0,1.0,2.0,1.0,1.0,,,5.0,3.0,,1.0,2.0,8.0,8.0,4.13,,1.0,31.0,1.0,5.0,1.0,5.0,1.0,2.0,2.0,1.0,2.0,2.0,1.0,2.0,2.0,1.0,105624.074417,109101.652383,1.0,31.0,1.0,927.0,,,2.0,2.0,2.0,2.0,1.0,4.0,46.0,,1.0,1.0,150.0,122.0,72.0,2.0,116.0,60.0,2.0,116.0,64.0,2.0,,,,116.0,62.0,2.0,,,,,2.0,,,,1.0,2.0,,,,,,,,2.0,,,,2.0,2.0,0.0,2.0,2.0,2.0,2.0,2.0,2.0,2.0,2.0,,,,,,,,,,,,,,,2.0,,,,,,,,,,,,,,,,,,,,,,,,,,,,,,,,,,,1.0,0.0,1.0,2.0,2.0,2.0,2.0,2.0,,2.0,,,,,,,,,,,,,,,,,,,,,,,,,,,,,,,,,,,,,,,,,,,,,,,,,,,,,2.0,,,,,,2.0,,,216.0,67.0,5.59,1.73,46.89,163.0,157.0,3.0
30473.0,3.0,2.0,2.0,1.0,27.0,330.0,330.0,4.0,2.0,2.0,1.0,1.0,,,3.0,2.0,,1.0,7.0,6.0,6.0,1.08,,2.0,27.0,1.0,3.0,1.0,3.0,1.0,2.0,2.0,1.0,2.0,2.0,1.0,2.0,2.0,1.0,22247.223144,24403.126866,1.0,41.0,1.0,706.0,,,2.0,2.0,2.0,2.0,1.0,5.0,86.0,,1.0,1.0,140.0,118.0,54.0,2.0,118.0,52.0,2.0,120.0,56.0,2.0,,,,119.0,54.0,2.0,,,,,2.0,,,,2.0,,,,,,,,,2.0,,,,2.0,2.0,0.0,2.0,2.0,2.0,2.0,2.0,2.0,2.0,2.0,,,,,,,,,,,,,,,2.0,,,,,,,,,,,,,,,,,,,,,,,,,,,,,,,,,,,1.0,0.0,2.0,2.0,1.0,2.0,2.0,2.0,,,,,,,,,,,,,,,,,,,,,,,,,7.0,,,,,,,,,,,,,,,,,,,,,,,,,,,,,,2.0,,,,,,2.0,,,219.0,45.0,5.66,1.16,45.96,144.0,134.0,3.0
30487.0,3.0,2.0,1.0,1.0,43.0,522.0,523.0,1.0,3.0,2.0,2.0,2.0,6.0,,1.0,1.0,,1.0,3.0,8.0,8.0,3.01,,1.0,43.0,2.0,1.0,1.0,2.0,2.0,2.0,2.0,1.0,2.0,2.0,1.0,2.0,2.0,2.0,21351.256943,21983.193861,1.0,34.0,1.0,972.0,,,2.0,2.0,2.0,2.0,1.0,4.0,68.0,,1.0,1.0,170.0,136.0,84.0,2.0,140.0,86.0,2.0,138.0,80.0,2.0,,,,139.0,83.0,2.0,,,,,2.0,,,,2.0,,,,,,,,,2.0,,,,2.0,2.0,0.0,2.0,2.0,2.0,2.0,1.0,2.0,2.0,2.0,,,,,,,,,,,,,,,2.0,,,,,,,,,,,,,,,,,,,,,,,,,,,,,,,,,,,1.0,2.0,2.0,2.0,2.0,2.0,2.0,2.0,,,,,,,,,,,,,,,,,,,,,,,,,,,,,,,,,,,,,,,,,,,,,,,,,,,,,,,2.0,,,,,,2.0,,,183.0,34.0,4.73,0.88,33.2,149.0,142.0,2.0
30488.0,3.0,2.0,1.0,1.0,32.0,395.0,395.0,1.0,3.0,2.0,2.0,1.0,6.0,,4.0,3.0,,1.0,4.0,6.0,6.0,1.49,,1.0,32.0,2.0,4.0,1.0,3.0,1.0,2.0,2.0,1.0,2.0,2.0,1.0,2.0,2.0,1.0,31936.607356,33991.874059,2.0,39.0,1.0,758.0,,,1.0,2.0,2.0,2.0,1.0,3.0,72.0,,1.0,2.0,150.0,128.0,82.0,2.0,126.0,74.0,2.0,130.0,72.0,2.0,,,,128.0,73.0,2.0,,,,,2.0,,,,2.0,,,,,,,,,2.0,,,,2.0,2.0,0.0,2.0,2.0,2.0,2.0,2.0,2.0,2.0,2.0,,,,,,,,,,,,,,,2.0,,,,,,,,,,,,,,,,,,,,,,,,,,,,,,,,,,,1.0,0.0,2.0,2.0,2.0,2.0,2.0,2.0,,,,,,,,,,,,,,,,,,,,,,,,,,,,,,,,,,,,,,,,,,,,,,,,,,,,,,,2.0,,,,,,2.0,,,150.0,57.0,3.88,1.47,38.91,150.0,,2.0
30490.0,3.0,2.0,1.0,1.0,34.0,419.0,420.0,2.0,5.0,2.0,3.0,2.0,3.0,,2.0,1.0,,5.0,2.0,3.0,3.0,1.04,,1.0,31.0,3.0,2.0,5.0,,2.0,1.0,2.0,2.0,2.0,2.0,,,,,32495.235985,34107.872907,2.0,43.0,1.0,587.0,,,2.0,2.0,2.0,2.0,1.0,4.0,68.0,,1.0,1.0,150.0,118.0,78.0,2.0,,,2.0,118.0,68.0,2.0,,,2.0,118.0,68.0,2.0,,,,,2.0,,,,2.0,,,,,,,,,2.0,,,,2.0,2.0,0.0,2.0,2.0,2.0,2.0,2.0,2.0,2.0,2.0,,,,,,,,,,,,,,,2.0,,,,,,,,,,,,,,,,,,,,,,,,,,,,,,,,,,,1.0,1.0,2.0,2.0,2.0,2.0,2.0,2.0,,,,,,,,,,,,,,,,,,,,,,,,,,,,,,,,,,,,,,,,,,,,,,,,,,,,,,,2.0,,,,,,2.0,,,229.0,37.0,5.92,0.96,42.83,138.0,110.0,3.0
30491.0,3.0,2.0,2.0,1.0,20.0,244.0,245.0,4.0,2.0,2.0,1.0,1.0,,,3.0,2.0,,5.0,2.0,2.0,2.0,0.75,,1.0,20.0,1.0,3.0,5.0,,1.0,2.0,2.0,1.0,2.0,2.0,1.0,2.0,2.0,1.0,27835.240364,29026.028195,2.0,31.0,1.0,592.0,,,2.0,2.0,2.0,2.0,1.0,5.0,60.0,,1.0,1.0,130.0,114.0,54.0,2.0,104.0,62.0,2.0,108.0,60.0,2.0,,,,106.0,61.0,1.0,16.0,9.0,,,2.0,,,,2.0,,,,,,,,,2.0,,,,2.0,2.0,0.0,2.0,2.0,2.0,2.0,2.0,2.0,2.0,2.0,,,,,,,,,,,,,,,2.0,,,,,,,,,,,,,,,,,,,,,,,,,,,,,,,,,,,1.0,1.0,2.0,1.0,1.0,9.0,2.0,2.0,,,,,,,,,,,,,,,,,,9.0,,,,,,,,,9.0,,,,,,,,,,,,,,,,,,,,,,,,,,,,9.0,,,,,,2.0,,,220.0,41.0,5.69,1.06,39.31,139.0,122.0,2.0
30498.0,3.0,2.0,2.0,1.0,27.0,331.0,331.0,4.0,2.0,2.0,1.0,1.0,,,2.0,1.0,,1.0,5.0,4.0,4.0,0.82,,1.0,27.0,1.0,2.0,1.0,4.0,1.0,2.0,2.0,1.0,2.0,2.0,1.0,2.0,2.0,1.0,27835.240364,29026.028195,1.0,41.0,1.0,955.0,,,1.0,2.0,2.0,2.0,1.0,5.0,66.0,,1.0,1.0,150.0,,,2.0,120.0,68.0,2.0,118.0,68.0,2.0,124.0,64.0,2.0,121.0,66.0,2.0,,,,,2.0,,,,2.0,,,,,,,,,2.0,,,,2.0,2.0,0.0,2.0,2.0,2.0,2.0,2.0,2.0,2.0,2.0,,,,,,,,,,,,,,,2.0,,,,,,,,,,,,,,,,,,,,,,,,,,,,,,,,,,,1.0,2.0,2.0,2.0,2.0,2.0,2.0,2.0,,,,,,,,,,,,,,,,,,,,,,,,,,,,,,,,,,,,,,,,,,,,,,,,,,,,,,,2.0,,,,,,2.0,,,177.0,40.0,4.58,1.03,34.17,170.0,,1.0
30499.0,3.0,2.0,2.0,1.0,25.0,308.0,308.0,3.0,1.0,2.0,1.0,1.0,,,4.0,3.0,,6.0,2.0,10.0,7.0,4.45,,1.0,25.0,1.0,4.0,6.0,,1.0,2.0,2.0,1.0,2.0,2.0,1.0,2.0,2.0,1.0,62445.622291,66428.890745,1.0,41.0,1.0,818.0,,,2.0,2.0,2.0,2.0,1.0,3.0,66.0,,1.0,1.0,140.0,96.0,76.0,2.0,112.0,76.0,2.0,106.0,78.0,2.0,,,,109.0,77.0,2.0,,,,,2.0,,,,2.0,,,,,,,,,2.0,,,,2.0,2.0,0.0,2.0,2.0,2.0,2.0,2.0,2.0,2.0,2.0,,,,,,,,,,,,,,,2.0,,,,,,,,,,,,,,,,,,,,,,,,,,,,,,,,,,,1.0,0.0,1.0,2.0,1.0,2.0,1.0,2.0,,2.0,,,,,,,,,,,,,,,,,,,,,,,7.0,,,,,,,,,,,,,,,,,,,,9.0,,,,,,,,,,2.0,,,,,,2.0,,,138.0,51.0,3.57,1.32,41.02,157.0,140.0,2.0
30503.0,3.0,2.0,2.0,2.0,27.0,326.0,327.0,3.0,1.0,2.0,1.0,1.0,,,3.0,2.0,,6.0,2.0,2.0,1.0,0.32,1.0,2.0,27.0,1.0,3.0,6.0,,1.0,2.0,2.0,1.0,2.0,2.0,1.0,2.0,2.0,1.0,69461.642774,69512.4061,2.0,34.0,1.0,638.0,,,2.0,2.0,2.0,2.0,1.0,2.0,88.0,,1.0,1.0,130.0,102.0,72.0,2.0,98.0,70.0,2.0,,,2.0,100.0,70.0,2.0,99.0,70.0,2.0,,,,,2.0,,,,2.0,,,,,,,,,2.0,,,,2.0,2.0,0.0,2.0,2.0,2.0,2.0,2.0,2.0,2.0,2.0,,,,,,,,,,,,,,,2.0,,,,,,,,,,,,,,,,,,,,,,,,,,,,,,,,,,,1.0,5.0,1.0,2.0,2.0,2.0,1.0,2.0,,2.0,,,,,,,,,,,,,,,,,,,,,,,,,,,,,,,,,,,,2.0,,,,,,,,,,,,,,,,,1.0,1.0,,,,,2.0,,,181.0,62.0,4.68,1.6,31.3,170.0,163.0,2.0
30511.0,3.0,2.0,2.0,1.0,23.0,282.0,282.0,4.0,2.0,2.0,1.0,1.0,,,4.0,3.0,,5.0,4.0,7.0,7.0,1.9,,1.0,69.0,1.0,1.0,3.0,,1.0,2.0,2.0,1.0,2.0,2.0,1.0,2.0,2.0,1.0,5445.738701,5937.260617,1.0,42.0,1.0,577.0,,,2.0,2.0,2.0,2.0,1.0,4.0,84.0,,1.0,1.0,140.0,124.0,54.0,2.0,120.0,56.0,2.0,124.0,56.0,2.0,,,,122.0,56.0,2.0,,,,,2.0,,,,2.0,,,,,,,,,2.0,,,,2.0,2.0,0.0,2.0,2.0,2.0,2.0,2.0,2.0,2.0,2.0,,,,,,,,,,,,,,,2.0,,,,,,,,,,,,,,,,,,,,,,,,,,,,,,,,,,,1.0,5.0,2.0,2.0,1.0,2.0,2.0,2.0,,,,,,,,,,,,,,,,,,,,,,,,,7.0,,,,,,,,,,,,,,,,,,,,,,,,,,,,,,2.0,,,,,,2.0,,,193.0,48.0,4.99,1.24,45.4,153.0,141.0,3.0
30514.0,3.0,2.0,2.0,1.0,39.0,478.0,479.0,5.0,4.0,2.0,1.0,1.0,,,4.0,3.0,,1.0,4.0,6.0,6.0,1.71,,2.0,37.0,1.0,3.0,1.0,4.0,1.0,2.0,2.0,1.0,2.0,2.0,,,,,105542.642589,112192.228927,1.0,33.0,1.0,570.0,,,2.0,2.0,2.0,2.0,1.0,4.0,78.0,,1.0,1.0,140.0,110.0,70.0,2.0,110.0,72.0,2.0,,,2.0,106.0,72.0,2.0,108.0,72.0,2.0,,,,,2.0,,,,2.0,,,,,,,,,2.0,,,,2.0,2.0,0.0,2.0,2.0,2.0,2.0,2.0,2.0,2.0,2.0,,,,,,,,,,,,,,,2.0,,,,,,,,,,,,,,,,,,,,,,,,,,,,,,,,,,,1.0,6.0,1.0,2.0,1.0,2.0,1.0,2.0,,,,4.0,,,,,9.0,,,,,,,,,,,,,,,,,,9.0,,,,,,,,,,1.0,,,,,,,,,,,,,,,,,,2.0,,,,,,2.0,,,210.0,40.0,5.43,1.03,32.6,163.0,153.0,1.0
30521.0,3.0,2.0,2.0,1.0,26.0,317.0,318.0,4.0,2.0,2.0,1.0,1.0,,,4.0,3.0,,5.0,5.0,11.0,11.0,3.48,,1.0,60.0,1.0,3.0,1.0,5.0,1.0,2.0,2.0,1.0,2.0,2.0,1.0,2.0,2.0,1.0,5445.738701,5973.46696,1.0,42.0,1.0,547.0,,,2.0,2.0,2.0,2.0,1.0,4.0,68.0,,1.0,1.0,140.0,114.0,70.0,2.0,110.0,76.0,2.0,110.0,76.0,2.0,,,,110.0,76.0,2.0,,,,,2.0,,,,2.0,,,,,,,,,2.0,,,,2.0,2.0,0.0,2.0,2.0,2.0,2.0,2.0,2.0,2.0,2.0,,,,,,,,,,,,,,,2.0,,,,,,,,,,,,,,,,,,,,,,,,,,,,,,,,,,,1.0,0.0,1.0,2.0,2.0,2.0,2.0,2.0,1.0,,,,,,,,,,,,,,,,,,,,,,,,,,,,,,,,,,,,,,,,,,,,,,,,,,,,,,2.0,,,,,,2.0,,,172.0,66.0,4.45,1.71,40.01,160.0,147.0,2.0
30522.0,3.0,2.0,1.0,2.0,30.0,360.0,361.0,1.0,3.0,2.0,2.0,1.0,6.0,,4.0,3.0,,1.0,4.0,11.0,8.0,3.19,2.0,2.0,30.0,2.0,4.0,1.0,,1.0,2.0,2.0,1.0,2.0,2.0,1.0,2.0,2.0,1.0,23574.775193,24375.156333,2.0,40.0,1.0,637.0,,,2.0,2.0,2.0,2.0,1.0,4.0,84.0,,1.0,1.0,140.0,114.0,72.0,2.0,112.0,72.0,2.0,122.0,80.0,2.0,,,,117.0,76.0,2.0,,,,,2.0,,,,2.0,,,,,,,,,1.0,,,,2.0,2.0,0.0,2.0,2.0,2.0,2.0,1.0,2.0,2.0,2.0,,,,,,,,,,,,,,,2.0,,,,,,,,,,,,,,,,,,,,,,,,,,,,,,,,,,,1.0,10.0,1.0,2.0,2.0,2.0,2.0,2.0,,2.0,,,,,,,,,,,,,,,,,,,,,,,,,,,,,,,,,,,,,,,,,,,,,,,,,,,,,2.0,,,,,,2.0,,,219.0,52.0,5.66,1.34,32.49,137.0,126.0,2.0
30534.0,3.0,2.0,2.0,1.0,37.0,445.0,447.0,3.0,1.0,2.0,1.0,1.0,,,3.0,2.0,,1.0,4.0,9.0,9.0,3.08,,2.0,34.0,1.0,3.0,1.0,3.0,1.0,2.0,2.0,1.0,2.0,2.0,1.0,2.0,2.0,1.0,79930.623785,86360.839224,2.0,33.0,1.0,1058.0,,,1.0,2.0,2.0,2.0,1.0,4.0,70.0,,1.0,1.0,150.0,116.0,70.0,2.0,116.0,74.0,2.0,104.0,74.0,2.0,,,,110.0,74.0,2.0,,,,,2.0,,,,2.0,,,,,,,,,2.0,,,,1.0,2.0,0.0,2.0,2.0,2.0,2.0,2.0,2.0,2.0,2.0,,,,36.0,,,,,,,,,,3.0,2.0,,,,,,,,,,,,,,,,,,,,,,,,,,,,,,,,,,,1.0,0.0,1.0,2.0,2.0,2.0,2.0,2.0,,,3.0,,5.0,,,,9.0,,,,,,,,,,,,,,,,,,,,,,,,,,,,,,,,,,,,,,,,,,,,,,1.0,,,,,5.0,2.0,,,174.0,40.0,4.5,1.03,37.19,163.0,152.0,2.0
30546.0,3.0,2.0,1.0,1.0,25.0,307.0,307.0,2.0,5.0,2.0,3.0,2.0,2.0,,3.0,2.0,,6.0,2.0,8.0,5.0,2.67,,1.0,25.0,3.0,3.0,6.0,,1.0,2.0,2.0,1.0,2.0,2.0,1.0,2.0,2.0,1.0,74072.044873,78796.937169,2.0,30.0,1.0,662.0,,,2.0,2.0,2.0,2.0,1.0,4.0,92.0,,1.0,1.0,160.0,148.0,54.0,2.0,138.0,62.0,2.0,138.0,72.0,2.0,,,,138.0,67.0,2.0,,,,,2.0,,,,2.0,,,,,,,,,2.0,,,,2.0,2.0,0.0,2.0,2.0,2.0,2.0,2.0,2.0,2.0,2.0,,,,,,,,,,,,,,,2.0,,,,,,,,,,,,,,,,,,,,,,,,,,,,,,,,,,,1.0,0.0,2.0,2.0,2.0,2.0,2.0,2.0,,,,,,,,,,,,,,,,,,,,,,,,,,,,,,,,,,,,,,,,,,,,,,,,,,,,,,,2.0,,,,,,2.0,,,181.0,88.0,4.68,2.28,41.8,160.0,147.0,2.0
30549.0,3.0,2.0,1.0,1.0,34.0,408.0,409.0,4.0,2.0,2.0,3.0,1.0,4.0,,5.0,3.0,,1.0,2.0,10.0,10.0,5.0,,1.0,34.0,3.0,5.0,1.0,4.0,1.0,2.0,2.0,1.0,2.0,2.0,1.0,2.0,2.0,1.0,25539.95674,26556.331319,1.0,35.0,1.0,754.0,,,2.0,2.0,2.0,2.0,1.0,4.0,52.0,,1.0,1.0,160.0,124.0,84.0,2.0,124.0,84.0,2.0,122.0,86.0,2.0,,,,123.0,85.0,2.0,,,,,2.0,,,,2.0,,,,,,,,,2.0,,,,2.0,2.0,0.0,2.0,2.0,2.0,2.0,2.0,2.0,2.0,2.0,,,,,,,,,,,,,,,2.0,,,,,,,,,,,,,,,,,,,,,,,,,,,,,,,,,,,1.0,0.0,2.0,2.0,2.0,2.0,2.0,2.0,,,,,,,,,,,,,,,,,,,,,,,,,,,,,,,,,,,,,,,,,,,,,,,,,,,,,,,2.0,,,,,,2.0,,,205.0,54.0,5.3,1.4,49.98,153.0,,3.0
30557.0,3.0,2.0,2.0,2.0,28.0,342.0,343.0,3.0,1.0,2.0,1.0,1.0,,,5.0,3.0,,1.0,4.0,11.0,11.0,4.35,2.0,1.0,39.0,1.0,4.0,1.0,5.0,1.0,2.0,2.0,1.0,2.0,2.0,1.0,2.0,2.0,1.0,74434.953907,76658.549143,1.0,29.0,1.0,766.0,,,1.0,2.0,2.0,2.0,1.0,4.0,62.0,,1.0,1.0,120.0,,,2.0,88.0,66.0,2.0,100.0,62.0,2.0,94.0,62.0,2.0,97.0,62.0,2.0,,,,,2.0,,,,2.0,,,,,,,,,2.0,,,,2.0,2.0,0.0,2.0,2.0,2.0,2.0,2.0,2.0,2.0,1.0,,,2.0,,,,,,,,,,28.0,,2.0,,,,,,,,,,,,,,,,,,,,,,,,,,,,,,,,,,,1.0,0.0,2.0,2.0,2.0,9.0,1.0,1.0,,,,,,,,,,,,,,,,,,,,,,,,,,,,,,,,,,,,,,,,,,6.0,,,,,,,,,6.0,,,,2.0,,,,,,2.0,,,198.0,65.0,5.12,1.68,33.68,147.0,,2.0
30562.0,3.0,2.0,2.0,2.0,49.0,596.0,597.0,3.0,1.0,2.0,1.0,1.0,,,5.0,3.0,,1.0,3.0,11.0,11.0,4.98,2.0,2.0,49.0,1.0,5.0,1.0,3.0,1.0,2.0,2.0,1.0,2.0,2.0,1.0,2.0,2.0,1.0,123125.057476,127044.107073,2.0,34.0,1.0,612.0,,,2.0,2.0,2.0,2.0,1.0,4.0,76.0,,1.0,1.0,160.0,122.0,78.0,2.0,126.0,80.0,2.0,124.0,80.0,2.0,,,,125.0,80.0,2.0,,,,,2.0,,,,2.0,,,,,,,,,2.0,,,,2.0,2.0,0.0,2.0,2.0,2.0,2.0,2.0,2.0,2.0,2.0,,,,,,,,,,,,,,,2.0,,,,,,,,,,,,,,,,,,,,,,,,,,,,,,,,,,,1.0,2.0,2.0,2.0,2.0,1.0,2.0,2.0,,,,,,,,,,,,,,,,,,,,,,,,,,,,1.0,,,,,,,,,,,,,,,,,,,,,,,,,,,2.0,,,,,,2.0,,,183.0,71.0,4.73,1.84,38.05,116.0,108.0,3.0
30580.0,3.0,2.0,1.0,1.0,21.0,263.0,264.0,1.0,3.0,2.0,2.0,2.0,2.0,,2.0,1.0,,1.0,3.0,5.0,5.0,1.4,,2.0,21.0,2.0,4.0,1.0,2.0,2.0,2.0,1.0,1.0,2.0,2.0,2.0,2.0,2.0,2.0,26176.488723,26203.735625,2.0,40.0,1.0,612.0,,,2.0,2.0,2.0,2.0,1.0,4.0,72.0,,1.0,1.0,140.0,114.0,60.0,2.0,120.0,62.0,2.0,112.0,62.0,2.0,,,,116.0,62.0,2.0,,,,,2.0,,,,2.0,,,,,,,,,2.0,,,,2.0,2.0,0.0,2.0,2.0,2.0,2.0,2.0,2.0,2.0,2.0,,,,,,,,,,,,,,,2.0,,,,,,,,,,,,,,,,,,,,,,,,,,,,,,,,,,,1.0,0.0,2.0,2.0,2.0,2.0,2.0,2.0,,,,,,,,,,,,,,,,,,,,,,,,,,,,,,,,,,,,,,,,,,,,,,,,,,,,,,,2.0,,,,,,2.0,,,148.0,44.0,3.83,1.14,37.97,169.0,153.0,2.0
30590.0,3.0,2.0,2.0,1.0,20.0,246.0,247.0,3.0,1.0,2.0,1.0,1.0,,,4.0,3.0,,5.0,3.0,9.0,1.0,0.08,,1.0,55.0,1.0,4.0,1.0,4.0,1.0,2.0,2.0,1.0,2.0,2.0,1.0,2.0,2.0,1.0,61559.503246,62902.523023,1.0,29.0,1.0,819.0,,,1.0,2.0,2.0,2.0,1.0,3.0,74.0,,1.0,1.0,150.0,116.0,62.0,2.0,120.0,68.0,2.0,120.0,60.0,2.0,,,,120.0,64.0,1.0,6.0,2.0,,,2.0,,,,2.0,,,,,,,,,2.0,,,,2.0,2.0,0.0,2.0,2.0,2.0,2.0,2.0,2.0,2.0,2.0,,,,,,,,,,,,,,,2.0,,,,,,,,,,,,,,,,,,,,,,,,,,,,,,,,,,,1.0,1.0,9.0,1.0,9.0,9.0,2.0,2.0,,,,,,,,,,,,,4.0,,,,,,,,,,,,,,,,,,,,,,,,,,,,,,,,,,,,,,,,,,2.0,,,,,,2.0,,,151.0,41.0,3.9,1.06,38.08,167.0,157.0,2.0
30594.0,3.0,2.0,1.0,1.0,43.0,522.0,523.0,4.0,2.0,2.0,1.0,1.0,,,2.0,1.0,,5.0,2.0,6.0,3.0,1.55,,1.0,42.0,1.0,2.0,5.0,,1.0,2.0,2.0,1.0,2.0,2.0,1.0,2.0,2.0,1.0,23640.329686,27625.504749,2.0,42.0,1.0,1023.0,,,1.0,2.0,2.0,2.0,1.0,4.0,86.0,,1.0,1.0,140.0,110.0,84.0,2.0,106.0,84.0,2.0,108.0,82.0,2.0,,,,107.0,83.0,2.0,,,,,2.0,,,,2.0,,,,,,,,,1.0,,,,2.0,2.0,0.0,2.0,2.0,2.0,2.0,2.0,2.0,2.0,2.0,,,,,,,,,,,,,,,2.0,,,,,,,,,,,,,,,,,,,,,,,,,,,,,,,,,,,1.0,0.0,2.0,2.0,1.0,2.0,1.0,1.0,,,,,,,,,,,,,,,,,,,,,,,,,7.0,,9.0,,,,,,,,,,,2.0,,,,,,,,,2.0,,,,,,,,1.0,,,,,5.0,2.0,,,276.0,71.0,7.14,1.84,32.08,175.0,,1.0
30603.0,3.0,2.0,1.0,1.0,39.0,471.0,473.0,3.0,1.0,2.0,1.0,1.0,,,4.0,3.0,,1.0,3.0,11.0,11.0,5.0,,1.0,39.0,1.0,4.0,1.0,4.0,1.0,2.0,2.0,1.0,2.0,2.0,1.0,2.0,2.0,1.0,75600.75357,81682.641961,1.0,35.0,1.0,664.0,,,2.0,2.0,2.0,2.0,1.0,5.0,54.0,,1.0,1.0,140.0,110.0,68.0,2.0,104.0,60.0,2.0,112.0,66.0,2.0,,,,108.0,63.0,2.0,,,,,2.0,,,,2.0,,,,,,,,,2.0,,,,1.0,2.0,0.0,2.0,2.0,2.0,2.0,2.0,2.0,2.0,2.0,,,,28.0,,,,,,,,,,3.0,2.0,,,,,,,,,,,,,,,,,,,,,,,,,,,,,,,,,,,1.0,0.0,9.0,9.0,9.0,9.0,9.0,9.0,,,,,,,,,,,,,,,,,,,,,,,,,,,,,,,,,,,,,,,,,,,,,,,,,,,,,,,9.0,,,,,,9.0,,,207.0,41.0,5.35,1.06,50.84,133.0,127.0,3.0
30604.0,3.0,2.0,2.0,2.0,25.0,309.0,310.0,3.0,1.0,2.0,1.0,1.0,,,3.0,2.0,,6.0,6.0,10.0,6.0,1.63,2.0,1.0,46.0,1.0,4.0,1.0,3.0,1.0,2.0,2.0,1.0,2.0,2.0,1.0,2.0,2.0,1.0,8588.620722,8845.188572,1.0,31.0,1.0,584.0,,,1.0,2.0,2.0,2.0,1.0,3.0,92.0,,1.0,1.0,150.0,116.0,84.0,2.0,120.0,84.0,2.0,,,2.0,116.0,86.0,2.0,118.0,85.0,2.0,,,,,2.0,,,,2.0,,,,,,,,,2.0,,,,2.0,2.0,0.0,2.0,2.0,2.0,2.0,2.0,2.0,2.0,2.0,,,,,,,,,,,,,,,2.0,,,,,,,,,,,,,,,,,,,,,,,,,,,,,,,,,,,1.0,2.0,2.0,2.0,2.0,2.0,2.0,2.0,,,,,,,,,,,,,,,,,,,,,,,,,,,,,,,,,,,,,,,,,,,,,,,,,,,,,,,2.0,,,,,,2.0,,,273.0,62.0,7.06,1.6,28.2,157.0,,1.0
30609.0,3.0,2.0,1.0,2.0,24.0,293.0,294.0,3.0,1.0,2.0,1.0,1.0,,,4.0,3.0,,1.0,2.0,11.0,11.0,5.0,2.0,1.0,26.0,1.0,3.0,1.0,4.0,1.0,2.0,2.0,1.0,2.0,2.0,1.0,2.0,2.0,1.0,70284.593436,75357.390742,2.0,35.0,1.0,572.0,,,1.0,2.0,2.0,2.0,1.0,3.0,94.0,,1.0,1.0,140.0,108.0,84.0,2.0,,,2.0,104.0,76.0,2.0,106.0,76.0,2.0,105.0,76.0,2.0,,,,,2.0,,,,2.0,,,,,,,,,2.0,,,,2.0,2.0,0.0,2.0,2.0,2.0,2.0,2.0,2.0,2.0,2.0,,,,,,,,,,,,,,,2.0,,,,,,,,,,,,,,,,,,,,,,,,,,,,,,,,,,,1.0,1.0,1.0,2.0,2.0,2.0,1.0,1.0,,2.0,3.0,4.0,5.0,6.0,,,,,,,,,,,,,,,,,,,,,,,,,,,,,,,,,,,,6.0,,,,,,,,,6.0,,,,2.0,,,,,,2.0,,,143.0,67.0,3.7,1.73,28.57,147.0,141.0,1.0
30612.0,3.0,2.0,1.0,2.0,40.0,480.0,481.0,2.0,5.0,2.0,3.0,2.0,5.0,,4.0,3.0,,1.0,7.0,6.0,6.0,1.13,2.0,1.0,38.0,,,1.0,4.0,2.0,2.0,2.0,2.0,2.0,2.0,1.0,2.0,2.0,1.0,34548.592047,36233.248424,2.0,43.0,1.0,575.0,,,2.0,2.0,2.0,2.0,1.0,4.0,48.0,,1.0,1.0,150.0,120.0,52.0,2.0,114.0,56.0,2.0,122.0,50.0,2.0,,,,118.0,53.0,2.0,,,,,2.0,,,,2.0,,,,,,,,,2.0,,,,2.0,2.0,0.0,2.0,2.0,2.0,2.0,2.0,2.0,2.0,2.0,,,,,,,,,,,,,,,2.0,,,,,,,,,,,,,,,,,,,,,,,,,,,,,,,,,,,1.0,0.0,1.0,2.0,2.0,2.0,2.0,2.0,,,3.0,,,,,,,,,,,,,,,,,,,,,,,,,,,,,,,,,,,,,,,,,,,,,,,,,,,,2.0,,,,,,2.0,,,205.0,48.0,5.3,1.24,46.93,101.0,93.0,3.0
30651.0,3.0,2.0,2.0,2.0,26.0,317.0,318.0,3.0,1.0,2.0,1.0,1.0,,,4.0,3.0,,6.0,3.0,6.0,4.0,1.2,1.0,1.0,29.0,1.0,4.0,,,1.0,2.0,2.0,1.0,2.0,2.0,1.0,2.0,2.0,1.0,7799.492484,8032.486708,2.0,34.0,1.0,542.0,,,2.0,2.0,2.0,2.0,1.0,3.0,92.0,,1.0,1.0,140.0,116.0,64.0,2.0,102.0,64.0,2.0,102.0,58.0,2.0,,,,102.0,61.0,2.0,,,,,2.0,,,,2.0,,,,,,,,,1.0,,,,2.0,2.0,0.0,2.0,2.0,2.0,2.0,2.0,2.0,2.0,2.0,,,,,,,,,,,,,,,2.0,,,,,,,,,,,,,,,,,,,,,,,,,,,,,,,,,,,1.0,2.0,1.0,1.0,2.0,2.0,2.0,2.0,,,3.0,,5.0,,,,,,,3.0,4.0,,,,,,,,,,,,,,,,,,,,,,,,,,,,,,,,,,,,,,,,,,2.0,,,,,,2.0,,,219.0,91.0,5.66,2.35,28.14,177.0,164.0,1.0
30656.0,3.0,2.0,2.0,1.0,33.0,397.0,399.0,1.0,3.0,2.0,2.0,2.0,4.0,,2.0,1.0,,1.0,6.0,9.0,9.0,2.38,,1.0,33.0,2.0,2.0,1.0,2.0,2.0,2.0,2.0,1.0,2.0,2.0,2.0,2.0,2.0,2.0,33913.217105,35955.91247,2.0,37.0,1.0,700.0,,,2.0,2.0,2.0,2.0,1.0,4.0,62.0,,1.0,1.0,150.0,,,2.0,124.0,72.0,2.0,,,2.0,,,2.0,124.0,72.0,2.0,,,,,2.0,,,,2.0,,,,,,,,,2.0,,,,2.0,2.0,0.0,2.0,2.0,2.0,2.0,1.0,2.0,2.0,2.0,,,,,,,,,,,,,,,2.0,,,,,,,,,,,,,,,,,,,,,,,,,,,,,,,,,,,1.0,8.0,1.0,2.0,2.0,2.0,1.0,2.0,1.0,,,4.0,,,,,,,,,,,,,,,,,,,,,,,,,,,,,,,,,1.0,,,,,,,,,,,,,,,,,,2.0,,,,,,2.0,,,120.0,38.0,3.1,0.98,42.53,142.0,128.0,3.0
30665.0,3.0,2.0,2.0,1.0,23.0,287.0,288.0,5.0,4.0,2.0,1.0,1.0,,,5.0,3.0,,5.0,2.0,10.0,7.0,4.45,,1.0,23.0,1.0,5.0,5.0,,1.0,2.0,2.0,1.0,2.0,2.0,1.0,2.0,2.0,1.0,71900.33404,76486.697693,1.0,36.0,1.0,743.0,,,2.0,2.0,2.0,2.0,1.0,4.0,68.0,,1.0,1.0,150.0,124.0,74.0,2.0,124.0,76.0,2.0,124.0,72.0,2.0,,,,124.0,74.0,2.0,,,,,2.0,,,,2.0,,,,,,,,,2.0,,,,2.0,2.0,0.0,2.0,2.0,2.0,2.0,1.0,2.0,2.0,2.0,,,,,,,,,,,,,,,2.0,,,,,,,,,,,,,,,,,,,,,,,,,,,,,,,,,,,1.0,5.0,1.0,2.0,2.0,1.0,1.0,2.0,1.0,,3.0,,5.0,,,,9.0,,,,,,,,,,,,,,,,,,,,,3.0,,,,,,,1.0,,,,,,,,,,,,,,,,,,2.0,,,,,,2.0,,,199.0,51.0,5.15,1.32,57.95,130.0,104.0,3.0
30669.0,3.0,2.0,1.0,2.0,25.0,302.0,303.0,1.0,3.0,2.0,1.0,1.0,,,2.0,1.0,,1.0,3.0,8.0,8.0,3.41,2.0,1.0,26.0,2.0,2.0,1.0,2.0,1.0,2.0,2.0,1.0,2.0,2.0,1.0,2.0,2.0,1.0,34838.022038,35571.62905,2.0,38.0,1.0,676.0,,,1.0,2.0,2.0,2.0,1.0,4.0,62.0,,1.0,1.0,130.0,112.0,66.0,2.0,110.0,68.0,2.0,110.0,70.0,2.0,,,,110.0,69.0,2.0,,,,,2.0,,,,2.0,,,,,,,,,2.0,,,,2.0,2.0,0.0,2.0,2.0,2.0,2.0,2.0,2.0,2.0,2.0,,,,,,,,,,,,,,,2.0,,,,,,,,,,,,,,,,,,,,,,,,,,,,,,,,,,,2.0,,2.0,2.0,2.0,2.0,2.0,2.0,,,,,,,,,,,,,,,,,,,,,,,,,,,,,,,,,,,,,,,,,,,,,,,,,,,,,,,2.0,,,,,,2.0,,,164.0,41.0,4.24,1.06,29.85,130.0,120.0,1.0
30672.0,3.0,2.0,1.0,1.0,27.0,326.0,328.0,3.0,1.0,2.0,1.0,1.0,,,3.0,2.0,,6.0,2.0,11.0,9.0,5.0,,1.0,27.0,1.0,3.0,6.0,,1.0,2.0,2.0,1.0,2.0,2.0,1.0,2.0,2.0,1.0,67380.312372,71678.353817,1.0,39.0,1.0,595.0,,,2.0,2.0,2.0,2.0,1.0,4.0,68.0,,1.0,1.0,150.0,120.0,64.0,2.0,118.0,60.0,2.0,120.0,72.0,2.0,,,,119.0,66.0,2.0,,,,,2.0,,,,2.0,,,,,,,,,2.0,,,,2.0,2.0,0.0,2.0,2.0,2.0,2.0,2.0,2.0,2.0,2.0,,,,,,,,,,,,,,,2.0,,,,,,,,,,,,,,,,,,,,,,,,,,,,,,,,,,,1.0,0.0,2.0,2.0,2.0,2.0,2.0,2.0,,,,,,,,,,,,,,,,,,,,,,,,,,,,,,,,,,,,,,,,,,,,,,,,,,,,,,,2.0,,,,,,2.0,,,194.0,47.0,5.02,1.22,49.88,145.0,,3.0
30678.0,3.0,2.0,1.0,1.0,25.0,310.0,311.0,1.0,3.0,2.0,1.0,1.0,,,5.0,3.0,,6.0,3.0,9.0,4.0,1.89,,1.0,25.0,1.0,5.0,6.0,,1.0,2.0,2.0,1.0,2.0,2.0,1.0,2.0,2.0,1.0,31324.793653,31357.399385,1.0,40.0,1.0,674.0,,,1.0,2.0,2.0,2.0,1.0,4.0,66.0,,1.0,1.0,140.0,112.0,64.0,2.0,118.0,64.0,2.0,108.0,64.0,2.0,,,,113.0,64.0,1.0,5.0,1.0,1.0,2.0,2.0,,,,1.0,2.0,,,,,,,,2.0,,,,2.0,2.0,0.0,2.0,2.0,2.0,2.0,2.0,2.0,2.0,2.0,,,,,,,,,,,,,,,2.0,,,,,,,,,,,,,,,,,,,,,,,,,,,,,,,,,,,2.0,,1.0,2.0,1.0,2.0,2.0,2.0,,,,4.0,,,,,9.0,,,,,,,,,,,,,,,,,,9.0,,,,,,,,,,,,,,,,,,,,,,,,,,,,2.0,,,,,,2.0,,,220.0,52.0,5.69,1.34,51.4,136.0,118.0,3.0
30683.0,3.0,2.0,1.0,2.0,28.0,344.0,344.0,3.0,1.0,2.0,1.0,1.0,,,5.0,3.0,,1.0,4.0,11.0,11.0,4.21,2.0,1.0,29.0,1.0,5.0,1.0,5.0,1.0,2.0,2.0,1.0,2.0,2.0,1.0,2.0,2.0,1.0,72300.337808,75682.041324,1.0,38.0,1.0,573.0,,,2.0,2.0,2.0,2.0,1.0,3.0,82.0,,1.0,1.0,130.0,,,2.0,104.0,64.0,1.0,94.0,72.0,1.0,106.0,68.0,1.0,100.0,70.0,2.0,,,,,2.0,,,,2.0,,,,,,,,,2.0,,,,2.0,2.0,0.0,2.0,2.0,2.0,2.0,2.0,2.0,2.0,2.0,,,,,,,,,,,,,,,2.0,,,,,,,,,,,,,,,,,,,,,,,,,,,,,,,,,,,1.0,0.0,2.0,2.0,2.0,1.0,1.0,2.0,,,,,,,,,,,,,,,,,,,,,,,,,,,,,,3.0,,,,,,,,,3.0,,,,,,,,,,,,,,,,2.0,,,,,,2.0,,,173.0,46.0,4.47,1.19,30.59,162.0,154.0,1.0
30687.0,3.0,2.0,2.0,1.0,20.0,250.0,252.0,4.0,2.0,2.0,1.0,1.0,,,2.0,1.0,,5.0,5.0,7.0,2.0,0.56,,2.0,53.0,1.0,3.0,2.0,,1.0,2.0,2.0,1.0,2.0,2.0,,,,,25340.19972,27795.83342,1.0,36.0,1.0,532.0,,,1.0,2.0,2.0,2.0,1.0,3.0,68.0,,1.0,1.0,130.0,106.0,48.0,2.0,110.0,40.0,2.0,,,2.0,,,2.0,110.0,40.0,2.0,,,,,2.0,,,,2.0,,,,,,,,,2.0,,,,2.0,2.0,0.0,2.0,2.0,2.0,2.0,2.0,2.0,2.0,2.0,,,,,,,,,,,,,,,2.0,,,,,,,,,,,,,,,,,,,,,,,,,,,,,,,,,,,2.0,,1.0,2.0,1.0,2.0,2.0,2.0,1.0,,3.0,,,,,,,,,,,,,,,,1.0,,,,,,,,,,,,,,,,,,,,,,,,,,,,,,,,,,,,2.0,,,,,,2.0,,,170.0,44.0,4.4,1.14,53.99,147.0,124.0,3.0
30695.0,3.0,2.0,1.0,2.0,28.0,341.0,342.0,1.0,3.0,2.0,2.0,2.0,6.0,,3.0,2.0,,1.0,6.0,6.0,6.0,1.19,2.0,2.0,28.0,2.0,3.0,1.0,3.0,1.0,2.0,2.0,1.0,2.0,2.0,1.0,2.0,2.0,1.0,29061.393675,29253.40676,2.0,42.0,1.0,741.0,,,2.0,2.0,2.0,2.0,1.0,4.0,72.0,,1.0,1.0,130.0,100.0,60.0,2.0,106.0,56.0,2.0,94.0,56.0,2.0,,,,100.0,56.0,2.0,,,,,2.0,,,,2.0,,,,,,,,,2.0,,,,2.0,2.0,0.0,2.0,2.0,2.0,2.0,2.0,2.0,2.0,2.0,,,,,,,,,,,,,,,2.0,,,,,,,,,,,,,,,,,,,,,,,,,,,,,,,,,,,2.0,,1.0,2.0,2.0,1.0,2.0,1.0,,,,,,,,,9.0,,,,,,,,,,,,,,,,,,,1.0,,,,,,,,,,,,,,,,,,,,,,,6.0,,,,2.0,,,,,,2.0,,,242.0,51.0,6.26,1.32,43.1,132.0,125.0,3.0
30697.0,3.0,2.0,1.0,1.0,33.0,406.0,407.0,3.0,1.0,2.0,1.0,1.0,,,4.0,3.0,,1.0,4.0,10.0,10.0,3.71,,1.0,33.0,1.0,4.0,1.0,4.0,1.0,2.0,2.0,1.0,2.0,2.0,1.0,2.0,2.0,1.0,95919.263547,101962.540547,2.0,34.0,1.0,834.0,,,2.0,2.0,2.0,2.0,1.0,4.0,56.0,,1.0,1.0,150.0,114.0,78.0,2.0,,,2.0,114.0,88.0,2.0,112.0,76.0,2.0,113.0,82.0,2.0,,,,,2.0,,,,9.0,,,,,,,,,2.0,,,,1.0,2.0,0.0,2.0,2.0,2.0,2.0,2.0,2.0,2.0,2.0,,,,30.0,,,,,,,,,,9.0,2.0,,,,,,,,,,,,,,,,,,,,,,,,,,,,,,,,,,,1.0,3.0,1.0,2.0,2.0,2.0,1.0,1.0,1.0,2.0,,,,,7.0,,9.0,,,,,,,,,,,,,,,,,,,,,,,,,,,,1.0,2.0,,,,,7.0,,9.0,1.0,,,,,,,,,1.0,,,,,5.0,2.0,,,217.0,60.0,5.61,1.55,37.48,148.0,,2.0
30704.0,3.0,2.0,1.0,1.0,34.0,415.0,416.0,4.0,2.0,2.0,1.0,1.0,,,3.0,2.0,,6.0,3.0,3.0,1.0,0.17,,2.0,28.0,1.0,2.0,6.0,,1.0,2.0,2.0,1.0,2.0,2.0,,,,,28559.289181,29893.605369,1.0,37.0,1.0,520.0,,,1.0,2.0,2.0,2.0,1.0,4.0,92.0,,1.0,1.0,150.0,128.0,80.0,2.0,132.0,80.0,2.0,128.0,78.0,2.0,,,,130.0,79.0,2.0,,,,,2.0,,,,2.0,,,,,,,,,2.0,,,,2.0,2.0,0.0,2.0,2.0,2.0,2.0,2.0,2.0,2.0,2.0,,,,,,,,,,,,,,,2.0,,,,,,,,,,,,,,,,,,,,,,,,,,,,,,,,,,,1.0,0.0,1.0,2.0,2.0,2.0,2.0,2.0,1.0,,,4.0,,,,,,,,,,,,,,,,,,,,,,,,,,,,,,,,,,,,,,,,,,,,,,,,,,,2.0,,,,,,2.0,,,152.0,62.0,3.93,1.6,33.0,160.0,157.0,1.0
30707.0,3.0,2.0,1.0,2.0,49.0,596.0,598.0,4.0,2.0,2.0,3.0,7.0,5.0,,2.0,1.0,,3.0,2.0,,,,2.0,2.0,49.0,3.0,2.0,3.0,,1.0,2.0,2.0,,,,,,,,26034.69777,30352.870009,1.0,35.0,1.0,844.0,,,2.0,2.0,2.0,2.0,1.0,4.0,66.0,,1.0,1.0,220.0,196.0,100.0,2.0,184.0,90.0,2.0,186.0,88.0,2.0,,,,185.0,89.0,1.0,7.0,1.0,2.0,,2.0,,,,2.0,,,,,,,,,1.0,,,,2.0,2.0,0.0,2.0,2.0,2.0,2.0,1.0,2.0,2.0,2.0,,,,,,,,,,,,,,,2.0,,,,,,,,,,,,,,,,,,,,,,,,,,,,,,,,,,,1.0,10.0,2.0,2.0,1.0,2.0,2.0,2.0,,,,,,,,,,,,,,,,,,,,,,,,,,8.0,,,,,,,,,,,,,,,,,,,,,,,,,,,,,1.0,1.0,,,,,2.0,,,194.0,34.0,5.02,0.88,25.82,116.0,104.0,1.0
30728.0,3.0,2.0,2.0,2.0,30.0,370.0,371.0,3.0,1.0,2.0,1.0,1.0,,,4.0,3.0,,5.0,2.0,5.0,5.0,1.65,2.0,2.0,30.0,1.0,4.0,5.0,,1.0,2.0,2.0,1.0,2.0,2.0,1.0,2.0,2.0,1.0,72645.671949,78704.703263,1.0,30.0,1.0,610.0,,,1.0,2.0,2.0,2.0,1.0,3.0,76.0,,1.0,1.0,150.0,116.0,54.0,2.0,116.0,54.0,2.0,,,2.0,122.0,62.0,2.0,119.0,58.0,2.0,,,,,2.0,,,,2.0,,,,,,,,,2.0,,,,2.0,2.0,0.0,2.0,2.0,2.0,2.0,2.0,2.0,2.0,2.0,,,,,,,,,,,,,,,2.0,,,,,,,,,,,,,,,,,,,,,,,,,,,,,,,,,,,1.0,0.0,1.0,2.0,2.0,2.0,2.0,2.0,,2.0,,,,,,,,,,,,,,,,,,,,,,,,,,,,,,,,,,,,,,,,,,,,,,,,,,,,,2.0,,,,,,2.0,,,194.0,60.0,5.02,1.55,32.77,161.0,152.0,2.0
30733.0,3.0,2.0,2.0,1.0,22.0,274.0,275.0,3.0,1.0,2.0,1.0,1.0,,,5.0,3.0,,5.0,5.0,11.0,1.0,0.43,,1.0,29.0,3.0,5.0,5.0,,1.0,2.0,2.0,1.0,2.0,2.0,1.0,2.0,2.0,1.0,58642.087621,60904.757823,2.0,29.0,1.0,694.0,,,1.0,2.0,2.0,2.0,1.0,3.0,82.0,,1.0,1.0,160.0,,,2.0,,,2.0,120.0,66.0,2.0,124.0,72.0,2.0,124.0,72.0,2.0,,,,,2.0,,,,2.0,,,,,,,,,2.0,,,,2.0,2.0,0.0,2.0,2.0,2.0,2.0,2.0,2.0,2.0,2.0,,,,,,,,,,,,,,,2.0,,,,,,,,,,,,,,,,,,,,,,,,,,,,,,,,,,,1.0,2.0,1.0,1.0,2.0,2.0,1.0,2.0,,,,,,,,,9.0,,,3.0,,,,,,,,,,,,,,,,,,,,,,,,,,2.0,,,,,,,,,,,,,,,,,2.0,,,,,,2.0,,,144.0,41.0,3.72,1.06,57.08,137.0,128.0,3.0
30740.0,3.0,2.0,1.0,1.0,44.0,537.0,537.0,1.0,3.0,2.0,2.0,2.0,4.0,,1.0,1.0,,1.0,4.0,6.0,6.0,1.8,,1.0,44.0,2.0,1.0,1.0,1.0,2.0,2.0,2.0,2.0,2.0,2.0,2.0,2.0,2.0,2.0,16910.374274,17097.999662,2.0,42.0,1.0,615.0,,,2.0,2.0,2.0,2.0,1.0,5.0,54.0,,1.0,1.0,150.0,112.0,72.0,2.0,116.0,76.0,2.0,114.0,76.0,2.0,,,,115.0,76.0,2.0,,,,,2.0,,,,2.0,,,,,,,,,1.0,,,,2.0,2.0,0.0,2.0,2.0,2.0,2.0,2.0,2.0,2.0,2.0,,,,,,,,,,,,,,,2.0,,,,,,,,,,,,,,,,,,,,,,,,,,,,,,,,,,,1.0,0.0,2.0,2.0,2.0,2.0,2.0,2.0,,,,,,,,,,,,,,,,,,,,,,,,,,,,,,,,,,,,,,,,,,,,,,,,,,,,,,,2.0,,,,,,2.0,,,199.0,30.0,5.15,0.78,47.4,127.0,119.0,3.0
30742.0,3.0,2.0,1.0,2.0,34.0,415.0,417.0,3.0,1.0,2.0,1.0,1.0,,,4.0,3.0,,1.0,4.0,11.0,11.0,4.62,2.0,2.0,34.0,1.0,4.0,1.0,3.0,1.0,2.0,2.0,1.0,2.0,2.0,,,,,73696.328891,77951.340966,1.0,35.0,1.0,814.0,,,2.0,2.0,2.0,2.0,1.0,3.0,96.0,,1.0,1.0,130.0,106.0,70.0,2.0,92.0,70.0,2.0,100.0,68.0,2.0,,,,96.0,69.0,2.0,,,,,2.0,,,,2.0,,,,,,,,,2.0,,,,2.0,2.0,0.0,2.0,2.0,2.0,2.0,2.0,2.0,2.0,2.0,,,,,,,,,,,,,,,2.0,,,,,,,,,,,,,,,,,,,,,,,,,,,,,,,,,,,1.0,1.0,2.0,1.0,2.0,2.0,2.0,2.0,,,,,,,,,,,,,4.0,,,,,,,,,,,,,,,,,,,,,,,,,,,,,,,,,,,,,,,,,,2.0,,,,,,2.0,,,165.0,66.0,4.27,1.71,28.5,163.0,156.0,1.0
30767.0,3.0,2.0,2.0,1.0,24.0,288.0,288.0,3.0,1.0,2.0,1.0,1.0,,,3.0,2.0,,5.0,2.0,5.0,5.0,1.82,,2.0,70.0,,,2.0,,1.0,2.0,2.0,1.0,2.0,2.0,1.0,2.0,2.0,1.0,52874.385405,54620.871673,1.0,31.0,1.0,517.0,,,2.0,2.0,2.0,2.0,1.0,3.0,74.0,,1.0,1.0,140.0,110.0,74.0,2.0,108.0,76.0,2.0,114.0,72.0,2.0,,,,111.0,74.0,2.0,,,,,2.0,,,,2.0,,,,,,,,,2.0,,,,2.0,2.0,0.0,2.0,2.0,2.0,2.0,2.0,2.0,2.0,2.0,,,,,,,,,,,,,,,2.0,,,,,,,,,,,,,,,,,,,,,,,,,,,,,,,,,,,1.0,3.0,1.0,2.0,1.0,2.0,2.0,2.0,,,,4.0,,,,,,,,,,,,,,,1.0,,,,,,,,,,,,,,,,,,,,,,,,,,,,,,,,,,,,1.0,1.0,,,,,2.0,,,151.0,62.0,3.9,1.6,45.23,163.0,158.0,3.0
30787.0,3.0,2.0,1.0,1.0,21.0,260.0,261.0,1.0,3.0,2.0,2.0,2.0,2.0,,3.0,2.0,,5.0,3.0,3.0,3.0,0.93,,1.0,31.0,2.0,3.0,1.0,,2.0,2.0,2.0,2.0,2.0,2.0,2.0,2.0,2.0,2.0,29348.026612,29378.574743,2.0,42.0,1.0,771.0,,,2.0,2.0,2.0,2.0,1.0,4.0,66.0,,1.0,1.0,130.0,108.0,50.0,2.0,110.0,50.0,2.0,110.0,48.0,2.0,,,,110.0,49.0,2.0,,,,,2.0,,,,2.0,,,,,,,,,1.0,,,,2.0,2.0,0.0,2.0,2.0,2.0,2.0,1.0,2.0,2.0,2.0,,,,,,,,,,,,,,,2.0,,,,,,,,,,,,,,,,,,,,,,,,,,,,,,,,,,,1.0,1.0,1.0,2.0,2.0,2.0,2.0,2.0,,,,4.0,,,,,,,,,,,,,,,,,,,,,,,,,,,,,,,,,,,,,,,,,,,,,,,,,,,2.0,,,,,,2.0,,,150.0,41.0,3.88,1.06,37.82,138.0,130.0,2.0
30792.0,3.0,2.0,2.0,1.0,45.0,544.0,544.0,4.0,2.0,2.0,1.0,1.0,,,4.0,3.0,,1.0,4.0,6.0,6.0,1.63,,1.0,45.0,1.0,4.0,1.0,4.0,1.0,2.0,2.0,1.0,2.0,2.0,1.0,2.0,2.0,1.0,20714.12723,21676.060068,1.0,42.0,1.0,648.0,,,1.0,2.0,2.0,2.0,1.0,4.0,64.0,,1.0,1.0,180.0,140.0,86.0,2.0,144.0,84.0,2.0,,,2.0,146.0,86.0,2.0,145.0,85.0,2.0,,,,,2.0,,,,2.0,,,,,,,,,2.0,,,,2.0,2.0,0.0,2.0,2.0,2.0,2.0,2.0,2.0,2.0,2.0,,,,,,,,,,,,,,,2.0,,,,,,,,,,,,,,,,,,,,,,,,,,,,,,,,,,,2.0,,2.0,2.0,2.0,2.0,2.0,2.0,,,,,,,,,,,,,,,,,,,,,,,,,,,,,,,,,,,,,,,,,,,,,,,,,,,,,,,2.0,,,,,,2.0,,,132.0,47.0,3.41,1.22,39.5,149.0,143.0,2.0
30814.0,3.0,2.0,2.0,2.0,23.0,282.0,283.0,3.0,1.0,2.0,1.0,1.0,,,4.0,3.0,,5.0,3.0,11.0,11.0,5.0,2.0,2.0,46.0,1.0,5.0,1.0,3.0,1.0,2.0,2.0,1.0,2.0,2.0,1.0,2.0,2.0,1.0,62423.912872,64288.702301,2.0,30.0,1.0,670.0,,,1.0,2.0,2.0,2.0,1.0,3.0,64.0,,1.0,1.0,120.0,98.0,52.0,2.0,98.0,54.0,2.0,94.0,58.0,2.0,,,,96.0,56.0,1.0,23.0,1.0,2.0,,2.0,,,,2.0,,,,,,,,,2.0,,,,2.0,2.0,0.0,2.0,2.0,2.0,2.0,2.0,2.0,2.0,2.0,,,,,,,,,,,,,,,2.0,,,,,,,,,,,,,,,,,,,,,,,,,,,,,,,,,,,1.0,2.0,1.0,2.0,2.0,9.0,1.0,2.0,,,3.0,,,,,,9.0,,,,,,,,,,,,,,,,,,,,,,,,,,,,,,3.0,,,,,,9.0,,,,,,,,,,2.0,,,,,,2.0,,,126.0,58.0,3.26,1.5,35.15,140.0,118.0,2.0
30816.0,3.0,2.0,2.0,1.0,45.0,543.0,544.0,4.0,2.0,2.0,1.0,1.0,,,3.0,2.0,,1.0,3.0,11.0,11.0,5.0,,2.0,40.0,1.0,5.0,1.0,3.0,1.0,2.0,2.0,1.0,2.0,2.0,1.0,2.0,2.0,1.0,24958.503516,26117.53879,2.0,33.0,1.0,675.0,,,1.0,2.0,2.0,2.0,1.0,4.0,60.0,,1.0,1.0,140.0,112.0,84.0,2.0,112.0,82.0,2.0,114.0,84.0,2.0,,,,113.0,83.0,2.0,,,,,2.0,,,,2.0,,,,,,,,,2.0,,,,2.0,2.0,0.0,2.0,2.0,2.0,2.0,2.0,2.0,2.0,2.0,,,,,,,,,,,,,,,2.0,,,,,,,,,,,,,,,,,,,,,,,,,,,,,,,,,,,1.0,0.0,2.0,2.0,2.0,2.0,2.0,2.0,,,,,,,,,,,,,,,,,,,,,,,,,,,,,,,,,,,,,,,,,,,,,,,,,,,,,,,2.0,,,,,,2.0,,,193.0,73.0,4.99,1.89,37.31,138.0,,2.0
30828.0,3.0,2.0,2.0,2.0,38.0,457.0,458.0,3.0,1.0,2.0,1.0,1.0,,,4.0,3.0,,5.0,2.0,7.0,4.0,1.78,2.0,2.0,31.0,1.0,4.0,5.0,,1.0,2.0,2.0,1.0,2.0,2.0,1.0,2.0,2.0,1.0,82275.985846,83198.518144,1.0,29.0,1.0,713.0,,,2.0,2.0,2.0,2.0,1.0,4.0,58.0,,1.0,1.0,130.0,112.0,64.0,2.0,110.0,64.0,2.0,104.0,66.0,2.0,,,,107.0,65.0,2.0,,,,,2.0,,,,2.0,,,,,,,,,2.0,,,,2.0,2.0,0.0,2.0,2.0,2.0,2.0,2.0,2.0,2.0,2.0,,,,,,,,,,,,,,,2.0,,,,,,,,,,,,,,,,,,,,,,,,,,,,,,,,,,,1.0,0.0,1.0,2.0,2.0,2.0,2.0,1.0,,,3.0,,,,,,,,,,,,,,,,,,,,,,,,,,,,,,,,,,,,,,,,,,,,2.0,,,,,,,,2.0,,,,,,2.0,,,138.0,45.0,3.57,1.16,64.4,125.0,120.0,3.0
30840.0,3.0,2.0,1.0,2.0,24.0,297.0,297.0,1.0,3.0,2.0,2.0,2.0,2.0,,5.0,3.0,,1.0,2.0,7.0,7.0,2.8,2.0,1.0,29.0,2.0,4.0,1.0,5.0,2.0,2.0,2.0,2.0,2.0,2.0,2.0,2.0,2.0,2.0,26892.761217,27064.133191,2.0,40.0,1.0,639.0,,,2.0,2.0,2.0,2.0,1.0,4.0,60.0,,1.0,1.0,130.0,112.0,60.0,2.0,112.0,56.0,2.0,108.0,58.0,2.0,,,,110.0,57.0,2.0,,,,,2.0,,,,2.0,,,,,,,,,2.0,,,,2.0,2.0,0.0,2.0,2.0,2.0,2.0,1.0,2.0,2.0,2.0,,,,,,,,,,,,,,,2.0,,,,,,,,,,,,,,,,,,,,,,,,,,,,,,,,,,,1.0,3.0,1.0,2.0,2.0,2.0,2.0,2.0,1.0,2.0,,4.0,,6.0,,,9.0,,,,,,,,,,,,,,,,,,,,,,,,,,,,,,,,,,,,,,,,,,,,,,2.0,,,,,,2.0,,,175.0,48.0,4.53,1.24,33.14,151.0,133.0,2.0
30843.0,3.0,2.0,1.0,2.0,39.0,468.0,469.0,4.0,2.0,2.0,1.0,1.0,,,3.0,2.0,,5.0,3.0,6.0,5.0,1.73,2.0,2.0,39.0,1.0,3.0,5.0,,1.0,2.0,2.0,1.0,2.0,2.0,1.0,2.0,2.0,1.0,33102.647144,34246.848967,1.0,35.0,1.0,718.0,,,1.0,2.0,2.0,2.0,1.0,4.0,60.0,,1.0,1.0,120.0,108.0,76.0,2.0,108.0,72.0,2.0,110.0,76.0,2.0,,,,109.0,74.0,2.0,,,,,2.0,,,,2.0,,,,,,,,,2.0,,,,2.0,2.0,0.0,2.0,2.0,2.0,2.0,2.0,2.0,2.0,2.0,,,,,,,,,,,,,,,2.0,,,,,,,,,,,,,,,,,,,,,,,,,,,,,,,,,,,1.0,15.0,2.0,2.0,2.0,2.0,2.0,2.0,,,,,,,,,,,,,,,,,,,,,,,,,,,,,,,,,,,,,,,,,,,,,,,,,,,,,,,2.0,,,,,,2.0,,,,,,,48.26,112.0,114.0,3.0
30855.0,3.0,2.0,1.0,2.0,49.0,588.0,589.0,1.0,3.0,2.0,1.0,1.0,,,4.0,3.0,,5.0,5.0,11.0,11.0,3.86,2.0,1.0,75.0,1.0,1.0,1.0,1.0,1.0,2.0,2.0,1.0,2.0,2.0,1.0,2.0,2.0,1.0,26347.068942,26584.449946,2.0,38.0,1.0,748.0,,,2.0,2.0,2.0,2.0,1.0,5.0,74.0,,1.0,1.0,170.0,142.0,90.0,2.0,,,2.0,138.0,90.0,2.0,134.0,86.0,2.0,136.0,88.0,2.0,,,,,2.0,,,,2.0,,,,,,,,,2.0,,,,2.0,2.0,0.0,2.0,2.0,2.0,2.0,1.0,2.0,2.0,2.0,,,,,,,,,,,,,,,2.0,,,,,,,,,,,,,,,,,,,,,,,,,,,,,,,,,,,1.0,0.0,1.0,2.0,1.0,2.0,1.0,2.0,1.0,,,,5.0,,,,9.0,,,,,,,,,,,,,,,,7.0,,9.0,,,,,,,,,,,2.0,,,,,7.0,,9.0,,,,,,,,,,2.0,,,,,,2.0,,,204.0,40.0,5.28,1.03,26.9,133.0,127.0,2.0
30856.0,3.0,2.0,1.0,1.0,23.0,285.0,286.0,3.0,1.0,2.0,1.0,1.0,,,2.0,1.0,,5.0,1.0,6.0,6.0,2.69,,1.0,23.0,1.0,2.0,5.0,,1.0,2.0,2.0,1.0,2.0,2.0,1.0,2.0,2.0,1.0,69311.33373,69932.224495,2.0,35.0,1.0,741.0,,,2.0,2.0,2.0,2.0,1.0,4.0,100.0,,1.0,1.0,150.0,130.0,68.0,2.0,,,2.0,122.0,62.0,2.0,118.0,60.0,2.0,120.0,61.0,2.0,,,,,2.0,,,,2.0,,,,,,,,,2.0,,,,2.0,2.0,0.0,2.0,2.0,2.0,2.0,2.0,2.0,2.0,2.0,,,,,,,,,,,,,,,2.0,,,,,,,,,,,,,,,,,,,,,,,,,,,,,,,,,,,1.0,3.0,2.0,2.0,2.0,2.0,2.0,2.0,,,,,,,,,,,,,,,,,,,,,,,,,,,,,,,,,,,,,,,,,,,,,,,,,,,,,,,2.0,,,,,,2.0,,,205.0,65.0,5.3,1.68,36.87,163.0,154.0,1.0
30862.0,3.0,2.0,1.0,2.0,33.0,399.0,400.0,3.0,1.0,2.0,1.0,1.0,,,5.0,3.0,,1.0,2.0,10.0,10.0,5.0,2.0,1.0,33.0,1.0,5.0,1.0,5.0,1.0,2.0,2.0,1.0,2.0,2.0,1.0,2.0,2.0,1.0,72645.671949,78704.703263,1.0,30.0,1.0,1061.0,,,2.0,2.0,2.0,2.0,1.0,3.0,56.0,,1.0,1.0,130.0,96.0,64.0,2.0,100.0,58.0,2.0,102.0,66.0,2.0,,,,101.0,62.0,2.0,,,,,2.0,,,,2.0,,,,,,,,,2.0,,,,2.0,2.0,0.0,2.0,2.0,2.0,2.0,2.0,2.0,2.0,2.0,,,,,,,,,,,,,,,2.0,,,,,,,,,,,,,,,,,,,,,,,,,,,,,,,,,,,1.0,1.0,2.0,1.0,2.0,2.0,2.0,2.0,,,,,,,,,,,,,,5.0,,,,,,,,,,,,,,,,,,,,,,,,,,,,,,,,,,,,,,,,,2.0,,,,,,2.0,,,154.0,80.0,3.98,2.07,42.5,138.0,120.0,3.0
30887.0,3.0,2.0,1.0,2.0,29.0,351.0,352.0,1.0,3.0,2.0,1.0,1.0,,,4.0,3.0,,3.0,2.0,5.0,5.0,1.69,2.0,1.0,64.0,1.0,1.0,2.0,,1.0,2.0,2.0,1.0,2.0,2.0,1.0,2.0,2.0,1.0,33647.258445,32982.324419,1.0,34.0,1.0,598.0,,,2.0,2.0,2.0,2.0,1.0,5.0,84.0,,1.0,1.0,140.0,120.0,76.0,2.0,118.0,74.0,2.0,116.0,78.0,2.0,,,,117.0,76.0,2.0,,,,,2.0,,,,2.0,,,,,,,,,2.0,,,,2.0,2.0,0.0,2.0,2.0,2.0,2.0,1.0,2.0,2.0,2.0,,,,,,,,,,,,,,,2.0,,,,,,,,,,,,,,,,,,,,,,,,,,,,,,,,,,,2.0,,1.0,2.0,2.0,2.0,1.0,1.0,1.0,,,,,,7.0,,,,,,,,,,,,,,,,,,,,,,,,,,,,,,1.0,,,,,,,,,1.0,,,,,,,,,2.0,,,,,,2.0,,,229.0,50.0,5.92,1.29,31.14,134.0,133.0,2.0
30895.0,3.0,2.0,1.0,2.0,22.0,264.0,265.0,1.0,3.0,2.0,2.0,1.0,4.0,,4.0,3.0,,5.0,5.0,6.0,5.0,1.47,2.0,2.0,43.0,2.0,3.0,2.0,,1.0,2.0,2.0,2.0,2.0,1.0,1.0,2.0,2.0,1.0,44113.986998,44405.454876,2.0,38.0,1.0,535.0,,,2.0,2.0,2.0,2.0,1.0,3.0,74.0,,1.0,1.0,140.0,100.0,72.0,2.0,102.0,72.0,2.0,94.0,74.0,2.0,,,,98.0,73.0,2.0,,,,,2.0,,,,2.0,,,,,,,,,2.0,,,,2.0,2.0,0.0,2.0,2.0,2.0,2.0,2.0,2.0,2.0,2.0,,,,,,,,,,,,,,,2.0,,,,,,,,,,,,,,,,,,,,,,,,,,,,,,,,,,,1.0,2.0,1.0,2.0,2.0,1.0,1.0,2.0,,2.0,,,5.0,,,,,,,,,,,,,,,,,,,,,,,,,3.0,,,,,,,,,3.0,,,,,,,,,,,,,,,,2.0,,,,,,2.0,,,172.0,56.0,4.45,1.45,42.31,141.0,129.0,3.0
30899.0,3.0,2.0,2.0,1.0,39.0,468.0,468.0,3.0,1.0,1.0,1.0,1.0,,,5.0,3.0,,3.0,1.0,8.0,8.0,4.94,,1.0,39.0,1.0,5.0,3.0,,1.0,2.0,2.0,1.0,2.0,2.0,1.0,2.0,2.0,1.0,104407.879699,107845.415544,2.0,32.0,1.0,693.0,,,2.0,2.0,2.0,2.0,1.0,4.0,76.0,,1.0,1.0,150.0,,,2.0,,,2.0,134.0,76.0,2.0,130.0,78.0,2.0,130.0,78.0,2.0,,,,,2.0,,,,2.0,,,,,,,,,2.0,,,,2.0,2.0,0.0,2.0,2.0,2.0,2.0,2.0,2.0,2.0,2.0,,,,,,,,,,,,,,,2.0,,,,,,,,,,,,,,,,,,,,,,,,,,,,,,,,,,,1.0,0.0,2.0,2.0,2.0,2.0,1.0,2.0,,,,,,,,,,,,,,,,,,,,,,,,,,,,,,,,,,,,,1.0,,,,,,,,,,,,,,,,,,2.0,,,,,,2.0,,,193.0,63.0,4.99,1.63,42.09,161.0,147.0,2.0
30925.0,3.0,2.0,1.0,1.0,20.0,249.0,250.0,4.0,2.0,2.0,3.0,2.0,3.0,,2.0,1.0,,5.0,2.0,7.0,7.0,2.89,,2.0,38.0,,,2.0,,1.0,2.0,2.0,1.0,2.0,2.0,1.0,2.0,2.0,1.0,23090.402645,28284.216929,1.0,37.0,1.0,635.0,,,2.0,2.0,2.0,2.0,1.0,4.0,66.0,,1.0,1.0,150.0,114.0,78.0,2.0,112.0,80.0,2.0,116.0,76.0,2.0,,,,114.0,78.0,2.0,,,,,2.0,,,,2.0,,,,,,,,,2.0,,,,2.0,2.0,0.0,2.0,2.0,2.0,2.0,2.0,2.0,2.0,2.0,,,,,,,,,,,,,,,2.0,,,,,,,,,,,,,,,,,,,,,,,,,,,,,,,,,,,1.0,0.0,1.0,2.0,2.0,2.0,9.0,2.0,,2.0,,,,,,,,,,,,,,,,,,,,,,,,,,,,,,,,,,,,,,,,,,,,,,,,,,,,,2.0,,,,,,2.0,,,161.0,59.0,4.16,1.53,47.36,156.0,148.0,3.0
30928.0,3.0,2.0,1.0,2.0,28.0,340.0,341.0,4.0,2.0,2.0,1.0,1.0,,,4.0,3.0,,3.0,5.0,6.0,3.0,0.53,2.0,2.0,49.0,1.0,3.0,3.0,,1.0,2.0,2.0,1.0,2.0,2.0,,,,,37318.672675,38896.706511,2.0,36.0,1.0,430.0,,,1.0,2.0,2.0,2.0,1.0,4.0,84.0,,1.0,1.0,130.0,88.0,70.0,2.0,,,2.0,,,2.0,,,2.0,88.0,70.0,2.0,,,,,2.0,,,,2.0,,,,,,,,,2.0,,,,2.0,2.0,0.0,2.0,2.0,2.0,2.0,1.0,2.0,2.0,2.0,,,,,,,,,,,,,,,2.0,,,,,,,,,,,,,,,,,,,,,,,,,,,,,,,,,,,2.0,,1.0,2.0,2.0,2.0,1.0,1.0,,2.0,3.0,,,,,,,,,,,,,,,,,,,,,,,,,,,,,,,,,,,2.0,,,,,,,,,,,4.0,5.0,,,,,1.0,,2.0,3.0,,,2.0,,,167.0,55.0,4.32,1.42,24.12,153.0,147.0,1.0
30932.0,3.0,2.0,2.0,1.0,24.0,297.0,298.0,3.0,1.0,2.0,1.0,1.0,,,3.0,2.0,,6.0,4.0,4.0,2.0,0.56,,2.0,22.0,1.0,4.0,6.0,,1.0,2.0,2.0,1.0,2.0,2.0,1.0,2.0,2.0,1.0,44971.347531,45952.469957,2.0,31.0,1.0,714.0,,,1.0,2.0,2.0,2.0,1.0,5.0,86.0,,1.0,1.0,130.0,114.0,76.0,2.0,114.0,76.0,2.0,116.0,72.0,2.0,,,,115.0,74.0,2.0,,,,,2.0,,,,2.0,,,,,,,,,1.0,,,,2.0,2.0,0.0,2.0,2.0,2.0,2.0,2.0,2.0,2.0,2.0,,,,,,,,,,,,,,,2.0,,,,,,,,,,,,,,,,,,,,,,,,,,,,,,,,,,,1.0,0.0,1.0,2.0,2.0,2.0,1.0,2.0,,,3.0,,,,,,,,,,,,,,,,,,,,,,,,,,,,,,,,,,,,3.0,4.0,5.0,6.0,,,,,,,,,,,,,2.0,,,,,,2.0,,,258.0,43.0,6.67,1.11,37.89,149.0,144.0,2.0
30935.0,3.0,2.0,1.0,2.0,41.0,492.0,493.0,1.0,3.0,2.0,1.0,1.0,,,2.0,1.0,,1.0,5.0,11.0,11.0,5.0,2.0,1.0,49.0,1.0,4.0,1.0,2.0,1.0,2.0,2.0,1.0,2.0,2.0,1.0,2.0,2.0,1.0,18526.003818,18765.585788,1.0,40.0,1.0,683.0,,,2.0,2.0,2.0,2.0,1.0,3.0,68.0,,1.0,1.0,130.0,98.0,66.0,2.0,98.0,64.0,2.0,100.0,58.0,2.0,,,,99.0,61.0,2.0,,,,,1.0,,,,2.0,,,,,,,,,2.0,,,,2.0,2.0,0.0,2.0,2.0,2.0,2.0,2.0,2.0,2.0,1.0,,,1.0,,,,,,,,,,30.0,,2.0,,,,,,,,,,,,,,,,,,,,,,,,,,,,,,,,,,,2.0,,1.0,2.0,2.0,1.0,2.0,2.0,,2.0,,,,,,,,,,,,,,,,,,,,,,,,,,1.0,,,,,,,,,,,,,,,,,,,,,,,,,,,2.0,,,,,,2.0,,,199.0,61.0,5.15,1.58,33.08,127.0,119.0,3.0
30936.0,3.0,2.0,2.0,1.0,30.0,367.0,367.0,3.0,1.0,2.0,1.0,1.0,,,3.0,2.0,,5.0,2.0,6.0,6.0,2.78,,1.0,30.0,1.0,3.0,5.0,,1.0,2.0,2.0,1.0,2.0,2.0,2.0,2.0,2.0,1.0,74522.946063,82472.06549,1.0,30.0,1.0,646.0,,,2.0,2.0,2.0,1.0,1.0,4.0,86.0,,1.0,1.0,150.0,,,2.0,124.0,78.0,2.0,120.0,66.0,2.0,,,2.0,120.0,66.0,2.0,,,,,2.0,,,,2.0,,,,,,,,,2.0,,,,2.0,2.0,0.0,2.0,2.0,2.0,2.0,2.0,1.0,2.0,2.0,2.0,,,,,,,,,,17.0,,,,2.0,,,,,,,,,,,,,,,,,,,,,,,,,,,,,,,,,,,1.0,3.0,1.0,1.0,2.0,2.0,2.0,2.0,1.0,,,,,,,,,,,3.0,,,,,,,,,,,,,,,,,,,,,,,,,,,,,,,,,,,,,,,,,,,2.0,,,,,,2.0,,,335.0,31.0,8.66,0.8,47.26,143.0,133.0,3.0
30955.0,3.0,2.0,1.0,1.0,35.0,426.0,426.0,2.0,5.0,2.0,3.0,2.0,5.0,,3.0,2.0,,5.0,2.0,3.0,3.0,0.8,,2.0,66.0,3.0,1.0,5.0,,1.0,2.0,2.0,2.0,2.0,2.0,1.0,2.0,2.0,2.0,32495.235985,34107.872907,1.0,43.0,1.0,648.0,,,2.0,2.0,2.0,2.0,1.0,3.0,64.0,,1.0,1.0,140.0,,,2.0,,,2.0,114.0,58.0,2.0,114.0,64.0,2.0,114.0,64.0,2.0,,,,,2.0,,,,2.0,,,,,,,,,2.0,,,,2.0,2.0,0.0,2.0,2.0,2.0,2.0,2.0,2.0,2.0,2.0,,,,,,,,,,,,,,,2.0,,,,,,,,,,,,,,,,,,,,,,,,,,,,,,,,,,,1.0,0.0,2.0,2.0,2.0,2.0,2.0,2.0,,,,,,,,,,,,,,,,,,,,,,,,,,,,,,,,,,,,,,,,,,,,,,,,,,,,,,,2.0,,,,,,2.0,,,238.0,46.0,6.15,1.19,41.23,164.0,163.0,2.0
30961.0,3.0,2.0,2.0,1.0,37.0,451.0,454.0,1.0,3.0,2.0,2.0,2.0,5.0,,2.0,1.0,,1.0,6.0,7.0,7.0,1.46,,1.0,37.0,2.0,2.0,1.0,2.0,1.0,2.0,2.0,1.0,2.0,2.0,2.0,2.0,2.0,2.0,27975.22258,29660.254622,1.0,41.0,1.0,599.0,,,2.0,2.0,2.0,2.0,1.0,4.0,48.0,,1.0,1.0,150.0,122.0,48.0,2.0,130.0,52.0,2.0,128.0,48.0,2.0,,,,129.0,50.0,2.0,,,,,2.0,,,,2.0,,,,,,,,,2.0,,,,2.0,2.0,0.0,2.0,2.0,2.0,2.0,2.0,2.0,2.0,2.0,,,,,,,,,,,,,,,2.0,,,,,,,,,,,,,,,,,,,,,,,,,,,,,,,,,,,1.0,0.0,2.0,2.0,2.0,2.0,2.0,2.0,,,,,,,,,,,,,,,,,,,,,,,,,,,,,,,,,,,,,,,,,,,,,,,,,,,,,,,2.0,,,,,,2.0,,,208.0,23.0,5.38,0.59,51.67,120.0,,3.0
30982.0,3.0,2.0,2.0,2.0,29.0,355.0,355.0,3.0,1.0,2.0,1.0,1.0,,,5.0,3.0,,1.0,2.0,8.0,8.0,4.13,2.0,1.0,31.0,1.0,5.0,1.0,5.0,1.0,2.0,2.0,1.0,2.0,2.0,1.0,2.0,2.0,1.0,93150.775582,93218.851185,1.0,31.0,1.0,764.0,,,1.0,2.0,2.0,2.0,1.0,3.0,64.0,,1.0,1.0,140.0,108.0,66.0,2.0,106.0,70.0,2.0,104.0,68.0,2.0,,,,105.0,69.0,1.0,4.0,1.0,1.0,2.0,2.0,,,,2.0,,,,,,,,,2.0,,,,2.0,2.0,0.0,2.0,2.0,2.0,2.0,2.0,2.0,2.0,2.0,,,,,,,,,,,,,,,2.0,,,,,,,,,,,,,,,,,,,,,,,,,,,,,,,,,,,1.0,0.0,2.0,1.0,2.0,1.0,1.0,1.0,,,,,,,,,,,,3.0,,,,,,,,,,,,,,,,,,,,,6.0,,,,1.0,,,,,,,,,,,,,5.0,,,,,2.0,,,,,,2.0,,,155.0,73.0,4.01,1.89,46.9,161.0,151.0,3.0
31005.0,3.0,2.0,2.0,1.0,21.0,257.0,258.0,2.0,5.0,2.0,3.0,2.0,4.0,,2.0,1.0,,5.0,6.0,10.0,10.0,2.58,,1.0,23.0,3.0,3.0,5.0,,1.0,2.0,2.0,1.0,2.0,2.0,1.0,2.0,2.0,1.0,65324.140175,67844.633415,2.0,41.0,1.0,711.0,,,2.0,2.0,2.0,2.0,1.0,5.0,72.0,,1.0,1.0,160.0,134.0,76.0,2.0,134.0,78.0,2.0,132.0,74.0,2.0,,,,133.0,76.0,2.0,,,,,2.0,,,,2.0,,,,,,,,,2.0,,,,2.0,2.0,0.0,2.0,2.0,2.0,2.0,2.0,2.0,2.0,2.0,,,,,,,,,,,,,,,2.0,,,,,,,,,,,,,,,,,,,,,,,,,,,,,,,,,,,1.0,0.0,2.0,2.0,2.0,2.0,2.0,2.0,,,,,,,,,,,,,,,,,,,,,,,,,,,,,,,,,,,,,,,,,,,,,,,,,,,,,,,2.0,,,,,,2.0,,,162.0,55.0,4.19,1.42,40.81,163.0,149.0,2.0
31029.0,3.0,2.0,1.0,2.0,45.0,545.0,546.0,3.0,1.0,2.0,1.0,1.0,,,4.0,3.0,,1.0,3.0,7.0,7.0,2.62,2.0,2.0,45.0,1.0,4.0,1.0,4.0,1.0,2.0,2.0,1.0,2.0,2.0,1.0,2.0,2.0,1.0,108516.04868,113807.50175,1.0,37.0,1.0,692.0,,,2.0,2.0,2.0,2.0,1.0,4.0,68.0,,1.0,1.0,160.0,,,2.0,132.0,92.0,2.0,126.0,90.0,2.0,130.0,88.0,2.0,128.0,89.0,2.0,,,,,2.0,,,,1.0,2.0,,,,,,,,1.0,,,,1.0,2.0,0.0,2.0,2.0,2.0,2.0,2.0,2.0,2.0,2.0,,,,35.0,,,,,,,,,,2.0,2.0,,,,,,,,,,,,,,,,,,,,,,,,,,,,,,,,,,,1.0,2.0,2.0,2.0,2.0,1.0,1.0,1.0,,,,,,,,,,,,,,,,,,,,,,,,,,,,,,3.0,,5.0,,,,,1.0,2.0,,4.0,,,,,,,2.0,,,,,,,,2.0,,,,,,2.0,,,,,,,36.51,112.0,101.0,3.0
31035.0,3.0,2.0,2.0,1.0,30.0,370.0,371.0,1.0,3.0,2.0,2.0,1.0,4.0,,3.0,2.0,,1.0,5.0,6.0,6.0,1.39,,1.0,30.0,2.0,3.0,1.0,4.0,2.0,2.0,2.0,2.0,2.0,2.0,2.0,2.0,2.0,2.0,27975.22258,29775.55606,1.0,41.0,1.0,896.0,,,1.0,2.0,2.0,2.0,1.0,4.0,50.0,,1.0,1.0,140.0,100.0,64.0,2.0,106.0,68.0,2.0,98.0,66.0,2.0,,,,102.0,67.0,2.0,,,,,2.0,,,,2.0,,,,,,,,,2.0,,,,2.0,2.0,0.0,2.0,2.0,2.0,2.0,1.0,2.0,2.0,2.0,,,,,,,,,,,,,,,2.0,,,,,,,,,,,,,,,,,,,,,,,,,,,,,,,,,,,1.0,2.0,2.0,2.0,2.0,2.0,2.0,2.0,,,,,,,,,,,,,,,,,,,,,,,,,,,,,,,,,,,,,,,,,,,,,,,,,,,,,,,2.0,,,,,,2.0,,,180.0,57.0,4.65,1.47,40.43,151.0,127.0,2.0
31044.0,3.0,2.0,1.0,1.0,43.0,527.0,529.0,3.0,1.0,1.0,1.0,1.0,,,5.0,3.0,,1.0,3.0,,,,,1.0,43.0,1.0,5.0,1.0,,1.0,2.0,2.0,,,,1.0,2.0,2.0,1.0,88115.78956,92434.095111,1.0,35.0,1.0,570.0,,,2.0,2.0,2.0,2.0,1.0,4.0,70.0,,1.0,1.0,140.0,118.0,72.0,2.0,112.0,68.0,2.0,114.0,70.0,2.0,,,,113.0,69.0,2.0,,,,,2.0,,,,2.0,,,,,,,,,2.0,,,,2.0,2.0,0.0,2.0,2.0,2.0,2.0,1.0,2.0,2.0,2.0,,,,,,,,,,,,,,,2.0,,,,,,,,,,,,,,,,,,,,,,,,,,,,,,,,,,,1.0,2.0,2.0,2.0,2.0,2.0,2.0,2.0,,,,,,,,,,,,,,,,,,,,,,,,,,,,,,,,,,,,,,,,,,,,,,,,,,,,,,,2.0,,,,,,2.0,,,257.0,38.0,6.65,0.98,38.05,140.0,135.0,2.0
31045.0,3.0,2.0,2.0,2.0,22.0,264.0,264.0,3.0,1.0,2.0,1.0,1.0,,,4.0,3.0,,6.0,2.0,7.0,5.0,2.23,2.0,2.0,22.0,1.0,4.0,6.0,,1.0,2.0,2.0,1.0,2.0,2.0,1.0,2.0,2.0,1.0,74434.953907,74489.351784,1.0,29.0,1.0,780.0,,,1.0,2.0,2.0,2.0,1.0,3.0,78.0,,1.0,1.0,150.0,106.0,70.0,2.0,114.0,62.0,2.0,106.0,62.0,2.0,,,,110.0,62.0,1.0,15.0,1.0,2.0,,2.0,,,,2.0,,,,,,,,,2.0,,,,2.0,2.0,0.0,2.0,2.0,2.0,2.0,2.0,2.0,2.0,2.0,,,,,,,,,,,,,,,2.0,,,,,,,,,,,,,,,,,,,,,,,,,,,,,,,,,,,1.0,0.0,1.0,1.0,2.0,2.0,2.0,2.0,,,,,5.0,,,,,,,,,5.0,,,,,,,,,,,,,,,,,,,,,,,,,,,,,,,,,,,,,,,,,2.0,,,,,,2.0,,,158.0,53.0,4.09,1.37,42.46,147.0,135.0,3.0
31051.0,3.0,2.0,2.0,2.0,35.0,429.0,430.0,3.0,1.0,2.0,3.0,1.0,3.0,,5.0,3.0,,1.0,6.0,10.0,6.0,1.54,2.0,2.0,35.0,3.0,5.0,1.0,4.0,1.0,2.0,2.0,1.0,2.0,2.0,,,,,52583.890962,55619.932165,2.0,37.0,1.0,889.0,,,2.0,2.0,2.0,2.0,1.0,3.0,80.0,,1.0,1.0,160.0,,,2.0,126.0,86.0,2.0,,,2.0,122.0,84.0,2.0,122.0,84.0,2.0,,,,,2.0,,,,2.0,,,,,,,,,2.0,,,,2.0,2.0,0.0,2.0,2.0,2.0,2.0,2.0,2.0,2.0,2.0,,,,,,,,,,,,,,,2.0,,,,,,,,,,,,,,,,,,,,,,,,,,,,,,,,,,,2.0,,1.0,2.0,2.0,2.0,2.0,2.0,1.0,,,,,,,,,,,,,,,,,,,,,,,,,,,,,,,,,,,,,,,,,,,,,,,,,,,,,,2.0,,,,,,2.0,,,160.0,46.0,4.14,1.19,34.7,146.0,106.0,3.0
31058.0,3.0,2.0,1.0,1.0,23.0,279.0,279.0,4.0,2.0,2.0,1.0,1.0,,,5.0,3.0,,5.0,3.0,12.0,7.0,3.9,,2.0,23.0,,,5.0,,1.0,2.0,2.0,1.0,2.0,2.0,1.0,2.0,2.0,1.0,26105.586793,28635.391586,2.0,30.0,1.0,880.0,,,2.0,2.0,2.0,2.0,1.0,5.0,58.0,,1.0,1.0,140.0,114.0,66.0,2.0,120.0,68.0,2.0,112.0,74.0,2.0,,,,116.0,71.0,2.0,,,,,2.0,,,,2.0,,,,,,,,,2.0,,,,2.0,2.0,0.0,2.0,2.0,2.0,2.0,2.0,2.0,2.0,2.0,,,,,,,,,,,,,,,2.0,,,,,,,,,,,,,,,,,,,,,,,,,,,,,,,,,,,1.0,0.0,2.0,1.0,2.0,2.0,2.0,2.0,,,,,,,,,,,,3.0,,,,,,,,,,,,,,,,,,,,,,,,,,,,,,,,,,,,,,,,,,,9.0,,,,,,2.0,,,190.0,78.0,4.91,2.02,56.56,149.0,145.0,3.0
31065.0,3.0,2.0,2.0,1.0,21.0,257.0,258.0,3.0,1.0,1.0,1.0,1.0,,,4.0,3.0,,5.0,5.0,10.0,10.0,3.09,,1.0,49.0,1.0,5.0,1.0,4.0,1.0,2.0,2.0,1.0,2.0,2.0,1.0,2.0,2.0,1.0,58642.087621,60904.757823,2.0,29.0,1.0,699.0,,,1.0,2.0,2.0,2.0,1.0,4.0,70.0,,1.0,1.0,150.0,,,2.0,,,2.0,,,2.0,128.0,42.0,2.0,128.0,42.0,2.0,,,,,2.0,,,,2.0,,,,,,,,,2.0,,,,2.0,2.0,0.0,2.0,2.0,2.0,2.0,2.0,2.0,2.0,2.0,,,,,,,,,,,,,,,2.0,,,,,,,,,,,,,,,,,,,,,,,,,,,,,,,,,,,1.0,3.0,2.0,2.0,2.0,2.0,2.0,2.0,,,,,,,,,,,,,,,,,,,,,,,,,,,,,,,,,,,,,,,,,,,,,,,,,,,,,,,2.0,,,,,,2.0,,,204.0,47.0,5.28,1.22,42.93,172.0,153.0,2.0
31092.0,3.0,2.0,1.0,2.0,36.0,433.0,434.0,1.0,3.0,2.0,2.0,1.0,5.0,,3.0,2.0,,1.0,7.0,6.0,6.0,1.01,2.0,2.0,36.0,2.0,3.0,1.0,3.0,2.0,2.0,2.0,2.0,2.0,2.0,1.0,2.0,2.0,2.0,20501.252238,21197.28499,2.0,40.0,1.0,667.0,,,2.0,2.0,2.0,2.0,1.0,4.0,62.0,,1.0,1.0,120.0,92.0,58.0,2.0,92.0,58.0,2.0,92.0,56.0,2.0,,,,92.0,57.0,2.0,,,,,2.0,,,,2.0,,,,,,,,,2.0,,,,2.0,2.0,0.0,2.0,2.0,2.0,2.0,2.0,2.0,2.0,2.0,,,,,,,,,,,,,,,2.0,,,,,,,,,,,,,,,,,,,,,,,,,,,,,,,,,,,1.0,0.0,2.0,2.0,2.0,2.0,2.0,2.0,,,,,,,,,,,,,,,,,,,,,,,,,,,,,,,,,,,,,,,,,,,,,,,,,,,,,,,2.0,,,,,,2.0,,,224.0,71.0,5.79,1.84,42.39,115.0,112.0,3.0
31101.0,3.0,2.0,2.0,2.0,46.0,557.0,558.0,3.0,1.0,2.0,1.0,1.0,,,3.0,2.0,,3.0,1.0,2.0,2.0,1.04,2.0,2.0,46.0,1.0,3.0,3.0,,1.0,2.0,2.0,1.0,2.0,2.0,1.0,2.0,2.0,1.0,50213.954371,50346.131066,1.0,33.0,1.0,566.0,,,2.0,2.0,2.0,2.0,1.0,3.0,80.0,,1.0,1.0,130.0,96.0,72.0,2.0,102.0,72.0,2.0,104.0,72.0,2.0,,,,103.0,72.0,2.0,,,,,2.0,,,,2.0,,,,,,,,,1.0,,,,2.0,2.0,0.0,2.0,2.0,2.0,2.0,2.0,1.0,2.0,2.0,1.0,,,,,,,,,,17.0,,,,2.0,,,,,,,,,,,,,,,,,,,,,,,,,,,,,,,,,,,1.0,2.0,1.0,2.0,1.0,2.0,1.0,2.0,1.0,,,,,,,,,,,,,,,,,,1.0,,,,,,,,,,,,,,,,,,,2.0,,,,,,,,,,,,,,,,,2.0,,,,,,2.0,,,218.0,28.0,5.64,0.72,35.13,128.0,124.0,3.0
31111.0,3.0,2.0,2.0,1.0,34.0,408.0,409.0,3.0,1.0,2.0,1.0,1.0,,,5.0,3.0,,1.0,3.0,11.0,11.0,4.79,,1.0,34.0,1.0,5.0,1.0,5.0,1.0,2.0,2.0,1.0,2.0,2.0,1.0,2.0,2.0,1.0,104407.879699,110985.971677,2.0,32.0,1.0,739.0,,,2.0,2.0,2.0,2.0,1.0,4.0,70.0,,1.0,1.0,170.0,136.0,66.0,2.0,,,2.0,134.0,70.0,2.0,130.0,72.0,2.0,132.0,71.0,2.0,,,,,2.0,,,,2.0,,,,,,,,,2.0,,,,1.0,2.0,0.0,2.0,2.0,2.0,2.0,2.0,2.0,2.0,2.0,,,,33.0,,,,,,,,,,9.0,2.0,,,,,,,,,,,,,,,,,,,,,,,,,,,,,,,,,,,1.0,2.0,2.0,2.0,2.0,2.0,2.0,2.0,,,,,,,,,,,,,,,,,,,,,,,,,,,,,,,,,,,,,,,,,,,,,,,,,,,,,,,1.0,,2.0,,,,2.0,,,197.0,61.0,5.09,1.58,45.67,128.0,117.0,3.0
31119.0,3.0,2.0,1.0,1.0,23.0,281.0,282.0,1.0,3.0,2.0,2.0,2.0,2.0,,2.0,1.0,,5.0,6.0,11.0,9.0,3.93,,1.0,44.0,2.0,2.0,1.0,1.0,2.0,2.0,2.0,2.0,2.0,2.0,2.0,2.0,2.0,2.0,30032.816129,29947.65836,1.0,39.0,1.0,506.0,,,2.0,2.0,2.0,2.0,1.0,4.0,84.0,,1.0,1.0,150.0,118.0,84.0,2.0,126.0,68.0,2.0,128.0,70.0,2.0,,,,127.0,69.0,2.0,,,,,2.0,,,,2.0,,,,,,,,,2.0,,,,2.0,2.0,0.0,2.0,2.0,2.0,2.0,2.0,2.0,2.0,2.0,,,,,,,,,,,,,,,2.0,,,,,,,,,,,,,,,,,,,,,,,,,,,,,,,,,,,1.0,0.0,2.0,2.0,2.0,2.0,2.0,2.0,,,,,,,,,,,,,,,,,,,,,,,,,,,,,,,,,,,,,,,,,,,,,,,,,,,,,,,2.0,,,,,,2.0,,,211.0,44.0,5.46,1.14,35.75,154.0,149.0,1.0
